file,sound_frac,n_seg,p_baby,p_speech,p_babbling,p_baby_laughter,p_crying,p_baby_cry,p_whimper,error
2026-07-17_00-32-36.mp4,0.05,1,0.004458703100681305,0.09971079975366592,0.0007095354958437383,0.001719377120025456,0.0010933995945379138,0.001988862408325076,0.004458703100681305,
2026-07-23_08-48-21.mp4,0.0,0,0.0,0.0,0.0,0.0,0.0,0.0,0.0,
2026-07-04_09-47-40.mp4,0.2,3,0.0022257426753640175,0.0637907013297081,0.0008141296566464007,0.0013005436630919576,0.0010569149162620306,0.0011857592035084963,0.0022257426753640175,
2026-07-06_18-27-30.mp4,0.025,1,0.00022817467106506228,0.06814466416835785,0.0001115601698984392,0.00011463247938081622,0.00022817467106506228,0.00022082586656324565,0.00021813201601617038,
2026-07-04_02-43-58.mp4,0.25,4,0.007840091362595558,0.3699951171875,0.0007453904836438596,0.00471892673522234,0.0021555370185524225,0.002018103376030922,0.007840091362595558,
2026-07-21_00-32-50.mp4,0.05,1,0.0007810266106389463,0.046141866594552994,0.00014097971143200994,0.0007810266106389463,0.00033643856295384467,0.0004106662527192384,0.000724160869140178,
2026-07-05_03-44-46.mp4,0.0,0,0.0,0.0,0.0,0.0,0.0,0.0,0.0,
2026-07-12_12-22-05.mp4,0.05,2,0.002847139723598957,0.15366902947425842,0.0007281405851244926,0.0010278670815750957,0.001388818258419633,0.000980985932983458,0.002847139723598957,
2026-06-30_13-06-43.mp4,0.075,1,0.002668476663529873,0.08360977470874786,0.00012048236385453492,0.0004748243954963982,0.00035766008659265935,0.0007072974694892764,0.002668476663529873,
2026-07-21_11-19-49.mp4,0.0,0,0.0,0.0,0.0,0.0,0.0,0.0,0.0,
2026-07-25_11-26-39.mp4,0.0,0,0.0,0.0,0.0,0.0,0.0,0.0,0.0,
2026-07-03_05-58-29.mp4,0.0,0,0.0,0.0,0.0,0.0,0.0,0.0,0.0,
2026-07-02_16-19-51.mp4,0.0,0,0.0,0.0,0.0,0.0,0.0,0.0,0.0,
2026-07-01_21-51-28.mp4,0.0,0,0.0,0.0,0.0,0.0,0.0,0.0,0.0,
2026-07-10_21-07-01.mp4,0.0,0,0.0,0.0,0.0,0.0,0.0,0.0,0.0,
2026-07-04_16-56-00.mp4,0.075,2,0.004054470453411341,0.2669685184955597,0.00036228567478246987,0.0018826008308678865,0.0007467775722034276,0.0012685927795246243,0.004054470453411341,
2026-07-02_07-11-20.mp4,0.4,3,0.0171040091663599,0.4197067320346832,0.0019667232409119606,0.002179217291995883,0.004278695676475763,0.005749755539000034,0.0171040091663599,
2026-07-21_23-36-36.mp4,0.075,3,0.005830602254718542,0.5065147876739502,0.0013984271790832281,0.0010701591381803155,0.001196171622723341,0.002692223759368062,0.005830602254718542,
2026-07-10_04-44-44.mp4,0.0,0,0.0,0.0,0.0,0.0,0.0,0.0,0.0,
2026-07-05_07-50-40.mp4,0.0,0,0.0,0.0,0.0,0.0,0.0,0.0,0.0,
2026-07-25_19-43-40.mp4,0.3,2,0.0070434934459626675,0.42666831612586975,0.0002982793375849724,0.0019416126888245344,0.0011426355922594666,0.002167687751352787,0.0070434934459626675,
2026-07-06_03-19-34.mp4,0.0,0,0.0,0.0,0.0,0.0,0.0,0.0,0.0,
2026-07-09_14-54-06.mp4,0.025,1,0.0025149299763143063,0.10247071832418442,0.00030436072847805917,0.0010854267748072743,0.0006355751538649201,0.0005162115558050573,0.0025149299763143063,
2026-07-24_09-03-38.mp4,0.025,1,0.0010762412566691637,0.05578551068902016,0.00014669638767372817,0.00031831738306209445,0.0002485144941601902,0.00032408713013865054,0.0010762412566691637,
2026-07-15_10-13-07.mp4,0.0,0,0.0,0.0,0.0,0.0,0.0,0.0,0.0,
2026-07-08_00-06-53.mp4,0.025,1,0.0011060097021982074,0.07336436212062836,8.15301391412504e-05,0.0002516400709282607,0.00017887046851683408,0.00029286841163411736,0.0011060097021982074,
2026-07-06_15-22-06.mp4,0.0,0,0.0,0.0,0.0,0.0,0.0,0.0,0.0,
2026-07-11_20-29-26.mp4,0.2,2,0.005479202140122652,0.6706722378730774,0.00012604176299646497,0.0004896036698482931,0.0005800765356980264,0.0010273810476064682,0.005479202140122652,
2026-07-10_06-38-24.mp4,0.05,1,0.0012560298200696707,0.3963130712509155,8.257893932750449e-05,0.0001631968334550038,0.0002690398832783103,0.0004970836453139782,0.0012560298200696707,
2026-07-12_04-11-29.mp4,0.0,0,0.0,0.0,0.0,0.0,0.0,0.0,0.0,
2026-07-18_15-23-14.mp4,0.225,2,0.0007778631988912821,0.04918815940618515,5.979946945444681e-05,0.00015736286877654493,0.00023268171935342252,0.00037121144123375416,0.0007778631988912821,
2026-07-03_03-28-00.mp4,0.15,1,0.002370506525039673,0.189439058303833,0.00010027586540672928,0.0010053837904706597,0.0005406331620179117,0.0005597901181317866,0.002370506525039673,
2026-07-03_03-35-24.mp4,0.025,1,0.0006338356761261821,0.03732961416244507,0.00012970117677468807,0.00022514932788908482,0.00018035942048300058,0.00028293090872466564,0.0006338356761261821,
2026-07-26_04-39-41.mp4,0.175,3,0.030188512057065964,0.15467005968093872,0.00043806436588056386,0.004743868950754404,0.004970053676515818,0.0071079181507229805,0.030188512057065964,
2026-07-12_19-29-46.mp4,0.025,1,0.0034943576902151108,0.11296305805444717,0.0004034329322166741,0.0017768405377864838,0.0008518552640452981,0.0007965773693285882,0.0034943576902151108,
2026-07-07_02-54-34.mp4,0.075,2,0.0012060956796631217,0.08857043087482452,0.00012370430340524763,0.00024655257584527135,0.00024173862766474485,0.00023385447275359184,0.0012060956796631217,
2026-07-05_10-16-21.mp4,0.0,0,0.0,0.0,0.0,0.0,0.0,0.0,0.0,
2026-07-23_16-41-04.mp4,0.1,1,0.0032476100604981184,0.05433901771903038,0.0002468746097292751,0.0005175626720301807,0.0004725639882963151,0.0006115850410424173,0.0032476100604981184,
2026-06-30_15-23-35.mp4,0.15,2,0.0028375699184834957,0.22999067604541779,0.00019830765086226165,0.0011162497103214264,0.0006534284329973161,0.0007098158239386976,0.0028375699184834957,
2026-07-23_12-33-55.mp4,0.0,0,0.0,0.0,0.0,0.0,0.0,0.0,0.0,
2026-07-04_16-13-00.mp4,0.0,0,0.0,0.0,0.0,0.0,0.0,0.0,0.0,
2026-07-07_07-09-49.mp4,0.025,1,0.004690681118518114,0.08153889328241348,0.0007026182720437646,0.0008492124616168439,0.0012817145325243473,0.0013916894095018506,0.004690681118518114,
2026-07-05_13-17-32.mp4,0.05,1,0.0009493206162005663,0.07033783942461014,9.113576379604638e-05,0.00010554916661931202,0.00019705852901097387,0.0004393956041894853,0.0009493206162005663,
2026-07-26_04-06-05.mp4,0.0,0,0.0,0.0,0.0,0.0,0.0,0.0,0.0,
2026-07-05_18-21-24.mp4,0.2,2,0.004296795930713415,0.672377347946167,0.00021766165446024388,0.000565684458706528,0.00045763992238789797,0.000728449784219265,0.004296795930713415,
2026-07-20_09-18-45.mp4,0.0,0,0.0,0.0,0.0,0.0,0.0,0.0,0.0,
2026-07-10_10-18-34.mp4,0.05,1,0.00047238185652531683,0.055615801364183426,0.0002438100491417572,0.0003773866919800639,0.0004015600716229528,0.0003308440209366381,0.00047238185652531683,
2026-07-24_18-08-32.mp4,0.0,0,0.0,0.0,0.0,0.0,0.0,0.0,0.0,
2026-07-22_00-05-53.mp4,0.0,0,0.0,0.0,0.0,0.0,0.0,0.0,0.0,
2026-07-25_23-43-56.mp4,0.05,1,0.0023875581100583076,0.03768398240208626,0.0003771254268940538,0.0007843845523893833,0.0009343467536382377,0.0008964629960246384,0.0023875581100583076,
2026-07-01_14-34-23.mp4,0.0,0,0.0,0.0,0.0,0.0,0.0,0.0,0.0,
2026-07-22_07-45-43.mp4,0.0,0,0.0,0.0,0.0,0.0,0.0,0.0,0.0,
2026-07-11_22-51-13.mp4,0.025,1,0.0007140674861148,0.07723161578178406,0.00014837384514976293,0.00014689193631056696,0.00024316862982232124,0.0003076902648899704,0.0007140674861148,
2026-07-07_06-16-32.mp4,0.05,1,0.0030134348198771477,0.12382814288139343,0.0003613207663875073,0.0011199478758499026,0.0012184863444417715,0.0012391147902235389,0.0030134348198771477,
2026-07-10_15-41-43.mp4,0.0,0,0.0,0.0,0.0,0.0,0.0,0.0,0.0,
2026-07-06_17-02-00.mp4,0.275,3,0.0012229379499331117,0.5635733008384705,7.367257785517722e-05,0.0001913723535835743,0.0003073581028729677,0.0005487195448949933,0.0012229379499331117,
2026-07-14_15-54-31.mp4,0.0,0,0.0,0.0,0.0,0.0,0.0,0.0,0.0,
2026-07-02_08-49-24.mp4,0.0,0,0.0,0.0,0.0,0.0,0.0,0.0,0.0,
2026-07-12_21-46-38.mp4,0.2,2,0.028569839894771576,0.6813909411430359,0.0005635627894662321,0.0009610810084268451,0.0019959963392466307,0.0034330706112086773,0.028569839894771576,
2026-07-16_22-56-19.mp4,0.05,1,0.0012808748288080096,0.1240278109908104,0.0001819952012738213,0.0002094572555506602,0.000301358406431973,0.0004785147903021425,0.0012808748288080096,
2026-07-10_13-40-38.mp4,0.05,1,0.007847245782613754,0.2843376696109772,0.0010310928337275982,0.002518498571589589,0.0016990804579108953,0.0030205545481294394,0.007847245782613754,
2026-07-19_10-19-38.mp4,0.05,1,0.0014475265052169561,0.1008773222565651,0.0001519037614343688,0.00039507829933427274,0.0002626677160151303,0.00039418667438440025,0.0014475265052169561,
2026-07-18_14-54-14.mp4,0.025,1,0.0003716362116392702,0.021097293123602867,3.8955473428359255e-05,0.00012062100722687319,0.00010695821401895955,0.00015640877245459706,0.0003716362116392702,
2026-07-21_15-24-41.mp4,0.0,0,0.0,0.0,0.0,0.0,0.0,0.0,0.0,
2026-07-06_19-10-23.mp4,0.025,1,0.00046736569493077695,0.06268223375082016,0.00017512263730168343,0.00019428056839387864,0.00020658175344578922,0.00018659350462257862,0.00046736569493077695,
2026-07-01_18-54-13.mp4,0.3,3,0.0017839294159784913,0.3109157979488373,9.727342694532126e-05,0.0004932172014378011,0.00025146667030639946,0.0005187017959542572,0.0017839294159784913,
2026-07-16_19-25-52.mp4,0.0,0,0.0,0.0,0.0,0.0,0.0,0.0,0.0,
2026-07-04_23-58-33.mp4,0.175,3,0.0010874842992052436,0.17392674088478088,0.00011276748409727588,0.00039277534233406186,0.0002460760879330337,0.00037507317028939724,0.0010874842992052436,
2026-07-09_05-50-54.mp4,0.025,1,0.0005784681998193264,0.045536283403635025,0.00010745126201072708,0.00015168434765655547,0.00016575372137594968,0.0002962902362924069,0.0005784681998193264,
2026-07-08_21-42-05.mp4,0.0,0,0.0,0.0,0.0,0.0,0.0,0.0,0.0,
2026-07-10_10-21-28.mp4,0.0,0,0.0,0.0,0.0,0.0,0.0,0.0,0.0,
2026-07-03_01-10-13.mp4,0.0,0,0.0,0.0,0.0,0.0,0.0,0.0,0.0,
2026-07-02_18-36-38.mp4,0.15,4,0.0013493557926267385,0.1108010783791542,0.00038732599932700396,0.0009069367661140859,0.0004359066078905016,0.00041405687807127833,0.0013493557926267385,
2026-07-06_06-03-26.mp4,0.0,0,0.0,0.0,0.0,0.0,0.0,0.0,0.0,
2026-07-17_20-38-51.mp4,0.0,0,0.0,0.0,0.0,0.0,0.0,0.0,0.0,
2026-07-17_04-58-52.mp4,0.025,1,0.0016853258712217212,0.09477700293064117,0.0003975423169322312,0.0009142782655544579,0.0005253717536106706,0.00042217972804792225,0.0016853258712217212,
2026-07-02_09-05-48.mp4,0.0,0,0.0,0.0,0.0,0.0,0.0,0.0,0.0,
2026-07-07_21-48-31.mp4,0.0,0,0.0,0.0,0.0,0.0,0.0,0.0,0.0,
2026-06-30_12-46-07.mp4,0.1,1,0.00022192766482476145,0.04209787771105766,4.910806455882266e-05,9.000137652037665e-05,6.59689903841354e-05,0.00010542544623604044,0.00022192766482476145,
2026-07-12_08-04-32.mp4,0.0,0,0.0,0.0,0.0,0.0,0.0,0.0,0.0,
2026-07-26_00-57-43.mp4,0.0,0,0.0,0.0,0.0,0.0,0.0,0.0,0.0,
2026-07-21_15-11-59.mp4,0.0,0,0.0,0.0,0.0,0.0,0.0,0.0,0.0,
2026-07-17_03-26-23.mp4,0.05,1,0.0007412945851683617,0.034041877835989,0.0003469658549875021,0.00042280278285034,0.0002110820059897378,0.0002960987912956625,0.0007412945851683617,
2026-07-14_14-47-38.mp4,0.075,1,0.009312941692769527,0.09328135848045349,0.0005112666985951364,0.0012580748880282044,0.0017425133846700191,0.002591658616438508,0.009312941692769527,
2026-07-21_08-33-45.mp4,0.0,0,0.0,0.0,0.0,0.0,0.0,0.0,0.0,
2026-07-25_15-55-30.mp4,0.05,1,0.033417973667383194,0.2357291430234909,0.0035964755807071924,0.0037077758461236954,0.0045301946811378,0.01304311491549015,0.033417973667383194,
2026-07-21_00-53-08.mp4,0.0,0,0.0,0.0,0.0,0.0,0.0,0.0,0.0,
2026-07-21_14-34-18.mp4,0.0,0,0.0,0.0,0.0,0.0,0.0,0.0,0.0,
2026-07-22_02-11-28.mp4,0.0,0,0.0,0.0,0.0,0.0,0.0,0.0,0.0,
2026-07-08_17-26-29.mp4,0.05,2,0.000807890435680747,0.05913117155432701,0.00014988712791819125,0.0001848370739025995,0.00022950911079533398,0.0003574456786736846,0.000807890435680747,
2026-07-22_02-28-10.mp4,0.0,0,0.0,0.0,0.0,0.0,0.0,0.0,0.0,
2026-07-11_21-08-49.mp4,0.05,2,0.011960890144109726,0.07155735790729523,0.0018398697720840573,0.002689807675778866,0.004266526084393263,0.002517564222216606,0.011960890144109726,
2026-07-25_11-40-27.mp4,0.1,2,0.007054230198264122,0.06793961673974991,0.000516201660502702,0.001020485651679337,0.0025074149016290903,0.0031228098087012768,0.007054230198264122,
2026-07-23_22-57-02.mp4,0.0,0,0.0,0.0,0.0,0.0,0.0,0.0,0.0,
2026-06-30_16-26-44.mp4,0.1,1,0.0010217854287475348,0.16209676861763,0.00010526180267333984,0.0007532304152846336,0.0003735307545866817,0.000662602367810905,0.0010217854287475348,
2026-07-14_13-37-38.mp4,0.025,1,0.005269460845738649,0.06134337931871414,0.00012204521772218868,0.00043472848483361304,0.0004980507073923945,0.0006295506609603763,0.005269460845738649,
2026-07-08_14-06-36.mp4,0.05,1,0.00015332053590100259,0.006253414321690798,8.925191650632769e-05,9.643905650591478e-05,9.245602996088564e-05,9.594418224878609e-05,0.00015332053590100259,
2026-07-22_09-01-11.mp4,0.0,0,0.0,0.0,0.0,0.0,0.0,0.0,0.0,
2026-07-13_13-27-54.mp4,0.15,3,0.0013341836165636778,0.059778645634651184,0.0003231492009945214,0.0007916322210803628,0.0005996721447445452,0.0004702505248133093,0.0013341836165636778,
2026-07-01_10-15-18.mp4,0.0,0,0.0,0.0,0.0,0.0,0.0,0.0,0.0,
2026-07-22_15-13-43.mp4,0.0,0,0.0,0.0,0.0,0.0,0.0,0.0,0.0,
2026-07-25_23-49-50.mp4,0.075,1,0.007399167865514755,0.12246228754520416,0.00017012105672620237,0.0004378521116450429,0.000538614927791059,0.0009888946078717709,0.007399167865514755,
2026-07-10_13-41-38.mp4,0.2,2,0.01740400306880474,0.1026419997215271,0.0021718647330999374,0.004308509640395641,0.002977048745378852,0.004956787917762995,0.01740400306880474,
2026-07-23_16-03-47.mp4,0.025,1,0.0024214584846049547,0.13540108501911163,0.000163995660841465,0.0004447715182323009,0.00042600499000400305,0.000613448501098901,0.0024214584846049547,
2026-07-04_14-34-42.mp4,0.05,2,0.0016013545682653785,0.40393924713134766,0.000407039828132838,0.0004116814525332302,0.000726923462934792,0.0009579950710758567,0.0016013545682653785,
2026-07-10_13-39-02.mp4,0.225,2,0.059818148612976074,0.2114866077899933,0.0060546002350747585,0.008081619627773762,0.021310316398739815,0.044947367161512375,0.059818148612976074,
2026-07-25_13-51-44.mp4,0.15,3,0.04057282209396362,0.684471845626831,0.008322521112859249,0.00254444289021194,0.004447701387107372,0.01924779824912548,0.04057282209396362,
2026-07-18_21-12-22.mp4,0.0,0,0.0,0.0,0.0,0.0,0.0,0.0,0.0,
2026-07-02_05-08-33.mp4,0.0,0,0.0,0.0,0.0,0.0,0.0,0.0,0.0,
2026-07-07_10-56-53.mp4,0.0,0,0.0,0.0,0.0,0.0,0.0,0.0,0.0,
2026-07-15_18-36-19.mp4,0.0,0,0.0,0.0,0.0,0.0,0.0,0.0,0.0,
2026-07-01_07-35-05.mp4,0.0,0,0.0,0.0,0.0,0.0,0.0,0.0,0.0,
2026-07-18_15-15-44.mp4,0.0,0,0.0,0.0,0.0,0.0,0.0,0.0,0.0,
2026-07-10_09-28-05.mp4,0.1,1,0.0002790802391245961,0.0674935057759285,8.501727279508486e-05,0.00014782634389121085,0.00013019994366914034,0.00023182915174402297,0.0002790802391245961,
2026-07-02_14-15-28.mp4,0.0,0,0.0,0.0,0.0,0.0,0.0,0.0,0.0,
2026-07-02_12-39-47.mp4,0.0,0,0.0,0.0,0.0,0.0,0.0,0.0,0.0,
2026-07-09_13-23-55.mp4,0.0,0,0.0,0.0,0.0,0.0,0.0,0.0,0.0,
2026-07-22_22-41-04.mp4,0.0,0,0.0,0.0,0.0,0.0,0.0,0.0,0.0,
2026-07-10_14-21-31.mp4,0.0,0,0.0,0.0,0.0,0.0,0.0,0.0,0.0,
2026-07-10_09-26-29.mp4,0.0,0,0.0,0.0,0.0,0.0,0.0,0.0,0.0,
2026-07-13_16-41-33.mp4,0.05,1,0.0012093604309484363,0.092848040163517,0.0001897632027976215,0.0001587948208907619,0.00039369924343191087,0.0005556591786444187,0.0012093604309484363,
2026-07-09_10-02-21.mp4,0.0,0,0.0,0.0,0.0,0.0,0.0,0.0,0.0,
2026-07-04_08-28-47.mp4,0.075,2,0.002857442945241928,0.08793868124485016,0.00039200441096909344,0.0011124525917693973,0.000488029676489532,0.0010879639303311706,0.002857442945241928,
2026-07-20_09-22-33.mp4,0.025,1,0.0016173336189240217,0.05535024031996727,0.00017975509399548173,0.0007288487977348268,0.00033759730285964906,0.0007241970743052661,0.0016173336189240217,
2026-07-24_05-05-52.mp4,0.0,0,0.0,0.0,0.0,0.0,0.0,0.0,0.0,
2026-07-17_13-24-52.mp4,0.025,1,0.0021028704941272736,0.07755714654922485,0.00012415241508278996,0.0001616502704564482,0.00033135790727101266,0.0004197697271592915,0.0021028704941272736,
2026-07-14_14-23-08.mp4,0.0,0,0.0,0.0,0.0,0.0,0.0,0.0,0.0,
2026-07-07_01-14-47.mp4,0.0,0,0.0,0.0,0.0,0.0,0.0,0.0,0.0,
2026-07-14_22-46-08.mp4,0.225,2,0.01433620136231184,0.16192707419395447,0.00040117709431797266,0.0006284659029915929,0.0015109615633264184,0.005056743510067463,0.01433620136231184,
2026-07-10_15-58-12.mp4,0.05,1,0.00013581120583694428,0.12184764444828033,4.834582796320319e-05,9.749491437105462e-05,0.00011881221871590242,0.0001238247932633385,0.00013581120583694428,
2026-07-09_12-21-32.mp4,0.0,0,0.0,0.0,0.0,0.0,0.0,0.0,0.0,
2026-07-12_11-58-06.mp4,0.05,1,0.02129027061164379,0.2822708487510681,0.0016631592297926545,0.0011303534265607595,0.0017311933916062117,0.003743112087249756,0.02129027061164379,
2026-07-02_02-11-28.mp4,0.075,2,0.002823175396770239,0.31410083174705505,0.00021232014114502817,0.000433602137491107,0.0009592948481440544,0.0009015807881951332,0.002823175396770239,
2026-07-09_20-03-09.mp4,0.0,0,0.0,0.0,0.0,0.0,0.0,0.0,0.0,
2026-07-14_16-38-42.mp4,0.025,1,0.000542891095392406,0.057183150202035904,7.804291089996696e-05,0.00016229013272095472,0.00020530540496110916,0.00031908522942103446,0.000542891095392406,
2026-07-03_15-31-17.mp4,0.0,0,0.0,0.0,0.0,0.0,0.0,0.0,0.0,
2026-07-03_14-30-18.mp4,0.0,0,0.0,0.0,0.0,0.0,0.0,0.0,0.0,
2026-07-14_13-58-38.mp4,0.0,0,0.0,0.0,0.0,0.0,0.0,0.0,0.0,
2026-07-25_20-26-34.mp4,0.15,2,0.0020290964748710394,0.3831425905227661,0.0001428511895937845,0.0004612012126017362,0.0005678429151885211,0.000759898975957185,0.0020290964748710394,
2026-07-05_00-08-37.mp4,0.0,0,0.0,0.0,0.0,0.0,0.0,0.0,0.0,
2026-07-02_07-12-08.mp4,0.025,1,0.002442028373479843,0.2522308826446533,0.0002255332947243005,0.0003003169840667397,0.0006841165595687926,0.0009023271850310266,0.002442028373479843,
2026-07-09_15-25-48.mp4,0.0,0,0.0,0.0,0.0,0.0,0.0,0.0,0.0,
2026-07-05_12-13-44.mp4,0.0,0,0.0,0.0,0.0,0.0,0.0,0.0,0.0,
2026-07-02_07-54-17.mp4,0.1,1,0.004476736765354872,0.4460850656032562,0.0005896377260796726,0.000697653740644455,0.0010892163263633847,0.0026445023249834776,0.004476736765354872,
2026-07-03_14-10-06.mp4,0.0,0,0.0,0.0,0.0,0.0,0.0,0.0,0.0,
2026-07-07_06-58-01.mp4,0.0,0,0.0,0.0,0.0,0.0,0.0,0.0,0.0,
2026-07-25_19-41-52.mp4,0.45,4,0.05108446627855301,0.7505481243133545,0.0011996837565675378,0.007695937994867563,0.009562298655509949,0.014316863380372524,0.05108446627855301,
2026-07-09_08-37-52.mp4,0.0,0,0.0,0.0,0.0,0.0,0.0,0.0,0.0,
2026-07-22_14-15-44.mp4,0.0,0,0.0,0.0,0.0,0.0,0.0,0.0,0.0,
2026-07-10_18-07-20.mp4,0.2,4,0.0008532648207619786,0.07506055384874344,0.00015945863560773432,0.0002952063805423677,0.00031547481194138527,0.0004953633178956807,0.0008532648207619786,
2026-07-02_17-44-44.mp4,0.0,0,0.0,0.0,0.0,0.0,0.0,0.0,0.0,
2026-07-02_02-21-28.mp4,0.0,0,0.0,0.0,0.0,0.0,0.0,0.0,0.0,
2026-07-21_12-53-12.mp4,0.15,3,0.011925339698791504,0.1104661226272583,0.002413235604763031,0.004604883957654238,0.004251089412719011,0.00490693049505353,0.011925339698791504,
2026-07-09_11-30-44.mp4,0.1,2,0.0031640909146517515,0.4044869542121887,0.00013429459067992866,0.000468245503725484,0.0006642804364673793,0.0006648321286775172,0.0031640909146517515,
2026-07-21_08-28-51.mp4,0.0,0,0.0,0.0,0.0,0.0,0.0,0.0,0.0,
2026-07-03_20-17-06.mp4,0.175,5,0.0013817599974572659,0.12288341671228409,0.0002498387184459716,0.0011259655002504587,0.0007914130692370236,0.0005151524674147367,0.0013817599974572659,
2026-07-05_13-26-55.mp4,0.025,1,0.00020861420489382,0.055959008634090424,9.095951827475801e-05,8.507713209837675e-05,0.00013756776752416044,0.00020861420489382,0.00019503559451550245,
2026-07-05_17-33-48.mp4,0.0,0,0.0,0.0,0.0,0.0,0.0,0.0,0.0,
2026-07-02_00-45-25.mp4,0.025,1,0.0015244241803884506,0.09418760240077972,8.270518446806818e-05,0.00028257048688828945,0.00018832154455594718,0.00035407496034167707,0.0015244241803884506,
2026-06-30_22-30-31.mp4,0.05,2,0.002222257200628519,0.18913471698760986,0.0002312882716068998,0.00039330238359980285,0.0005237369914539158,0.0009601017227396369,0.002222257200628519,
2026-07-01_02-51-58.mp4,0.4,4,0.015258069150149822,0.548471212387085,0.00034603793756105006,0.0017348527908325195,0.0015196125023066998,0.0031538265757262707,0.015258069150149822,
2026-07-06_17-44-18.mp4,0.05,2,0.0010256925597786903,0.12432261556386948,7.018268661340699e-05,0.00019901020277757198,0.00013300805585458875,0.00029942617402412,0.0010256925597786903,
2026-07-03_12-59-19.mp4,0.0,0,0.0,0.0,0.0,0.0,0.0,0.0,0.0,
2026-07-21_01-03-02.mp4,0.0,0,0.0,0.0,0.0,0.0,0.0,0.0,0.0,
2026-07-09_05-14-36.mp4,0.0,0,0.0,0.0,0.0,0.0,0.0,0.0,0.0,
2026-07-21_15-42-29.mp4,0.0,0,0.0,0.0,0.0,0.0,0.0,0.0,0.0,
2026-07-02_08-42-30.mp4,0.0,0,0.0,0.0,0.0,0.0,0.0,0.0,0.0,
2026-07-26_02-25-00.mp4,0.0,0,0.0,0.0,0.0,0.0,0.0,0.0,0.0,
2026-07-02_17-42-44.mp4,0.0,0,0.0,0.0,0.0,0.0,0.0,0.0,0.0,
2026-07-05_05-56-29.mp4,0.05,1,0.0019020721083506942,0.1982375830411911,0.0002487195306457579,0.00041428941767662764,0.0006115267751738429,0.0006143847131170332,0.0019020721083506942,
2026-07-12_02-41-54.mp4,0.125,1,0.0008704183856025338,0.035869233310222626,5.650035382132046e-05,0.00011380724026821554,0.00013669116015080363,0.0003000774304382503,0.0008704183856025338,
2026-07-09_10-43-21.mp4,0.0,0,0.0,0.0,0.0,0.0,0.0,0.0,0.0,
2026-07-23_13-04-07.mp4,0.2,3,0.14687451720237732,0.09491119533777237,0.0017216048436239362,0.00046667520655319095,0.01694488897919655,0.08082622289657593,0.14687451720237732,
2026-07-11_23-34-12.mp4,0.175,4,0.00300821615383029,0.12663361430168152,0.00029291672399267554,0.00300821615383029,0.0016596026252955198,0.0027174614369869232,0.002614556811749935,
2026-07-05_11-41-09.mp4,0.0,0,0.0,0.0,0.0,0.0,0.0,0.0,0.0,
2026-07-04_05-30-31.mp4,0.15,3,0.0006048909272067249,0.07742974907159805,0.00013844220666214824,0.0001378776942146942,0.00022623476979788393,0.0002525563177186996,0.0006048909272067249,
2026-07-14_06-40-07.mp4,0.075,2,0.04247112572193146,0.4349437952041626,0.005289812572300434,0.0013922692742198706,0.003174646757543087,0.01862051524221897,0.04247112572193146,
2026-07-18_05-07-26.mp4,0.0,0,0.0,0.0,0.0,0.0,0.0,0.0,0.0,
2026-07-09_16-25-35.mp4,0.05,2,0.004128092434257269,0.22158919274806976,0.0007228325703181326,0.001337692723609507,0.0009443896124139428,0.0011200107401236892,0.004128092434257269,
2026-07-05_08-07-22.mp4,0.0,0,0.0,0.0,0.0,0.0,0.0,0.0,0.0,
2026-07-08_02-22-16.mp4,0.0,0,0.0,0.0,0.0,0.0,0.0,0.0,0.0,
2026-07-26_04-18-47.mp4,0.0,0,0.0,0.0,0.0,0.0,0.0,0.0,0.0,
2026-07-07_07-28-25.mp4,0.025,1,0.005696333013474941,0.048509009182453156,0.002222964772954583,0.0027304757386446,0.002159228315576911,0.001807302120141685,0.005696333013474941,
2026-07-12_21-34-39.mp4,0.0,0,0.0,0.0,0.0,0.0,0.0,0.0,0.0,
2026-07-13_22-18-11.mp4,0.0,0,0.0,0.0,0.0,0.0,0.0,0.0,0.0,
2026-07-22_21-11-06.mp4,0.025,1,0.0017462266841903329,0.06646143645048141,0.00021914303943049163,0.0004567447758745402,0.0005179394502192736,0.00044873543083667755,0.0017462266841903329,
2026-07-13_17-24-56.mp4,0.075,1,0.020406251773238182,0.04888231307268143,0.00041280893492512405,0.0022171533200889826,0.001665592659264803,0.0055312602780759335,0.020406251773238182,
2026-07-22_23-16-03.mp4,0.15,3,0.023808985948562622,0.12134645879268646,0.0019441369222477078,0.0030916386749595404,0.0052176425233483315,0.005600595846772194,0.023808985948562622,
2026-07-05_18-18-30.mp4,0.025,1,0.0001804266794351861,0.021058322861790657,7.574597839266062e-05,5.250836693448946e-05,0.00010975216719089076,0.00012933043763041496,0.0001804266794351861,
2026-07-13_20-39-06.mp4,0.175,3,0.004403355997055769,0.5103612542152405,0.0012817413080483675,0.0006750468746758997,0.0014647745992988348,0.0013939747586846352,0.004403355997055769,
2026-07-07_23-56-35.mp4,0.175,3,0.015316576696932316,0.1503903865814209,0.001005362719297409,0.0011914088390767574,0.002290639327839017,0.003628138452768326,0.015316576696932316,
2026-07-06_18-07-12.mp4,0.075,2,0.000550079217646271,0.11152271181344986,0.00012961785250809044,0.00027127249632030725,0.00022628049191553146,0.00028868266963399947,0.000550079217646271,
2026-07-13_18-26-13.mp4,0.175,3,0.006547578144818544,0.5063834190368652,0.0011010068701580167,0.002844221191480756,0.0029505430720746517,0.004362019710242748,0.006547578144818544,
2026-07-22_06-55-19.mp4,0.15,2,0.0004615585785359144,0.07307472825050354,4.680280471802689e-05,0.00017288958770222962,0.00012173152936156839,0.00017412194574717432,0.0004615585785359144,
2026-07-07_12-30-10.mp4,0.0,0,0.0,0.0,0.0,0.0,0.0,0.0,0.0,
2026-07-02_09-56-13.mp4,0.0,0,0.0,0.0,0.0,0.0,0.0,0.0,0.0,
2026-07-25_03-44-26.mp4,0.0,0,0.0,0.0,0.0,0.0,0.0,0.0,0.0,
2026-07-26_04-32-47.mp4,0.075,2,0.008511818014085293,0.1411242038011551,0.0009102385956794024,0.002707467181608081,0.00305960257537663,0.0035518440417945385,0.008511818014085293,
2026-07-12_22-09-13.mp4,0.3,2,0.016247693449258804,0.5692635774612427,0.0010862103663384914,0.002202798845246434,0.0037953099235892296,0.004040648229420185,0.016247693449258804,
2026-07-14_16-38-54.mp4,0.05,2,0.003782132174819708,0.09921259433031082,0.0015635258750990033,0.0021493788808584213,0.0016012776177376509,0.0016463889041915536,0.003782132174819708,
2026-07-04_09-27-04.mp4,0.0,0,0.0,0.0,0.0,0.0,0.0,0.0,0.0,
2026-07-02_22-50-26.mp4,0.025,1,0.0003220098151359707,0.059218354523181915,8.204534242395312e-05,0.00010631262557581067,0.00022337377595249563,0.0002144554309779778,0.0003220098151359707,
2026-07-10_09-21-53.mp4,0.0,0,0.0,0.0,0.0,0.0,0.0,0.0,0.0,
2026-07-03_12-46-37.mp4,0.0,0,0.0,0.0,0.0,0.0,0.0,0.0,0.0,
2026-07-24_03-37-11.mp4,0.0,0,0.0,0.0,0.0,0.0,0.0,0.0,0.0,
2026-07-22_15-18-01.mp4,0.0,0,0.0,0.0,0.0,0.0,0.0,0.0,0.0,
2026-07-19_01-51-31.mp4,0.075,2,0.0042360140942037106,0.08023484796285629,0.0005445764982141554,0.001068095094524324,0.0008946416201069951,0.0011893750634044409,0.0042360140942037106,
2026-07-12_14-13-00.mp4,0.0,0,0.0,0.0,0.0,0.0,0.0,0.0,0.0,
2026-07-09_21-43-44.mp4,0.0,0,0.0,0.0,0.0,0.0,0.0,0.0,0.0,
2026-07-07_20-51-30.mp4,0.0,0,0.0,0.0,0.0,0.0,0.0,0.0,0.0,
2026-07-24_19-13-43.mp4,0.0,0,0.0,0.0,0.0,0.0,0.0,0.0,0.0,
2026-07-17_03-19-35.mp4,0.0,0,0.0,0.0,0.0,0.0,0.0,0.0,0.0,
2026-07-07_14-14-09.mp4,0.25,2,0.0014062130358070135,0.07262469083070755,0.0001372093247482553,0.0006851445068605244,0.0003660004585981369,0.00029003722011111677,0.0014062130358070135,
2026-07-11_14-00-18.mp4,0.0,0,0.0,0.0,0.0,0.0,0.0,0.0,0.0,
2026-07-22_07-37-19.mp4,0.025,1,0.0020267728250473738,0.37810587882995605,0.00014130135241430253,0.0005700972396880388,0.0007430911064147949,0.0008016076171770692,0.0020267728250473738,
2026-07-22_01-59-52.mp4,0.0,0,0.0,0.0,0.0,0.0,0.0,0.0,0.0,
2026-07-15_13-10-23.mp4,0.0,0,0.0,0.0,0.0,0.0,0.0,0.0,0.0,
2026-07-23_16-28-17.mp4,0.025,1,0.0003400866116862744,0.05611640587449074,0.0001095544284908101,0.00014110478514339775,0.00016369180229958147,0.0001995053025893867,0.0003400866116862744,
2026-06-30_16-17-32.mp4,0.025,1,0.002188158920034766,0.05466192588210106,0.00017239706357941031,0.00028965200181119144,0.00029959974926896393,0.0005766395479440689,0.002188158920034766,
2026-07-02_12-30-35.mp4,0.425,2,0.010930582880973816,0.5154424905776978,0.00019978018826805055,0.0009246820118278265,0.0013046258827671409,0.0021231358405202627,0.010930582880973816,
2026-07-10_07-23-30.mp4,0.0,0,0.0,0.0,0.0,0.0,0.0,0.0,0.0,
2026-07-04_11-42-09.mp4,0.025,1,0.0008773035369813442,0.055461373180150986,0.00016412958211731166,0.0002170573134208098,0.0003271641908213496,0.0002660019090399146,0.0008773035369813442,
2026-07-14_14-46-49.mp4,0.025,1,0.0013725569006055593,0.15162618458271027,0.00025437408476136625,0.00046568489051423967,0.00044503173558041453,0.00046704101259820163,0.0013725569006055593,
2026-07-23_07-58-58.mp4,0.0,0,0.0,0.0,0.0,0.0,0.0,0.0,0.0,
2026-07-10_20-04-50.mp4,0.05,2,0.00030892182257957757,0.04242544248700142,7.543270476162434e-05,0.00018730902229435742,0.00013878571917302907,0.00015208478725980967,0.00030892182257957757,
2026-07-24_03-45-05.mp4,0.0,0,0.0,0.0,0.0,0.0,0.0,0.0,0.0,
2026-07-06_00-47-06.mp4,0.0,0,0.0,0.0,0.0,0.0,0.0,0.0,0.0,
2026-07-17_23-07-54.mp4,0.075,2,0.029279138892889023,0.11723032593727112,0.0017244762275367975,0.0025273701176047325,0.004327199887484312,0.008011319674551487,0.029279138892889023,
2026-07-05_11-41-21.mp4,0.0,0,0.0,0.0,0.0,0.0,0.0,0.0,0.0,
2026-07-24_02-27-12.mp4,0.075,2,0.019461914896965027,0.5185317993164062,0.00217056623660028,0.0010361899621784687,0.0017195456894114614,0.0034649393055588007,0.019461914896965027,
2026-07-04_06-52-30.mp4,0.0,0,0.0,0.0,0.0,0.0,0.0,0.0,0.0,
2026-07-18_15-06-44.mp4,0.025,1,0.0008171697263605893,0.04208504408597946,0.00014626870688516647,0.0006970259710215032,0.0003348760074004531,0.0002704458893276751,0.0008171697263605893,
2026-07-11_17-27-24.mp4,0.3,4,0.002756342990323901,0.32990288734436035,0.0002731525746639818,0.0012247225968167186,0.0008303294889628887,0.001808523084037006,0.002756342990323901,
2026-07-02_05-18-04.mp4,0.0,0,0.0,0.0,0.0,0.0,0.0,0.0,0.0,
2026-07-01_12-44-24.mp4,0.0,0,0.0,0.0,0.0,0.0,0.0,0.0,0.0,
2026-07-17_22-29-54.mp4,0.0,0,0.0,0.0,0.0,0.0,0.0,0.0,0.0,
2026-07-03_13-26-12.mp4,0.0,0,0.0,0.0,0.0,0.0,0.0,0.0,0.0,
2026-07-07_12-22-22.mp4,0.0,0,0.0,0.0,0.0,0.0,0.0,0.0,0.0,
2026-07-23_17-05-46.mp4,0.1,2,0.0017675462877377868,0.19524328410625458,0.00017912442854139954,0.0005007199360989034,0.0004687706823460758,0.0008792538428679109,0.0017675462877377868,
2026-07-08_22-38-40.mp4,0.0,0,0.0,0.0,0.0,0.0,0.0,0.0,0.0,
2026-07-02_22-31-38.mp4,0.025,1,0.0002822403621394187,0.06625305861234665,0.00015281086962204427,0.00022069260012358427,0.0002822403621394187,0.00023055155179463327,0.00022862371406517923,
2026-07-11_17-22-06.mp4,0.125,3,0.0056291064247488976,0.7066492438316345,7.030533743090928e-05,0.00036546768387779593,0.0005452638724818826,0.0014004276599735022,0.0056291064247488976,
2026-07-16_07-56-46.mp4,0.7,1,0.015536908060312271,0.3364488482475281,0.0014096475206315517,0.0015317518264055252,0.0032015275210142136,0.011121814139187336,0.015536908060312271,
2026-07-06_00-33-00.mp4,0.05,1,0.0009515595738776028,0.11459316313266754,8.830922888591886e-05,0.0002912486670538783,0.00016042216157075018,0.0002003558911383152,0.0009515595738776028,
2026-07-07_12-25-04.mp4,0.05,2,0.006466837599873543,0.1590779572725296,0.0008937090751715004,0.0015590969705954194,0.001163050183095038,0.0011852725874632597,0.006466837599873543,
2026-07-02_12-30-47.mp4,0.1,1,0.008443043567240238,0.14487773180007935,0.0005725256050936878,0.002378664445132017,0.002105667255818844,0.002405682345852256,0.008443043567240238,
2026-07-16_18-55-16.mp4,0.125,2,0.004723555874079466,0.2624388039112091,0.0006163823418319225,0.001191693707369268,0.0012918519787490368,0.0025010649114847183,0.004723555874079466,
2026-07-05_09-12-40.mp4,0.0,0,0.0,0.0,0.0,0.0,0.0,0.0,0.0,
2026-07-21_00-55-08.mp4,0.0,0,0.0,0.0,0.0,0.0,0.0,0.0,0.0,
2026-07-10_13-22-14.mp4,0.0,0,0.0,0.0,0.0,0.0,0.0,0.0,0.0,
2026-07-25_23-35-26.mp4,0.0,0,0.0,0.0,0.0,0.0,0.0,0.0,0.0,
2026-07-04_01-38-23.mp4,0.375,2,0.01265221368521452,0.7065103054046631,0.00015100333257578313,0.0005119003471918404,0.0007633570930920541,0.0019777826964855194,0.01265221368521452,
2026-07-08_20-37-08.mp4,0.025,1,0.0031862540636211634,0.056479357182979584,0.00014385339454747736,0.0004161073884461075,0.0005545044550672174,0.0010798141593113542,0.0031862540636211634,
2026-07-01_12-06-33.mp4,0.025,1,0.0003227240522392094,0.057566236704587936,0.00010797591676237062,0.00016263122961390764,0.000158532930072397,0.00024297210620716214,0.0003227240522392094,
2026-07-09_08-42-40.mp4,0.0,0,0.0,0.0,0.0,0.0,0.0,0.0,0.0,
2026-07-06_03-21-22.mp4,0.0,0,0.0,0.0,0.0,0.0,0.0,0.0,0.0,
2026-07-07_17-24-25.mp4,0.075,2,0.007210572715848684,0.10661029815673828,0.0004650634073186666,0.0018042961601167917,0.0019499505870044231,0.0017347545363008976,0.007210572715848684,
2026-07-09_16-17-59.mp4,0.2,3,0.003578729461878538,0.21998968720436096,0.0004284487513359636,0.0015976803842931986,0.0011335884919390082,0.0012335276696830988,0.003578729461878538,
2026-07-05_10-25-01.mp4,0.0,0,0.0,0.0,0.0,0.0,0.0,0.0,0.0,
2026-07-05_01-02-54.mp4,0.125,2,0.0020198989659547806,0.43213722109794617,0.0001195468139485456,0.0004669048066716641,0.00044138648081570864,0.0005712697166018188,0.0020198989659547806,
2026-07-05_22-01-20.mp4,0.0,0,0.0,0.0,0.0,0.0,0.0,0.0,0.0,
2026-07-16_20-57-51.mp4,0.275,3,0.006382197607308626,0.6461915373802185,0.0003452349628787488,0.000882717315107584,0.0009426599717698991,0.0020326850935816765,0.006382197607308626,
2026-07-14_05-24-31.mp4,0.0,0,0.0,0.0,0.0,0.0,0.0,0.0,0.0,
2026-07-08_02-20-16.mp4,0.125,3,0.020472977310419083,0.13772371411323547,0.0016406046925112605,0.002281518653035164,0.002191198756918311,0.0027662497013807297,0.020472977310419083,
2026-07-02_08-58-30.mp4,0.0,0,0.0,0.0,0.0,0.0,0.0,0.0,0.0,
2026-07-19_00-21-44.mp4,0.175,2,0.044524431228637695,0.4387093186378479,0.0013216522056609392,0.00194209860637784,0.005408246070146561,0.017229514196515083,0.044524431228637695,
2026-07-19_17-47-15.mp4,0.05,2,0.0029324761126190424,0.27958157658576965,0.00025021107285283506,0.0007445960072800517,0.0006791671039536595,0.0011004175757989287,0.0029324761126190424,
2026-07-02_23-01-44.mp4,0.0,0,0.0,0.0,0.0,0.0,0.0,0.0,0.0,
2026-07-08_08-49-52.mp4,0.0,0,0.0,0.0,0.0,0.0,0.0,0.0,0.0,
2026-07-15_10-21-25.mp4,0.15,2,0.004599987994879484,0.07895554602146149,0.0003416759136598557,0.0006513293483294547,0.0009884715545922518,0.0005523786530829966,0.004599987994879484,
2026-07-17_08-06-02.mp4,0.0,0,0.0,0.0,0.0,0.0,0.0,0.0,0.0,
2026-07-08_08-40-28.mp4,0.0,0,0.0,0.0,0.0,0.0,0.0,0.0,0.0,
2026-07-02_03-25-28.mp4,0.025,1,0.00021529111836571246,0.03529641777276993,7.513047603424639e-05,0.00013545890396926552,0.00015928751963656396,0.00021529111836571246,6.837544788140804e-05,
2026-07-03_11-02-50.mp4,0.0,0,0.0,0.0,0.0,0.0,0.0,0.0,0.0,
2026-07-05_15-23-34.mp4,0.1,3,0.0021973010152578354,0.1067051813006401,0.0002911750925704837,0.001652393490076065,0.0004211027699057013,0.0009131268598139286,0.0021973010152578354,
2026-07-05_15-40-34.mp4,0.0,0,0.0,0.0,0.0,0.0,0.0,0.0,0.0,
2026-07-14_13-33-56.mp4,0.0,0,0.0,0.0,0.0,0.0,0.0,0.0,0.0,
2026-07-19_04-01-24.mp4,0.0,0,0.0,0.0,0.0,0.0,0.0,0.0,0.0,
2026-07-10_16-37-35.mp4,0.0,0,0.0,0.0,0.0,0.0,0.0,0.0,0.0,
2026-07-18_11-45-04.mp4,0.175,4,0.01183274108916521,0.16611824929714203,0.0006916018319316208,0.0012401124695315957,0.0025420067831873894,0.004631612449884415,0.01183274108916521,
2026-07-06_00-35-00.mp4,0.0,0,0.0,0.0,0.0,0.0,0.0,0.0,0.0,
2026-07-07_14-12-57.mp4,0.3,2,0.0053343805484473705,0.07527946680784225,0.0002589897776488215,0.000735417939722538,0.001272217952646315,0.001784593565389514,0.0053343805484473705,
2026-07-15_15-01-08.mp4,0.0,0,0.0,0.0,0.0,0.0,0.0,0.0,0.0,
2026-07-07_12-27-46.mp4,0.0,0,0.0,0.0,0.0,0.0,0.0,0.0,0.0,
2026-07-10_16-31-23.mp4,0.075,2,0.0020392187871038914,0.07487399876117706,0.0002475026703905314,0.0020392187871038914,0.0006088518421165645,0.0006537454319186509,0.001836734008975327,
2026-07-24_07-27-21.mp4,0.025,1,0.007916742004454136,0.10930825024843216,0.0004334155819378793,0.0004648451285902411,0.0010775235714390874,0.0015458703273907304,0.007916742004454136,
2026-07-09_16-17-11.mp4,0.025,1,0.0037408361677080393,0.06113035976886749,0.0007109576254151762,0.000872790755238384,0.0016485591186210513,0.0013392301043495536,0.0037408361677080393,
2026-07-17_22-02-24.mp4,0.2,2,0.22533808648586273,0.17823027074337006,0.0018618566682562232,0.0044122012332081795,0.02641134150326252,0.06362467259168625,0.22533808648586273,
2026-07-10_17-16-45.mp4,0.0,0,0.0,0.0,0.0,0.0,0.0,0.0,0.0,
2026-07-03_23-17-16.mp4,0.0,0,0.0,0.0,0.0,0.0,0.0,0.0,0.0,
2026-07-02_09-58-07.mp4,0.0,0,0.0,0.0,0.0,0.0,0.0,0.0,0.0,
2026-07-01_23-19-22.mp4,0.175,2,0.001432219985872507,0.05363013595342636,0.0002608906652312726,0.0010778475552797318,0.00029941703542135656,0.000516918080393225,0.001432219985872507,
2026-07-20_11-27-38.mp4,0.0,0,0.0,0.0,0.0,0.0,0.0,0.0,0.0,
2026-07-23_21-01-51.mp4,0.025,1,0.0016449326649308205,0.028297098353505135,0.00023380164930131286,0.0005041285185143352,0.00047391149564646184,0.0008846901473589242,0.0016449326649308205,
2026-07-10_13-31-44.mp4,0.025,1,0.0009270152077078819,0.08180608600378036,0.00013296799443196505,0.00041586271254345775,0.0004461269127205014,0.00040893058758229017,0.0009270152077078819,
2026-07-25_15-54-30.mp4,0.025,1,0.001124916598200798,0.0741010531783104,0.0002318804617971182,0.001124916598200798,0.0003863539022859186,0.00041483977111056447,0.001024796860292554,
2026-07-04_05-04-07.mp4,0.025,1,0.0015221801586449146,0.05650619789958,0.00010066071263281628,0.00010096988262375817,0.00015049749345052987,0.00040926868678070605,0.0015221801586449146,
2026-07-09_01-04-27.mp4,0.0,0,0.0,0.0,0.0,0.0,0.0,0.0,0.0,
2026-07-19_10-13-20.mp4,0.0,0,0.0,0.0,0.0,0.0,0.0,0.0,0.0,
2026-07-17_13-16-46.mp4,0.0,0,0.0,0.0,0.0,0.0,0.0,0.0,0.0,
2026-07-07_19-13-13.mp4,0.025,1,0.0013954989844933152,0.10251295566558838,0.000133372814161703,0.00037022947799414396,0.00039199975435622036,0.0004123465914744884,0.0013954989844933152,
2026-07-26_02-37-00.mp4,0.0,0,0.0,0.0,0.0,0.0,0.0,0.0,0.0,
2026-07-11_01-30-28.mp4,0.0,0,0.0,0.0,0.0,0.0,0.0,0.0,0.0,
2026-07-06_15-32-12.mp4,0.0,0,0.0,0.0,0.0,0.0,0.0,0.0,0.0,
2026-07-06_19-46-05.mp4,0.025,1,0.000610249349847436,0.030332859605550766,8.821959636406973e-05,0.0001864455407485366,0.0002691622939892113,0.00021629600087180734,0.000610249349847436,
2026-07-07_04-40-51.mp4,0.025,1,0.00046246315469034016,0.051963821053504944,6.738057709299028e-05,0.00023478879302274436,0.00024022818251978606,0.00030592703842557967,0.00046246315469034016,
2026-07-07_12-24-52.mp4,0.0,0,0.0,0.0,0.0,0.0,0.0,0.0,0.0,
2026-07-06_18-29-36.mp4,0.0,0,0.0,0.0,0.0,0.0,0.0,0.0,0.0,
2026-07-03_23-04-34.mp4,0.175,3,0.0049829245544970036,0.10797896981239319,0.0005464926362037659,0.0006741946563124657,0.0007617420051246881,0.00081316550495103,0.0049829245544970036,
2026-07-10_14-13-43.mp4,0.025,1,0.0025490131229162216,0.05313137173652649,0.0006913015968166292,0.0009273566538468003,0.0003463607281446457,0.0006238411879166961,0.0025490131229162216,
2026-07-05_22-15-31.mp4,0.0,0,0.0,0.0,0.0,0.0,0.0,0.0,0.0,
2026-07-05_12-58-02.mp4,0.0,0,0.0,0.0,0.0,0.0,0.0,0.0,0.0,
2026-07-09_12-22-32.mp4,0.0,0,0.0,0.0,0.0,0.0,0.0,0.0,0.0,
2026-07-14_05-54-01.mp4,0.15,1,0.003956540487706661,0.6791114807128906,7.372859545284882e-05,0.00015911780064925551,0.0003462501335889101,0.0008741486235521734,0.003956540487706661,
2026-07-06_18-21-06.mp4,0.0,0,0.0,0.0,0.0,0.0,0.0,0.0,0.0,
2026-07-07_17-16-01.mp4,0.0,0,0.0,0.0,0.0,0.0,0.0,0.0,0.0,
2026-07-21_12-53-48.mp4,0.0,0,0.0,0.0,0.0,0.0,0.0,0.0,0.0,
2026-07-13_21-00-06.mp4,0.0,0,0.0,0.0,0.0,0.0,0.0,0.0,0.0,
2026-07-03_19-57-18.mp4,0.025,1,0.0024810938630253077,0.19052374362945557,0.000304911081911996,0.000536783947609365,0.00034766996395774186,0.0005572364898398519,0.0024810938630253077,
2026-07-10_10-27-22.mp4,0.0,0,0.0,0.0,0.0,0.0,0.0,0.0,0.0,
2026-07-06_21-08-10.mp4,0.025,1,0.0009962213225662708,0.10700155049562454,0.00013022427447140217,0.0004927433328703046,0.00031065609073266387,0.00045878958189859986,0.0009962213225662708,
2026-07-05_17-14-30.mp4,0.0,0,0.0,0.0,0.0,0.0,0.0,0.0,0.0,
2026-07-10_22-22-24.mp4,0.0,0,0.0,0.0,0.0,0.0,0.0,0.0,0.0,
2026-07-26_02-41-00.mp4,0.0,0,0.0,0.0,0.0,0.0,0.0,0.0,0.0,
2026-07-02_18-29-08.mp4,0.075,2,0.00720733730122447,0.2180970162153244,0.0005119425477460027,0.00047160169924609363,0.0013441444607451558,0.0017379251075908542,0.00720733730122447,
2026-07-06_15-54-54.mp4,0.05,2,0.0018964526243507862,0.1342085599899292,0.0003129256365355104,0.0007576834759674966,0.0005798606434836984,0.0007715140818618238,0.0018964526243507862,
2026-07-10_22-03-01.mp4,0.0,0,0.0,0.0,0.0,0.0,0.0,0.0,0.0,
2026-07-10_00-37-46.mp4,0.075,1,0.0031583376694470644,0.15085990726947784,0.0004211637715343386,0.0023072108160704374,0.001089033205062151,0.0017764548538252711,0.0031583376694470644,
2026-07-06_13-29-39.mp4,0.0,0,0.0,0.0,0.0,0.0,0.0,0.0,0.0,
2026-07-25_07-29-36.mp4,0.0,0,0.0,0.0,0.0,0.0,0.0,0.0,0.0,
2026-07-07_19-27-37.mp4,0.225,4,0.0032348039094358683,0.24548710882663727,0.00044262883602641523,0.0013384910998865962,0.0007833297713659704,0.0010250263148918748,0.0032348039094358683,
2026-07-07_05-44-32.mp4,0.0,0,0.0,0.0,0.0,0.0,0.0,0.0,0.0,
2026-07-14_18-06-31.mp4,0.05,1,0.0008574205567128956,0.040690720081329346,7.255724631249905e-05,0.00031551779829896986,0.00020449463045224547,0.00026054788031615317,0.0008574205567128956,
2026-07-20_14-57-06.mp4,0.05,2,0.019181501120328903,0.09556834399700165,0.0023831587750464678,0.005468789488077164,0.008589760400354862,0.012744204141199589,0.019181501120328903,
2026-07-26_08-08-22.mp4,0.375,3,0.0022348365746438503,0.4022735059261322,0.0002648285299073905,0.0008371509611606598,0.0006535153370350599,0.0014963861322030425,0.0022348365746438503,
2026-07-14_11-49-27.mp4,0.0,0,0.0,0.0,0.0,0.0,0.0,0.0,0.0,
2026-07-02_14-29-10.mp4,0.125,1,0.003880344098433852,0.5746312737464905,9.043539466802031e-05,0.0005070340121164918,0.0009939322480931878,0.0016077690524980426,0.003880344098433852,
2026-07-22_02-53-46.mp4,0.075,1,0.0018985910573974252,0.0968824252486229,0.00011001757229678333,0.00011441822425695136,0.0002134334499714896,0.0006881137960590422,0.0018985910573974252,
2026-07-13_17-13-56.mp4,0.05,2,0.00045538428821600974,0.06608114391565323,0.00018754744087345898,0.00021642990759573877,0.0001721524604363367,0.00029157791868783534,0.00045538428821600974,
2026-07-21_14-06-30.mp4,0.25,4,0.005699140019714832,0.11099469661712646,0.000466257450170815,0.0014146495377644897,0.0019157688366249204,0.0020440532825887203,0.005699140019714832,
2026-07-04_22-25-34.mp4,0.075,2,0.00033736630575731397,0.04000880941748619,8.564962627133355e-05,0.0001245593884959817,0.00021957997523713857,0.0003126799128949642,0.00033736630575731397,
2026-07-04_09-32-28.mp4,0.025,1,0.00017427442071493715,0.011066053062677383,7.549380097771063e-05,0.00016070003039203584,8.080650877673179e-05,9.504015906713903e-05,0.00017427442071493715,
2026-07-14_18-06-07.mp4,0.125,2,0.011633459478616714,0.4169136583805084,0.0006569210672751069,0.0013438878813758492,0.0014903630362823606,0.0026048843283206224,0.011633459478616714,
2026-07-17_12-09-17.mp4,0.05,1,0.0009632830624468625,0.058793772011995316,0.00016213390335906297,0.00039174966514110565,0.0005174186662770808,0.0005507257883436978,0.0009632830624468625,
2026-07-12_19-29-10.mp4,0.05,2,0.0008100526174530387,0.08983683586120605,0.00026059907395392656,0.0004197957459837198,0.0003706491843331605,0.00035652154474519193,0.0008100526174530387,
2026-07-10_08-10-05.mp4,0.0,0,0.0,0.0,0.0,0.0,0.0,0.0,0.0,
2026-07-26_02-18-06.mp4,0.0,0,0.0,0.0,0.0,0.0,0.0,0.0,0.0,
2026-07-03_05-53-29.mp4,0.0,0,0.0,0.0,0.0,0.0,0.0,0.0,0.0,
2026-07-22_02-08-16.mp4,0.05,1,0.012052519246935844,0.12362714111804962,0.000932797382120043,0.0021279023494571447,0.0030921560246497393,0.01043949369341135,0.012052519246935844,
2026-07-12_06-42-09.mp4,0.05,1,0.000947878579609096,0.053995467722415924,5.473163037095219e-05,0.00016794601106084883,9.792856144485995e-05,0.00017512882186565548,0.000947878579609096,
2026-07-06_00-44-54.mp4,0.45,3,0.002383159939199686,0.6799281239509583,0.00013310131907928735,0.0004187260055914521,0.00042709874105639756,0.0006188620463944972,0.002383159939199686,
2026-07-22_11-04-16.mp4,0.025,1,0.006102459970861673,0.12437126785516739,0.000705618760548532,0.0014007417485117912,0.001200647559016943,0.0012248818529769778,0.006102459970861673,
2026-07-07_05-36-56.mp4,0.0,0,0.0,0.0,0.0,0.0,0.0,0.0,0.0,
2026-07-22_07-31-13.mp4,0.025,1,0.0038804677315056324,0.07650292664766312,0.000284018722595647,0.001635909778997302,0.0006479158182628453,0.000950000190641731,0.0038804677315056324,
2026-07-04_09-52-22.mp4,0.0,0,0.0,0.0,0.0,0.0,0.0,0.0,0.0,
2026-07-13_16-12-27.mp4,0.025,1,0.0003762870910577476,0.01980222761631012,4.042802902404219e-05,5.277920718071982e-05,0.00010350698721595109,0.0002385028055869043,0.0003762870910577476,
2026-07-01_06-29-26.mp4,0.1,3,0.004581173416227102,0.17236289381980896,0.0005971438367851079,0.0008462261757813394,0.0008178007556125522,0.0012651887955144048,0.004581173416227102,
2026-07-08_21-55-35.mp4,0.025,1,0.0016945160459727049,0.05405920371413231,0.00019453433924354613,0.0005546191823668778,0.00047938150237314403,0.00042862724512815475,0.0016945160459727049,
2026-07-04_18-00-51.mp4,0.0,0,0.0,0.0,0.0,0.0,0.0,0.0,0.0,
2026-07-02_07-48-47.mp4,0.0,0,0.0,0.0,0.0,0.0,0.0,0.0,0.0,
2026-07-20_19-57-59.mp4,0.025,1,0.008176717907190323,0.0654359981417656,0.00021370592003222555,0.00037038075970485806,0.0010434450814500451,0.0011071681510657072,0.008176717907190323,
2026-07-17_07-53-32.mp4,0.25,2,0.003143946174532175,0.0707833543419838,0.00036198634188622236,0.0012691491283476353,0.0009847099427133799,0.001075990148819983,0.003143946174532175,
2026-07-05_11-59-02.mp4,0.0,0,0.0,0.0,0.0,0.0,0.0,0.0,0.0,
2026-07-03_05-50-29.mp4,0.0,0,0.0,0.0,0.0,0.0,0.0,0.0,0.0,
2026-07-20_23-48-21.mp4,0.325,4,0.01419968530535698,0.5420646071434021,0.002224370837211609,0.0011483703274279833,0.0019257364328950644,0.002829082543030381,0.01419968530535698,
2026-07-21_13-04-42.mp4,0.0,0,0.0,0.0,0.0,0.0,0.0,0.0,0.0,
2026-07-19_23-51-24.mp4,0.0,0,0.0,0.0,0.0,0.0,0.0,0.0,0.0,
2026-07-01_18-51-43.mp4,0.45,3,0.035520393401384354,0.8601322770118713,0.00031393414246849716,0.000510633282829076,0.0019797261338680983,0.00885158684104681,0.035520393401384354,
2026-07-09_14-27-48.mp4,0.0,0,0.0,0.0,0.0,0.0,0.0,0.0,0.0,
2026-07-06_00-35-24.mp4,0.0,0,0.0,0.0,0.0,0.0,0.0,0.0,0.0,
2026-07-03_14-22-00.mp4,0.0,0,0.0,0.0,0.0,0.0,0.0,0.0,0.0,
2026-07-25_17-54-23.mp4,0.2,2,0.0010527059203013778,0.07550152391195297,4.68134785478469e-05,0.00016874249558895826,0.00030009375768713653,0.00022960081696510315,0.0010527059203013778,
2026-07-22_00-42-41.mp4,0.05,2,0.0004969673464074731,0.07922075688838959,0.00013801554450765252,0.0003018622228410095,0.00025201510288752615,0.0002115139359375462,0.0004969673464074731,
2026-07-05_05-33-53.mp4,0.05,1,0.0007552594761364162,0.04284168779850006,0.00019391044043004513,0.00034955370938405395,0.0005763408844359219,0.0006090747774578631,0.0007552594761364162,
2026-07-02_14-24-58.mp4,0.05,2,0.002917154459282756,0.06964202225208282,0.0003687258285935968,0.0014119234401732683,0.0009083793265745044,0.0012265670811757445,0.002917154459282756,
2026-07-17_12-58-41.mp4,0.325,3,0.004145647399127483,0.17464306950569153,0.00030092691304162145,0.00079592369729653,0.0005869474844075739,0.0009530844399705529,0.004145647399127483,
2026-07-06_16-36-53.mp4,0.1,3,0.001957615837454796,0.10622458159923553,7.711985381320119e-05,0.0004998677177354693,0.00028086945530958474,0.0003511050599627197,0.001957615837454796,
2026-07-04_21-38-35.mp4,0.0,0,0.0,0.0,0.0,0.0,0.0,0.0,0.0,
2026-07-01_21-19-17.mp4,0.0,0,0.0,0.0,0.0,0.0,0.0,0.0,0.0,
2026-07-23_00-45-26.mp4,0.0,0,0.0,0.0,0.0,0.0,0.0,0.0,0.0,
2026-07-07_00-41-47.mp4,0.175,2,0.002664700150489807,0.06939367949962616,0.000562124012503773,0.0004323874309193343,0.0006224132375791669,0.001042943331412971,0.002664700150489807,
2026-07-08_01-46-10.mp4,0.05,2,0.0016276435926556587,0.03612082824110985,9.501614113105461e-05,0.00021165840735193342,0.000202307608560659,0.0003231063892599195,0.0016276435926556587,
2026-07-05_09-12-04.mp4,0.075,2,0.0003705552371684462,0.040858156979084015,5.661124669131823e-05,0.00013843837950844318,0.00029788771644234657,0.00032901871600188315,0.0003705552371684462,
2026-07-05_15-51-34.mp4,0.025,1,0.0005840086378157139,0.10101320594549179,9.84057696769014e-05,0.00024449164629913867,0.00019117354531772435,0.0002849169832188636,0.0005840086378157139,
2026-07-06_18-04-18.mp4,0.2,3,0.0012579855974763632,0.1290503740310669,0.00015490761143155396,0.0007814870914444327,0.0003885499609168619,0.000529120268765837,0.0012579855974763632,
2026-07-01_23-13-58.mp4,0.5,5,0.018715960904955864,0.7040588855743408,0.0009414106607437134,0.00206514960154891,0.0018661157228052616,0.005480841267853975,0.018715960904955864,
2026-07-07_18-38-13.mp4,0.2,1,0.000439839786849916,0.0037950773257762194,0.00019207378500141203,0.00012385196168906987,0.00025331691722385585,0.0002268460375489667,0.000439839786849916,
2026-07-12_11-44-06.mp4,0.0,0,0.0,0.0,0.0,0.0,0.0,0.0,0.0,
2026-07-05_01-02-18.mp4,0.15,3,0.002651358023285866,0.12465903908014297,0.00016087773838080466,0.0007676445529796183,0.0004266665782779455,0.0005779006169177592,0.002651358023285866,
2026-07-24_13-26-17.mp4,0.1,2,0.007008921355009079,0.0843278244137764,0.001635381137020886,0.004672317299991846,0.0035059982910752296,0.0032937682699412107,0.007008921355009079,
2026-07-09_21-49-38.mp4,0.0,0,0.0,0.0,0.0,0.0,0.0,0.0,0.0,
2026-07-09_22-31-35.mp4,0.0,0,0.0,0.0,0.0,0.0,0.0,0.0,0.0,
2026-07-23_09-12-39.mp4,0.05,1,0.025567060336470604,0.04807783290743828,0.0032745697535574436,0.002652155002579093,0.0071283201687037945,0.0073426286689937115,0.025567060336470604,
2026-07-12_19-04-59.mp4,0.025,1,0.0021480803843587637,0.05096646025776863,0.00023754489666316658,0.0004902310902252793,0.0005155609687790275,0.0005345239187590778,0.0021480803843587637,
2026-07-10_09-27-29.mp4,0.025,1,0.0036740812938660383,0.0837121233344078,0.00038642867002636194,0.0009652844164520502,0.0008925580768845975,0.0012561877956613898,0.0036740812938660383,
2026-07-14_14-16-26.mp4,0.0,0,0.0,0.0,0.0,0.0,0.0,0.0,0.0,
2026-07-08_20-25-44.mp4,0.0,0,0.0,0.0,0.0,0.0,0.0,0.0,0.0,
2026-07-09_13-21-25.mp4,0.0,0,0.0,0.0,0.0,0.0,0.0,0.0,0.0,
2026-07-07_02-08-58.mp4,0.225,5,0.0022040787152945995,0.04774206131696701,0.00012403467553667724,0.00021689035929739475,0.0003656766493804753,0.0006914057303220034,0.0022040787152945995,
2026-07-22_22-38-22.mp4,0.0,0,0.0,0.0,0.0,0.0,0.0,0.0,0.0,
2026-07-07_12-11-58.mp4,0.0,0,0.0,0.0,0.0,0.0,0.0,0.0,0.0,
2026-07-07_10-57-29.mp4,0.0,0,0.0,0.0,0.0,0.0,0.0,0.0,0.0,
2026-07-09_14-38-30.mp4,0.0,0,0.0,0.0,0.0,0.0,0.0,0.0,0.0,
2026-07-18_17-57-06.mp4,0.2,2,0.053573790937662125,0.19739742577075958,0.0007100922521203756,0.0017084667924791574,0.008019296452403069,0.01214602030813694,0.053573790937662125,
2026-07-01_06-29-14.mp4,0.025,1,0.0013444056967273355,0.09006223827600479,0.00013205394498072565,0.00017575446690898389,0.00018422899302095175,0.0004642703279387206,0.0013444056967273355,
2026-07-23_00-49-32.mp4,0.125,3,0.014782761223614216,0.1341118961572647,0.0009637122275307775,0.0055254800245165825,0.0037363003939390182,0.007581678684800863,0.014782761223614216,
2026-07-09_10-36-27.mp4,0.0,0,0.0,0.0,0.0,0.0,0.0,0.0,0.0,
2026-07-10_16-30-59.mp4,0.05,2,0.001044394914060831,0.09968598932027817,0.00011656578863039613,0.0005877191433683038,0.0004622921405825764,0.0004887387040071189,0.001044394914060831,
2026-07-09_21-36-44.mp4,0.025,1,0.0005577081465162337,0.045038800686597824,0.0001414133730577305,0.00041623690049163997,0.0001947706041391939,0.00028754817321896553,0.0005577081465162337,
2026-07-05_16-12-04.mp4,0.025,1,0.000392398884287104,0.05094139277935028,4.2139254219364375e-05,0.0001497867051512003,0.00022105651441961527,0.00016961067740339786,0.000392398884287104,
2026-07-01_14-42-05.mp4,0.575,2,0.34489718079566956,0.09495677053928375,0.0029505081474781036,0.0004157316579949111,0.019793709740042686,0.1729927957057953,0.34489718079566956,
2026-07-22_07-36-01.mp4,0.0,0,0.0,0.0,0.0,0.0,0.0,0.0,0.0,
2026-07-24_10-48-13.mp4,0.125,2,0.007726846728473902,0.21791395545005798,0.0016513530863448977,0.0009014562820084393,0.0011905216379091144,0.004399778787046671,0.007726846728473902,
2026-07-13_10-35-13.mp4,0.0,0,0.0,0.0,0.0,0.0,0.0,0.0,0.0,
2026-07-04_05-53-14.mp4,0.0,0,0.0,0.0,0.0,0.0,0.0,0.0,0.0,
2026-07-15_17-48-07.mp4,0.175,3,0.004958270117640495,0.12416815757751465,0.0009941193275153637,0.0013751501683145761,0.0012185850646346807,0.00163600395899266,0.004958270117640495,
2026-07-10_15-03-31.mp4,0.0,0,0.0,0.0,0.0,0.0,0.0,0.0,0.0,
2026-06-30_13-14-43.mp4,0.0,0,0.0,0.0,0.0,0.0,0.0,0.0,0.0,
2026-07-03_15-33-17.mp4,0.0,0,0.0,0.0,0.0,0.0,0.0,0.0,0.0,
2026-07-23_23-21-44.mp4,0.3,2,0.0020048371516168118,0.07573637366294861,0.0004230287449900061,0.0004838559834752232,0.00037049889215268195,0.0007802112959325314,0.0020048371516168118,
2026-07-24_05-21-16.mp4,0.025,1,0.00518920598551631,0.07321041822433472,0.0008593513048253953,0.003396584652364254,0.0023173156660050154,0.0019364752806723118,0.00518920598551631,
2026-07-26_04-14-23.mp4,0.075,2,0.0013295643730089068,0.13130606710910797,0.000138712435727939,0.0006464503239840269,0.0002965069725178182,0.00048818349023349583,0.0013295643730089068,
2026-07-18_10-57-11.mp4,0.0,0,0.0,0.0,0.0,0.0,0.0,0.0,0.0,
2026-07-10_18-05-44.mp4,0.025,1,0.0026049353182315826,0.10829167813062668,0.00010919951455434784,0.0006422865553759038,0.0008936789236031473,0.00103781558573246,0.0026049353182315826,
2026-07-08_13-20-07.mp4,0.0,0,0.0,0.0,0.0,0.0,0.0,0.0,0.0,
2026-07-03_16-13-23.mp4,0.025,1,0.0008574090898036957,0.05287601426243782,0.00014077176456339657,0.0004677373799495399,0.00025571195874363184,0.00046291545731946826,0.0008574090898036957,
2026-07-19_01-52-07.mp4,0.025,1,0.0018174127908423543,0.09279779344797134,0.0002674838178791106,0.0008038664236664772,0.000470443774247542,0.0007911767461337149,0.0018174127908423543,
2026-07-26_02-38-12.mp4,0.4,2,0.08643113821744919,0.4976310133934021,0.03186969831585884,0.01708494871854782,0.06800425797700882,0.08643113821744919,0.07030239701271057,
2026-06-30_09-55-09.mp4,0.525,4,0.3635347783565521,0.18920688331127167,0.021773913875222206,0.005176846403628588,0.0770195946097374,0.3635347783565521,0.13530148565769196,
2026-07-01_23-26-22.mp4,0.0,0,0.0,0.0,0.0,0.0,0.0,0.0,0.0,
2026-07-02_01-33-49.mp4,0.025,1,0.0009602627833373845,0.04820261895656586,7.437884050887078e-05,0.00026661562151275575,0.00021915057732257992,0.000344778411090374,0.0009602627833373845,
2026-07-03_14-09-42.mp4,0.0,0,0.0,0.0,0.0,0.0,0.0,0.0,0.0,
2026-07-26_01-49-12.mp4,0.0,0,0.0,0.0,0.0,0.0,0.0,0.0,0.0,
2026-07-06_16-25-11.mp4,0.15,3,0.0019947001710534096,0.10435305535793304,0.0002174084074795246,0.00020270555978640914,0.0006056232959963381,0.0011008132714778185,0.0019947001710534096,
2026-07-07_08-17-55.mp4,0.0,0,0.0,0.0,0.0,0.0,0.0,0.0,0.0,
2026-07-15_11-00-00.mp4,0.075,1,0.0008486644364893436,0.10952533781528473,0.00010652064520400017,0.0001975048944586888,0.00017224015027750283,0.0003111380501650274,0.0008486644364893436,
2026-07-07_07-25-37.mp4,0.0,0,0.0,0.0,0.0,0.0,0.0,0.0,0.0,
2026-07-14_14-49-43.mp4,0.0,0,0.0,0.0,0.0,0.0,0.0,0.0,0.0,
2026-07-19_17-54-27.mp4,0.1,3,0.004150902386754751,0.3527444303035736,0.00018256249313708395,0.0006682293023914099,0.00045192131074145436,0.0008167560445144773,0.004150902386754751,
2026-07-13_04-07-01.mp4,0.0,0,0.0,0.0,0.0,0.0,0.0,0.0,0.0,
2026-07-13_11-17-19.mp4,0.325,3,0.0419514998793602,0.07399066537618637,0.0048551843501627445,0.0035800100304186344,0.008016163483262062,0.02371322549879551,0.0419514998793602,
2026-07-22_03-09-16.mp4,0.0,0,0.0,0.0,0.0,0.0,0.0,0.0,0.0,
2026-07-09_19-02-46.mp4,0.05,2,0.01254795677959919,0.10958278924226761,0.002108244691044092,0.002459889044985175,0.003113608108833432,0.0065551819279789925,0.01254795677959919,
2026-07-21_12-16-13.mp4,0.125,3,0.006331063341349363,0.13001854717731476,0.0018999080639332533,0.0031281448900699615,0.002882549539208412,0.0030053285881876945,0.006331063341349363,
2026-07-04_22-25-22.mp4,0.0,0,0.0,0.0,0.0,0.0,0.0,0.0,0.0,
2026-07-26_03-29-29.mp4,0.075,1,0.0010588917648419738,0.056824684143066406,9.897711424855515e-05,0.0001146638605860062,0.00019155874906573445,0.00031370975193567574,0.0010588917648419738,
2026-07-03_13-00-49.mp4,0.0,0,0.0,0.0,0.0,0.0,0.0,0.0,0.0,
2026-07-07_06-58-37.mp4,0.0,0,0.0,0.0,0.0,0.0,0.0,0.0,0.0,
2026-07-08_00-06-29.mp4,0.45,2,0.11884038150310516,0.3770603537559509,0.01979333907365799,0.007135673891752958,0.03184149041771889,0.11884038150310516,0.05774194747209549,
2026-07-02_04-05-03.mp4,0.0,0,0.0,0.0,0.0,0.0,0.0,0.0,0.0,
2026-07-15_18-24-25.mp4,0.075,1,0.0018831930356100202,0.3422451913356781,0.000244832452153787,0.0004524657560978085,0.0005747382529079914,0.000843284884467721,0.0018831930356100202,
2026-07-07_17-44-21.mp4,0.025,1,0.0005294964066706598,0.07690465450286865,0.00012910322402603924,0.00031662764376960695,0.0002656111610122025,0.00019448592502158135,0.0005294964066706598,
2026-07-06_06-02-50.mp4,0.025,1,0.001128202537074685,0.17330202460289001,0.00012468142085708678,0.0009153795544989407,0.0005053053027950227,0.0004093079187441617,0.001128202537074685,
2026-07-03_23-04-58.mp4,0.0,0,0.0,0.0,0.0,0.0,0.0,0.0,0.0,
2026-07-17_21-58-48.mp4,0.125,4,0.0006408857298083603,0.09306646138429642,0.00014080961409490556,0.0005618807626888156,0.00038251280784606934,0.00037221572711132467,0.0006408857298083603,
2026-07-26_04-31-17.mp4,0.175,4,0.011021078564226627,0.14456479251384735,0.0012088934890925884,0.0017531107878312469,0.004513808060437441,0.004706270527094603,0.011021078564226627,
2026-07-08_02-55-00.mp4,0.0,0,0.0,0.0,0.0,0.0,0.0,0.0,0.0,
2026-07-03_08-55-33.mp4,0.0,0,0.0,0.0,0.0,0.0,0.0,0.0,0.0,
2026-07-18_13-28-51.mp4,0.0,0,0.0,0.0,0.0,0.0,0.0,0.0,0.0,
2026-07-02_09-57-01.mp4,0.0,0,0.0,0.0,0.0,0.0,0.0,0.0,0.0,
2026-07-23_17-11-22.mp4,0.1,1,0.004455652087926865,0.5437829494476318,0.00028735416708514094,0.0009128889651037753,0.0010169970337301493,0.0017577416729182005,0.004455652087926865,
2026-07-01_16-28-51.mp4,0.0,0,0.0,0.0,0.0,0.0,0.0,0.0,0.0,
2026-07-23_16-37-35.mp4,0.0,0,0.0,0.0,0.0,0.0,0.0,0.0,0.0,
2026-07-02_01-25-13.mp4,0.025,1,0.0007750042714178562,0.1250728815793991,0.00014773855218663812,0.0007750042714178562,0.0004882346256636083,0.00039041702984832227,0.0007296570111066103,
2026-07-06_18-30-24.mp4,0.025,1,0.0016710772179067135,0.041320279240608215,0.00025867365184240043,0.0006322510889731348,0.0003533223643898964,0.0004739428695756942,0.0016710772179067135,
2026-07-10_14-18-37.mp4,0.0,0,0.0,0.0,0.0,0.0,0.0,0.0,0.0,
2026-07-05_18-22-00.mp4,0.075,1,0.020281078293919563,0.4383338987827301,0.004185875877737999,0.0014206728665158153,0.002918522572144866,0.0078739570453763,0.020281078293919563,
2026-07-09_14-39-24.mp4,0.0,0,0.0,0.0,0.0,0.0,0.0,0.0,0.0,
2026-07-23_00-53-32.mp4,0.1,2,0.00880095362663269,0.3198026120662689,0.0015705812256783247,0.0011951392516493797,0.0012761688558384776,0.0020422155503183603,0.00880095362663269,
2026-07-25_07-45-06.mp4,0.0,0,0.0,0.0,0.0,0.0,0.0,0.0,0.0,
2026-07-06_09-33-30.mp4,0.0,0,0.0,0.0,0.0,0.0,0.0,0.0,0.0,
2026-07-10_08-29-23.mp4,0.025,1,0.0007029477856121957,0.03812585771083832,7.409694080706686e-05,0.0003462225722614676,0.00011093683133367449,0.00023924940614961088,0.0007029477856121957,
2026-07-02_09-22-00.mp4,0.05,2,0.0005105943419039249,0.06420392543077469,9.658915951149538e-05,0.00021801805996801704,0.00018279068171977997,0.0002497415407560766,0.0005105943419039249,
2026-07-12_06-46-21.mp4,0.025,1,0.0020564799197018147,0.06626028567552567,0.00024759070947766304,0.0008260682807303965,0.0005308365798555315,0.0005965519812889397,0.0020564799197018147,
2026-07-02_02-25-28.mp4,0.0,0,0.0,0.0,0.0,0.0,0.0,0.0,0.0,
2026-07-09_10-59-26.mp4,0.0,0,0.0,0.0,0.0,0.0,0.0,0.0,0.0,
2026-07-09_19-55-21.mp4,0.3,3,0.018153904005885124,0.7018568515777588,0.0002536395622882992,0.0005565231549553573,0.0009710754384286702,0.003831256879493594,0.018153904005885124,
2026-07-03_03-54-11.mp4,0.0,0,0.0,0.0,0.0,0.0,0.0,0.0,0.0,
2026-07-20_22-55-03.mp4,0.025,1,0.004589641932398081,0.06336543709039688,0.0011581933358684182,0.004589641932398081,0.00247620465233922,0.002271297387778759,0.004256948828697205,
2026-07-22_07-42-13.mp4,0.0,0,0.0,0.0,0.0,0.0,0.0,0.0,0.0,
2026-07-04_12-42-09.mp4,0.0,0,0.0,0.0,0.0,0.0,0.0,0.0,0.0,
2026-07-10_11-16-45.mp4,0.0,0,0.0,0.0,0.0,0.0,0.0,0.0,0.0,
2026-07-26_00-08-55.mp4,0.025,1,0.00383502384647727,0.068691685795784,0.0005641647148877382,0.0014333096332848072,0.0006262299721129239,0.0009560247417539358,0.00383502384647727,
2026-07-04_09-44-10.mp4,0.0,0,0.0,0.0,0.0,0.0,0.0,0.0,0.0,
2026-07-07_23-56-47.mp4,0.025,1,0.0012818144168704748,0.07880590856075287,0.00024263965315185487,0.0006195244495756924,0.00038469198625534773,0.000673632719554007,0.0012818144168704748,
2026-07-14_11-13-16.mp4,0.0,0,0.0,0.0,0.0,0.0,0.0,0.0,0.0,
2026-07-22_21-07-36.mp4,0.0,0,0.0,0.0,0.0,0.0,0.0,0.0,0.0,
2026-07-04_04-39-44.mp4,0.075,1,0.0006256733904592693,0.09506396949291229,0.00012485106708481908,0.0006251804297789931,0.0002445991267450154,0.0002794090542010963,0.0006256733904592693,
2026-07-17_20-39-03.mp4,0.05,1,0.0021078605204820633,0.0642523318529129,0.00013219693209975958,0.00029016498592682183,0.0002487178717274219,0.0004925510147586465,0.0021078605204820633,
2026-07-04_20-55-11.mp4,0.0,0,0.0,0.0,0.0,0.0,0.0,0.0,0.0,
2026-07-19_23-32-24.mp4,0.0,0,0.0,0.0,0.0,0.0,0.0,0.0,0.0,
2026-07-14_05-46-07.mp4,0.4,4,0.009515048936009407,0.5848392844200134,0.0008024781127460301,0.001055738888680935,0.0015845877351239324,0.002805432304739952,0.009515048936009407,
2026-07-24_22-15-30.mp4,0.0,0,0.0,0.0,0.0,0.0,0.0,0.0,0.0,
2026-07-12_06-44-57.mp4,0.05,2,0.0025704011786729097,0.06051778793334961,0.000306423578877002,0.0006847727345302701,0.0006915754056535661,0.0008810796425677836,0.0025704011786729097,
2026-07-04_16-56-54.mp4,0.525,3,0.004745251499116421,0.6829922199249268,0.002538942499086261,0.0005356796318665147,0.0008328810799866915,0.0013036956079304218,0.004745251499116421,
2026-07-05_16-27-39.mp4,0.025,1,0.0009757733787409961,0.07435634732246399,0.00021048409689683467,0.0002488784957677126,0.0002882467524614185,0.0003967289230786264,0.0009757733787409961,
2026-07-09_07-32-47.mp4,0.0,0,0.0,0.0,0.0,0.0,0.0,0.0,0.0,
2026-07-01_06-38-41.mp4,0.025,1,0.0001022041033138521,0.020741229876875877,4.280401117284782e-05,3.430461947573349e-05,7.064061355777085e-05,0.0001022041033138521,7.4389623478055e-05,
2026-07-08_13-17-43.mp4,0.0,0,0.0,0.0,0.0,0.0,0.0,0.0,0.0,
2026-07-04_11-28-03.mp4,0.0,0,0.0,0.0,0.0,0.0,0.0,0.0,0.0,
2026-07-21_01-20-14.mp4,0.0,0,0.0,0.0,0.0,0.0,0.0,0.0,0.0,
2026-07-10_21-00-55.mp4,0.0,0,0.0,0.0,0.0,0.0,0.0,0.0,0.0,
2026-07-12_14-47-00.mp4,0.0,0,0.0,0.0,0.0,0.0,0.0,0.0,0.0,
2026-07-19_23-53-24.mp4,0.1,2,0.0022968100383877754,0.12147445231676102,0.00022430020908359438,0.0007884465740062296,0.0005629397928714752,0.000616726407315582,0.0022968100383877754,
2026-07-22_03-11-16.mp4,0.0,0,0.0,0.0,0.0,0.0,0.0,0.0,0.0,
2026-07-10_05-15-13.mp4,0.0,0,0.0,0.0,0.0,0.0,0.0,0.0,0.0,
2026-07-05_11-10-03.mp4,0.0,0,0.0,0.0,0.0,0.0,0.0,0.0,0.0,
2026-07-04_12-34-45.mp4,0.0,0,0.0,0.0,0.0,0.0,0.0,0.0,0.0,
2026-07-08_11-15-56.mp4,0.05,1,0.00028968791593797505,0.16707511246204376,8.995821553980932e-05,0.00010888901306316257,0.00015988752420525998,0.00020019873045384884,0.00028968791593797505,
2026-07-17_22-07-30.mp4,0.1,2,0.006368990987539291,0.13036315143108368,0.001372713129967451,0.006368990987539291,0.0023048894945532084,0.003462200751528144,0.006209984887391329,
2026-07-21_23-59-41.mp4,0.025,1,0.00022621965035796165,0.05425972491502762,3.820604251814075e-05,9.36206488404423e-05,0.00010730166104622185,0.00019546007388271391,0.00022621965035796165,
2026-07-23_08-39-28.mp4,0.0,0,0.0,0.0,0.0,0.0,0.0,0.0,0.0,
2026-07-18_07-20-19.mp4,0.1,2,0.003110023681074381,0.2191750556230545,0.0004954452742822468,0.0012628758559003472,0.0006378832622431219,0.0009950303938239813,0.003110023681074381,
2026-07-04_05-24-43.mp4,0.025,1,0.0005094133084639907,0.04770629107952118,9.856533870333806e-05,9.545159264234826e-05,0.0003251204325351864,0.0003316031361464411,0.0005094133084639907,
2026-07-08_20-39-08.mp4,0.2,2,0.002274902770295739,0.08620722591876984,7.487592665711418e-05,0.0005651649553328753,0.000457286078017205,0.0005976537358947098,0.002274902770295739,
2026-07-07_17-15-25.mp4,0.025,1,0.0028354821261018515,0.06324058026075363,0.00044011304271407425,0.0028354821261018515,0.0009120703907683492,0.0007361808675341308,0.002045618835836649,
2026-07-22_23-07-51.mp4,0.0,0,0.0,0.0,0.0,0.0,0.0,0.0,0.0,
2026-07-12_13-45-49.mp4,0.0,0,0.0,0.0,0.0,0.0,0.0,0.0,0.0,
2026-07-22_04-12-09.mp4,0.275,2,0.0016877795569598675,0.0709758922457695,0.00026327496743761003,0.00018397059466224164,0.00022833573166280985,0.0004397825396154076,0.0016877795569598675,
2026-07-16_20-57-15.mp4,0.475,3,0.004661570768803358,0.8346629738807678,0.0010747755877673626,0.0014360880013555288,0.0015519045991823077,0.002137622330337763,0.004661570768803358,
2026-07-08_12-29-31.mp4,0.0,0,0.0,0.0,0.0,0.0,0.0,0.0,0.0,
2026-07-23_08-41-10.mp4,0.0,0,0.0,0.0,0.0,0.0,0.0,0.0,0.0,
2026-07-05_18-28-12.mp4,0.15,3,0.0037937206216156483,0.22957947850227356,0.0001831226545618847,0.0012815032387152314,0.000930067035369575,0.0014362535439431667,0.0037937206216156483,
2026-06-30_16-17-56.mp4,0.0,0,0.0,0.0,0.0,0.0,0.0,0.0,0.0,
2026-07-05_02-13-53.mp4,0.05,1,0.0006526046781800687,0.030861688777804375,8.626538328826427e-05,0.0001511456648586318,0.0002536700339987874,0.0003889088402502239,0.0006526046781800687,
2026-07-10_05-13-55.mp4,0.0,0,0.0,0.0,0.0,0.0,0.0,0.0,0.0,
2026-07-01_07-05-53.mp4,0.0,0,0.0,0.0,0.0,0.0,0.0,0.0,0.0,
2026-07-22_08-59-23.mp4,0.0,0,0.0,0.0,0.0,0.0,0.0,0.0,0.0,
2026-07-10_12-30-03.mp4,0.0,0,0.0,0.0,0.0,0.0,0.0,0.0,0.0,
2026-07-22_13-29-21.mp4,0.0,0,0.0,0.0,0.0,0.0,0.0,0.0,0.0,
2026-07-05_09-26-57.mp4,0.425,3,0.3729594349861145,0.08618705719709396,0.02474074251949787,0.012722509913146496,0.12220024317502975,0.3729594349861145,0.3034544587135315,
2026-07-21_15-15-29.mp4,0.0,0,0.0,0.0,0.0,0.0,0.0,0.0,0.0,
2026-07-14_23-54-07.mp4,0.125,2,0.004566930700093508,0.18988050520420074,0.00024402636336162686,0.0011928617022931576,0.0015687288250774145,0.0009976046858355403,0.004566930700093508,
2026-07-02_05-07-45.mp4,0.0,0,0.0,0.0,0.0,0.0,0.0,0.0,0.0,
2026-07-21_01-02-38.mp4,0.0,0,0.0,0.0,0.0,0.0,0.0,0.0,0.0,
2026-07-23_18-53-57.mp4,0.15,2,0.001575110130943358,0.12798132002353668,0.00025351817021146417,0.0005930990446358919,0.00045370071893557906,0.0005974575178697705,0.001575110130943358,
2026-07-21_06-02-41.mp4,0.025,1,0.00026861493824981153,0.04713648185133934,3.7923269701423123e-05,6.108143861638382e-05,6.484988261945546e-05,8.186926424968988e-05,0.00026861493824981153,
2026-07-23_15-26-59.mp4,0.1,2,0.00253107538446784,0.04412592574954033,0.00018386327428743243,0.0004764938785228878,0.00045247908565215766,0.000737302761990577,0.00253107538446784,
2026-07-01_17-54-41.mp4,0.0,0,0.0,0.0,0.0,0.0,0.0,0.0,0.0,
2026-07-23_00-44-50.mp4,0.075,2,0.0015924999024719,0.11959359049797058,8.593178790761158e-05,0.00038986580329947174,0.00039112329250201583,0.0006351264892145991,0.0015924999024719,
2026-07-26_04-35-53.mp4,0.125,4,0.002717610215768218,0.20819252729415894,0.0004276632098481059,0.0009716682834550738,0.0007513203308917582,0.0013209676835685968,0.002717610215768218,
2026-07-09_19-01-04.mp4,0.1,3,0.003157485043630004,0.20703962445259094,0.00040157619514502585,0.00076378631638363,0.0007919910131022334,0.0007559921941719949,0.003157485043630004,
2026-07-14_13-36-50.mp4,0.0,0,0.0,0.0,0.0,0.0,0.0,0.0,0.0,
2026-07-06_02-55-58.mp4,0.1,2,0.0002327811234863475,0.026752477511763573,9.221583604812622e-05,0.0001561447134008631,0.00013194845814723521,0.00015959660231601447,0.0002327811234863475,
2026-07-11_01-29-28.mp4,0.0,0,0.0,0.0,0.0,0.0,0.0,0.0,0.0,
2026-07-07_22-34-06.mp4,0.125,3,0.0010758051648736,0.07442112267017365,0.0002661678590811789,0.0007174569182097912,0.00039383737021125853,0.00044582595000974834,0.0010758051648736,
2026-07-22_04-04-03.mp4,0.0,0,0.0,0.0,0.0,0.0,0.0,0.0,0.0,
2026-07-09_10-01-45.mp4,0.05,1,0.0032284511253237724,0.08880746364593506,0.0006329565076157451,0.0019568251445889473,0.0013453240972012281,0.0014096394879743457,0.0032284511253237724,
2026-07-21_01-32-20.mp4,0.125,3,0.0019579168874770403,0.1257951557636261,0.00023365102242678404,0.0008480988908559084,0.0008523229626007378,0.0008784131496213377,0.0019579168874770403,
2026-07-16_17-07-12.mp4,0.0,0,0.0,0.0,0.0,0.0,0.0,0.0,0.0,
2026-07-20_22-00-40.mp4,0.0,0,0.0,0.0,0.0,0.0,0.0,0.0,0.0,
2026-07-19_00-04-14.mp4,0.05,1,0.026656124740839005,0.262510746717453,0.0028293111827224493,0.0032046150881797075,0.002176975831389427,0.004714785143733025,0.026656124740839005,
2026-07-05_19-58-59.mp4,0.225,4,0.0015102855395525694,0.4988308548927307,0.00015178823377937078,0.0005463767447508872,0.000457046611700207,0.0006648948765359819,0.0015102855395525694,
2026-07-10_15-41-31.mp4,0.025,1,0.002209383063018322,0.20021748542785645,9.397609392181039e-05,0.000319716171361506,0.0002798638597596437,0.0005806208355352283,0.002209383063018322,
2026-07-20_00-48-17.mp4,0.0,0,0.0,0.0,0.0,0.0,0.0,0.0,0.0,
2026-07-11_22-45-39.mp4,0.025,1,0.0007659784168936312,0.08722051978111267,9.541436156723648e-05,0.00029611261561512947,0.0003981717163696885,0.00036324982647784054,0.0007659784168936312,
2026-07-24_19-17-55.mp4,0.0,0,0.0,0.0,0.0,0.0,0.0,0.0,0.0,
2026-07-26_10-22-55.mp4,0.025,1,0.0008713846909813583,0.05407855659723282,0.0001609174651093781,0.00038121032412163913,0.000198299516341649,0.00032209575874730945,0.0008713846909813583,
2026-07-02_08-10-49.mp4,0.0,0,0.0,0.0,0.0,0.0,0.0,0.0,0.0,
2026-07-13_23-18-34.mp4,0.325,2,0.04841573163866997,0.6584295034408569,0.003774064825847745,0.008359109982848167,0.011361323297023773,0.03203745186328888,0.04841573163866997,
2026-07-14_04-52-55.mp4,0.0,0,0.0,0.0,0.0,0.0,0.0,0.0,0.0,
2026-07-10_16-32-47.mp4,0.225,1,0.1595209836959839,0.1532222032546997,0.002591658616438508,0.0034117347095161676,0.011330690234899521,0.023792296648025513,0.1595209836959839,
2026-07-18_11-47-40.mp4,0.15,3,0.006146910134702921,0.08432095497846603,0.0005180552834644914,0.0018040857976302505,0.0011658043367788196,0.0013454053550958633,0.006146910134702921,
2026-07-07_08-18-07.mp4,0.0,0,0.0,0.0,0.0,0.0,0.0,0.0,0.0,
2026-07-07_00-14-36.mp4,0.0,0,0.0,0.0,0.0,0.0,0.0,0.0,0.0,
2026-07-01_17-53-29.mp4,0.0,0,0.0,0.0,0.0,0.0,0.0,0.0,0.0,
2026-07-10_22-29-30.mp4,0.25,3,0.0122578339651227,0.2992418706417084,0.0012429234338924289,0.0019759717397391796,0.001391428173519671,0.00342800235375762,0.0122578339651227,
2026-07-08_10-41-27.mp4,0.0,0,0.0,0.0,0.0,0.0,0.0,0.0,0.0,
2026-07-15_10-18-13.mp4,0.0,0,0.0,0.0,0.0,0.0,0.0,0.0,0.0,
2026-07-15_10-01-07.mp4,0.05,1,0.0008832945022732019,0.06105615571141243,0.0001899235649034381,0.0005728064570575953,0.0003514130075927824,0.0002784734533634037,0.0008832945022732019,
2026-07-01_17-46-05.mp4,0.025,1,0.0012399771949276328,0.06146959960460663,0.00010075156023958698,0.00041340553434565663,0.00032768145320005715,0.00030565622728317976,0.0012399771949276328,
2026-07-10_18-12-44.mp4,0.05,1,0.0014595217071473598,0.038970693945884705,0.00013320823200047016,0.00030788773437961936,0.0005297419847920537,0.0007684276788495481,0.0014595217071473598,
2026-07-11_15-45-16.mp4,0.25,3,0.023887399584054947,0.7062270045280457,0.0010127973509952426,0.0022251191549003124,0.0023727212101221085,0.00415528891608119,0.023887399584054947,
2026-07-10_20-05-38.mp4,0.0,0,0.0,0.0,0.0,0.0,0.0,0.0,0.0,
2026-07-22_06-57-07.mp4,0.0,0,0.0,0.0,0.0,0.0,0.0,0.0,0.0,
2026-07-02_07-11-44.mp4,0.05,2,0.001571014174260199,0.2511390447616577,0.00015526622883044183,0.00038783461786806583,0.00045711020356975496,0.00086942408233881,0.001571014174260199,
2026-07-01_17-33-20.mp4,0.2,2,0.0013618803350254893,0.09211693704128265,6.479436706285924e-05,0.00017996913811657578,0.00019759967108257115,0.00037955172592774034,0.0013618803350254893,
2026-07-14_01-03-51.mp4,0.0,0,0.0,0.0,0.0,0.0,0.0,0.0,0.0,
2026-07-05_17-33-24.mp4,0.05,1,0.0006483232136815786,0.025474047288298607,5.80035375605803e-05,0.0001540537050459534,0.00012712155876215547,0.00015688150597270578,0.0006483232136815786,
2026-07-08_18-44-27.mp4,0.0,0,0.0,0.0,0.0,0.0,0.0,0.0,0.0,
2026-07-10_16-38-11.mp4,0.025,1,0.00044186346349306405,0.06087477132678032,7.944623212097213e-05,0.0002902070409618318,0.00018814532086253166,0.00030112292733974755,0.00044186346349306405,
2026-07-02_10-09-25.mp4,0.0,0,0.0,0.0,0.0,0.0,0.0,0.0,0.0,
2026-07-10_10-57-58.mp4,0.0,0,0.0,0.0,0.0,0.0,0.0,0.0,0.0,
2026-07-17_08-40-01.mp4,0.1,2,0.0063758594915270805,0.240691140294075,0.0003818315453827381,0.0009024431346915662,0.0007639194955118,0.0012659011408686638,0.0063758594915270805,
2026-07-05_02-32-35.mp4,0.0,0,0.0,0.0,0.0,0.0,0.0,0.0,0.0,
2026-07-03_05-11-12.mp4,0.25,3,0.0032276471611112356,0.2789214849472046,0.00031283465796150267,0.0024370041210204363,0.0012206608662381768,0.0017342212377116084,0.0032276471611112356,
2026-07-10_16-27-25.mp4,0.05,2,0.0007412706036120653,0.07145918160676956,9.50538378674537e-05,0.00023936394427437335,0.0003193168085999787,0.00039112684316933155,0.0007412706036120653,
2026-07-11_05-01-20.mp4,0.0,0,0.0,0.0,0.0,0.0,0.0,0.0,0.0,
2026-07-02_10-08-01.mp4,0.0,0,0.0,0.0,0.0,0.0,0.0,0.0,0.0,
2026-07-15_17-54-49.mp4,0.075,2,0.0009424095042049885,0.08716525137424469,0.00018719029321800917,0.0001940408255904913,0.000399691954953596,0.000470841012429446,0.0009424095042049885,
2026-07-07_04-56-57.mp4,0.075,2,0.002547637326642871,0.09125792235136032,0.0005250531248748302,0.0017356068128719926,0.0007877466268837452,0.0007082154625095427,0.002547637326642871,
2026-07-24_13-19-29.mp4,0.075,2,0.007002982776612043,0.1511872410774231,0.001767515204846859,0.0025271261110901833,0.0031658888328820467,0.004726944491267204,0.007002982776612043,
2026-07-16_22-16-44.mp4,0.025,1,0.0019668457098305225,0.15880335867404938,0.00019698601681739092,0.0012382522691041231,0.0005202142638154328,0.000492281571496278,0.0019668457098305225,
2026-07-02_08-32-36.mp4,0.0,0,0.0,0.0,0.0,0.0,0.0,0.0,0.0,
2026-07-11_22-54-11.mp4,0.125,3,0.0010517266346141696,0.08547432720661163,0.00010979560465784743,0.00012836523819714785,0.0002354874013690278,0.00036473499494604766,0.0010517266346141696,
2026-07-19_04-02-54.mp4,0.0,0,0.0,0.0,0.0,0.0,0.0,0.0,0.0,
2026-07-03_12-41-13.mp4,0.0,0,0.0,0.0,0.0,0.0,0.0,0.0,0.0,
2026-07-08_20-41-44.mp4,0.025,1,0.001017663860693574,0.09409976750612259,9.756819781614468e-05,0.0004671093774959445,0.00019803611212410033,0.00042995050898753107,0.001017663860693574,
2026-07-23_16-39-29.mp4,0.0,0,0.0,0.0,0.0,0.0,0.0,0.0,0.0,
2026-07-15_17-28-19.mp4,0.0,0,0.0,0.0,0.0,0.0,0.0,0.0,0.0,
2026-07-25_23-40-02.mp4,0.0,0,0.0,0.0,0.0,0.0,0.0,0.0,0.0,
2026-07-11_08-48-29.mp4,0.0,0,0.0,0.0,0.0,0.0,0.0,0.0,0.0,
2026-07-22_01-44-40.mp4,0.05,1,0.0003329462488181889,0.04103417694568634,9.794826473807916e-05,9.878570563159883e-05,0.000257685111137107,0.00021935020049568266,0.0003329462488181889,
2026-07-22_14-13-56.mp4,0.15,2,0.0009575886069796979,0.05164752155542374,0.0001545371487736702,0.00040212360909208655,0.0003496661956887692,0.00035612579085864127,0.0009575886069796979,
2026-07-13_04-08-43.mp4,0.025,1,0.0018413346260786057,0.060288697481155396,0.00024569276138208807,0.0009059587027877569,0.0005897402879782021,0.0005323777440935373,0.0018413346260786057,
2026-07-09_21-49-14.mp4,0.0,0,0.0,0.0,0.0,0.0,0.0,0.0,0.0,
2026-07-19_18-33-33.mp4,0.0,0,0.0,0.0,0.0,0.0,0.0,0.0,0.0,
2026-07-17_13-26-16.mp4,0.25,4,0.029060065746307373,0.06636976450681686,0.0014966675080358982,0.002171308035030961,0.0038782600313425064,0.0038166199810802937,0.029060065746307373,
2026-07-10_14-33-13.mp4,0.0,0,0.0,0.0,0.0,0.0,0.0,0.0,0.0,
2026-07-07_04-43-21.mp4,0.0,0,0.0,0.0,0.0,0.0,0.0,0.0,0.0,
2026-07-16_10-09-21.mp4,0.0,0,0.0,0.0,0.0,0.0,0.0,0.0,0.0,
2026-07-22_13-43-02.mp4,0.0,0,0.0,0.0,0.0,0.0,0.0,0.0,0.0,
2026-07-05_02-30-35.mp4,0.0,0,0.0,0.0,0.0,0.0,0.0,0.0,0.0,
2026-07-03_13-17-42.mp4,0.0,0,0.0,0.0,0.0,0.0,0.0,0.0,0.0,
2026-07-20_12-32-01.mp4,0.25,3,0.04298720136284828,0.4287317395210266,0.002318415092304349,0.007167272735387087,0.010166514664888382,0.01416668388992548,0.04298720136284828,
2026-07-02_12-36-59.mp4,0.0,0,0.0,0.0,0.0,0.0,0.0,0.0,0.0,
2026-07-04_05-20-19.mp4,0.05,2,0.0012715214397758245,0.1243157759308815,0.00019247803720645607,0.0008570815552957356,0.0004911213763989508,0.0005694680730812252,0.0012715214397758245,
2026-07-15_10-12-19.mp4,0.0,0,0.0,0.0,0.0,0.0,0.0,0.0,0.0,
2026-07-24_13-32-47.mp4,0.075,1,0.0033629806712269783,0.08298336714506149,0.0002654316776897758,0.0006772197084501386,0.0008921045809984207,0.0017274298006668687,0.0033629806712269783,
2026-07-14_13-42-08.mp4,0.05,2,0.003764079650864005,0.104205422103405,0.00038065019180066884,0.0005413414910435677,0.0004028921539429575,0.0008348794654011726,0.003764079650864005,
2026-07-03_23-21-52.mp4,0.1,2,0.00979540403932333,0.1359218806028366,0.0018253129674121737,0.001405556919053197,0.002770705847069621,0.002699971664696932,0.00979540403932333,
2026-07-22_01-45-16.mp4,0.0,0,0.0,0.0,0.0,0.0,0.0,0.0,0.0,
2026-07-03_03-30-00.mp4,0.0,0,0.0,0.0,0.0,0.0,0.0,0.0,0.0,
2026-07-05_08-21-46.mp4,0.0,0,0.0,0.0,0.0,0.0,0.0,0.0,0.0,
2026-07-04_01-08-59.mp4,0.0,0,0.0,0.0,0.0,0.0,0.0,0.0,0.0,
2026-07-08_20-22-32.mp4,0.05,2,0.003995091188699007,0.12091685831546783,0.0003012842789757997,0.0007180314278230071,0.000705038895830512,0.0009836554527282715,0.003995091188699007,
2026-07-07_11-21-29.mp4,0.0,0,0.0,0.0,0.0,0.0,0.0,0.0,0.0,
2026-07-03_14-18-54.mp4,0.0,0,0.0,0.0,0.0,0.0,0.0,0.0,0.0,
2026-07-05_03-38-10.mp4,0.0,0,0.0,0.0,0.0,0.0,0.0,0.0,0.0,
2026-07-10_16-39-05.mp4,0.0,0,0.0,0.0,0.0,0.0,0.0,0.0,0.0,
2026-07-04_18-39-48.mp4,0.075,2,0.0009734806371852756,0.054846104234457016,0.00020413269521668553,0.0006119486643001437,0.00027008025790564716,0.0003078971349168569,0.0009734806371852756,
2026-07-04_22-42-10.mp4,0.025,1,0.0008934779325500131,0.0766601413488388,0.0001043257798301056,0.000238597669522278,0.0002931975177489221,0.00035361904883757234,0.0008934779325500131,
2026-07-21_10-06-02.mp4,0.0,0,0.0,0.0,0.0,0.0,0.0,0.0,0.0,
2026-07-23_13-02-43.mp4,0.025,1,0.0030901532154530287,0.15700460970401764,0.0003091036051046103,0.0017135539092123508,0.001056237961165607,0.001372086233459413,0.0030901532154530287,
2026-07-08_13-57-49.mp4,0.1,2,0.00260270107537508,0.13040296733379364,0.0005756455357186496,0.0012937405845150352,0.0008686142391525209,0.00126057886518538,0.00260270107537508,
2026-07-24_16-42-03.mp4,0.0,0,0.0,0.0,0.0,0.0,0.0,0.0,0.0,
2026-07-24_03-43-53.mp4,0.075,2,0.030152499675750732,0.512426495552063,0.0004996336065232754,0.0019277079263702035,0.0019894472789019346,0.005807763896882534,0.030152499675750732,
2026-07-03_07-17-46.mp4,0.075,2,0.0036791868042200804,0.3086215555667877,0.00025640922831371427,0.0009897975251078606,0.001056671841070056,0.0013365987688302994,0.0036791868042200804,
2026-07-09_10-48-45.mp4,0.0,0,0.0,0.0,0.0,0.0,0.0,0.0,0.0,
2026-07-03_20-41-06.mp4,0.0,0,0.0,0.0,0.0,0.0,0.0,0.0,0.0,
2026-07-06_15-43-36.mp4,0.0,0,0.0,0.0,0.0,0.0,0.0,0.0,0.0,
2026-07-09_05-50-18.mp4,0.025,1,0.0021123012993484735,0.0578002855181694,0.00015907335910014808,0.00010987394489347935,0.000155698973685503,0.000557245803065598,0.0021123012993484735,
2026-07-19_14-44-37.mp4,0.025,1,0.0005874747294001281,0.03046046756207943,9.780769323697314e-05,0.00018010285566560924,0.0002666021464392543,0.0003036923299077898,0.0005874747294001281,
2026-07-03_11-25-14.mp4,0.0,0,0.0,0.0,0.0,0.0,0.0,0.0,0.0,
2026-07-15_16-53-50.mp4,0.025,1,0.0013695197412744164,0.06523400545120239,0.00021431909408420324,0.00021995966380927712,0.00036612313124351203,0.0004161422548349947,0.0013695197412744164,
2026-07-05_12-57-14.mp4,0.0,0,0.0,0.0,0.0,0.0,0.0,0.0,0.0,
2026-07-10_02-53-33.mp4,0.0,0,0.0,0.0,0.0,0.0,0.0,0.0,0.0,
2026-07-12_02-06-12.mp4,0.2,5,0.0012346149887889624,0.06900274753570557,0.0003123247588519007,0.0012346149887889624,0.00031793798552826047,0.0003288164734840393,0.0009696146589703858,
2026-07-23_09-13-03.mp4,0.0,0,0.0,0.0,0.0,0.0,0.0,0.0,0.0,
2026-07-05_18-19-36.mp4,0.625,4,0.028839219361543655,0.7649031281471252,0.00044936127960681915,0.0018004270968958735,0.0036106344778090715,0.02112683840095997,0.028839219361543655,
2026-07-10_13-32-20.mp4,0.025,1,0.0006537383305840194,0.051310669630765915,0.00012697170313913375,0.00024828145978972316,0.00028388795908540487,0.00034979573683813214,0.0006537383305840194,
2026-07-08_09-02-03.mp4,0.0,0,0.0,0.0,0.0,0.0,0.0,0.0,0.0,
2026-07-10_14-19-31.mp4,0.0,0,0.0,0.0,0.0,0.0,0.0,0.0,0.0,
2026-07-10_17-23-45.mp4,0.0,0,0.0,0.0,0.0,0.0,0.0,0.0,0.0,
2026-07-20_21-39-16.mp4,0.0,0,0.0,0.0,0.0,0.0,0.0,0.0,0.0,
2026-07-01_00-54-17.mp4,0.0,0,0.0,0.0,0.0,0.0,0.0,0.0,0.0,
2026-07-15_04-22-58.mp4,0.0,0,0.0,0.0,0.0,0.0,0.0,0.0,0.0,
2026-07-02_09-00-24.mp4,0.025,1,0.00018102774629369378,0.050654783844947815,3.634935637819581e-05,0.00018102774629369378,0.00015822335262782872,0.00014648001524619758,0.00011066001752624288,
2026-07-17_02-44-29.mp4,0.0,0,0.0,0.0,0.0,0.0,0.0,0.0,0.0,
2026-07-20_22-57-57.mp4,0.0,0,0.0,0.0,0.0,0.0,0.0,0.0,0.0,
2026-07-23_15-23-41.mp4,0.0,0,0.0,0.0,0.0,0.0,0.0,0.0,0.0,
2026-07-19_23-56-18.mp4,0.0,0,0.0,0.0,0.0,0.0,0.0,0.0,0.0,
2026-07-19_00-03-14.mp4,0.075,1,0.00598131911829114,0.12588903307914734,0.0004860881017521024,0.0024819932878017426,0.0013681998243555427,0.0013777872081845999,0.00598131911829114,
2026-07-23_15-43-41.mp4,0.025,1,0.0017246775096282363,0.15522252023220062,8.153914677677676e-05,0.0003973827697336674,0.0003124451031908393,0.00045568609493784606,0.0017246775096282363,
2026-07-08_20-32-32.mp4,0.0,0,0.0,0.0,0.0,0.0,0.0,0.0,0.0,
2026-07-10_21-30-55.mp4,0.0,0,0.0,0.0,0.0,0.0,0.0,0.0,0.0,
2026-07-18_08-27-18.mp4,0.0,0,0.0,0.0,0.0,0.0,0.0,0.0,0.0,
2026-07-25_02-53-27.mp4,0.05,1,0.004297432955354452,0.210975781083107,0.0015053485985845327,0.0019237130181863904,0.003625808749347925,0.002696927636861801,0.004297432955354452,
2026-07-14_15-01-13.mp4,0.0,0,0.0,0.0,0.0,0.0,0.0,0.0,0.0,
2026-07-04_00-54-41.mp4,0.05,1,0.0024043817538768053,0.04353870451450348,0.00014426137204281986,0.0003594502341002226,0.00035626059980131686,0.0004639966937247664,0.0024043817538768053,
2026-07-08_22-29-40.mp4,0.0,0,0.0,0.0,0.0,0.0,0.0,0.0,0.0,
2026-07-09_11-31-20.mp4,0.0,0,0.0,0.0,0.0,0.0,0.0,0.0,0.0,
2026-07-03_13-17-54.mp4,0.0,0,0.0,0.0,0.0,0.0,0.0,0.0,0.0,
2026-07-11_13-38-54.mp4,0.0,0,0.0,0.0,0.0,0.0,0.0,0.0,0.0,
2026-07-13_23-16-16.mp4,0.0,0,0.0,0.0,0.0,0.0,0.0,0.0,0.0,
2026-07-21_15-27-53.mp4,0.075,2,0.008642159402370453,0.1873086839914322,0.0007722187438048422,0.0036497858818620443,0.0035115298815071583,0.0026560185942798853,0.008642159402370453,
2026-07-08_11-16-08.mp4,0.025,1,0.0006512365653179586,0.0682636946439743,0.00022904349316377193,0.00039210423710756004,0.00027367836446501315,0.00037922762567177415,0.0006512365653179586,
2026-07-05_21-49-44.mp4,0.075,1,0.0077562518417835236,0.4270608723163605,0.0004992463509552181,0.0025964058004319668,0.0015139954630285501,0.0024425454903393984,0.0077562518417835236,
2026-07-09_04-06-43.mp4,0.0,0,0.0,0.0,0.0,0.0,0.0,0.0,0.0,
2026-07-09_04-04-55.mp4,0.225,2,0.01189394947141409,0.5499480962753296,0.0007401302573271096,0.0006214490858837962,0.0009124755160883069,0.0029984842985868454,0.01189394947141409,
2026-07-04_06-55-00.mp4,0.0,0,0.0,0.0,0.0,0.0,0.0,0.0,0.0,
2026-07-22_23-22-15.mp4,0.225,3,0.0035150875337421894,0.16362743079662323,0.000481789349578321,0.0007593011832796037,0.0010680905543267727,0.0014466397697106004,0.0035150875337421894,
2026-07-05_09-27-09.mp4,0.025,1,0.0003350963816046715,0.045358218252658844,6.958399171708152e-05,0.00011988882761215791,0.00026512081967666745,0.00020652622333727777,0.0003350963816046715,
2026-07-11_10-48-04.mp4,0.0,0,0.0,0.0,0.0,0.0,0.0,0.0,0.0,
2026-06-30_23-54-48.mp4,0.425,3,0.035844944417476654,0.6171357035636902,0.002322363667190075,0.002994158072397113,0.00769459456205368,0.017072174698114395,0.035844944417476654,
2026-07-10_18-31-32.mp4,0.05,2,0.000864514266140759,0.04726491495966911,0.00011643614561762661,0.0003198841295670718,0.0002312626747880131,0.0004712565569207072,0.000864514266140759,
2026-07-12_03-18-11.mp4,0.0,0,0.0,0.0,0.0,0.0,0.0,0.0,0.0,
2026-07-09_13-58-55.mp4,0.0,0,0.0,0.0,0.0,0.0,0.0,0.0,0.0,
2026-07-01_23-25-58.mp4,0.0,0,0.0,0.0,0.0,0.0,0.0,0.0,0.0,
2026-07-04_08-15-47.mp4,0.0,0,0.0,0.0,0.0,0.0,0.0,0.0,0.0,
2026-07-09_20-09-57.mp4,0.225,4,0.0028989743441343307,0.4244420826435089,0.00033203649218194187,0.000935079762712121,0.0006634023739024997,0.00082507508341223,0.0028989743441343307,
2026-07-17_05-00-16.mp4,0.05,2,0.02682245895266533,0.16899871826171875,0.008153151720762253,0.007805712055414915,0.009113610722124577,0.011140000075101852,0.02682245895266533,
2026-07-21_09-08-39.mp4,0.1,2,0.0018710740841925144,0.03785397484898567,0.0003424852038733661,0.0018710740841925144,0.0004113962349947542,0.00032292623654939234,0.0008760868804529309,
2026-07-04_11-29-03.mp4,0.0,0,0.0,0.0,0.0,0.0,0.0,0.0,0.0,
2026-07-02_08-38-06.mp4,0.0,0,0.0,0.0,0.0,0.0,0.0,0.0,0.0,
2026-07-04_18-12-19.mp4,0.0,0,0.0,0.0,0.0,0.0,0.0,0.0,0.0,
2026-07-06_06-04-26.mp4,0.0,0,0.0,0.0,0.0,0.0,0.0,0.0,0.0,
2026-07-04_22-49-22.mp4,0.0,0,0.0,0.0,0.0,0.0,0.0,0.0,0.0,
2026-07-04_22-49-34.mp4,0.0,0,0.0,0.0,0.0,0.0,0.0,0.0,0.0,
2026-07-05_08-20-46.mp4,0.0,0,0.0,0.0,0.0,0.0,0.0,0.0,0.0,
2026-07-20_08-13-16.mp4,0.0,0,0.0,0.0,0.0,0.0,0.0,0.0,0.0,
2026-07-10_00-38-58.mp4,0.0,0,0.0,0.0,0.0,0.0,0.0,0.0,0.0,
2026-07-26_09-33-26.mp4,0.125,3,0.007166593801230192,0.10288430005311966,0.0005756581667810678,0.0016657242085784674,0.003382873022928834,0.0035220158752053976,0.007166593801230192,
2026-07-11_08-45-23.mp4,0.05,1,0.0368545763194561,0.11895128339529037,0.0026838721241801977,0.006033814046531916,0.01071743294596672,0.009668623097240925,0.0368545763194561,
2026-07-07_04-31-27.mp4,0.05,2,0.0023782209027558565,0.13494902849197388,0.00013610368478111923,0.0004148725711274892,0.0002582591841928661,0.0005737104220315814,0.0023782209027558565,
2026-07-09_08-01-16.mp4,0.05,1,0.0019074005540460348,0.08119141310453415,0.0005136489635333419,0.0019074005540460348,0.0010854126885533333,0.0008713706047274172,0.0013385370839387178,
2026-07-01_18-41-50.mp4,0.225,2,0.025816012173891068,0.6156550049781799,0.001370506128296256,0.003459224244579673,0.008712849579751492,0.02039961703121662,0.025816012173891068,
2026-07-05_13-20-32.mp4,0.0,0,0.0,0.0,0.0,0.0,0.0,0.0,0.0,
2026-07-13_03-17-20.mp4,0.025,1,0.02247447893023491,0.0920475646853447,0.0025051080156117678,0.003805683460086584,0.004044662229716778,0.00589428935199976,0.02247447893023491,
2026-07-05_11-46-45.mp4,0.025,1,0.0016964570386335254,0.03179686889052391,9.662186494097114e-05,0.00022430277022067457,0.00023345592489931732,0.0003758706443477422,0.0016964570386335254,
2026-07-01_17-54-17.mp4,0.15,3,0.0038879651110619307,0.10129506140947342,0.00029562742565758526,0.0014327282551676035,0.0004674654919654131,0.0012300095986574888,0.0038879651110619307,
2026-07-06_06-03-02.mp4,0.05,1,0.0008325882954522967,0.06402681022882462,7.470283162547275e-05,0.0008325882954522967,0.00023387835244648159,0.00023003290698397905,0.00045359088107943535,
2026-07-20_19-21-29.mp4,0.05,1,0.00067792838672176,0.0732714980840683,6.025880065863021e-05,0.00012416366371326149,0.00010800856398418546,0.00027965742629021406,0.00067792838672176,
2026-07-08_08-34-58.mp4,0.05,1,0.0001675044622970745,0.0179352518171072,7.224118598969653e-05,0.00011786019604187459,6.723174010403454e-05,8.067761518759653e-05,0.0001675044622970745,
2026-07-21_09-14-09.mp4,0.0,0,0.0,0.0,0.0,0.0,0.0,0.0,0.0,
2026-07-21_15-19-11.mp4,0.0,0,0.0,0.0,0.0,0.0,0.0,0.0,0.0,
2026-07-05_11-31-03.mp4,0.0,0,0.0,0.0,0.0,0.0,0.0,0.0,0.0,
2026-07-08_01-04-58.mp4,0.025,1,0.000875606550835073,0.09149640798568726,0.00010567585559329018,0.0001928779820445925,0.0003837769909296185,0.00035294765257276595,0.000875606550835073,
2026-07-21_13-49-54.mp4,0.0,0,0.0,0.0,0.0,0.0,0.0,0.0,0.0,
2026-07-23_16-32-41.mp4,0.275,4,0.009632483124732971,0.4418905973434448,0.0006939032464288175,0.0027420916594564915,0.0016013492131605744,0.0027893998194485903,0.009632483124732971,
2026-07-17_22-38-54.mp4,0.05,1,0.01757161319255829,0.08266150951385498,0.0009844524320214987,0.002495870692655444,0.006058156490325928,0.006575076375156641,0.01757161319255829,
2026-07-12_22-11-01.mp4,0.1,2,0.010341745801270008,0.11590893566608429,0.001429337658919394,0.005080947652459145,0.002712354063987732,0.0035307921934872866,0.010341745801270008,
2026-07-04_03-47-44.mp4,0.1,3,0.002043072134256363,0.21456275880336761,0.00023140317352954298,0.00039019857649691403,0.0003893997927661985,0.0006352820200845599,0.002043072134256363,
2026-07-14_19-36-19.mp4,0.0,0,0.0,0.0,0.0,0.0,0.0,0.0,0.0,
2026-07-04_20-39-41.mp4,0.075,1,0.0009204885573126376,0.03851405158638954,9.78326061158441e-05,0.00033386898576281965,0.0001997165527427569,0.0004392563132569194,0.0009204885573126376,
2026-07-21_01-15-14.mp4,0.075,1,0.00021729337458964437,0.044141314923763275,1.9692522982950322e-05,6.98891599313356e-05,0.0001060773865901865,0.00017908874724525958,0.00021729337458964437,
2026-07-19_10-20-02.mp4,0.1,3,0.002188127487897873,0.12758465111255646,0.0001995286875171587,0.0007763114990666509,0.0006709641311317682,0.0007173656485974789,0.002188127487897873,
2026-07-08_06-56-53.mp4,0.0,0,0.0,0.0,0.0,0.0,0.0,0.0,0.0,
2026-07-22_11-31-40.mp4,0.0,0,0.0,0.0,0.0,0.0,0.0,0.0,0.0,
2026-07-04_05-03-31.mp4,0.025,1,0.00037081196205690503,0.06249401718378067,2.1295789338182658e-05,0.00010997634672094136,9.875076648313552e-05,0.00016426171350758523,0.00037081196205690503,
2026-07-07_22-33-42.mp4,0.15,1,0.012963159941136837,0.47239062190055847,0.0017606749897822738,0.0007517142803408206,0.001987592549994588,0.004854967817664146,0.012963159941136837,
2026-07-04_09-55-22.mp4,0.025,1,0.0010926759568974376,0.07298412919044495,9.500055602984503e-05,0.0006545400246977806,0.0002592309028841555,0.00033240424818359315,0.0010926759568974376,
2026-07-10_14-14-55.mp4,0.0,0,0.0,0.0,0.0,0.0,0.0,0.0,0.0,
2026-07-08_13-52-55.mp4,0.05,2,0.0010156772332265973,0.04023256525397301,0.00022824713960289955,0.00023578305263072252,0.0003352615749463439,0.000340389582561329,0.0010156772332265973,
2026-07-09_12-20-56.mp4,0.0,0,0.0,0.0,0.0,0.0,0.0,0.0,0.0,
2026-07-24_12-39-18.mp4,0.15,2,0.009466879069805145,0.07251962274312973,0.0002743042423389852,0.0005043801502324641,0.0015909274807199836,0.001535477233119309,0.009466879069805145,
2026-07-04_14-49-00.mp4,0.075,2,0.002015442820265889,0.09421858936548233,0.0008335924940183759,0.0006931488169357181,0.0009597203461453319,0.0013783152680844069,0.002015442820265889,
2026-07-22_00-45-29.mp4,0.05,1,0.004845308139920235,0.0772680714726448,0.0024228424299508333,0.003700993489474058,0.001348537509329617,0.0025102405343204737,0.004845308139920235,
2026-07-04_01-45-53.mp4,0.475,4,0.003111370839178562,0.27668461203575134,0.0005038845119997859,0.0014445397537201643,0.0005254996940493584,0.000761871226131916,0.003111370839178562,
2026-07-05_05-51-53.mp4,0.175,3,0.0026177680119872093,0.31856635212898254,0.00021013557852711529,0.0011061872355639935,0.0005139043205417693,0.0008279485045932233,0.0026177680119872093,
2026-07-07_01-40-11.mp4,0.0,0,0.0,0.0,0.0,0.0,0.0,0.0,0.0,
2026-07-03_12-09-31.mp4,0.0,0,0.0,0.0,0.0,0.0,0.0,0.0,0.0,
2026-07-10_07-22-24.mp4,0.025,1,0.003273718524724245,0.1336713284254074,0.0008983004954643548,0.0023120015393942595,0.0010893817525357008,0.001372941886074841,0.003273718524724245,
2026-07-08_14-38-24.mp4,0.0,0,0.0,0.0,0.0,0.0,0.0,0.0,0.0,
2026-06-30_16-11-20.mp4,0.0,0,0.0,0.0,0.0,0.0,0.0,0.0,0.0,
2026-07-22_14-13-32.mp4,0.05,1,0.0008101476705633104,0.050294179469347,0.0001239425764651969,0.00031761988066136837,0.00025654936325736344,0.00031457049772143364,0.0008101476705633104,
2026-07-10_22-22-48.mp4,0.025,1,0.0016817052382975817,0.11055384576320648,0.00013211263285484165,0.0005931699997745454,0.0003656713815871626,0.0004444184887688607,0.0016817052382975817,
2026-07-11_14-05-54.mp4,0.0,0,0.0,0.0,0.0,0.0,0.0,0.0,0.0,
2026-07-15_09-01-43.mp4,0.05,1,0.0027122495230287313,0.3959387242794037,0.0002906725276261568,0.00037483565392903984,0.0002214964188169688,0.0005212043761275709,0.0027122495230287313,
2026-07-03_15-20-23.mp4,0.0,0,0.0,0.0,0.0,0.0,0.0,0.0,0.0,
2026-06-30_23-50-24.mp4,0.05,1,0.0016878019087016582,0.07950083911418915,0.00015320611419156194,0.0009543352061882615,0.000519008666742593,0.0008633639081381261,0.0016878019087016582,
2026-07-10_11-27-15.mp4,0.0,0,0.0,0.0,0.0,0.0,0.0,0.0,0.0,
2026-07-16_09-32-51.mp4,0.0,0,0.0,0.0,0.0,0.0,0.0,0.0,0.0,
2026-07-15_18-27-25.mp4,0.0,0,0.0,0.0,0.0,0.0,0.0,0.0,0.0,
2026-07-10_10-12-46.mp4,0.0,0,0.0,0.0,0.0,0.0,0.0,0.0,0.0,
2026-07-26_00-55-25.mp4,0.0,0,0.0,0.0,0.0,0.0,0.0,0.0,0.0,
2026-07-14_22-53-32.mp4,0.175,3,0.001071751699782908,0.14626049995422363,0.00011039189848816022,0.0009623680380173028,0.00044460088247433305,0.00035377469612285495,0.001071751699782908,
2026-07-08_08-39-52.mp4,0.075,2,0.01306873094290495,0.07423913478851318,0.0010087864939123392,0.0006542777991853654,0.0010372125543653965,0.0025701429694890976,0.01306873094290495,
2026-07-12_19-39-22.mp4,0.0,0,0.0,0.0,0.0,0.0,0.0,0.0,0.0,
2026-07-07_23-02-30.mp4,0.0,0,0.0,0.0,0.0,0.0,0.0,0.0,0.0,
2026-07-10_02-11-09.mp4,0.0,0,0.0,0.0,0.0,0.0,0.0,0.0,0.0,
2026-07-05_13-01-50.mp4,0.0,0,0.0,0.0,0.0,0.0,0.0,0.0,0.0,
2026-07-05_11-06-57.mp4,0.0,0,0.0,0.0,0.0,0.0,0.0,0.0,0.0,
2026-07-21_12-16-49.mp4,0.0,0,0.0,0.0,0.0,0.0,0.0,0.0,0.0,
2026-07-22_21-19-24.mp4,0.0,0,0.0,0.0,0.0,0.0,0.0,0.0,0.0,
2026-07-08_21-55-47.mp4,0.0,0,0.0,0.0,0.0,0.0,0.0,0.0,0.0,
2026-07-04_12-40-21.mp4,0.0,0,0.0,0.0,0.0,0.0,0.0,0.0,0.0,
2026-07-07_19-28-25.mp4,0.0,0,0.0,0.0,0.0,0.0,0.0,0.0,0.0,
2026-07-22_13-34-32.mp4,0.0,0,0.0,0.0,0.0,0.0,0.0,0.0,0.0,
2026-07-14_16-38-30.mp4,0.125,2,0.0014270627871155739,0.11295067518949509,0.0002315963211003691,0.0005509352195076644,0.0004376567667350173,0.0005992568330839276,0.0014270627871155739,
2026-07-01_00-38-04.mp4,0.0,0,0.0,0.0,0.0,0.0,0.0,0.0,0.0,
2026-07-02_20-43-13.mp4,0.125,2,0.0011320027988404036,0.17265138030052185,0.00015681331569794565,0.0005760873900726438,0.00047801536857150495,0.0005897113587707281,0.0011320027988404036,
2026-07-01_08-19-22.mp4,0.025,1,0.00012124300701543689,0.029089244082570076,4.124149199924432e-05,3.999105319962837e-05,5.7600213040132076e-05,9.397718531545252e-05,0.00012124300701543689,
2026-07-12_13-44-37.mp4,0.0,0,0.0,0.0,0.0,0.0,0.0,0.0,0.0,
2026-07-21_15-10-41.mp4,0.0,0,0.0,0.0,0.0,0.0,0.0,0.0,0.0,
2026-07-04_09-23-34.mp4,0.0,0,0.0,0.0,0.0,0.0,0.0,0.0,0.0,
2026-07-14_04-53-07.mp4,0.0,0,0.0,0.0,0.0,0.0,0.0,0.0,0.0,
2026-07-05_08-07-10.mp4,0.025,1,0.0008445618441328406,0.05365763604640961,0.000134977963170968,0.0008445618441328406,0.00020767330715898424,0.00028052079142071307,0.0005275045405142009,
2026-07-24_04-37-17.mp4,0.05,2,0.03896839916706085,0.33586201071739197,0.0015709477011114359,0.0033999569714069366,0.004328679293394089,0.005349341779947281,0.03896839916706085,
2026-07-19_03-02-07.mp4,0.15,3,0.00840561743825674,0.39948633313179016,0.0010593457845970988,0.001480112667195499,0.0011684101773425937,0.0027065379545092583,0.00840561743825674,
2026-07-13_20-43-18.mp4,0.0,0,0.0,0.0,0.0,0.0,0.0,0.0,0.0,
2026-07-12_13-48-01.mp4,0.1,3,0.02328583411872387,0.11803846061229706,0.0030895143281668425,0.0031154232565313578,0.003824107814580202,0.008149273693561554,0.02328583411872387,
2026-07-06_18-58-59.mp4,0.0,0,0.0,0.0,0.0,0.0,0.0,0.0,0.0,
2026-07-19_14-41-01.mp4,0.0,0,0.0,0.0,0.0,0.0,0.0,0.0,0.0,
2026-07-19_18-29-09.mp4,0.0,0,0.0,0.0,0.0,0.0,0.0,0.0,0.0,
2026-07-07_23-38-05.mp4,0.0,0,0.0,0.0,0.0,0.0,0.0,0.0,0.0,
2026-07-04_00-50-41.mp4,0.0,0,0.0,0.0,0.0,0.0,0.0,0.0,0.0,
2026-07-03_23-01-28.mp4,0.1,2,0.0010870740516111255,0.10467655956745148,0.0001515553885838017,0.0010870740516111255,0.000278773921309039,0.0004473842855077237,0.000936748634558171,
2026-07-08_15-58-59.mp4,0.0,0,0.0,0.0,0.0,0.0,0.0,0.0,0.0,
2026-07-01_06-21-38.mp4,0.025,1,0.001168972346931696,0.06328519433736801,0.0001751331437844783,0.0001649867626838386,0.00019284912559669465,0.00034314210643060505,0.001168972346931696,
2026-07-10_16-33-47.mp4,0.0,0,0.0,0.0,0.0,0.0,0.0,0.0,0.0,
2026-07-13_16-40-33.mp4,0.05,2,0.002210585866123438,0.11908750981092453,0.0004783902841154486,0.0013331795344129205,0.001440684194676578,0.0012107078218832612,0.002210585866123438,
2026-07-21_06-00-41.mp4,0.05,1,0.0010536861373111606,0.06846410781145096,0.00013873822172172368,0.0004479984345380217,0.00019135521142743528,0.00020901698735542595,0.0010536861373111606,
2026-07-03_23-12-46.mp4,0.0,0,0.0,0.0,0.0,0.0,0.0,0.0,0.0,
2026-07-22_07-31-25.mp4,0.0,0,0.0,0.0,0.0,0.0,0.0,0.0,0.0,
2026-07-02_14-26-46.mp4,0.0,0,0.0,0.0,0.0,0.0,0.0,0.0,0.0,
2026-07-06_11-16-17.mp4,0.0,0,0.0,0.0,0.0,0.0,0.0,0.0,0.0,
2026-07-04_01-33-11.mp4,0.025,1,0.0028739513363689184,0.060347434133291245,0.00018577191804070026,0.0005132327205501497,0.0004935200558975339,0.0007875945884734392,0.0028739513363689184,
2026-07-18_07-28-01.mp4,0.0,0,0.0,0.0,0.0,0.0,0.0,0.0,0.0,
2026-07-15_19-52-42.mp4,0.0,0,0.0,0.0,0.0,0.0,0.0,0.0,0.0,
2026-07-19_17-50-21.mp4,0.0,0,0.0,0.0,0.0,0.0,0.0,0.0,0.0,
2026-07-12_01-17-01.mp4,0.075,1,0.00013856450095772743,0.03231009840965271,2.0283217963878997e-05,7.206710142781958e-05,5.859399971086532e-05,6.096505967434496e-05,0.00013856450095772743,
2026-07-14_05-23-43.mp4,0.0,0,0.0,0.0,0.0,0.0,0.0,0.0,0.0,
2026-07-16_18-29-59.mp4,0.025,1,0.006227994337677956,0.07348160445690155,0.0007609138265252113,0.0026092599146068096,0.0012697030324488878,0.001570136402733624,0.006227994337677956,
2026-07-11_18-13-09.mp4,0.0,0,0.0,0.0,0.0,0.0,0.0,0.0,0.0,
2026-07-22_14-09-56.mp4,0.075,1,0.0006177753675729036,0.052360907196998596,2.9612558137159795e-05,0.000124744328786619,0.00012307330325711519,0.00012362304551061243,0.0006177753675729036,
2026-07-19_03-03-55.mp4,0.125,1,0.028871482238173485,0.22794513404369354,0.0009122720803134143,0.0007478754268959165,0.003872556844726205,0.021487783640623093,0.028871482238173485,
2026-07-14_23-17-19.mp4,0.075,3,0.0013001218903809786,0.082367904484272,0.00016154856712091714,0.0007800637395121157,0.0003511885879561305,0.00042380066588521004,0.0013001218903809786,
2026-07-01_20-18-01.mp4,0.15,3,0.0009276496712118387,0.105487160384655,0.0001108643991756253,0.0001637928216950968,0.00028669004677794874,0.0003989150281995535,0.0009276496712118387,
2026-07-04_20-58-29.mp4,0.0,0,0.0,0.0,0.0,0.0,0.0,0.0,0.0,
2026-07-03_12-48-19.mp4,0.0,0,0.0,0.0,0.0,0.0,0.0,0.0,0.0,
2026-07-11_10-18-34.mp4,0.0,0,0.0,0.0,0.0,0.0,0.0,0.0,0.0,
2026-07-08_09-56-39.mp4,0.0,0,0.0,0.0,0.0,0.0,0.0,0.0,0.0,
2026-07-01_23-31-51.mp4,0.0,0,0.0,0.0,0.0,0.0,0.0,0.0,0.0,
2026-07-05_15-36-40.mp4,0.075,2,0.0008985996246337891,0.07969553768634796,0.00030158431036397815,0.0003495140699669719,0.000665864150505513,0.0003990133700426668,0.0008985996246337891,
2026-07-07_22-36-54.mp4,0.1,2,0.007501593790948391,0.3693350851535797,0.00048190372763201594,0.0017236293060705066,0.0012453313684090972,0.0017795008607208729,0.007501593790948391,
2026-07-09_18-50-17.mp4,0.075,2,0.0007492321892641485,0.058095093816518784,5.6266140745719895e-05,0.00011041948164347559,0.0001709193893475458,0.000270487682428211,0.0007492321892641485,
2026-07-07_07-02-19.mp4,0.0,0,0.0,0.0,0.0,0.0,0.0,0.0,0.0,
2026-07-21_23-55-48.mp4,0.0,0,0.0,0.0,0.0,0.0,0.0,0.0,0.0,
2026-07-10_14-05-32.mp4,0.0,0,0.0,0.0,0.0,0.0,0.0,0.0,0.0,
2026-07-21_13-04-54.mp4,0.0,0,0.0,0.0,0.0,0.0,0.0,0.0,0.0,
2026-07-09_05-45-12.mp4,0.025,1,0.0013741709990426898,0.06960780173540115,0.00032111338805407286,0.00029586657183244824,0.0005120906862430274,0.00044621730921790004,0.0013741709990426898,
2026-07-03_07-22-16.mp4,0.0,0,0.0,0.0,0.0,0.0,0.0,0.0,0.0,
2026-07-05_08-00-58.mp4,0.0,0,0.0,0.0,0.0,0.0,0.0,0.0,0.0,
2026-07-25_20-22-10.mp4,0.0,0,0.0,0.0,0.0,0.0,0.0,0.0,0.0,
2026-07-04_19-03-48.mp4,0.0,0,0.0,0.0,0.0,0.0,0.0,0.0,0.0,
2026-07-11_05-03-32.mp4,0.275,2,0.025751184672117233,0.8195928335189819,0.0008119998383335769,0.0031251725740730762,0.004507949575781822,0.005677165929228067,0.025751184672117233,
2026-07-14_14-58-37.mp4,0.0,0,0.0,0.0,0.0,0.0,0.0,0.0,0.0,
2026-07-10_14-20-43.mp4,0.0,0,0.0,0.0,0.0,0.0,0.0,0.0,0.0,
2026-07-08_09-04-57.mp4,0.0,0,0.0,0.0,0.0,0.0,0.0,0.0,0.0,
2026-07-09_08-50-40.mp4,0.0,0,0.0,0.0,0.0,0.0,0.0,0.0,0.0,
2026-07-19_19-19-09.mp4,0.05,2,0.0034262370318174362,0.2629646956920624,0.0003218342608306557,0.000702434394042939,0.0007882181671448052,0.0010357018327340484,0.0034262370318174362,
2026-07-14_13-34-44.mp4,0.0,0,0.0,0.0,0.0,0.0,0.0,0.0,0.0,
2026-07-19_14-58-37.mp4,0.05,2,0.0015911872033029795,0.09363695979118347,0.00031347476760856807,0.0013563513057306409,0.0004599004168994725,0.0005087322788313031,0.0015911872033029795,
2026-07-18_15-07-56.mp4,0.025,1,0.0006045777117833495,0.04203552380204201,9.758541273185983e-05,0.0005729470285587013,0.00018070664373226464,0.00021801805996801704,0.0006045777117833495,
2026-07-22_11-06-40.mp4,0.15,3,0.013223954476416111,0.2595008611679077,0.000495274318382144,0.0006671323208138347,0.0010584878036752343,0.0019300127169117332,0.013223954476416111,
2026-07-05_02-14-17.mp4,0.025,1,0.00029336276929825544,0.07494944334030151,6.726809806423262e-05,0.00029336276929825544,0.000269338401267305,0.0001846251543611288,0.00018455300596542656,
2026-07-10_12-45-14.mp4,0.0,0,0.0,0.0,0.0,0.0,0.0,0.0,0.0,
2026-07-24_19-25-49.mp4,0.05,2,0.0009686346747912467,0.058473505079746246,0.00016886355297174305,0.00031857762951403856,0.00039471822674386203,0.00046301272232085466,0.0009686346747912467,
2026-07-13_23-46-46.mp4,0.025,1,0.001290379324927926,0.056654538959264755,0.00028639909578487277,0.00033392818295396864,0.0004030482959933579,0.0005702589405700564,0.001290379324927926,
2026-07-15_04-26-22.mp4,0.0,0,0.0,0.0,0.0,0.0,0.0,0.0,0.0,
2026-07-10_22-30-30.mp4,0.15,3,0.005413041915744543,0.21960732340812683,0.00023817877809051424,0.0010981665691360831,0.001411439385265112,0.001656799460761249,0.005413041915744543,
2026-07-20_19-47-05.mp4,0.1,3,0.004385071340948343,0.13053230941295624,0.00023279291053768247,0.0016894475556910038,0.0013737862464040518,0.0024107377976179123,0.004385071340948343,
2026-07-09_13-27-25.mp4,0.025,1,0.00039984341128729284,0.04720334708690643,7.264406303875148e-05,0.00012183383660158142,9.478962601860985e-05,0.00011973641812801361,0.00039984341128729284,
2026-07-12_06-44-45.mp4,0.1,3,0.003521647537127137,0.17200486361980438,0.0004226268792990595,0.0016944990493357182,0.0009605323430150747,0.002403605030849576,0.003521647537127137,
2026-07-16_08-59-52.mp4,0.0,0,0.0,0.0,0.0,0.0,0.0,0.0,0.0,
2026-07-12_06-46-33.mp4,0.5,3,0.006987974513322115,0.43002650141716003,0.0006544162170030177,0.00047145114513114095,0.0006440209690481424,0.0033242395147681236,0.006987974513322115,
2026-07-09_07-42-10.mp4,0.0,0,0.0,0.0,0.0,0.0,0.0,0.0,0.0,
2026-07-24_23-41-59.mp4,0.05,1,0.01871582493185997,0.2553006708621979,0.001965966308489442,0.005446938797831535,0.005408441182225943,0.00730657484382391,0.01871582493185997,
2026-07-15_09-09-19.mp4,0.0,0,0.0,0.0,0.0,0.0,0.0,0.0,0.0,
2026-06-30_18-35-01.mp4,0.275,2,0.009083397686481476,0.6923969388008118,0.0002278179454151541,0.0006319709355011582,0.0009030720102600753,0.0029271438252180815,0.009083397686481476,
2026-07-12_18-54-35.mp4,0.0,0,0.0,0.0,0.0,0.0,0.0,0.0,0.0,
2026-07-22_23-12-27.mp4,0.15,2,0.00518001988530159,0.1528044044971466,0.000750134524423629,0.0022114927414804697,0.0015827036695554852,0.0017580077983438969,0.00518001988530159,
2026-07-20_09-54-15.mp4,0.025,1,0.0013431048719212413,0.21510456502437592,0.0001298988499911502,0.0006198395858518779,0.00038140368997119367,0.0005806075059808791,0.0013431048719212413,
2026-07-09_22-12-08.mp4,0.0,0,0.0,0.0,0.0,0.0,0.0,0.0,0.0,
2026-07-12_02-01-24.mp4,0.0,0,0.0,0.0,0.0,0.0,0.0,0.0,0.0,
2026-07-20_23-42-57.mp4,0.0,0,0.0,0.0,0.0,0.0,0.0,0.0,0.0,
2026-07-25_03-42-50.mp4,0.125,3,0.009438513778150082,0.2018071413040161,0.0004048541304655373,0.0027009809855371714,0.003347049467265606,0.002443848177790642,0.009438513778150082,
2026-07-13_04-05-25.mp4,0.0,0,0.0,0.0,0.0,0.0,0.0,0.0,0.0,
2026-07-19_01-50-55.mp4,0.0,0,0.0,0.0,0.0,0.0,0.0,0.0,0.0,
2026-07-15_10-09-19.mp4,0.0,0,0.0,0.0,0.0,0.0,0.0,0.0,0.0,
2026-07-02_07-01-15.mp4,0.0,0,0.0,0.0,0.0,0.0,0.0,0.0,0.0,
2026-07-01_21-27-16.mp4,0.025,1,0.00018931986414827406,0.05028652027249336,7.56473746150732e-05,0.00018931986414827406,0.00017798189946915954,0.00017730130639392883,0.000168446873431094,
2026-07-06_19-08-47.mp4,0.45,4,0.000843421439640224,0.5513606667518616,9.263977699447423e-05,0.0005253591807559133,0.0005864763516001403,0.0005820567021146417,0.000843421439640224,
2026-07-08_17-26-53.mp4,0.0,0,0.0,0.0,0.0,0.0,0.0,0.0,0.0,
2026-07-10_18-11-44.mp4,0.0,0,0.0,0.0,0.0,0.0,0.0,0.0,0.0,
2026-07-19_17-16-40.mp4,0.075,2,0.0012543608900159597,0.08626881241798401,0.0001101375455618836,0.0007528243004344404,0.0003133605932816863,0.0003899061121046543,0.0012543608900159597,
2026-07-08_06-21-22.mp4,0.0,0,0.0,0.0,0.0,0.0,0.0,0.0,0.0,
2026-07-14_14-16-38.mp4,0.0,0,0.0,0.0,0.0,0.0,0.0,0.0,0.0,
2026-07-19_02-15-55.mp4,0.425,2,0.0007495285244658589,0.28499436378479004,0.00010967808339046314,0.0004244024748913944,0.00012371809862088412,0.0003933094849344343,0.0007495285244658589,
2026-07-15_07-30-26.mp4,0.125,5,0.0028146356344223022,0.06209638714790344,0.00041836791206151247,0.000566470087505877,0.0008366082911379635,0.0016779260477051139,0.0028146356344223022,
2026-07-23_22-12-51.mp4,0.0,0,0.0,0.0,0.0,0.0,0.0,0.0,0.0,
2026-07-16_19-02-34.mp4,0.025,1,0.06599188596010208,0.1489494889974594,0.005398959387093782,0.007636231370270252,0.015782717615365982,0.02126902900636196,0.06599188596010208,
2026-07-08_18-46-33.mp4,0.075,2,0.006112198811024427,0.14559967815876007,0.0012911587255075574,0.0007805575150996447,0.0007550251903012395,0.0027557937428355217,0.006112198811024427,
2026-07-10_16-27-15.mp4,0.275,3,0.0011424212716519833,0.055376291275024414,0.0001025986930471845,0.0003561460180208087,0.00031009208760224283,0.0005185352056287229,0.0011424212716519833,
2026-07-02_03-19-46.mp4,0.0,0,0.0,0.0,0.0,0.0,0.0,0.0,0.0,
2026-07-07_19-10-49.mp4,0.15,2,0.009530785493552685,0.271903395652771,0.0005228028167039156,0.002079967875033617,0.0017176020191982388,0.0035520989913493395,0.009530785493552685,
2026-07-03_11-26-08.mp4,0.0,0,0.0,0.0,0.0,0.0,0.0,0.0,0.0,
2026-07-12_12-09-06.mp4,0.025,1,0.0033497437834739685,0.09647739678621292,0.0008439014200121164,0.000983437173999846,0.0010551080340519547,0.0015503560425713658,0.0033497437834739685,
2026-07-18_15-37-38.mp4,0.025,1,0.0008932111086323857,0.06158445030450821,0.00019700612756423652,0.000182823627255857,0.0002903595450334251,0.00047253386583179235,0.0008932111086323857,
2026-07-15_14-45-40.mp4,0.0,0,0.0,0.0,0.0,0.0,0.0,0.0,0.0,
2026-07-12_04-07-23.mp4,0.0,0,0.0,0.0,0.0,0.0,0.0,0.0,0.0,
2026-07-05_11-57-38.mp4,0.075,2,0.005851904861629009,0.06526166200637817,0.0009899645810946822,0.0010487850522622466,0.0008808575803413987,0.0012080197921022773,0.005851904861629009,
2026-07-14_07-27-30.mp4,0.0,0,0.0,0.0,0.0,0.0,0.0,0.0,0.0,
2026-07-22_15-18-25.mp4,0.1,4,0.001997858053073287,0.0697336345911026,0.0007539399666711688,0.0005837909993715584,0.0010133605683222413,0.0008507123566232622,0.001997858053073287,
2026-07-06_16-23-47.mp4,0.0,0,0.0,0.0,0.0,0.0,0.0,0.0,0.0,
2026-07-17_17-34-47.mp4,0.025,1,0.0019607534632086754,0.07591275125741959,0.00012787399464286864,0.0004268826451152563,0.00024273659801110625,0.0006718144286423922,0.0019607534632086754,
2026-07-03_08-48-15.mp4,0.0,0,0.0,0.0,0.0,0.0,0.0,0.0,0.0,
2026-07-24_02-31-48.mp4,0.05,1,0.004004030022770166,0.05468417704105377,0.00045093841617926955,0.0009390169871039689,0.0010864312062039971,0.0011104457080364227,0.004004030022770166,
2026-07-10_18-07-44.mp4,0.15,3,0.0010060908971354365,0.11213614046573639,0.00023069206508807838,0.00040600047213956714,0.00039694266160950065,0.0005102265276946127,0.0010060908971354365,
2026-07-09_05-50-30.mp4,0.0,0,0.0,0.0,0.0,0.0,0.0,0.0,0.0,
2026-07-03_08-53-51.mp4,0.05,1,0.00026744147180579603,0.06342891603708267,2.7071728254668415e-05,0.00014431502495426685,0.00012073400284862146,0.0001350136153632775,0.00026744147180579603,
2026-07-09_21-56-14.mp4,0.0,0,0.0,0.0,0.0,0.0,0.0,0.0,0.0,
2026-07-25_04-08-50.mp4,0.1,3,0.001410949626006186,0.05057331547141075,0.000276144448434934,0.0007715427782386541,0.0004121750534977764,0.0004215248627588153,0.001410949626006186,
2026-07-03_05-10-12.mp4,0.0,0,0.0,0.0,0.0,0.0,0.0,0.0,0.0,
2026-07-15_20-36-47.mp4,0.0,0,0.0,0.0,0.0,0.0,0.0,0.0,0.0,
2026-07-20_18-57-05.mp4,0.175,3,0.022634699940681458,0.24263347685337067,0.0018136563012376428,0.006104495842009783,0.005173760000616312,0.008393996395170689,0.022634699940681458,
2026-07-04_01-43-47.mp4,0.025,1,0.001774093136191368,0.08183459937572479,0.0005169185460545123,0.0012783471029251814,0.0007773630204610527,0.0006319784442894161,0.001774093136191368,
2026-07-07_09-21-18.mp4,0.0,0,0.0,0.0,0.0,0.0,0.0,0.0,0.0,
2026-07-18_17-52-24.mp4,0.125,1,0.0005360234063118696,0.05370680242776871,5.792431693407707e-05,0.00010523069795453921,0.00014153451775200665,0.0003497092111501843,0.0005360234063118696,
2026-07-09_18-50-29.mp4,0.35,3,0.0035707158967852592,0.17041783034801483,0.0007081844378262758,0.00208142027258873,0.0009243009844794869,0.0008141676080413163,0.0035707158967852592,
2026-07-04_05-06-49.mp4,0.0,0,0.0,0.0,0.0,0.0,0.0,0.0,0.0,
2026-07-12_21-21-21.mp4,0.1,2,0.002339371247217059,0.5100998878479004,0.0001290580548811704,0.0002725017548073083,0.00045656063593924046,0.0006728358566761017,0.002339371247217059,
2026-07-11_23-33-36.mp4,0.025,1,0.0017491457983851433,0.03814921900629997,7.805236236890778e-05,9.780210530152544e-05,0.00015581943443976343,0.0004672248905990273,0.0017491457983851433,
2026-07-22_14-13-08.mp4,0.075,3,0.0023060047533363104,0.12562555074691772,0.0004172252374701202,0.0010427082888782024,0.0009701608214527369,0.0005071505438536406,0.0023060047533363104,
2026-07-01_17-38-14.mp4,0.15,1,0.001719720079563558,0.24781011044979095,0.00010042945359600708,0.0005002235993742943,0.00032007330446504056,0.0004376711731310934,0.001719720079563558,
2026-07-03_12-11-13.mp4,0.0,0,0.0,0.0,0.0,0.0,0.0,0.0,0.0,
2026-07-19_08-24-45.mp4,0.025,1,0.0004171918844804168,0.061040688306093216,9.484829934081063e-05,0.00037386672920547426,0.00015472411178052425,0.0002641484315972775,0.0004171918844804168,
2026-07-09_23-38-59.mp4,0.05,1,0.0030823363922536373,0.07658404856920242,0.00038404599763453007,0.002369020599871874,0.0012765713036060333,0.0014879736118018627,0.0030823363922536373,
2026-07-01_11-04-29.mp4,0.0,0,0.0,0.0,0.0,0.0,0.0,0.0,0.0,
2026-07-09_23-01-41.mp4,0.2,1,0.00022806416382081807,0.04085591807961464,2.4358219889109023e-05,4.772227111971006e-05,5.6117547501344234e-05,0.00011457379878265783,0.00022806416382081807,
2026-07-14_22-51-08.mp4,0.175,2,0.0016721513820812106,0.05098498612642288,0.0001857301249401644,0.0003916452988050878,0.00029643380548805,0.00042528961785137653,0.0016721513820812106,
2026-07-19_00-04-38.mp4,0.05,1,0.004683291539549828,0.16065213084220886,0.00030874606454744935,0.0018299354705959558,0.001009737839922309,0.0014033762272447348,0.004683291539549828,
2026-07-12_10-33-31.mp4,0.0,0,0.0,0.0,0.0,0.0,0.0,0.0,0.0,
2026-07-14_19-34-19.mp4,0.075,1,0.0001946527190739289,0.017073573544621468,4.221761264489032e-05,9.425296593690291e-05,8.330825949087739e-05,0.00013228673196863383,0.0001946527190739289,
2026-07-10_09-27-53.mp4,0.075,2,0.0007851009722799063,0.04036535695195198,0.0001221360289491713,0.0005895703216083348,0.0002239779569208622,0.0004231884959153831,0.0007851009722799063,
2026-07-02_07-43-59.mp4,0.175,3,0.002849950222298503,0.31361013650894165,0.0001932890882017091,0.000638195255305618,0.0006628392147831619,0.0008351698634214699,0.002849950222298503,
2026-07-24_09-46-55.mp4,0.1,2,0.004006270784884691,0.33181849122047424,0.00014527945313602686,0.00041737008723430336,0.0006229482241906226,0.0009758528904058039,0.004006270784884691,
2026-07-05_16-32-39.mp4,0.275,4,0.003041197545826435,0.29273951053619385,0.00018147534865420312,0.0005026552826166153,0.0006762249395251274,0.0007713031372986734,0.003041197545826435,
2026-07-08_14-53-48.mp4,0.15,1,0.09751153737306595,0.04021912440657616,0.0021947475615888834,0.0029835947789251804,0.018001586198806763,0.019215961918234825,0.09751153737306595,
2026-07-07_20-51-42.mp4,0.075,3,0.0095036830753088,0.10606656968593597,0.0005414531333371997,0.002015399746596813,0.0022739453706890345,0.0019874866120517254,0.0095036830753088,
2026-07-06_15-58-42.mp4,0.05,1,0.0011838090140372515,0.04244614392518997,8.402159437537193e-05,0.00011956517118960619,0.0003232582821510732,0.0002987179032061249,0.0011838090140372515,
2026-07-04_01-37-47.mp4,0.1,2,0.007704518735408783,0.4045616388320923,0.00112168921623379,0.0016261526616290212,0.0022193295881152153,0.0018321414245292544,0.007704518735408783,
2026-07-12_18-01-20.mp4,0.025,1,0.0027866035234183073,0.14316098392009735,0.00044016633182764053,0.0011613003443926573,0.0008552203653380275,0.0006082599866203964,0.0027866035234183073,
2026-07-11_04-48-56.mp4,0.0,0,0.0,0.0,0.0,0.0,0.0,0.0,0.0,
2026-07-12_10-43-36.mp4,0.0,0,0.0,0.0,0.0,0.0,0.0,0.0,0.0,
2026-07-21_15-35-47.mp4,0.0,0,0.0,0.0,0.0,0.0,0.0,0.0,0.0,
2026-07-04_10-21-15.mp4,0.0,0,0.0,0.0,0.0,0.0,0.0,0.0,0.0,
2026-07-01_23-34-02.mp4,0.0,0,0.0,0.0,0.0,0.0,0.0,0.0,0.0,
2026-07-05_08-22-52.mp4,0.0,0,0.0,0.0,0.0,0.0,0.0,0.0,0.0,
2026-07-03_14-57-36.mp4,0.0,0,0.0,0.0,0.0,0.0,0.0,0.0,0.0,
2026-07-14_14-07-32.mp4,0.0,0,0.0,0.0,0.0,0.0,0.0,0.0,0.0,
2026-07-08_17-25-41.mp4,0.05,2,0.0009245996479876339,0.0745764747262001,0.00018520878802519292,0.00023806116951163858,0.00024234440934378654,0.0003255034680478275,0.0009245996479876339,
2026-07-11_11-08-52.mp4,0.0,0,0.0,0.0,0.0,0.0,0.0,0.0,0.0,
2026-07-22_02-09-04.mp4,0.0,0,0.0,0.0,0.0,0.0,0.0,0.0,0.0,
2026-07-04_09-43-58.mp4,0.0,0,0.0,0.0,0.0,0.0,0.0,0.0,0.0,
2026-07-12_18-23-53.mp4,0.0,0,0.0,0.0,0.0,0.0,0.0,0.0,0.0,
2026-07-24_19-17-43.mp4,0.0,0,0.0,0.0,0.0,0.0,0.0,0.0,0.0,
2026-07-17_20-41-15.mp4,0.125,2,0.008710985071957111,0.17863667011260986,0.0017013459000736475,0.003959036432206631,0.0035242903977632523,0.004579636268317699,0.008710985071957111,
2026-07-19_22-23-07.mp4,0.2,3,0.0827319324016571,0.13211125135421753,0.0022604772821068764,0.0036283524241298437,0.010513260029256344,0.021099762991070747,0.0827319324016571,
2026-07-02_15-47-15.mp4,0.05,1,0.0002648383961059153,0.0939473956823349,6.290863530011848e-05,0.00018718279898166656,0.00013145415869075805,0.00015926852938719094,0.0002648383961059153,
2026-07-09_07-36-05.mp4,0.025,1,0.0013128576101735234,0.037098657339811325,0.00016048290126491338,0.00047041571815498173,0.00021444133017212152,0.00028444008785299957,0.0013128576101735234,
2026-07-13_13-13-36.mp4,0.1,2,0.010164418257772923,0.2837347686290741,0.0006921117892488837,0.0008243171032518148,0.0015223752707242966,0.0019399785669520497,0.010164418257772923,
2026-07-02_17-00-45.mp4,0.0,0,0.0,0.0,0.0,0.0,0.0,0.0,0.0,
2026-07-05_10-11-15.mp4,0.0,0,0.0,0.0,0.0,0.0,0.0,0.0,0.0,
2026-07-24_05-11-34.mp4,0.025,1,0.0010466395178809762,0.0679592490196228,0.00017643145110923797,0.0005045982543379068,0.0002683924976736307,0.00039454345824196935,0.0010466395178809762,
2026-07-23_00-49-44.mp4,0.1,2,0.012676844373345375,0.18551546335220337,0.0016411803662776947,0.00606872932985425,0.005779276601970196,0.006876648403704166,0.012676844373345375,
2026-07-15_21-11-44.mp4,0.025,1,0.00020488945301622152,0.03825610876083374,1.596808033355046e-05,6.627853872487321e-05,8.659917511977255e-05,0.00016830189269967377,0.00020488945301622152,
2026-07-19_10-13-32.mp4,0.075,2,0.013719930313527584,0.12425833940505981,0.0008440505480393767,0.0032437131740152836,0.0027426823507994413,0.004024081397801638,0.013719930313527584,
2026-07-12_21-20-45.mp4,0.125,2,0.004015402868390083,0.07855630666017532,0.0005920705152675509,0.0015899621648713946,0.0007960985531099141,0.0008077306556515396,0.004015402868390083,
2026-07-04_00-50-17.mp4,0.0,0,0.0,0.0,0.0,0.0,0.0,0.0,0.0,
2026-07-02_03-20-34.mp4,0.0,0,0.0,0.0,0.0,0.0,0.0,0.0,0.0,
2026-07-20_21-39-04.mp4,0.0,0,0.0,0.0,0.0,0.0,0.0,0.0,0.0,
2026-07-15_21-44-02.mp4,0.0,0,0.0,0.0,0.0,0.0,0.0,0.0,0.0,
2026-07-03_22-54-22.mp4,0.1,2,0.005819424521178007,0.3247682452201843,0.0003055597480852157,0.0006117529119364917,0.0007741949521005154,0.0017952225171029568,0.005819424521178007,
2026-07-04_08-02-29.mp4,0.025,1,0.0025217817164957523,0.10960470885038376,0.00013176978973206133,0.0002436099894111976,0.0002834227925632149,0.0004166469443589449,0.0025217817164957523,
2026-07-02_21-22-23.mp4,0.05,1,0.003592617344111204,0.0926915854215622,0.00024012902576941997,0.003592617344111204,0.0006915770936757326,0.0008046895964071155,0.0015195381129160523,
2026-07-05_22-26-07.mp4,0.3,5,0.0013024049112573266,0.8831031918525696,0.00023761783086229116,0.00045597285497933626,0.00028394939727149904,0.0005320367636159062,0.0013024049112573266,
2026-07-06_17-45-54.mp4,0.0,0,0.0,0.0,0.0,0.0,0.0,0.0,0.0,
2026-07-23_16-33-05.mp4,0.15,1,0.001608039252460003,0.43269920349121094,0.00010303519229637459,0.00043867173371836543,0.00033149629598483443,0.0006942879408597946,0.001608039252460003,
2026-07-13_23-17-22.mp4,0.0,0,0.0,0.0,0.0,0.0,0.0,0.0,0.0,
2026-07-11_22-39-24.mp4,0.05,2,0.0022434538695961237,0.09141406416893005,0.0002537389809731394,0.0003159624175168574,0.0006963693303987384,0.0011483042035251856,0.0022434538695961237,
2026-07-07_12-25-40.mp4,0.0,0,0.0,0.0,0.0,0.0,0.0,0.0,0.0,
2026-07-17_13-14-46.mp4,0.0,0,0.0,0.0,0.0,0.0,0.0,0.0,0.0,
2026-07-18_15-18-44.mp4,0.275,2,0.0011772132711485028,0.09524372965097427,9.889579814625904e-05,0.0002160416916012764,0.0005204746266826987,0.0005698087625205517,0.0011772132711485028,
2026-07-21_15-03-41.mp4,0.0,0,0.0,0.0,0.0,0.0,0.0,0.0,0.0,
2026-07-01_23-35-02.mp4,0.0,0,0.0,0.0,0.0,0.0,0.0,0.0,0.0,
2026-07-14_14-16-02.mp4,0.0,0,0.0,0.0,0.0,0.0,0.0,0.0,0.0,
2026-07-12_21-19-03.mp4,0.05,2,0.0009101839968934655,0.07453345507383347,0.00012735767813865095,0.000622185820247978,0.00027511827647686005,0.00033037562388926744,0.0009101839968934655,
2026-07-22_12-09-09.mp4,0.05,2,0.007651929743587971,0.07126244157552719,0.0008260863251052797,0.0013444647192955017,0.0013662700075656176,0.0018242993392050266,0.007651929743587971,
2026-07-03_12-52-49.mp4,0.0,0,0.0,0.0,0.0,0.0,0.0,0.0,0.0,
2026-07-07_05-50-32.mp4,0.0,0,0.0,0.0,0.0,0.0,0.0,0.0,0.0,
2026-07-13_12-33-12.mp4,0.0,0,0.0,0.0,0.0,0.0,0.0,0.0,0.0,
2026-07-10_12-40-45.mp4,0.0,0,0.0,0.0,0.0,0.0,0.0,0.0,0.0,
2026-07-22_02-36-40.mp4,0.075,1,0.0011945359874516726,0.017418671399354935,0.00012809623149223626,0.0001370874379063025,0.00021102122263982892,0.00033469696063548326,0.0011945359874516726,
2026-07-07_11-11-11.mp4,0.05,1,0.002529889577999711,0.024528786540031433,0.001179061597213149,0.002529889577999711,0.0013617273652926087,0.0015909782378003001,0.002422760473564267,
2026-07-01_02-49-34.mp4,0.3,2,0.0022066065575927496,0.24675357341766357,0.00013801935710944235,0.00024158242740668356,0.00025173486210405827,0.000528426724486053,0.0022066065575927496,
2026-07-23_17-03-10.mp4,0.15,2,0.006027917377650738,0.30090779066085815,0.0008467770530842245,0.002083108527585864,0.0016656559891998768,0.0024991256650537252,0.006027917377650738,
2026-07-16_17-16-53.mp4,0.0,0,0.0,0.0,0.0,0.0,0.0,0.0,0.0,
2026-07-02_14-35-04.mp4,0.075,1,0.0027390315663069487,0.08204614371061325,0.0002544172457419336,0.0027390315663069487,0.0008138600969687104,0.0008275991422124207,0.0024530969094485044,
2026-07-05_12-00-02.mp4,0.0,0,0.0,0.0,0.0,0.0,0.0,0.0,0.0,
2026-07-18_11-17-40.mp4,0.0,0,0.0,0.0,0.0,0.0,0.0,0.0,0.0,
2026-07-05_11-44-03.mp4,0.0,0,0.0,0.0,0.0,0.0,0.0,0.0,0.0,
2026-07-07_02-07-34.mp4,0.05,2,0.0010606758296489716,0.02762543596327305,7.094867032719776e-05,0.00011035328498110175,0.0001511903537902981,0.0003531402035150677,0.0010606758296489716,
2026-07-02_20-43-01.mp4,0.125,1,0.001285102916881442,0.07999337464570999,8.976155368145555e-05,0.00026021222583949566,0.00043543148785829544,0.0007130906451493502,0.001285102916881442,
2026-07-04_18-39-00.mp4,0.025,1,0.0016465990338474512,0.10248082131147385,0.00011047403677366674,0.00036471939529292285,0.00041132798651233315,0.0003711350145749748,0.0016465990338474512,
2026-07-07_08-56-42.mp4,0.0,0,0.0,0.0,0.0,0.0,0.0,0.0,0.0,
2026-07-01_15-56-34.mp4,0.275,3,0.003810180351138115,0.2487833946943283,0.0016421627951785922,0.0013866329099982977,0.0017635452095419168,0.0017991234781220555,0.003810180351138115,
2026-07-13_16-10-39.mp4,0.0,0,0.0,0.0,0.0,0.0,0.0,0.0,0.0,
2026-07-09_22-16-26.mp4,0.0,0,0.0,0.0,0.0,0.0,0.0,0.0,0.0,
2026-07-23_22-54-14.mp4,0.025,1,0.0014190470101311803,0.0945088341832161,0.00040465756319463253,0.0011827710550278425,0.0005213787662796676,0.0004653279611375183,0.0014190470101311803,
2026-07-09_21-50-14.mp4,0.0,0,0.0,0.0,0.0,0.0,0.0,0.0,0.0,
2026-07-11_13-41-24.mp4,0.05,1,0.0020985545124858618,0.03473549708724022,0.0002801802475005388,0.0007426649681292474,0.0004781313182320446,0.0003703976981341839,0.0020985545124858618,
2026-07-07_04-52-03.mp4,0.0,0,0.0,0.0,0.0,0.0,0.0,0.0,0.0,
2026-07-15_23-41-03.mp4,0.075,2,0.006231073290109634,0.06722515821456909,0.00046329465112648904,0.0014652864774689078,0.0012202487559989095,0.0023531222250312567,0.006231073290109634,
2026-07-24_19-25-37.mp4,0.0,0,0.0,0.0,0.0,0.0,0.0,0.0,0.0,
2026-07-19_23-44-24.mp4,0.0,0,0.0,0.0,0.0,0.0,0.0,0.0,0.0,
2026-07-18_15-39-32.mp4,0.0,0,0.0,0.0,0.0,0.0,0.0,0.0,0.0,
2026-07-01_18-38-38.mp4,0.2,5,0.00752387847751379,0.6153135299682617,0.0002236103027826175,0.00067410699557513,0.0013490031706169248,0.0025295971427112818,0.00752387847751379,
2026-07-05_03-45-40.mp4,0.0,0,0.0,0.0,0.0,0.0,0.0,0.0,0.0,
