file,n_frames,face_frac,nose_lapvar,p_covered,p_visible,p_away,nose_covered_score,label_nose_covered,error
2026-07-18_03-15-51.mp4,12,0.0,,0.2467484474182129,0.6179367899894714,0.13531477749347687,0.2467484474182129,0,
2026-07-21_23-59-05.mp4,12,0.0,,0.32957756519317627,0.5562118887901306,0.1142105832695961,0.32957756519317627,1,
2026-07-07_20-52-18.mp4,12,0.0,,0.42512640357017517,0.5342402458190918,0.04063331335783005,0.42512640357017517,1,
2026-07-11_10-46-16.mp4,12,0.0,,0.33706939220428467,0.6072084903717041,0.05572214722633362,0.33706939220428467,1,
2026-07-02_18-28-08.mp4,12,0.0,,0.1731187105178833,0.75235515832901,0.07452621310949326,0.1731187105178833,0,
2026-07-04_15-25-25.mp4,12,0.0,,0.25942251086235046,0.6378716230392456,0.1027059406042099,0.25942251086235046,1,
2026-07-06_11-18-17.mp4,12,0.0,,0.21994882822036743,0.7268939018249512,0.05315724015235901,0.21994882822036743,0,
2026-07-13_10-44-07.mp4,12,0.0,,0.2536618113517761,0.6084591150283813,0.13787910342216492,0.2536618113517761,1,
2026-07-15_18-43-49.mp4,12,0.0,,0.3216637074947357,0.6021657586097717,0.07617053389549255,0.3216637074947357,1,
2026-07-03_20-05-24.mp4,12,0.0,,0.35012611746788025,0.5871742963790894,0.06269954890012741,0.35012611746788025,1,
2026-07-02_14-21-40.mp4,12,0.0,,0.21035641431808472,0.5582299828529358,0.23141361773014069,0.21035641431808472,0,
2026-07-24_09-05-02.mp4,12,0.0,,0.3563096821308136,0.5032168030738831,0.14047351479530334,0.3563096821308136,1,
2026-07-04_11-27-03.mp4,12,0.0,,0.18370336294174194,0.74146968126297,0.07482696324586868,0.18370336294174194,0,
2026-07-03_21-39-11.mp4,12,0.0,,0.4061547815799713,0.5214705467224121,0.07237470149993896,0.4061547815799713,1,
2026-07-09_07-36-17.mp4,12,0.0,,0.19914959371089935,0.761420488357544,0.039429910480976105,0.19914959371089935,0,
2026-07-08_07-36-22.mp4,12,0.0,,0.20039168000221252,0.6716728210449219,0.127935528755188,0.20039168000221252,0,
2026-07-11_10-58-46.mp4,12,0.0,,0.32828304171562195,0.6246863603591919,0.04703061655163765,0.32828304171562195,1,
2026-07-14_14-57-37.mp4,12,0.0,,0.29169413447380066,0.547046959400177,0.16125895082950592,0.29169413447380066,1,
2026-07-06_18-30-24.mp4,12,0.0,,0.29836276173591614,0.5167678594589233,0.18486937880516052,0.29836276173591614,1,
2026-07-04_08-43-52.mp4,12,0.0,,0.3482612371444702,0.5122809410095215,0.1394578516483307,0.3482612371444702,1,
2026-07-01_13-47-17.mp4,12,0.0,,0.24636824429035187,0.40700799226760864,0.34662380814552307,0.24636824429035187,0,
2026-07-04_14-38-54.mp4,12,0.0,,0.5528854727745056,0.36141711473464966,0.08569739758968353,0.5528854727745056,1,
2026-07-05_11-14-39.mp4,12,0.0,,0.22574296593666077,0.6710633039474487,0.1031937524676323,0.22574296593666077,0,
2026-07-21_14-07-06.mp4,12,0.0,,0.36614683270454407,0.2774115800857544,0.3564416170120239,0.36614683270454407,1,
2026-07-02_18-39-38.mp4,12,0.0,,0.23024286329746246,0.6082337498664856,0.16152343153953552,0.23024286329746246,0,
2026-07-08_19-30-32.mp4,12,0.0,,0.5176801085472107,0.4140019714832306,0.06831791251897812,0.5176801085472107,1,
2026-07-21_15-21-23.mp4,12,0.0,,0.33549764752388,0.536838948726654,0.1276634931564331,0.33549764752388,1,
2026-07-14_13-43-38.mp4,12,0.0,,0.32884275913238525,0.45935699343681335,0.21180033683776855,0.32884275913238525,1,
2026-07-04_11-24-27.mp4,12,0.0,,0.2600325047969818,0.6010914444923401,0.1388760507106781,0.2600325047969818,1,
2026-07-08_00-02-05.mp4,12,0.0,,0.2774710953235626,0.5760719180107117,0.14645697176456451,0.2774710953235626,1,
2026-07-15_13-47-22.mp4,12,0.0,,0.3068479895591736,0.5313665866851807,0.16178542375564575,0.3068479895591736,1,
2026-07-09_14-16-30.mp4,12,0.0,,0.6992931365966797,0.26364853978157043,0.03705837205052376,0.6992931365966797,1,
2026-07-03_23-37-58.mp4,12,0.0,,0.3867504894733429,0.4763513207435608,0.1368982195854187,0.3867504894733429,1,
2026-07-26_04-03-05.mp4,12,0.0,,0.41638922691345215,0.4929758310317993,0.09063493460416794,0.41638922691345215,1,
2026-07-09_16-29-05.mp4,12,0.0,,0.5469358563423157,0.3724571764469147,0.08060693740844727,0.5469358563423157,1,
2026-07-21_10-11-08.mp4,12,0.0,,0.19115391373634338,0.7299549579620361,0.07889112085103989,0.19115391373634338,0,
2026-07-03_15-19-59.mp4,12,0.0,,0.23891183733940125,0.5137540698051453,0.2473340779542923,0.23891183733940125,0,
2026-07-21_11-15-56.mp4,12,0.0,,0.21773916482925415,0.478339821100235,0.30392107367515564,0.21773916482925415,0,
2026-07-14_11-13-40.mp4,12,0.0,,0.19566605985164642,0.6603003740310669,0.14403364062309265,0.19566605985164642,0,
2026-07-18_15-37-50.mp4,12,0.0,,0.38566380739212036,0.4975344240665436,0.11680171638727188,0.38566380739212036,1,
2026-07-07_23-43-53.mp4,12,0.0,,0.29466480016708374,0.5595481395721436,0.14578711986541748,0.29466480016708374,1,
2026-07-03_03-29-48.mp4,12,0.0,,0.2284197211265564,0.709439754486084,0.062140509486198425,0.2284197211265564,0,
2026-07-07_02-58-34.mp4,12,0.0,,0.2665933072566986,0.6333207488059998,0.10008598119020462,0.2665933072566986,1,
2026-07-24_22-36-41.mp4,12,0.0,,0.29723256826400757,0.480694055557251,0.22207339107990265,0.29723256826400757,1,
2026-07-02_07-07-33.mp4,12,0.0,,0.22212615609169006,0.68248051404953,0.09539336711168289,0.22212615609169006,0,
2026-07-21_01-27-08.mp4,12,0.0,,0.2670366168022156,0.6408083438873291,0.0921550989151001,0.2670366168022156,1,
2026-07-09_23-39-23.mp4,12,0.0,,0.2600924074649811,0.6267151236534119,0.11319255828857422,0.2600924074649811,1,
2026-07-03_17-30-29.mp4,12,0.0,,0.35442614555358887,0.5934742093086243,0.05209970101714134,0.35442614555358887,1,
2026-07-07_05-36-56.mp4,12,0.0,,0.2626422643661499,0.6873618960380554,0.049995917826890945,0.2626422643661499,1,
2026-07-06_00-38-42.mp4,12,0.5,3.78285207459703,0.2626681923866272,0.662982165813446,0.07434970885515213,0.1313340961933136,0,
2026-07-19_14-44-25.mp4,12,0.0,,0.2383730560541153,0.646915853023529,0.11471108347177505,0.2383730560541153,0,
2026-07-05_19-03-42.mp4,12,0.0,,0.38827091455459595,0.5782381296157837,0.03349096328020096,0.38827091455459595,1,
2026-06-30_22-30-55.mp4,12,0.0,,0.2802901268005371,0.36520370841026306,0.3545062243938446,0.2802901268005371,1,
2026-07-22_15-11-20.mp4,12,0.0,,0.3929554224014282,0.5611687898635864,0.04587574303150177,0.3929554224014282,1,
2026-07-09_10-54-20.mp4,12,0.0,,0.2747418284416199,0.6464366316795349,0.0788215771317482,0.2747418284416199,1,
2026-07-03_05-08-42.mp4,12,0.0,,0.14786754548549652,0.7831061482429504,0.06902627646923065,0.14786754548549652,0,
2026-07-14_19-39-43.mp4,12,0.0,,0.2690698504447937,0.6150447130203247,0.1158854216337204,0.2690698504447937,1,
2026-07-08_01-41-58.mp4,12,0.0,,0.19712255895137787,0.7476527094841003,0.05522475019097328,0.19712255895137787,0,
2026-07-05_04-39-07.mp4,12,0.0,,0.27387458086013794,0.6732182502746582,0.05290718376636505,0.27387458086013794,1,
2026-07-10_08-25-17.mp4,12,0.0,,0.47753244638442993,0.4408329725265503,0.08163461834192276,0.47753244638442993,1,
2026-07-10_13-43-02.mp4,12,0.0,,0.22289010882377625,0.7012078762054443,0.07590211927890778,0.22289010882377625,0,
2026-07-03_12-57-19.mp4,12,0.0,,0.2872411608695984,0.6544657349586487,0.058293167501688004,0.2872411608695984,1,
2026-07-10_17-41-21.mp4,12,0.0,,0.39246320724487305,0.4878874719142914,0.11964935809373856,0.39246320724487305,1,
2026-07-01_23-44-26.mp4,12,0.0,,0.16415831446647644,0.7358961701393127,0.099945567548275,0.16415831446647644,0,
2026-07-09_20-02-45.mp4,12,0.0,,0.18087294697761536,0.7043843269348145,0.11474275588989258,0.18087294697761536,0,
2026-07-04_21-37-53.mp4,12,0.0,,0.30016034841537476,0.5235217809677124,0.17631791532039642,0.30016034841537476,1,
2026-07-21_12-26-37.mp4,12,0.0,,0.2916885316371918,0.6636255979537964,0.044685907661914825,0.2916885316371918,1,
2026-07-05_08-50-28.mp4,12,0.0,,0.19381916522979736,0.7547346353530884,0.05144630745053291,0.19381916522979736,0,
2026-07-20_22-59-51.mp4,12,0.0,,0.4452522397041321,0.33521249890327454,0.21953529119491577,0.4452522397041321,1,
2026-07-23_16-30-17.mp4,12,0.0,,0.3460184931755066,0.6045121550559998,0.04946937412023544,0.3460184931755066,1,
2026-07-08_14-17-00.mp4,12,0.0,,0.24114835262298584,0.6590833067893982,0.09976840764284134,0.24114835262298584,0,
2026-07-11_22-47-47.mp4,12,0.0,,0.16431155800819397,0.7747740745544434,0.06091436371207237,0.16431155800819397,0,
2026-07-05_12-53-32.mp4,12,0.0,,0.39310383796691895,0.5344435572624207,0.07245263457298279,0.39310383796691895,1,
2026-07-04_03-14-07.mp4,12,0.0,,0.4089664816856384,0.5336911678314209,0.057342372834682465,0.4089664816856384,1,
2026-07-22_21-21-30.mp4,12,0.0,,0.2674740254878998,0.6592363119125366,0.07328962534666061,0.2674740254878998,1,
2026-07-11_02-08-52.mp4,12,0.0,,0.25277963280677795,0.6772952675819397,0.06992509216070175,0.25277963280677795,1,
2026-07-24_11-44-30.mp4,12,0.0,,0.3082538843154907,0.6165215969085693,0.07522457838058472,0.3082538843154907,1,
2026-07-04_01-28-59.mp4,12,0.0,,0.39653855562210083,0.5355571508407593,0.06790430843830109,0.39653855562210083,1,
2026-07-23_16-33-41.mp4,12,0.0,,0.23475506901741028,0.6830148696899414,0.08223012834787369,0.23475506901741028,0,
2026-07-02_03-28-28.mp4,12,0.0,,0.2330285608768463,0.5406510233879089,0.22632047533988953,0.2330285608768463,0,
2026-07-10_07-19-36.mp4,12,0.0,,0.31205636262893677,0.5505962371826172,0.13734742999076843,0.31205636262893677,1,
2026-07-03_13-42-00.mp4,12,0.0,,0.319959819316864,0.6450273990631104,0.03501291573047638,0.319959819316864,1,
2026-07-08_20-28-32.mp4,12,0.0,,0.5105571150779724,0.4233380854129791,0.06610486656427383,0.5105571150779724,1,
2026-07-05_13-24-32.mp4,12,0.0,,0.2004542499780655,0.738226056098938,0.06131964921951294,0.2004542499780655,0,
2026-07-02_22-02-44.mp4,12,0.0,,0.3849194049835205,0.49302440881729126,0.12205621600151062,0.3849194049835205,1,
2026-07-03_19-51-30.mp4,12,0.0,,0.20013704895973206,0.5948968529701233,0.20496612787246704,0.20013704895973206,0,
2026-07-02_00-33-19.mp4,12,0.0,,0.09875648468732834,0.8207376599311829,0.0805058404803276,0.09875648468732834,0,
2026-07-14_04-52-43.mp4,12,0.0,,0.373199462890625,0.5447896718978882,0.08201093226671219,0.373199462890625,1,
2026-07-07_07-21-55.mp4,12,0.0,,0.2820974290370941,0.6764575839042664,0.04144497215747833,0.2820974290370941,1,
2026-07-05_02-32-35.mp4,12,0.0,,0.11946743726730347,0.817586362361908,0.06294618546962738,0.11946743726730347,0,
2026-07-12_15-51-19.mp4,12,0.0,,0.41729098558425903,0.09908626228570938,0.4836227297782898,0.41729098558425903,1,
2026-07-05_02-22-41.mp4,12,0.0,,0.11535036563873291,0.8214428424835205,0.06320678442716599,0.11535036563873291,0,
2026-07-09_16-19-35.mp4,12,0.0,,0.24569576978683472,0.6734231114387512,0.08088111132383347,0.24569576978683472,0,
2026-07-08_00-06-41.mp4,12,0.0,,0.3946800231933594,0.4332226514816284,0.1720973402261734,0.3946800231933594,1,
2026-07-17_12-08-29.mp4,12,0.0,,0.26230448484420776,0.7014644742012024,0.036231014877557755,0.26230448484420776,1,
2026-07-02_07-06-57.mp4,12,0.0,,0.24795518815517426,0.676360547542572,0.0756843090057373,0.24795518815517426,0,
2026-07-14_19-34-19.mp4,12,0.0,,0.328427255153656,0.5286954641342163,0.14287731051445007,0.328427255153656,1,
2026-07-01_18-55-25.mp4,12,0.0,,0.15248827636241913,0.6687954068183899,0.17871636152267456,0.15248827636241913,0,
2026-07-03_22-51-04.mp4,12,0.0,,0.21958409249782562,0.6596919894218445,0.12072394788265228,0.21958409249782562,0,
2026-07-04_08-57-10.mp4,12,0.0,,0.44435572624206543,0.4621073603630066,0.09353695064783096,0.44435572624206543,1,
2026-07-19_18-28-09.mp4,12,0.0,,0.39371585845947266,0.36399075388908386,0.24229338765144348,0.39371585845947266,1,
2026-07-25_11-11-51.mp4,12,0.0,,0.3584402799606323,0.5142652988433838,0.12729443609714508,0.3584402799606323,1,
2026-07-05_11-45-33.mp4,12,0.0,,0.3268451392650604,0.597664475440979,0.07549042999744415,0.3268451392650604,1,
2026-07-05_12-00-14.mp4,12,0.0,,0.39500340819358826,0.4817999303340912,0.12319662421941757,0.39500340819358826,1,
2026-07-12_14-49-12.mp4,12,0.0,,0.20909318327903748,0.6807083487510681,0.1101984903216362,0.20909318327903748,0,
2026-07-18_21-03-34.mp4,12,0.0,,0.2250664085149765,0.6326124668121338,0.1423211246728897,0.2250664085149765,0,
2026-07-17_07-51-32.mp4,12,0.0,,0.27127912640571594,0.5831777453422546,0.1455431878566742,0.27127912640571594,1,
2026-07-15_08-54-13.mp4,12,0.0,,0.3409239649772644,0.4172210097312927,0.24185502529144287,0.3409239649772644,1,
2026-07-10_10-11-58.mp4,12,0.0,,0.30173996090888977,0.6173174381256104,0.08094265311956406,0.30173996090888977,1,
2026-07-18_11-21-10.mp4,12,0.0,,0.33117789030075073,0.5935854911804199,0.07523662596940994,0.33117789030075073,1,
2026-07-02_04-18-21.mp4,12,0.0,,0.18297016620635986,0.7131224274635315,0.1039075031876564,0.18297016620635986,0,
2026-07-07_12-03-04.mp4,12,0.0,,0.24348841607570648,0.6390352249145508,0.11747632175683975,0.24348841607570648,0,
2026-07-12_05-31-52.mp4,12,0.0,,0.39717501401901245,0.42478781938552856,0.17803722620010376,0.39717501401901245,1,
2026-07-10_16-41-17.mp4,12,0.0,,0.2878755033016205,0.5549971461296082,0.15712741017341614,0.2878755033016205,1,
2026-07-08_22-03-34.mp4,12,0.0,,0.24982929229736328,0.6062741279602051,0.14389659464359283,0.24982929229736328,0,
2026-07-02_22-51-50.mp4,12,0.0,,0.24243207275867462,0.6124467849731445,0.14512121677398682,0.24243207275867462,0,
2026-07-14_14-55-25.mp4,12,0.0,,0.26766595244407654,0.5346992611885071,0.19763483107089996,0.26766595244407654,1,
2026-07-09_14-06-48.mp4,12,0.0,,0.5963483452796936,0.3658892512321472,0.03776242583990097,0.5963483452796936,1,
2026-07-05_11-44-27.mp4,12,0.0,,0.41389796137809753,0.46865078806877136,0.11745129525661469,0.41389796137809753,1,
2026-07-07_09-29-42.mp4,12,0.0,,0.366568386554718,0.5527655482292175,0.08066607266664505,0.366568386554718,1,
2026-07-04_05-06-13.mp4,12,0.0,,0.22977688908576965,0.7206951379776001,0.049528032541275024,0.22977688908576965,0,
2026-07-25_13-45-14.mp4,12,0.0,,0.2562960684299469,0.5165418982505798,0.22716203331947327,0.2562960684299469,1,
2026-07-20_11-29-50.mp4,12,0.0,,0.45240288972854614,0.4386262595653534,0.10897088795900345,0.45240288972854614,1,
2026-07-23_07-55-46.mp4,12,0.0,,0.2984465956687927,0.5922392010688782,0.10931426286697388,0.2984465956687927,1,
2026-07-05_03-45-40.mp4,12,0.0,,0.27137959003448486,0.5926461219787598,0.13597428798675537,0.27137959003448486,1,
2026-07-11_10-50-10.mp4,12,0.0,,0.3403165340423584,0.5767863392829895,0.08289714902639389,0.3403165340423584,1,
2026-07-06_11-38-17.mp4,12,0.0,,0.3305046260356903,0.5755770802497864,0.09391824901103973,0.3305046260356903,1,
2026-07-10_11-16-33.mp4,12,0.0,,0.18882378935813904,0.7719653844833374,0.03921082243323326,0.18882378935813904,0,
2026-07-21_15-33-11.mp4,12,0.0,,0.38846561312675476,0.5533137321472168,0.05822072923183441,0.38846561312675476,1,
2026-07-01_07-34-41.mp4,12,0.0,,0.25042852759361267,0.36847665905952454,0.3810948133468628,0.25042852759361267,1,
2026-07-09_20-06-33.mp4,12,0.0,,0.22525057196617126,0.6805535554885864,0.09419596195220947,0.22525057196617126,0,
2026-07-05_08-54-34.mp4,12,0.0,,0.23535272479057312,0.7134235501289368,0.05122373625636101,0.23535272479057312,0,
2026-07-13_07-11-03.mp4,12,0.0,,0.15215222537517548,0.8359856009483337,0.011862128041684628,0.15215222537517548,0,
2026-06-30_22-36-31.mp4,12,0.0,,0.3286746144294739,0.35046112537384033,0.32086434960365295,0.3286746144294739,1,
2026-07-02_02-26-28.mp4,12,0.0,,0.18874381482601166,0.6226214170455933,0.18863481283187866,0.18874381482601166,0,
2026-07-16_06-47-41.mp4,12,0.0,,0.4221010208129883,0.452261358499527,0.12563757598400116,0.4221010208129883,1,
2026-07-09_14-43-24.mp4,12,0.0,,0.7140700817108154,0.21378912031650543,0.07214086502790451,0.7140700817108154,1,
2026-07-08_07-39-46.mp4,12,0.0,,0.24667415022850037,0.6625336408615112,0.0907922312617302,0.24667415022850037,0,
2026-07-01_21-39-52.mp4,12,0.0,,0.20931382477283478,0.6650738716125488,0.12561233341693878,0.20931382477283478,0,
2026-07-03_00-43-25.mp4,12,0.0,,0.14115367829799652,0.7272179126739502,0.13162848353385925,0.14115367829799652,0,
2026-07-07_13-09-16.mp4,12,0.0,,0.3407818675041199,0.4511556625366211,0.20806249976158142,0.3407818675041199,1,
2026-07-06_21-21-10.mp4,12,0.0,,0.2035861611366272,0.7580597996711731,0.03835413232445717,0.2035861611366272,0,
2026-07-19_09-47-20.mp4,12,0.0,,0.5410302877426147,0.4172968566417694,0.04167291149497032,0.5410302877426147,1,
2026-07-06_17-55-18.mp4,12,0.0,,0.3485206961631775,0.44436371326446533,0.20711560547351837,0.3485206961631775,1,
2026-07-04_00-54-53.mp4,12,0.0,,0.2554551661014557,0.6068722605705261,0.137672558426857,0.2554551661014557,1,
2026-07-06_00-12-00.mp4,12,0.08333333333333333,5.498626874219076,0.4824390411376953,0.47269898653030396,0.044862017035484314,0.442235787709554,1,
2026-07-10_22-16-06.mp4,12,0.0,,0.22479449212551117,0.6755642890930176,0.09964124858379364,0.22479449212551117,0,
2026-07-17_18-55-40.mp4,12,0.0,,0.35726380348205566,0.526166558265686,0.11656961590051651,0.35726380348205566,1,
2026-07-10_14-08-38.mp4,12,0.0,,0.22388052940368652,0.7293487191200256,0.0467708557844162,0.22388052940368652,0,
2026-07-14_13-50-14.mp4,12,0.0,,0.3427342176437378,0.5040684342384338,0.15319731831550598,0.3427342176437378,1,
2026-07-13_14-19-17.mp4,12,0.0,,0.41923680901527405,0.5148902535438538,0.06587298214435577,0.41923680901527405,1,
2026-07-11_17-01-06.mp4,12,0.0,,0.18230462074279785,0.794773280620575,0.022922126576304436,0.18230462074279785,0,
2026-07-15_07-45-14.mp4,12,0.0,,0.28301841020584106,0.5717648863792419,0.14521674811840057,0.28301841020584106,1,
2026-07-17_02-48-17.mp4,12,0.0,,0.22788798809051514,0.6298616528511047,0.1422504037618637,0.22788798809051514,0,
2026-07-11_01-54-22.mp4,12,0.0,,0.26173365116119385,0.6581544280052185,0.08011196553707123,0.26173365116119385,1,
2026-07-07_11-13-41.mp4,12,0.0,,0.37481072545051575,0.4937230944633484,0.13146616518497467,0.37481072545051575,1,
2026-07-09_20-30-03.mp4,12,0.0,,0.2256367951631546,0.7014962434768677,0.0728670284152031,0.2256367951631546,0,
2026-07-04_06-44-10.mp4,12,0.0,,0.28617942333221436,0.6768286824226379,0.03699187934398651,0.28617942333221436,1,
2026-07-06_00-40-30.mp4,12,0.75,5.24065984,0.2889746427536011,0.6531180739402771,0.057907313108444214,0.07224366068840027,0,
2026-07-26_04-39-41.mp4,12,0.0,,0.28453558683395386,0.6345958709716797,0.08086859434843063,0.28453558683395386,1,
2026-07-07_04-51-03.mp4,12,0.0,,0.33233642578125,0.5771859288215637,0.09047764539718628,0.33233642578125,1,
2026-07-18_15-16-56.mp4,12,0.0,,0.2948343753814697,0.6393884420394897,0.06577727943658829,0.2948343753814697,1,
2026-07-05_13-05-20.mp4,12,0.0,,0.1564304083585739,0.7295200228691101,0.11404964327812195,0.1564304083585739,0,
2026-07-08_01-03-52.mp4,12,0.0,,0.38014236092567444,0.39225977659225464,0.22759784758090973,0.38014236092567444,1,
2026-07-12_18-22-53.mp4,12,0.0,,0.34596866369247437,0.5171573758125305,0.1368740200996399,0.34596866369247437,1,
2026-07-04_08-29-11.mp4,12,0.0,,0.3783978819847107,0.5200234651565552,0.1015787348151207,0.3783978819847107,1,
2026-06-30_14-24-25.mp4,12,0.0,,0.3159262537956238,0.3693079352378845,0.3147658407688141,0.3159262537956238,1,
2026-06-30_18-22-13.mp4,12,0.0,,0.3173174560070038,0.42501187324523926,0.25767070055007935,0.3173174560070038,1,
2026-07-25_01-14-46.mp4,12,0.0,,0.25987735390663147,0.6175164580345154,0.12260625511407852,0.25987735390663147,1,
2026-07-04_02-40-16.mp4,12,0.0,,0.3018181622028351,0.6408286690711975,0.05735316127538681,0.3018181622028351,1,
2026-07-01_09-36-54.mp4,12,0.0,,0.5569139719009399,0.38638657331466675,0.056699492037296295,0.5569139719009399,1,
2026-07-17_07-23-14.mp4,12,0.0,,0.3165573477745056,0.5861714482307434,0.09727124869823456,0.3165573477745056,1,
2026-07-13_10-50-01.mp4,12,0.0,,0.23861074447631836,0.6097190380096436,0.1516701877117157,0.23861074447631836,0,
2026-07-22_03-10-40.mp4,12,0.0,,0.4555840492248535,0.4382922053337097,0.10612379014492035,0.4555840492248535,1,
2026-07-06_00-19-30.mp4,12,0.6666666666666666,7.508457094810957,0.24533800780773163,0.6765788197517395,0.07808320224285126,0.08177933593591055,0,
2026-07-25_19-45-28.mp4,12,0.0,,0.2674553394317627,0.5797443389892578,0.15280035138130188,0.2674553394317627,1,
2026-07-07_04-57-45.mp4,12,0.08333333333333333,6.44508611111111,0.2739657163619995,0.596412181854248,0.12962211668491364,0.2511352399984995,1,
2026-07-02_02-31-16.mp4,12,0.0,,0.09531578421592712,0.8415411710739136,0.0631430447101593,0.09531578421592712,0,
2026-07-21_10-13-44.mp4,12,0.0,,0.23153118789196014,0.662156343460083,0.10631249845027924,0.23153118789196014,0,
2026-07-06_15-22-42.mp4,12,0.0,,0.4451897144317627,0.4810606837272644,0.0737496092915535,0.4451897144317627,1,
2026-07-05_13-04-02.mp4,12,0.0,,0.3414555788040161,0.5215510129928589,0.1369934380054474,0.3414555788040161,1,
2026-07-11_17-57-30.mp4,12,0.0,,0.49094295501708984,0.360530287027359,0.14852678775787354,0.49094295501708984,1,
2026-07-06_13-28-15.mp4,12,0.0,,0.3772405982017517,0.5236987471580505,0.09906070679426193,0.3772405982017517,1,
2026-07-22_08-55-23.mp4,12,0.0,,0.25647950172424316,0.6436681151390076,0.09985236078500748,0.25647950172424316,1,
2026-07-14_11-50-03.mp4,12,0.0,,0.2488873451948166,0.6342505812644958,0.11686205118894577,0.2488873451948166,0,
2026-07-05_04-36-37.mp4,12,0.5,10.852781108106923,0.370795875787735,0.5293772220611572,0.09982698410749435,0.1853979378938675,0,
2026-07-18_15-12-44.mp4,12,0.0,,0.24224123358726501,0.6809777617454529,0.07678104192018509,0.24224123358726501,0,
2026-07-05_11-30-27.mp4,12,0.0,,0.3294023871421814,0.5340611934661865,0.13653647899627686,0.3294023871421814,1,
2026-07-09_19-59-21.mp4,12,0.0,,0.1494453400373459,0.7604443430900574,0.09011033177375793,0.1494453400373459,0,
2026-07-08_23-17-10.mp4,12,0.0,,0.3846932649612427,0.538277268409729,0.07702948153018951,0.3846932649612427,1,
2026-07-11_02-05-10.mp4,12,0.0,,0.2678624093532562,0.6875438094139099,0.04459381103515625,0.2678624093532562,1,
2026-07-18_17-58-18.mp4,12,0.0,,0.2507898807525635,0.5911906957626343,0.15801943838596344,0.2507898807525635,1,
2026-07-26_02-22-06.mp4,12,0.0,,0.25307220220565796,0.660581111907959,0.08634670823812485,0.25307220220565796,1,
2026-07-25_23-50-02.mp4,12,0.0,,0.4600400924682617,0.4036915898323059,0.13626836240291595,0.4600400924682617,1,
2026-07-15_18-36-07.mp4,12,0.0,,0.4708718955516815,0.4849053621292114,0.04422275722026825,0.4708718955516815,1,
2026-07-05_19-02-30.mp4,12,0.0,,0.4479767680168152,0.5226394534111023,0.029383817687630653,0.4479767680168152,1,
2026-07-02_14-21-52.mp4,12,0.0,,0.29109930992126465,0.6287688612937927,0.080131895840168,0.29109930992126465,1,
2026-07-10_13-30-56.mp4,12,0.0,,0.2720758616924286,0.6252071857452393,0.10271701216697693,0.2720758616924286,1,
2026-07-19_10-43-50.mp4,12,0.0,,0.2632521986961365,0.47479352355003357,0.26195424795150757,0.2632521986961365,1,
2026-07-22_08-55-11.mp4,12,0.0,,0.2529955208301544,0.6691994071006775,0.07780508697032928,0.2529955208301544,1,
2026-07-11_14-51-59.mp4,12,0.0,,0.33292075991630554,0.5863035917282104,0.08077561855316162,0.33292075991630554,1,
2026-07-14_13-36-50.mp4,12,0.0,,0.2650110125541687,0.4868788719177246,0.2481101155281067,0.2650110125541687,1,
2026-07-09_05-41-42.mp4,12,0.0,,0.2160508781671524,0.7486405372619629,0.03530862554907799,0.2160508781671524,0,
2026-07-13_19-47-54.mp4,12,0.0,,0.34912437200546265,0.5838342308998108,0.06704147160053253,0.34912437200546265,1,
2026-07-04_08-07-23.mp4,12,0.0,,0.3098539412021637,0.6129533648490906,0.07719270139932632,0.3098539412021637,1,
2026-07-12_06-40-09.mp4,12,0.0,,0.22913984954357147,0.6572044491767883,0.11365573108196259,0.22913984954357147,0,
2026-07-20_22-00-40.mp4,12,0.0,,0.2624134123325348,0.5651212334632874,0.17246544361114502,0.2624134123325348,1,
2026-07-09_14-09-54.mp4,12,0.0,,0.5911529064178467,0.3596554696559906,0.04919162392616272,0.5911529064178467,1,
2026-07-11_17-16-00.mp4,12,0.0,,0.3551633656024933,0.5727995038032532,0.07203710079193115,0.3551633656024933,1,
2026-07-22_11-06-16.mp4,12,0.0,,0.28723064064979553,0.6544262170791626,0.058343175798654556,0.28723064064979553,1,
2026-07-11_18-03-59.mp4,12,0.0,,0.5874012112617493,0.27017247676849365,0.14242637157440186,0.5874012112617493,1,
2026-07-07_02-08-58.mp4,12,0.0,,0.3702132999897003,0.39892613887786865,0.230860635638237,0.3702132999897003,1,
2026-07-05_08-50-04.mp4,12,0.0,,0.19858033955097198,0.7185789346694946,0.08284083753824234,0.19858033955097198,0,
2026-07-12_13-49-37.mp4,12,0.0,,0.3951411843299866,0.2419396936893463,0.3629191219806671,0.3951411843299866,1,
2026-07-05_16-17-58.mp4,12,0.0,,0.32289719581604004,0.6091618537902832,0.06794098764657974,0.32289719581604004,1,
2026-07-18_14-15-57.mp4,12,0.0,,0.3497801721096039,0.5773103833198547,0.07290947437286377,0.3497801721096039,1,
2026-07-07_08-40-54.mp4,12,0.0,,0.4376746714115143,0.46923908591270447,0.09308628737926483,0.4376746714115143,1,
2026-07-14_07-22-30.mp4,12,0.0,,0.3724544942378998,0.5060297846794128,0.12151579558849335,0.3724544942378998,1,
2026-07-02_03-37-04.mp4,12,0.0,,0.2488316297531128,0.5289717316627502,0.22219662368297577,0.2488316297531128,0,
2026-07-18_07-25-37.mp4,12,0.0,,0.22550854086875916,0.5494818091392517,0.22500969469547272,0.22550854086875916,0,
2026-07-09_16-03-11.mp4,12,0.0,,0.2275286465883255,0.7175154685974121,0.05495593324303627,0.2275286465883255,0,
2026-07-07_00-25-47.mp4,12,0.0,,0.30900484323501587,0.3307053744792938,0.3602898120880127,0.30900484323501587,1,
2026-07-08_15-52-23.mp4,12,0.0,,0.34688231348991394,0.5354693531990051,0.11764833331108093,0.34688231348991394,1,
2026-07-07_18-54-31.mp4,12,0.0,,0.18730026483535767,0.7696712017059326,0.043028589338064194,0.18730026483535767,0,
2026-07-08_22-28-52.mp4,12,0.0,,0.30866292119026184,0.549042284488678,0.14229479432106018,0.30866292119026184,1,
2026-07-10_06-38-12.mp4,12,0.0,,0.26210594177246094,0.6687500476837158,0.06914407014846802,0.26210594177246094,1,
2026-07-06_00-06-48.mp4,12,0.0,,0.3719545006752014,0.6130651235580444,0.014980396255850792,0.3719545006752014,1,
2026-06-30_21-42-49.mp4,12,0.0,,0.5419813394546509,0.15242083370685577,0.30559784173965454,0.5419813394546509,1,
2026-07-09_17-06-41.mp4,12,0.0,,0.38164466619491577,0.4230988323688507,0.1952565759420395,0.38164466619491577,1,
2026-07-10_14-14-32.mp4,12,0.0,,0.15168339014053345,0.834406852722168,0.013909854926168919,0.15168339014053345,0,
2026-07-17_22-41-12.mp4,12,0.0,,0.20193378627300262,0.5766120553016663,0.2214542180299759,0.20193378627300262,0,
2026-07-07_09-21-30.mp4,12,0.0,,0.5101719498634338,0.3770843744277954,0.11274363100528717,0.5101719498634338,1,
2026-07-23_23-23-20.mp4,12,0.0,,0.2950553894042969,0.4576866030693054,0.2472580075263977,0.2950553894042969,1,
2026-07-01_23-34-02.mp4,12,0.0,,0.23878821730613708,0.6473237872123718,0.1138879656791687,0.23878821730613708,0,
2026-07-02_10-03-43.mp4,12,0.0,,0.43457770347595215,0.5429836511611938,0.022438667714595795,0.43457770347595215,1,
2026-07-23_16-34-53.mp4,12,0.0,,0.17993956804275513,0.7939935922622681,0.026066897436976433,0.17993956804275513,0,
2026-07-05_09-24-45.mp4,12,0.0,,0.1722114384174347,0.7696908712387085,0.058097727596759796,0.1722114384174347,0,
2026-07-08_14-14-06.mp4,12,0.0,,0.23829685151576996,0.6755396127700806,0.08616358786821365,0.23829685151576996,0,
2026-07-15_19-51-18.mp4,12,0.0,,0.2791348695755005,0.5230711102485657,0.19779403507709503,0.2791348695755005,1,
2026-07-07_20-22-24.mp4,12,0.0,,0.5133914947509766,0.45591801404953003,0.03069046512246132,0.5133914947509766,1,
2026-07-02_04-20-51.mp4,12,0.0,,0.3729007840156555,0.5536849498748779,0.07341430336236954,0.3729007840156555,1,
2026-07-06_21-32-40.mp4,12,0.0,,0.251120924949646,0.7107166647911072,0.03816240653395653,0.251120924949646,1,
2026-07-01_21-39-40.mp4,12,0.0,,0.20707157254219055,0.5929835438728333,0.19994494318962097,0.20707157254219055,0,
2026-07-08_14-04-43.mp4,12,0.0,,0.26084738969802856,0.6824462413787842,0.056706395000219345,0.26084738969802856,1,
2026-07-25_10-54-16.mp4,12,0.0,,0.3296782374382019,0.4934680461883545,0.1768537163734436,0.3296782374382019,1,
2026-07-22_00-40-41.mp4,12,0.0,,0.2501438856124878,0.5564743876457214,0.1933816820383072,0.2501438856124878,1,
2026-07-08_21-47-05.mp4,12,0.0,,0.20493492484092712,0.700273871421814,0.09479126334190369,0.20493492484092712,0,
2026-07-06_10-36-35.mp4,12,0.0,,0.2852625250816345,0.6516104936599731,0.0631270632147789,0.2852625250816345,1,
2026-07-11_01-38-52.mp4,12,0.0,,0.39087826013565063,0.5714467763900757,0.03767502307891846,0.39087826013565063,1,
2026-07-16_03-54-01.mp4,12,0.0,,0.279951274394989,0.5710121989250183,0.1490364968776703,0.279951274394989,1,
2026-07-24_07-27-45.mp4,12,0.0,,0.18646013736724854,0.7090578079223633,0.10448217391967773,0.18646013736724854,0,
2026-07-21_12-03-43.mp4,12,0.0,,0.30375930666923523,0.630094051361084,0.06614668667316437,0.30375930666923523,1,
2026-07-25_17-53-47.mp4,12,0.0,,0.42569202184677124,0.3426137864589691,0.23169420659542084,0.42569202184677124,1,
2026-07-15_23-38-39.mp4,12,0.0,,0.22974714636802673,0.2897762358188629,0.4804767072200775,0.22974714636802673,0,
2026-07-17_02-45-53.mp4,12,0.0,,0.29910939931869507,0.5482255816459656,0.15266507863998413,0.29910939931869507,1,
2026-07-01_08-20-13.mp4,12,0.0,,0.5892587900161743,0.3746289610862732,0.03611230105161667,0.5892587900161743,1,
2026-07-14_14-23-08.mp4,12,0.0,,0.34382912516593933,0.5045949220657349,0.1515759378671646,0.34382912516593933,1,
2026-07-01_18-03-11.mp4,12,0.0,,0.3014974296092987,0.5956015586853027,0.10290106385946274,0.3014974296092987,1,
2026-07-22_15-16-25.mp4,12,0.0,,0.38916119933128357,0.5569136738777161,0.05392516031861305,0.38916119933128357,1,
2026-07-21_15-30-17.mp4,12,0.0,,0.23237064480781555,0.6166915893554688,0.1509377509355545,0.23237064480781555,0,
2026-07-15_10-09-37.mp4,12,0.0,,0.19791114330291748,0.7547469735145569,0.047341957688331604,0.19791114330291748,0,
2026-07-13_09-23-56.mp4,12,0.0,,0.24202635884284973,0.6346933245658875,0.12328037619590759,0.24202635884284973,0,
2026-07-26_02-38-12.mp4,12,0.0,,0.3980027735233307,0.47447073459625244,0.12752650678157806,0.3980027735233307,1,
2026-07-06_18-28-18.mp4,12,0.0,,0.3308718800544739,0.3461594581604004,0.3229686915874481,0.3308718800544739,1,
2026-07-20_22-58-39.mp4,12,0.0,,0.2045195996761322,0.5819571614265442,0.213523268699646,0.2045195996761322,0,
2026-07-08_20-45-44.mp4,12,0.0,,0.4490548074245453,0.3519323766231537,0.1990129053592682,0.4490548074245453,1,
2026-07-07_06-17-32.mp4,12,0.0,,0.49343231320381165,0.3861207962036133,0.12044690549373627,0.49343231320381165,1,
2026-07-20_19-56-17.mp4,12,0.0,,0.183937206864357,0.5322059392929077,0.28385689854621887,0.183937206864357,0,
2026-07-07_17-24-13.mp4,12,0.0,,0.2736662030220032,0.5178892016410828,0.20844461023807526,0.2736662030220032,1,
2026-07-01_21-46-28.mp4,12,0.0,,0.26441773772239685,0.5816473364830017,0.15393497049808502,0.26441773772239685,1,
2026-07-04_10-20-39.mp4,12,0.0,,0.25619834661483765,0.705108642578125,0.03869309648871422,0.25619834661483765,1,
2026-07-03_06-02-05.mp4,12,0.0,,0.17392085492610931,0.5496615171432495,0.27641767263412476,0.17392085492610931,0,
2026-07-21_08-35-09.mp4,12,0.6666666666666666,2.7386380737304687,0.5323158502578735,0.4250796139240265,0.04260462522506714,0.17743861675262454,0,
2026-07-07_11-21-29.mp4,12,0.0,,0.4147641658782959,0.4377107322216034,0.1475251019001007,0.4147641658782959,1,
2026-07-10_17-56-38.mp4,12,0.0,,0.22519859671592712,0.6591129302978516,0.11568852514028549,0.22519859671592712,0,
2026-07-01_06-22-02.mp4,12,0.0,,0.2412635087966919,0.5069642066955566,0.2517722547054291,0.2412635087966919,0,
2026-07-07_22-36-30.mp4,12,0.0,,0.33093830943107605,0.5397036075592041,0.12935815751552582,0.33093830943107605,1,
2026-07-14_18-58-55.mp4,12,0.0,,0.26391226053237915,0.6167269945144653,0.1193607971072197,0.26391226053237915,1,
2026-07-05_10-26-43.mp4,12,0.0,,0.340232253074646,0.5940280556678772,0.06573966145515442,0.340232253074646,1,
2026-07-06_20-46-10.mp4,12,0.0,,0.42338478565216064,0.523070216178894,0.053545109927654266,0.42338478565216064,1,
2026-07-03_20-40-42.mp4,12,0.0,,0.4030294418334961,0.5317358374595642,0.06523476541042328,0.4030294418334961,1,
2026-07-09_09-56-15.mp4,12,0.0,,0.3751603364944458,0.5455943942070007,0.07924532890319824,0.3751603364944458,1,
2026-07-07_11-22-23.mp4,12,0.0,,0.26824572682380676,0.6090332269668579,0.12272105365991592,0.26824572682380676,1,
2026-07-21_06-13-05.mp4,12,0.0,,0.21817460656166077,0.6314817667007446,0.150343656539917,0.21817460656166077,0,
2026-07-02_06-23-27.mp4,12,0.0,,0.2879736125469208,0.5473941564559937,0.16463232040405273,0.2879736125469208,1,
2026-07-18_13-11-33.mp4,12,0.0,,0.3485981523990631,0.5500811338424683,0.10132072865962982,0.3485981523990631,1,
2026-07-20_15-33-11.mp4,12,0.0,,0.49897804856300354,0.35886093974113464,0.1421610563993454,0.49897804856300354,1,
2026-07-03_20-17-06.mp4,12,0.0,,0.32101067900657654,0.5651679039001465,0.11382152140140533,0.32101067900657654,1,
2026-07-25_02-51-45.mp4,12,0.0,,0.27763813734054565,0.5668851733207703,0.15547668933868408,0.27763813734054565,1,
2026-07-10_00-33-58.mp4,12,0.0,,0.41078001260757446,0.40411436557769775,0.18510566651821136,0.41078001260757446,1,
2026-07-14_22-37-56.mp4,12,0.0,,0.2888760566711426,0.5193287134170532,0.19179528951644897,0.2888760566711426,1,
2026-07-11_22-47-35.mp4,12,0.0,,0.14601898193359375,0.7720414400100708,0.08193958550691605,0.14601898193359375,0,
2026-07-25_03-50-44.mp4,12,0.0,,0.43233346939086914,0.42167189717292786,0.14599472284317017,0.43233346939086914,1,
2026-07-18_22-02-58.mp4,12,0.0,,0.2894282042980194,0.6529256701469421,0.05764613300561905,0.2894282042980194,1,
2026-07-03_12-08-55.mp4,12,0.0,,0.17508354783058167,0.7849896550178528,0.03992689773440361,0.17508354783058167,0,
2026-07-09_11-22-26.mp4,12,0.0,,0.22962212562561035,0.7256035804748535,0.044774383306503296,0.22962212562561035,0,
2026-07-08_20-45-56.mp4,12,0.0,,0.5460095405578613,0.2961529791355133,0.15783748030662537,0.5460095405578613,1,
2026-07-25_14-19-55.mp4,12,0.0,,0.34568631649017334,0.5118761658668518,0.14243759214878082,0.34568631649017334,1,
2026-07-02_12-47-41.mp4,12,0.0,,0.43308186531066895,0.5330501794815063,0.03386800363659859,0.43308186531066895,1,
2026-07-22_13-37-14.mp4,12,0.0,,0.34435439109802246,0.6203338503837585,0.035311803221702576,0.34435439109802246,1,
2026-07-02_17-24-03.mp4,12,0.0,,0.16524046659469604,0.6222577095031738,0.2125018686056137,0.16524046659469604,0,
2026-07-05_13-30-13.mp4,12,0.0,,0.3462037742137909,0.6121988296508789,0.0415973924100399,0.3462037742137909,1,
2026-07-25_23-28-20.mp4,12,0.0,,0.5007535219192505,0.4184320569038391,0.080814428627491,0.5007535219192505,1,
2026-07-20_19-49-41.mp4,12,0.0,,0.3803771436214447,0.4504757523536682,0.16914713382720947,0.3803771436214447,1,
2026-07-04_07-10-35.mp4,12,0.0,,0.39920562505722046,0.5051363706588745,0.09565795958042145,0.39920562505722046,1,
2026-07-18_15-37-26.mp4,12,0.16666666666666666,4.297285995564684,0.3168265223503113,0.558792233467102,0.12438125908374786,0.26402210195859277,1,
2026-07-05_03-38-10.mp4,12,0.0,,0.21552756428718567,0.6747050285339355,0.1097673773765564,0.21552756428718567,0,
2026-07-11_05-08-14.mp4,12,0.0,,0.357505738735199,0.5016592144966125,0.14083507657051086,0.357505738735199,1,
2026-07-12_17-42-44.mp4,12,0.0,,0.2761644423007965,0.5721613764762878,0.15167416632175446,0.2761644423007965,1,
2026-07-06_12-48-04.mp4,12,0.0,,0.39087793231010437,0.4462212324142456,0.1629008799791336,0.39087793231010437,1,
2026-07-02_10-13-13.mp4,12,0.0,,0.45207369327545166,0.5357651114463806,0.012161236256361008,0.45207369327545166,1,
2026-07-04_06-33-19.mp4,12,0.0,,0.23109248280525208,0.6940603256225586,0.07484716176986694,0.23109248280525208,0,
2026-07-01_08-19-22.mp4,12,0.0,,0.2667965888977051,0.5120700597763062,0.22113335132598877,0.2667965888977051,1,
2026-07-03_16-17-47.mp4,12,0.0,,0.19211126863956451,0.6004579067230225,0.20743083953857422,0.19211126863956451,0,
2026-07-04_08-06-05.mp4,12,0.0,,0.39867526292800903,0.5366862416267395,0.06463850289583206,0.39867526292800903,1,
2026-07-08_12-00-50.mp4,12,0.0,,0.32973650097846985,0.6081340312957764,0.06212949752807617,0.32973650097846985,1,
2026-07-04_02-22-22.mp4,12,0.0,,0.2258288711309433,0.5785866975784302,0.19558453559875488,0.2258288711309433,0,
2026-07-08_20-46-32.mp4,12,0.0,,0.5946663022041321,0.3122122883796692,0.09312144666910172,0.5946663022041321,1,
2026-07-09_11-46-02.mp4,12,0.0,,0.42405226826667786,0.5408097505569458,0.035137977451086044,0.42405226826667786,1,
2026-07-02_00-53-31.mp4,12,0.0,,0.16603243350982666,0.7348982691764832,0.09906932711601257,0.16603243350982666,0,
2026-07-21_11-17-55.mp4,12,0.0,,0.2167769819498062,0.5417647957801819,0.24145814776420593,0.2167769819498062,0,
2026-07-02_15-36-51.mp4,12,0.0,,0.22166606783866882,0.6525482535362244,0.12578564882278442,0.22166606783866882,0,
2026-07-10_14-21-31.mp4,12,0.0,,0.30261313915252686,0.6446245312690735,0.05276230722665787,0.30261313915252686,1,
2026-07-09_14-39-36.mp4,12,0.0,,0.5905807614326477,0.36431246995925903,0.04510679841041565,0.5905807614326477,1,
2026-07-06_23-41-24.mp4,12,0.0,,0.2437349557876587,0.5488885641098022,0.20737652480602264,0.2437349557876587,0,
2026-07-19_11-29-03.mp4,12,0.0,,0.24745091795921326,0.46460017561912537,0.287948876619339,0.24745091795921326,0,
2026-07-01_18-41-38.mp4,12,0.0,,0.29844245314598083,0.5566825270652771,0.14487500488758087,0.29844245314598083,1,
2026-07-07_02-06-58.mp4,12,0.0,,0.2448808252811432,0.6581760048866272,0.0969432070851326,0.2448808252811432,0,
2026-07-03_21-26-05.mp4,12,0.0,,0.24999764561653137,0.6163011193275452,0.13370129466056824,0.24999764561653137,0,
2026-07-05_15-50-46.mp4,12,0.0,,0.6083530187606812,0.3777149021625519,0.013932139612734318,0.6083530187606812,1,
2026-07-14_22-46-20.mp4,12,0.3333333333333333,6.920853766660288,0.36082395911216736,0.5224893093109131,0.11668673902750015,0.24054930607477826,0,
2026-07-03_11-05-56.mp4,12,0.0,,0.1626860499382019,0.8012526035308838,0.03606140613555908,0.1626860499382019,0,
2026-07-03_06-39-47.mp4,12,0.0,,0.21434658765792847,0.7102516889572144,0.07540178298950195,0.21434658765792847,0,
2026-07-04_23-49-45.mp4,12,0.0,,0.2696695625782013,0.6714596748352051,0.05887074023485184,0.2696695625782013,1,
2026-07-09_06-00-42.mp4,12,0.0,,0.4300778806209564,0.4521869421005249,0.11773522198200226,0.4300778806209564,1,
2026-07-09_16-02-35.mp4,12,0.0,,0.24857622385025024,0.710777759552002,0.040646009147167206,0.24857622385025024,0,
2026-07-07_01-16-47.mp4,12,0.0,,0.3709385097026825,0.5044599175453186,0.1246015727519989,0.3709385097026825,1,
2026-07-01_12-42-18.mp4,12,0.0,,0.3449246287345886,0.4600137174129486,0.19506168365478516,0.3449246287345886,1,
2026-07-06_18-02-30.mp4,12,0.0,,0.309177428483963,0.4412512183189392,0.24957135319709778,0.309177428483963,1,
2026-07-21_13-04-06.mp4,12,0.0,,0.2855302393436432,0.639661431312561,0.07480838149785995,0.2855302393436432,1,
2026-07-03_12-54-31.mp4,12,0.0,,0.2669452130794525,0.660393476486206,0.07266141474246979,0.2669452130794525,1,
2026-07-07_19-13-01.mp4,12,0.0,,0.2674351632595062,0.6793454885482788,0.053219422698020935,0.2674351632595062,1,
2026-07-06_18-34-41.mp4,12,0.0,,0.25560668110847473,0.5580800771713257,0.1863132268190384,0.25560668110847473,1,
2026-07-22_00-10-05.mp4,12,0.0,,0.38597041368484497,0.42388105392456055,0.1901485025882721,0.38597041368484497,1,
2026-07-05_22-00-32.mp4,12,0.0,,0.16904008388519287,0.7400072813034058,0.09095263481140137,0.16904008388519287,0,
2026-07-04_06-38-19.mp4,12,0.0,,0.2714444100856781,0.6601157784461975,0.06843984872102737,0.2714444100856781,1,
2026-07-15_17-49-49.mp4,12,0.0,,0.5579489469528198,0.37901630997657776,0.063034787774086,0.5579489469528198,1,
2026-07-03_00-17-57.mp4,12,0.0,,0.20140418410301208,0.7058585286140442,0.09273730218410492,0.20140418410301208,0,
2026-07-10_13-31-08.mp4,12,0.0,,0.19456364214420319,0.691312849521637,0.11412356048822403,0.19456364214420319,0,
2026-07-05_05-32-41.mp4,12,0.0,,0.18496838212013245,0.7166337370872498,0.09839794039726257,0.18496838212013245,0,
2026-07-06_03-20-46.mp4,12,0.0,,0.24786418676376343,0.6594595909118652,0.09267620742321014,0.24786418676376343,0,
2026-07-03_09-52-33.mp4,12,0.0,,0.2619040012359619,0.6809770464897156,0.05711901932954788,0.2619040012359619,1,
2026-07-19_23-44-12.mp4,12,0.0,,0.22255754470825195,0.5596553087234497,0.21778713166713715,0.22255754470825195,0,
2026-07-06_08-08-19.mp4,12,0.0,,0.44579464197158813,0.5036954283714294,0.050509970635175705,0.44579464197158813,1,
2026-07-09_17-33-59.mp4,12,0.0,,0.3638904094696045,0.2842530310153961,0.35185661911964417,0.3638904094696045,1,
2026-07-19_01-49-19.mp4,12,0.0,,0.2453550100326538,0.5125643610954285,0.2420806586742401,0.2453550100326538,0,
2026-07-06_00-38-06.mp4,12,0.75,4.92789543999566,0.2458447962999344,0.6491352915763855,0.10502002388238907,0.0614611990749836,0,
2026-07-09_06-58-17.mp4,12,0.0,,0.20639070868492126,0.7461540699005127,0.047455307096242905,0.20639070868492126,0,
2026-07-05_03-38-35.mp4,12,0.0,,0.18375757336616516,0.7178031802177429,0.09843935072422028,0.18375757336616516,0,
2026-07-23_00-50-32.mp4,12,0.0,,0.2938845455646515,0.59647536277771,0.10964005440473557,0.2938845455646515,1,
2026-07-02_10-35-18.mp4,12,0.0,,0.43262434005737305,0.4989366829395294,0.0684390664100647,0.43262434005737305,1,
2026-07-26_09-36-50.mp4,12,0.0,,0.299618661403656,0.6464871764183044,0.05389421433210373,0.299618661403656,1,
2026-07-05_07-56-22.mp4,12,0.0,,0.40042057633399963,0.522063136100769,0.0775163397192955,0.40042057633399963,1,
2026-07-24_02-31-24.mp4,12,0.0,,0.33697509765625,0.4626259505748749,0.2003990113735199,0.33697509765625,1,
2026-07-22_02-35-10.mp4,12,0.0,,0.22525271773338318,0.7126600742340088,0.06208726018667221,0.22525271773338318,0,
2026-07-15_04-26-46.mp4,12,0.0,,0.3227282166481018,0.46306219696998596,0.214209645986557,0.3227282166481018,1,
2026-07-08_18-53-51.mp4,12,0.0,,0.789282500743866,0.1726556420326233,0.03806189447641373,0.789282500743866,1,
2026-07-09_05-52-06.mp4,12,0.0,,0.2201543003320694,0.7459276914596558,0.033918023109436035,0.2201543003320694,0,
2026-07-05_12-13-44.mp4,12,0.0,,0.2213936597108841,0.5899723172187805,0.18863405287265778,0.2213936597108841,0,
2026-07-04_01-44-23.mp4,12,0.0,,0.19958294928073883,0.5888105630874634,0.2116064727306366,0.19958294928073883,0,
2026-07-18_07-18-19.mp4,12,0.0,,0.2103622555732727,0.5146709084510803,0.27496686577796936,0.2103622555732727,0,
2026-07-14_14-58-01.mp4,12,0.0,,0.22770369052886963,0.6625574827194214,0.10973886400461197,0.22770369052886963,0,
2026-07-26_04-10-11.mp4,12,0.0,,0.542609453201294,0.4055419862270355,0.051848672330379486,0.542609453201294,1,
2026-07-09_18-51-05.mp4,12,0.0,,0.34979405999183655,0.5973622798919678,0.05284368246793747,0.34979405999183655,1,
2026-07-07_10-49-23.mp4,12,0.0,,0.47030922770500183,0.3738221526145935,0.15586861968040466,0.47030922770500183,1,
2026-07-24_21-13-12.mp4,12,0.0,,0.3342939019203186,0.5704400539398193,0.09526603668928146,0.3342939019203186,1,
2026-07-21_14-07-30.mp4,12,0.0,,0.3751465678215027,0.3612453043460846,0.2636081874370575,0.3751465678215027,1,
2026-07-25_02-48-09.mp4,12,0.0,,0.2955760955810547,0.4860103130340576,0.2184136062860489,0.2955760955810547,1,
2026-06-30_16-10-44.mp4,12,0.0,,0.3949951231479645,0.5613616704940796,0.04364321753382683,0.3949951231479645,1,
2026-07-09_17-03-23.mp4,12,0.0,,0.47352391481399536,0.4435052275657654,0.08297093212604523,0.47352391481399536,1,
2026-07-12_14-51-36.mp4,12,0.0,,0.3104029893875122,0.6064332723617554,0.0831638053059578,0.3104029893875122,1,
2026-07-12_08-11-32.mp4,12,0.0,,0.3610606789588928,0.5688613653182983,0.07007803022861481,0.3610606789588928,1,
2026-07-15_17-42-13.mp4,12,0.0,,0.4957779347896576,0.4424024820327759,0.06181963533163071,0.4957779347896576,1,
2026-07-11_18-51-27.mp4,12,0.0,,0.4563871920108795,0.3967732787132263,0.14683958888053894,0.4563871920108795,1,
2026-07-04_10-40-16.mp4,12,0.0,,0.4886262118816376,0.39046189188957214,0.12091188132762909,0.4886262118816376,1,
2026-07-01_06-16-14.mp4,12,0.0,,0.25842756032943726,0.3824571371078491,0.3591153621673584,0.25842756032943726,1,
2026-07-06_14-35-42.mp4,12,0.0,,0.21803098917007446,0.74263596534729,0.0393330454826355,0.21803098917007446,0,
2026-07-16_22-31-38.mp4,12,0.0,,0.2634345293045044,0.6625121235847473,0.07405337691307068,0.2634345293045044,1,
2026-07-03_07-32-40.mp4,12,0.0,,0.2003263682126999,0.5741061568260193,0.22556747496128082,0.2003263682126999,0,
2026-07-13_09-31-02.mp4,12,0.0,,0.22470800578594208,0.6220571398735046,0.15323491394519806,0.22470800578594208,0,
2026-07-03_12-15-31.mp4,12,0.0,,0.14815069735050201,0.8136962056159973,0.03815315663814545,0.14815069735050201,0,
2026-07-17_03-23-23.mp4,12,0.0,,0.1717078983783722,0.642980694770813,0.1853114813566208,0.1717078983783722,0,
2026-07-03_13-22-00.mp4,12,0.0,,0.26586201786994934,0.659855842590332,0.07428214699029922,0.26586201786994934,1,
2026-07-10_15-18-43.mp4,12,0.0,,0.34532779455184937,0.5993993282318115,0.055272895842790604,0.34532779455184937,1,
2026-07-10_02-11-09.mp4,12,0.0,,0.16130222380161285,0.6910186409950256,0.14767920970916748,0.16130222380161285,0,
2026-07-14_14-22-20.mp4,12,0.0,,0.26499050855636597,0.5269489884376526,0.20806054770946503,0.26499050855636597,1,
2026-07-08_01-04-34.mp4,12,0.0,,0.258508563041687,0.5417959094047546,0.19969554245471954,0.258508563041687,1,
2026-07-21_12-03-07.mp4,12,0.0,,0.3438369631767273,0.6119518280029297,0.044211260974407196,0.3438369631767273,1,
2026-07-19_03-56-54.mp4,12,0.0,,0.3017749488353729,0.5659036636352539,0.13232135772705078,0.3017749488353729,1,
2026-07-05_14-34-19.mp4,12,0.0,,0.20417968928813934,0.6887046098709106,0.1071157157421112,0.20417968928813934,0,
2026-07-16_09-07-34.mp4,12,0.0,,0.37468141317367554,0.5554618239402771,0.06985679268836975,0.37468141317367554,1,
2026-07-05_04-34-49.mp4,12,0.0,,0.2879723310470581,0.638430118560791,0.07359761744737625,0.2879723310470581,1,
2026-07-18_23-58-45.mp4,12,0.0,,0.3015326261520386,0.4878801107406616,0.210587278008461,0.3015326261520386,1,
2026-07-11_04-10-27.mp4,12,0.0,,0.20356284081935883,0.7003568410873413,0.09608037024736404,0.20356284081935883,0,
2026-07-06_20-15-34.mp4,12,0.0,,0.29760149121284485,0.6656850576400757,0.03671347722411156,0.29760149121284485,1,
2026-06-30_18-52-59.mp4,12,0.0,,0.33067548274993896,0.11699572950601578,0.5523287653923035,0.33067548274993896,1,
2026-07-15_14-54-40.mp4,12,0.0,,0.37504082918167114,0.4078277349472046,0.21713143587112427,0.37504082918167114,1,
2026-07-10_15-05-07.mp4,12,0.0,,0.2717190086841583,0.6707776784896851,0.05750332027673721,0.2717190086841583,1,
2026-07-22_23-18-27.mp4,12,0.0,,0.34796515107154846,0.4816078543663025,0.17042700946331024,0.34796515107154846,1,
2026-07-12_14-35-06.mp4,12,0.0,,0.2002476304769516,0.6861916184425354,0.11356079578399658,0.2002476304769516,0,
2026-07-01_18-49-19.mp4,12,0.0,,0.1278686225414276,0.6969887018203735,0.17514273524284363,0.1278686225414276,0,
2026-07-26_03-27-59.mp4,12,0.0,,0.36791330575942993,0.5078033208847046,0.12428341805934906,0.36791330575942993,1,
2026-07-25_23-40-26.mp4,12,0.0,,0.47126010060310364,0.4315084218978882,0.09723155200481415,0.47126010060310364,1,
2026-07-03_03-37-18.mp4,12,0.0,,0.22777323424816132,0.5553259253501892,0.21690091490745544,0.22777323424816132,0,
2026-07-09_00-17-33.mp4,12,0.0,,0.18500041961669922,0.7229610681533813,0.09203849732875824,0.18500041961669922,0,
2026-07-13_18-34-49.mp4,12,0.0,,0.2656598389148712,0.5453083515167236,0.18903185427188873,0.2656598389148712,1,
2026-07-03_15-12-23.mp4,12,0.0,,0.19600586593151093,0.6929885149002075,0.11100561171770096,0.19600586593151093,0,
2026-07-10_15-13-43.mp4,12,0.0,,0.2741760313510895,0.6589999198913574,0.0668240338563919,0.2741760313510895,1,
2026-07-03_22-44-40.mp4,12,0.0,,0.22769086062908173,0.6820248961448669,0.09028426557779312,0.22769086062908173,0,
2026-07-10_16-20-06.mp4,12,0.5,4.076196291150931,0.42359283566474915,0.500495970249176,0.07591119408607483,0.21179641783237457,0,
2026-07-11_10-54-22.mp4,12,0.0,,0.32898759841918945,0.6206133365631104,0.05039916932582855,0.32898759841918945,1,
2026-07-15_09-44-07.mp4,12,0.0,,0.32966965436935425,0.44284147024154663,0.2274889051914215,0.32966965436935425,1,
2026-07-03_22-52-58.mp4,12,0.0,,0.2147427201271057,0.7591785788536072,0.026078756898641586,0.2147427201271057,0,
2026-07-06_18-03-42.mp4,12,0.0,,0.2741737365722656,0.5942163467407227,0.1316099464893341,0.2741737365722656,1,
2026-07-18_11-26-46.mp4,12,0.0,,0.3600688576698303,0.47443538904190063,0.16549576818943024,0.3600688576698303,1,
2026-07-13_17-22-14.mp4,12,0.0,,0.32924073934555054,0.5903353691101074,0.08042384684085846,0.32924073934555054,1,
2026-07-04_08-38-35.mp4,12,0.0,,0.4830435812473297,0.41895562410354614,0.09800080955028534,0.4830435812473297,1,
2026-07-08_20-17-20.mp4,12,0.0,,0.6700875163078308,0.27822741866111755,0.051685087382793427,0.6700875163078308,1,
2026-07-19_14-45-49.mp4,12,0.0,,0.19574201107025146,0.7026399970054626,0.10161799937486649,0.19574201107025146,0,
2026-07-15_09-11-55.mp4,12,0.0,,0.32316797971725464,0.4175601303577423,0.25927191972732544,0.32316797971725464,1,
2026-07-06_00-40-06.mp4,12,0.5833333333333334,3.470226711697048,0.32568487524986267,0.6087173819541931,0.06559768319129944,0.13570203135410944,0,
2026-07-06_08-19-01.mp4,12,0.0,,0.23940013349056244,0.6717976927757263,0.08880224078893661,0.23940013349056244,0,
2026-07-09_18-50-29.mp4,12,0.0,,0.27821823954582214,0.6132079362869263,0.10857384651899338,0.27821823954582214,1,
2026-07-09_03-05-13.mp4,12,0.0,,0.4192834496498108,0.4713466763496399,0.10936988145112991,0.4192834496498108,1,
2026-07-23_20-50-03.mp4,12,0.0,,0.31806132197380066,0.5092282891273499,0.17271046340465546,0.31806132197380066,1,
2026-07-26_01-40-06.mp4,12,0.0,,0.2765977680683136,0.5827471017837524,0.14065513014793396,0.2765977680683136,1,
2026-07-03_13-07-43.mp4,12,0.0,,0.20008490979671478,0.7015878558158875,0.09832727164030075,0.20008490979671478,0,
2026-07-08_18-48-45.mp4,12,0.0,,0.7853773832321167,0.17744626104831696,0.03717639297246933,0.7853773832321167,1,
2026-07-04_04-38-44.mp4,12,0.0,,0.12187258899211884,0.8453445434570312,0.032782964408397675,0.12187258899211884,0,
2026-07-05_04-31-49.mp4,12,0.0,,0.1514526605606079,0.8082907199859619,0.040256623178720474,0.1514526605606079,0,
2026-07-05_16-29-33.mp4,12,0.0,,0.7254696488380432,0.20896576344966888,0.0655645877122879,0.7254696488380432,1,
2026-07-15_04-22-58.mp4,12,0.0,,0.34746283292770386,0.4078901708126068,0.24464698135852814,0.34746283292770386,1,
2026-07-15_15-51-50.mp4,12,0.0,,0.3348289132118225,0.4709285795688629,0.19424259662628174,0.3348289132118225,1,
2026-07-14_18-08-43.mp4,12,0.0,,0.2959321141242981,0.4737793803215027,0.2302885800600052,0.2959321141242981,1,
2026-07-24_19-20-43.mp4,12,0.0,,0.37458327412605286,0.5363172888755798,0.0890994668006897,0.37458327412605286,1,
2026-07-23_20-10-58.mp4,12,0.0,,0.4310946464538574,0.44462430477142334,0.12428108602762222,0.4310946464538574,1,
2026-07-03_13-08-31.mp4,12,0.0,,0.322677344083786,0.48364222049713135,0.19368043541908264,0.322677344083786,1,
2026-07-04_10-39-52.mp4,12,0.0,,0.3298340439796448,0.5972142219543457,0.07295171916484833,0.3298340439796448,1,
2026-07-17_13-16-22.mp4,12,0.0,,0.6228355765342712,0.3203102648258209,0.056854136288166046,0.6228355765342712,1,
2026-07-17_04-58-40.mp4,12,0.0,,0.2226029634475708,0.5823744535446167,0.1950225681066513,0.2226029634475708,0,
2026-07-11_04-49-08.mp4,12,0.0,,0.3061114549636841,0.6285765767097473,0.0653119832277298,0.3061114549636841,1,
2026-07-23_18-39-57.mp4,12,0.0,,0.30683696269989014,0.4651360511779785,0.22802695631980896,0.30683696269989014,1,
2026-07-04_01-46-05.mp4,12,0.0,,0.20512190461158752,0.4983171820640564,0.29656094312667847,0.20512190461158752,0,
2026-07-18_10-44-29.mp4,12,0.25,3.936265527343751,0.2730328440666199,0.6339787840843201,0.09298841655254364,0.2047746330499649,0,
2026-07-04_09-32-52.mp4,12,0.0,,0.3554692566394806,0.5551196932792664,0.08941105753183365,0.3554692566394806,1,
2026-07-09_23-39-11.mp4,12,0.0,,0.28536105155944824,0.6215531826019287,0.09308578819036484,0.28536105155944824,1,
2026-07-18_22-03-34.mp4,12,0.0,,0.5448507070541382,0.3569280505180359,0.09822125732898712,0.5448507070541382,1,
2026-07-03_20-40-18.mp4,12,0.0,,0.4397074282169342,0.4629524350166321,0.0973401889204979,0.4397074282169342,1,
2026-07-14_16-26-43.mp4,12,0.0,,0.3712499141693115,0.4996013641357422,0.12914875149726868,0.3712499141693115,1,
2026-07-08_20-36-08.mp4,12,0.0,,0.6250437498092651,0.3000018894672394,0.07495442032814026,0.6250437498092651,1,
2026-07-17_11-07-00.mp4,12,0.0,,0.2787705063819885,0.5368722677230835,0.18435727059841156,0.2787705063819885,1,
2026-07-22_07-45-31.mp4,12,0.0,,0.2466319501399994,0.5867443680763245,0.16662366688251495,0.2466319501399994,0,
2026-07-06_00-21-24.mp4,12,0.0,,0.24891716241836548,0.6172702312469482,0.13381266593933105,0.24891716241836548,0,
2026-07-22_23-21-15.mp4,12,0.0,,0.27302879095077515,0.567406415939331,0.159564808011055,0.27302879095077515,1,
2026-07-03_06-38-59.mp4,12,0.0,,0.31917011737823486,0.4713580310344696,0.2094718962907791,0.31917011737823486,1,
2026-07-11_13-41-12.mp4,12,0.0,,0.15829963982105255,0.8063669800758362,0.035333387553691864,0.15829963982105255,0,
2026-07-11_08-41-23.mp4,12,0.0,,0.21455027163028717,0.5953826308250427,0.1900671273469925,0.21455027163028717,0,
2026-07-23_03-03-13.mp4,12,0.0,,0.15556272864341736,0.5552359819412231,0.28920137882232666,0.15556272864341736,0,
2026-07-17_09-15-13.mp4,12,0.0,,0.2656634449958801,0.43481409549713135,0.2995225191116333,0.2656634449958801,1,
2026-07-15_10-15-01.mp4,12,0.0,,0.2700032591819763,0.6351883411407471,0.09480844438076019,0.2700032591819763,1,
2026-07-22_04-06-39.mp4,12,0.0,,0.25252848863601685,0.670701801776886,0.07676973938941956,0.25252848863601685,1,
2026-07-10_05-12-43.mp4,12,0.0,,0.22510214149951935,0.6468794345855713,0.12801845371723175,0.22510214149951935,0,
2026-07-10_01-37-04.mp4,12,0.0,,0.20488376915454865,0.6966760754585266,0.09844014793634415,0.20488376915454865,0,
2026-07-03_14-24-48.mp4,12,0.0,,0.21250814199447632,0.640584409236908,0.14690744876861572,0.21250814199447632,0,
2026-07-18_21-02-04.mp4,12,0.0,,0.22155436873435974,0.6243840456008911,0.15406158566474915,0.22155436873435974,0,
2026-07-07_21-48-43.mp4,12,0.0,,0.33530816435813904,0.4089715778827667,0.25572025775909424,0.33530816435813904,1,
2026-07-19_00-04-02.mp4,12,0.0,,0.2677779197692871,0.5260385870933533,0.20618349313735962,0.2677779197692871,1,
2026-07-20_22-57-45.mp4,12,0.0,,0.2244093120098114,0.5696965456008911,0.20589414238929749,0.2244093120098114,0,
2026-07-13_10-39-37.mp4,12,0.0,,0.19400566816329956,0.7035465240478516,0.10244780778884888,0.19400566816329956,0,
2026-07-10_08-25-53.mp4,12,0.0,,0.463049978017807,0.44032567739486694,0.09662434458732605,0.463049978017807,1,
2026-07-12_21-43-14.mp4,12,0.0,,0.30471882224082947,0.5499889850616455,0.1452922374010086,0.30471882224082947,1,
2026-07-10_05-36-19.mp4,12,0.0,,0.26100295782089233,0.6735524535179138,0.06544460356235504,0.26100295782089233,1,
2026-07-18_11-17-40.mp4,12,0.0,,0.506392240524292,0.4161282181739807,0.07747956365346909,0.506392240524292,1,
2026-07-17_11-05-12.mp4,12,0.0,,0.2895808219909668,0.4589216709136963,0.2514974772930145,0.2895808219909668,1,
2026-07-04_12-31-03.mp4,12,0.0,,0.32419702410697937,0.5465289354324341,0.12927407026290894,0.32419702410697937,1,
2026-07-11_13-47-18.mp4,12,0.0,,0.24205617606639862,0.6806354522705078,0.07730841636657715,0.24205617606639862,0,
2026-07-12_20-03-59.mp4,12,0.0,,0.2451840341091156,0.5987825393676758,0.1560334712266922,0.2451840341091156,0,
2026-07-19_06-44-40.mp4,12,0.0,,0.22946102917194366,0.5376198887825012,0.2329191416501999,0.22946102917194366,0,
2026-07-18_15-08-08.mp4,12,0.0,,0.34972718358039856,0.6073163747787476,0.04295643791556358,0.34972718358039856,1,
2026-07-20_21-42-22.mp4,12,0.0,,0.2504236102104187,0.6037293076515198,0.1458471417427063,0.2504236102104187,1,
2026-07-21_01-05-44.mp4,12,0.0,,0.29629722237586975,0.4281863868236542,0.27551642060279846,0.29629722237586975,1,
2026-07-11_10-15-04.mp4,12,0.0,,0.4282335638999939,0.5107109546661377,0.061055492609739304,0.4282335638999939,1,
2026-07-08_07-12-47.mp4,12,0.0,,0.18376421928405762,0.7462884783744812,0.06994730979204178,0.18376421928405762,0,
2026-07-10_18-12-44.mp4,12,0.0,,0.15427613258361816,0.7429201602935791,0.1028037816286087,0.15427613258361816,0,
2026-07-09_21-34-56.mp4,12,0.0,,0.2715928554534912,0.6830543875694275,0.045352861285209656,0.2715928554534912,1,
2026-07-22_10-56-40.mp4,12,0.0,,0.24517583847045898,0.652282178401947,0.10254205018281937,0.24517583847045898,0,
2026-07-08_13-55-43.mp4,12,0.0,,0.1879967302083969,0.730876088142395,0.08112719655036926,0.1879967302083969,0,
2026-07-19_17-40-46.mp4,12,0.0,,0.45279598236083984,0.4093018174171448,0.13790228962898254,0.45279598236083984,1,
2026-07-06_18-01-54.mp4,12,0.0,,0.311836838722229,0.5914674997329712,0.09669572860002518,0.311836838722229,1,
2026-07-01_21-24-47.mp4,12,0.0,,0.1932329684495926,0.698564887046814,0.10820223391056061,0.1932329684495926,0,
2026-07-20_00-45-17.mp4,12,0.0,,0.24476881325244904,0.6459329128265381,0.1092982366681099,0.24476881325244904,0,
2026-07-10_16-43-05.mp4,12,0.0,,0.267738938331604,0.6286096572875977,0.10365142673254013,0.267738938331604,1,
2026-07-21_08-30-21.mp4,12,0.0,,0.28130441904067993,0.635090172290802,0.08360541611909866,0.28130441904067993,1,
2026-07-08_12-37-25.mp4,12,0.0,,0.41864103078842163,0.5216531157493591,0.05970586836338043,0.41864103078842163,1,
2026-07-23_19-06-32.mp4,12,0.0,,0.3076551556587219,0.563717782497406,0.12862707674503326,0.3076551556587219,1,
2026-07-23_19-08-44.mp4,12,0.0,,0.29355064034461975,0.5587121248245239,0.1477372646331787,0.29355064034461975,1,
2026-07-06_07-08-13.mp4,12,0.0,,0.3450824022293091,0.5281177759170532,0.1267997920513153,0.3450824022293091,1,
2026-07-22_16-58-39.mp4,12,0.0,,0.23230665922164917,0.593502402305603,0.17419087886810303,0.23230665922164917,0,
2026-07-20_12-32-49.mp4,12,0.0,,0.18656791746616364,0.743426501750946,0.07000566273927689,0.18656791746616364,0,
2026-07-26_02-27-30.mp4,12,0.0,,0.2595664858818054,0.5829459428787231,0.15748760104179382,0.2595664858818054,1,
2026-07-11_09-00-35.mp4,12,0.0,,0.3949997127056122,0.52082359790802,0.08417670428752899,0.3949997127056122,1,
2026-07-18_22-02-34.mp4,12,0.0,,0.24972200393676758,0.7063294649124146,0.04394860193133354,0.24972200393676758,0,
2026-07-12_12-22-41.mp4,12,0.0,,0.1411990076303482,0.7158583998680115,0.1429426074028015,0.1411990076303482,0,
2026-07-10_11-41-03.mp4,12,0.0,,0.19201768934726715,0.7534931302070618,0.054489269852638245,0.19201768934726715,0,
2026-07-05_03-52-22.mp4,12,0.0,,0.20271944999694824,0.7139098644256592,0.08337070047855377,0.20271944999694824,0,
2026-07-18_13-28-51.mp4,12,0.0,,0.37318894267082214,0.5092057585716248,0.11760537326335907,0.37318894267082214,1,
2026-07-07_17-15-49.mp4,12,0.0,,0.2560535669326782,0.6386888027191162,0.10525768250226974,0.2560535669326782,1,
2026-07-12_19-09-05.mp4,12,0.0,,0.4263666570186615,0.37916362285614014,0.19446973502635956,0.4263666570186615,1,
2026-07-03_14-19-24.mp4,12,0.0,,0.1812949776649475,0.7354094386100769,0.08329565078020096,0.1812949776649475,0,
2026-07-06_14-37-18.mp4,12,0.0,,0.2118656188249588,0.729850172996521,0.05828427895903587,0.2118656188249588,0,
2026-07-22_02-04-16.mp4,12,0.0,,0.2594948410987854,0.6194014549255371,0.12110374867916107,0.2594948410987854,1,
2026-07-08_08-28-16.mp4,12,0.0,,0.20884257555007935,0.6284425258636475,0.16271494328975677,0.20884257555007935,0,
2026-07-12_03-59-23.mp4,12,0.0,,0.2907501757144928,0.6854860186576843,0.023763854056596756,0.2907501757144928,1,
2026-07-20_22-51-51.mp4,12,0.0,,0.20420710742473602,0.6439715027809143,0.15182140469551086,0.20420710742473602,0,
2026-07-02_18-41-56.mp4,12,0.0,,0.11825522035360336,0.8346066474914551,0.047138143330812454,0.11825522035360336,0,
2026-07-18_15-15-56.mp4,12,0.0,,0.23937037587165833,0.6769929528236389,0.08363670855760574,0.23937037587165833,0,
2026-07-24_10-47-25.mp4,12,0.0,,0.33566993474960327,0.591291606426239,0.07303854823112488,0.33566993474960327,1,
2026-07-09_15-29-00.mp4,12,0.0,,0.6412864327430725,0.326277494430542,0.03243608400225639,0.6412864327430725,1,
2026-07-22_04-04-51.mp4,12,0.0,,0.31599563360214233,0.5875247716903687,0.0964796394109726,0.31599563360214233,1,
2026-07-18_03-15-27.mp4,12,0.0,,0.19079236686229706,0.6229314804077148,0.18627618253231049,0.19079236686229706,0,
2026-07-17_04-55-28.mp4,12,0.0,,0.2382097840309143,0.6089198589324951,0.15287038683891296,0.2382097840309143,0,
2026-07-08_21-47-29.mp4,12,0.0,,0.21918639540672302,0.6663355231285095,0.11447808891534805,0.21918639540672302,0,
2026-07-05_16-27-04.mp4,12,0.0,,0.6312569975852966,0.29349562525749207,0.07524741441011429,0.6312569975852966,1,
2026-07-06_17-03-00.mp4,12,0.0,,0.3503308594226837,0.4741978347301483,0.17547133564949036,0.3503308594226837,1,
2026-07-07_02-10-22.mp4,12,0.0,,0.3446708917617798,0.5839022397994995,0.07142690569162369,0.3446708917617798,1,
2026-07-21_00-39-20.mp4,12,0.0,,0.2575239837169647,0.588499128818512,0.1539769172668457,0.2575239837169647,1,
2026-07-12_20-08-29.mp4,12,0.0,,0.49098846316337585,0.36272263526916504,0.14628887176513672,0.49098846316337585,1,
2026-07-19_10-19-26.mp4,12,0.4166666666666667,3.4342891782598355,0.2558548152446747,0.49201494455337524,0.2521302402019501,0.1492486422260602,0,
2026-07-15_20-36-59.mp4,12,0.0,,0.24569129943847656,0.5364963412284851,0.2178124040365219,0.24569129943847656,0,
2026-07-15_09-52-49.mp4,12,0.0,,0.2877482771873474,0.5499973893165588,0.16225433349609375,0.2877482771873474,1,
2026-07-06_11-30-53.mp4,12,0.0,,0.3472350835800171,0.5708438158035278,0.08192110061645508,0.3472350835800171,1,
2026-07-03_07-36-58.mp4,12,0.0,,0.2212231159210205,0.6213521361351013,0.15742476284503937,0.2212231159210205,0,
2026-07-11_01-25-52.mp4,12,0.0,,0.20393182337284088,0.7550145983695984,0.041053589433431625,0.20393182337284088,0,
2026-07-03_19-49-42.mp4,12,0.0,,0.20048852264881134,0.6346938014030457,0.16481764614582062,0.20048852264881134,0,
2026-07-10_07-20-48.mp4,12,0.0,,0.35580819845199585,0.4662259519100189,0.1779659241437912,0.35580819845199585,1,
2026-07-02_15-02-34.mp4,12,0.0,,0.28274691104888916,0.6792938709259033,0.037959225475788116,0.28274691104888916,1,
2026-07-02_10-40-48.mp4,12,0.0,,0.30948400497436523,0.5704003572463989,0.12011566013097763,0.30948400497436523,1,
2026-07-07_01-16-59.mp4,12,0.0,,0.43724775314331055,0.4407047927379608,0.12204752117395401,0.43724775314331055,1,
2026-07-20_19-14-29.mp4,12,0.0,,0.16420887410640717,0.7104426622390747,0.1253485530614853,0.16420887410640717,0,
2026-07-03_07-34-34.mp4,12,0.0,,0.19436423480510712,0.6762499809265137,0.1293857991695404,0.19436423480510712,0,
2026-07-16_17-14-23.mp4,12,0.0,,0.22526755928993225,0.5294969081878662,0.24523554742336273,0.22526755928993225,0,
2026-07-07_18-56-31.mp4,12,0.0,,0.20825235545635223,0.7658629417419434,0.025884730741381645,0.20825235545635223,0,
2026-07-07_17-45-19.mp4,12,0.0,,0.39028069376945496,0.22636808454990387,0.38335126638412476,0.39028069376945496,1,
2026-07-03_12-43-25.mp4,12,0.0,,0.3320674002170563,0.5551613569259644,0.11277127265930176,0.3320674002170563,1,
2026-07-14_12-00-33.mp4,12,0.0,,0.26908016204833984,0.6290270686149597,0.10189276188611984,0.26908016204833984,1,
2026-07-15_07-36-32.mp4,12,0.0,,0.2679140269756317,0.6219161748886108,0.11016982048749924,0.2679140269756317,1,
2026-07-21_15-37-35.mp4,12,0.0,,0.23600761592388153,0.6539849638938904,0.11000745743513107,0.23600761592388153,0,
2026-07-12_19-29-10.mp4,12,0.0,,0.26163771748542786,0.6198761463165283,0.11848624050617218,0.26163771748542786,1,
2026-07-06_14-23-55.mp4,12,0.0,,0.38880449533462524,0.531660795211792,0.07953469455242157,0.38880449533462524,1,
2026-07-03_11-19-20.mp4,12,0.0,,0.12243494391441345,0.8537079095840454,0.023857174441218376,0.12243494391441345,0,
2026-07-11_15-48-16.mp4,12,0.0,,0.306096613407135,0.6472413539886475,0.04666205495595932,0.306096613407135,1,
2026-07-19_14-54-07.mp4,12,0.0,,0.22278937697410583,0.68046635389328,0.09674432128667831,0.22278937697410583,0,
2026-07-21_23-56-12.mp4,12,0.0,,0.3859194219112396,0.4855647087097168,0.12851588428020477,0.3859194219112396,1,
2026-07-06_21-09-10.mp4,12,0.0,,0.39020299911499023,0.5516750812530518,0.058121927082538605,0.39020299911499023,1,
2026-07-17_11-09-12.mp4,12,0.0,,0.4392586052417755,0.3938954770565033,0.16684593260288239,0.4392586052417755,1,
2026-07-23_08-31-16.mp4,12,0.0,,0.2090226411819458,0.62989342212677,0.16108404099941254,0.2090226411819458,0,
2026-06-30_18-27-13.mp4,12,0.0,,0.2978159487247467,0.26212945580482483,0.44005468487739563,0.2978159487247467,1,
2026-07-09_19-57-45.mp4,12,0.0,,0.14920879900455475,0.8017730712890625,0.04901816323399544,0.14920879900455475,0,
2026-07-04_02-26-22.mp4,12,0.0,,0.29415053129196167,0.5150331854820251,0.19081629812717438,0.29415053129196167,1,
2026-07-21_01-13-38.mp4,12,0.0,,0.23826810717582703,0.5887099504470825,0.17302198708057404,0.23826810717582703,0,
2026-07-08_13-39-55.mp4,12,0.0,,0.24800434708595276,0.6472228169441223,0.10477288067340851,0.24800434708595276,0,
2026-07-19_10-26-02.mp4,12,0.0,,0.3305200934410095,0.5358654260635376,0.1336144357919693,0.3305200934410095,1,
2026-07-02_09-49-36.mp4,12,0.0,,0.4392075836658478,0.5344724059104919,0.02632003277540207,0.4392075836658478,1,
2026-07-10_09-28-05.mp4,12,0.0,,0.40080660581588745,0.5150431990623474,0.08415023237466812,0.40080660581588745,1,
2026-07-02_23-36-37.mp4,12,0.0,,0.2559471130371094,0.6848969459533691,0.05915594846010208,0.2559471130371094,1,
2026-07-05_15-37-04.mp4,12,0.0,,0.6435897946357727,0.3286060690879822,0.02780419960618019,0.6435897946357727,1,
2026-07-05_02-33-47.mp4,12,0.0,,0.15550446510314941,0.770598292350769,0.07389723509550095,0.15550446510314941,0,
2026-07-07_23-55-35.mp4,12,0.0,,0.47051024436950684,0.4263135492801666,0.10317621380090714,0.47051024436950684,1,
2026-07-08_07-19-17.mp4,12,0.0,,0.18684054911136627,0.7167370915412903,0.0964224562048912,0.18684054911136627,0,
2026-07-10_13-17-32.mp4,12,0.0,,0.24154169857501984,0.566473662853241,0.191984623670578,0.24154169857501984,0,
2026-07-24_03-44-41.mp4,12,0.0,,0.2365657389163971,0.6135744452476501,0.14985989034175873,0.2365657389163971,0,
2026-07-14_19-35-43.mp4,12,0.0,,0.25845402479171753,0.5996239185333252,0.14192211627960205,0.25845402479171753,1,
2026-07-08_07-39-58.mp4,12,0.0,,0.19975145161151886,0.6307867765426636,0.1694616973400116,0.19975145161151886,0,
2026-07-21_10-11-20.mp4,12,0.0,,0.19459599256515503,0.7538709044456482,0.05153316631913185,0.19459599256515503,0,
2026-07-22_07-45-43.mp4,12,0.0,,0.27319809794425964,0.5727705359458923,0.15403136610984802,0.27319809794425964,1,
2026-07-05_03-46-28.mp4,12,0.0,,0.2846291959285736,0.5932260155677795,0.12214483320713043,0.2846291959285736,1,
2026-07-25_04-17-44.mp4,12,0.0,,0.3338559567928314,0.5251680016517639,0.14097607135772705,0.3338559567928314,1,
2026-07-06_00-40-54.mp4,12,1.0,5.076574590350477,0.33250170946121216,0.4922639727592468,0.1752343475818634,0.0,0,
2026-07-05_05-39-47.mp4,12,0.0,,0.21597960591316223,0.6480813026428223,0.1359391063451767,0.21597960591316223,0,
2026-07-23_16-56-34.mp4,12,0.0,,0.26173919439315796,0.672391951084137,0.06586888432502747,0.26173919439315796,1,
2026-07-15_16-04-50.mp4,12,0.0,,0.3158208727836609,0.5374764800071716,0.14670270681381226,0.3158208727836609,1,
2026-07-11_12-22-39.mp4,12,0.0,,0.26916372776031494,0.6260124444961548,0.10482385754585266,0.26916372776031494,1,
2026-07-06_18-53-23.mp4,12,0.0,,0.31595689058303833,0.5969997048377991,0.08704345673322678,0.31595689058303833,1,
2026-07-22_21-11-42.mp4,12,0.0,,0.2835347652435303,0.5533289909362793,0.163136288523674,0.2835347652435303,1,
2026-07-03_21-26-59.mp4,12,0.0,,0.31761494278907776,0.5919127464294434,0.09047230333089828,0.31761494278907776,1,
2026-07-06_18-12-12.mp4,12,0.0,,0.29098474979400635,0.5529728531837463,0.1560424566268921,0.29098474979400635,1,
2026-07-04_09-31-16.mp4,12,0.0,,0.3158753216266632,0.6244000792503357,0.05972462147474289,0.3158753216266632,1,
2026-07-13_23-50-58.mp4,12,0.0,,0.2882210910320282,0.5560893416404724,0.1556895673274994,0.2882210910320282,1,
2026-07-02_14-44-52.mp4,12,0.0,,0.3535478115081787,0.551152229309082,0.09529993683099747,0.3535478115081787,1,
2026-07-09_22-32-53.mp4,12,0.0,,0.39689233899116516,0.5522572994232178,0.05085042864084244,0.39689233899116516,1,
2026-07-05_18-24-12.mp4,12,0.5,1.790801308493225,0.4302982985973358,0.47989413142204285,0.08980758488178253,0.2151491492986679,0,
2026-07-03_23-34-58.mp4,12,0.0,,0.3918107748031616,0.5021224617958069,0.10606677830219269,0.3918107748031616,1,
2026-07-22_21-07-00.mp4,12,0.0,,0.26015281677246094,0.6376338005065918,0.10221345722675323,0.26015281677246094,1,
2026-07-09_09-03-58.mp4,12,0.0,,0.3403598964214325,0.613648533821106,0.04599159210920334,0.3403598964214325,1,
2026-07-21_06-02-41.mp4,12,0.0,,0.2630932927131653,0.6186847686767578,0.11822196841239929,0.2630932927131653,1,
2026-07-15_22-26-49.mp4,12,0.0,,0.5176088213920593,0.3995317816734314,0.08285940438508987,0.5176088213920593,1,
2026-07-01_18-37-08.mp4,12,0.0,,0.36386388540267944,0.5089163780212402,0.12721970677375793,0.36386388540267944,1,
2026-07-01_07-33-17.mp4,12,0.0,,0.2093496024608612,0.4183881878852844,0.37226226925849915,0.2093496024608612,0,
2026-07-08_07-41-46.mp4,12,0.0,,0.16660158336162567,0.7511650323867798,0.08223342895507812,0.16660158336162567,0,
2026-07-01_12-47-00.mp4,12,0.0,,0.18739920854568481,0.5347465872764587,0.2778542935848236,0.18739920854568481,0,
2026-07-03_15-22-41.mp4,12,0.0,,0.2441840022802353,0.5871658325195312,0.16865019500255585,0.2441840022802353,0,
2026-07-19_14-43-13.mp4,12,0.08333333333333333,2.577275178366274,0.23489069938659668,0.6818177103996277,0.08329153805971146,0.21531647443771362,0,
2026-07-10_16-27-47.mp4,12,0.0,,0.2370927333831787,0.6481251120567322,0.11478212475776672,0.2370927333831787,0,
2026-07-10_18-26-08.mp4,12,0.0,,0.2270420789718628,0.6519943475723267,0.12096358835697174,0.2270420789718628,0,
2026-07-09_17-19-28.mp4,12,0.0,,0.3262929618358612,0.5663197040557861,0.10738731920719147,0.3262929618358612,1,
2026-07-25_11-20-33.mp4,12,0.0,,0.3222617506980896,0.5639243721961975,0.11381389200687408,0.3222617506980896,1,
2026-07-09_21-59-32.mp4,12,0.0,,0.4609989523887634,0.47310537099838257,0.06589570641517639,0.4609989523887634,1,
2026-07-08_06-37-41.mp4,12,0.0,,0.19209331274032593,0.5720415115356445,0.23586517572402954,0.19209331274032593,0,
2026-06-30_16-12-08.mp4,12,0.0,,0.21442946791648865,0.752839207649231,0.03273136541247368,0.21442946791648865,0,
2026-07-03_22-46-16.mp4,12,0.0,,0.3095552921295166,0.5951389670372009,0.09530580043792725,0.3095552921295166,1,
2026-07-08_19-29-44.mp4,12,0.0,,0.4684343934059143,0.4744909703731537,0.0570746473968029,0.4684343934059143,1,
2026-07-15_13-41-52.mp4,12,0.0,,0.17716528475284576,0.7063828706741333,0.11645190417766571,0.17716528475284576,0,
2026-07-13_18-26-25.mp4,12,0.0,,0.3627931475639343,0.47035083174705505,0.16685603559017181,0.3627931475639343,1,
2026-07-07_10-40-11.mp4,12,0.0,,0.5394262075424194,0.315690279006958,0.14488348364830017,0.5394262075424194,1,
2026-07-05_16-32-27.mp4,12,0.0,,0.450650691986084,0.44569459557533264,0.10365469753742218,0.450650691986084,1,
2026-07-03_22-53-10.mp4,12,0.0,,0.211355522274971,0.7620623707771301,0.0265821386128664,0.211355522274971,0,
2026-07-10_04-41-20.mp4,12,0.0,,0.3426899313926697,0.4969746768474579,0.16033540666103363,0.3426899313926697,1,
2026-07-09_01-49-56.mp4,12,0.0,,0.32240521907806396,0.6257102489471436,0.051884569227695465,0.32240521907806396,1,
2026-07-10_07-19-24.mp4,12,0.0,,0.25241369009017944,0.5930930376052856,0.1544932723045349,0.25241369009017944,1,
2026-07-07_14-17-33.mp4,12,0.0,,0.2787494659423828,0.6245734691619873,0.09667704999446869,0.2787494659423828,1,
2026-07-24_03-44-17.mp4,12,0.0,,0.27858227491378784,0.6100534796714783,0.11136430501937866,0.27858227491378784,1,
2026-07-09_21-32-02.mp4,12,0.0,,0.3840691149234772,0.5418282747268677,0.07410261780023575,0.3840691149234772,1,
2026-07-17_03-23-47.mp4,12,0.0,,0.2003316432237625,0.6619918346405029,0.13767656683921814,0.2003316432237625,0,
2026-07-20_09-53-51.mp4,12,0.0,,0.2635113596916199,0.528992772102356,0.20749589800834656,0.2635113596916199,1,
2026-07-13_13-01-06.mp4,12,0.0,,0.37259915471076965,0.5150808691978455,0.11232003569602966,0.37259915471076965,1,
2026-07-10_08-19-41.mp4,12,0.0,,0.3696216940879822,0.5564787983894348,0.07389955967664719,0.3696216940879822,1,
2026-07-12_14-38-00.mp4,12,0.08333333333333333,1.7196867028061225,0.29438310861587524,0.5482466220855713,0.15737028419971466,0.2698511828978856,1,
2026-07-07_22-36-54.mp4,12,0.0,,0.31603893637657166,0.5502499938011169,0.1337110847234726,0.31603893637657166,1,
2026-07-06_09-33-42.mp4,12,0.0,,0.3219422996044159,0.5709900856018066,0.10706765204668045,0.3219422996044159,1,
2026-07-22_00-12-11.mp4,12,0.0,,0.25448042154312134,0.6448151469230652,0.10070446878671646,0.25448042154312134,1,
2026-07-07_18-15-50.mp4,12,0.0,,0.1526346206665039,0.7944893836975098,0.05287604033946991,0.1526346206665039,0,
2026-07-07_19-24-01.mp4,12,0.0,,0.23846085369586945,0.7221753597259521,0.039363786578178406,0.23846085369586945,0,
2026-07-22_09-03-35.mp4,12,0.0,,0.2246749997138977,0.6952532529830933,0.08007171750068665,0.2246749997138977,0,
2026-07-15_10-47-42.mp4,12,0.0,,0.2879791855812073,0.661547064781189,0.05047375336289406,0.2879791855812073,1,
2026-07-01_18-43-02.mp4,12,0.0,,0.26657700538635254,0.6057857871055603,0.12763723731040955,0.26657700538635254,1,
2026-07-10_22-30-18.mp4,12,0.0,,0.3311898112297058,0.5528631210327148,0.11594708263874054,0.3311898112297058,1,
2026-07-14_13-47-56.mp4,12,0.0,,0.24285289645195007,0.5558528900146484,0.20129424333572388,0.24285289645195007,0,
2026-07-20_19-22-05.mp4,12,0.0,,0.19895079731941223,0.6558934450149536,0.14515580236911774,0.19895079731941223,0,
2026-07-05_08-54-58.mp4,12,0.0,,0.2918702960014343,0.66362065076828,0.044509075582027435,0.2918702960014343,1,
2026-07-11_15-18-47.mp4,12,0.0,,0.33111900091171265,0.5964207649230957,0.07246027141809464,0.33111900091171265,1,
2026-07-07_21-43-07.mp4,12,0.0,,0.4412877857685089,0.4266551434993744,0.13205711543560028,0.4412877857685089,1,
2026-07-09_10-55-20.mp4,12,0.0,,0.3874354064464569,0.5769137144088745,0.035650886595249176,0.3874354064464569,1,
2026-07-12_15-05-18.mp4,12,0.0,,0.3975996971130371,0.43152356147766113,0.17087674140930176,0.3975996971130371,1,
2026-07-14_07-02-36.mp4,12,0.16666666666666666,2.39942813631241,0.26491087675094604,0.5602315664291382,0.17485758662223816,0.2207590639591217,0,
2026-07-08_08-21-58.mp4,12,0.0,,0.20587098598480225,0.7011789679527283,0.09295007586479187,0.20587098598480225,0,
2026-07-12_00-48-02.mp4,12,0.0,,0.4101048707962036,0.07397697120904922,0.5159181952476501,0.4101048707962036,1,
2026-07-21_11-54-55.mp4,12,0.0,,0.2665606439113617,0.6216225624084473,0.11181678622961044,0.2665606439113617,1,
2026-07-08_17-04-11.mp4,12,0.0,,0.27384164929389954,0.6892881393432617,0.036870233714580536,0.27384164929389954,1,
2026-07-20_21-32-34.mp4,12,0.0,,0.18667641282081604,0.5436545610427856,0.2696690559387207,0.18667641282081604,0,
2026-07-25_03-51-56.mp4,12,0.0,,0.36490222811698914,0.453663170337677,0.18143469095230103,0.36490222811698914,1,
2026-07-25_01-14-34.mp4,12,0.0,,0.28574419021606445,0.4525071084499359,0.261748731136322,0.28574419021606445,1,
2026-07-10_01-37-51.mp4,12,0.0,,0.19064365327358246,0.7225773334503174,0.08677904307842255,0.19064365327358246,0,
2026-07-21_23-37-36.mp4,12,0.0,,0.5508468151092529,0.27993515133857727,0.16921810805797577,0.5508468151092529,1,
2026-07-14_07-17-30.mp4,12,0.0,,0.29989978671073914,0.5653678774833679,0.13473227620124817,0.29989978671073914,1,
2026-07-15_11-00-00.mp4,12,0.0,,0.6652555465698242,0.21514815092086792,0.11959634721279144,0.6652555465698242,1,
2026-07-22_23-22-15.mp4,12,0.0,,0.28817957639694214,0.5912454128265381,0.12057503312826157,0.28817957639694214,1,
2026-07-20_21-38-40.mp4,12,0.0,,0.18438151478767395,0.5773820877075195,0.2382364720106125,0.18438151478767395,0,
2026-07-03_03-28-48.mp4,12,0.0,,0.2945665717124939,0.6684674024581909,0.036965951323509216,0.2945665717124939,1,
2026-07-14_11-46-03.mp4,12,0.0,,0.24864083528518677,0.6394453644752502,0.11191382259130478,0.24864083528518677,0,
2026-07-09_19-56-09.mp4,12,0.0,,0.14076609909534454,0.8147987723350525,0.04443511739373207,0.14076609909534454,0,
2026-07-22_10-43-52.mp4,12,0.0,,0.32549768686294556,0.4884265065193176,0.1860758513212204,0.32549768686294556,1,
2026-07-02_22-52-26.mp4,12,0.0,,0.27815115451812744,0.6222347021102905,0.09961424767971039,0.27815115451812744,1,
2026-07-01_06-34-38.mp4,12,0.0,,0.2590623199939728,0.3210194706916809,0.4199182391166687,0.2590623199939728,1,
2026-07-02_05-18-16.mp4,12,0.0,,0.21947287023067474,0.7084559798240662,0.0720711201429367,0.21947287023067474,0,
2026-07-02_01-33-25.mp4,12,0.0,,0.263305127620697,0.6867289543151855,0.049966000020504,0.263305127620697,1,
2026-07-16_18-29-47.mp4,12,0.0,,0.30031493306159973,0.5149113535881042,0.1847737580537796,0.30031493306159973,1,
2026-07-05_11-30-51.mp4,12,0.0,,0.379353404045105,0.45111197233200073,0.16953468322753906,0.379353404045105,1,
2026-07-02_14-09-04.mp4,12,0.0,,0.2349475622177124,0.7039288282394409,0.06112360209226608,0.2349475622177124,0,
2026-07-15_23-35-51.mp4,12,0.0,,0.14847446978092194,0.3701697885990143,0.48135581612586975,0.14847446978092194,0,
2026-07-02_02-01-46.mp4,12,0.0,,0.3790311813354492,0.5305527448654175,0.09041605144739151,0.3790311813354492,1,
2026-07-01_21-01-43.mp4,12,0.08333333333333333,5.95366029280913,0.5117636919021606,0.30688413977622986,0.18135222792625427,0.4691167175769806,1,
2026-07-08_04-19-47.mp4,12,0.0,,0.525223433971405,0.3766823709011078,0.09809423238039017,0.525223433971405,1,
2026-07-11_05-03-56.mp4,12,0.0,,0.41073423624038696,0.45965033769607544,0.1296154260635376,0.41073423624038696,1,
2026-07-07_20-52-06.mp4,12,0.0,,0.3133409917354584,0.6460095643997192,0.04064949229359627,0.3133409917354584,1,
2026-07-17_03-19-59.mp4,12,0.0,,0.2766256332397461,0.4954754710197449,0.2278990000486374,0.2766256332397461,1,
2026-07-01_21-14-37.mp4,12,0.0,,0.4587233066558838,0.2757550776004791,0.26552170515060425,0.4587233066558838,1,
2026-07-07_04-49-15.mp4,12,0.0,,0.4068147540092468,0.47475409507751465,0.11843117326498032,0.4068147540092468,1,
2026-07-04_18-05-45.mp4,12,0.0,,0.44938990473747253,0.410784512758255,0.13982562720775604,0.44938990473747253,1,
2026-07-24_03-41-35.mp4,12,0.0,,0.2106463462114334,0.7236713767051697,0.06568235158920288,0.2106463462114334,0,
2026-07-11_10-53-10.mp4,12,0.0,,0.23752737045288086,0.7194338440895081,0.04303885996341705,0.23752737045288086,0,
2026-07-19_14-40-13.mp4,12,0.5833333333333334,4.988598364814975,0.40959033370018005,0.4408932030200958,0.1495165079832077,0.17066263904174167,0,
2026-07-06_09-33-18.mp4,12,0.0,,0.2987593114376068,0.6378059983253479,0.06343472003936768,0.2987593114376068,1,
2026-07-19_17-32-46.mp4,12,0.0,,0.41176319122314453,0.4905628263950348,0.09767399728298187,0.41176319122314453,1,
2026-07-11_23-33-24.mp4,12,0.0,,0.1859622448682785,0.7672000527381897,0.04683772847056389,0.1859622448682785,0,
2026-07-21_08-29-21.mp4,12,0.0,,0.2238284945487976,0.7142162322998047,0.06195531785488129,0.2238284945487976,0,
2026-07-05_19-55-17.mp4,12,0.0,,0.2961122691631317,0.667965829372406,0.035921961069107056,0.2961122691631317,1,
2026-07-08_08-33-52.mp4,12,0.0,,0.31879979372024536,0.5188599824905396,0.1623402088880539,0.31879979372024536,1,
2026-07-20_09-29-09.mp4,12,0.0,,0.2750197649002075,0.5763553380966187,0.14862501621246338,0.2750197649002075,1,
2026-07-24_09-04-14.mp4,12,0.0,,0.18285909295082092,0.7052597999572754,0.1118810847401619,0.18285909295082092,0,
2026-07-14_07-09-24.mp4,12,0.0,,0.3805461525917053,0.4489913582801819,0.17046253383159637,0.3805461525917053,1,
2026-07-04_03-04-31.mp4,12,0.0,,0.38204699754714966,0.536308228969574,0.08164480328559875,0.38204699754714966,1,
2026-07-24_05-05-52.mp4,12,0.0,,0.279075026512146,0.5652591586112976,0.15566584467887878,0.279075026512146,1,
2026-07-10_00-32-58.mp4,12,0.0,,0.38631266355514526,0.42564478516578674,0.18804261088371277,0.38631266355514526,1,
2026-07-17_07-50-08.mp4,12,0.0,,0.25966864824295044,0.6245654821395874,0.11576579511165619,0.25966864824295044,1,
2026-07-05_00-09-37.mp4,12,0.0,,0.22914867103099823,0.6915134191513062,0.07933790981769562,0.22914867103099823,0,
2026-06-30_16-26-32.mp4,12,0.0,,0.36710846424102783,0.5360080003738403,0.09688351303339005,0.36710846424102783,1,
2026-07-10_15-54-01.mp4,12,0.0,,0.3344188928604126,0.5988932847976685,0.06668781489133835,0.3344188928604126,1,
2026-07-08_00-06-53.mp4,12,0.0,,0.3497053384780884,0.4854680597782135,0.1648266315460205,0.3497053384780884,1,
2026-07-05_04-30-01.mp4,12,0.0,,0.19235067069530487,0.7665095329284668,0.0411398820579052,0.19235067069530487,0,
2026-07-09_16-19-47.mp4,12,0.0,,0.3720383942127228,0.5618345141410828,0.06612712144851685,0.3720383942127228,1,
2026-07-09_14-27-48.mp4,12,0.0,,0.6006214618682861,0.3470872640609741,0.052291348576545715,0.6006214618682861,1,
2026-07-10_08-41-59.mp4,12,0.0,,0.3933832049369812,0.5278209447860718,0.0787959173321724,0.3933832049369812,1,
2026-07-15_18-25-25.mp4,12,0.0,,0.39251309633255005,0.5803618431091309,0.027125099673867226,0.39251309633255005,1,
2026-07-23_00-57-02.mp4,12,0.0,,0.22099623084068298,0.661393404006958,0.1176103800535202,0.22099623084068298,0,
2026-07-11_04-12-03.mp4,12,0.0,,0.26984238624572754,0.6384721994400024,0.09168544411659241,0.26984238624572754,1,
2026-07-10_10-21-52.mp4,12,0.0,,0.25458818674087524,0.5365490913391113,0.20886275172233582,0.25458818674087524,1,
2026-07-06_00-35-00.mp4,12,0.16666666666666666,3.3887764080340053,0.3488186001777649,0.5127253532409668,0.1384560912847519,0.2906821668148041,1,
2026-06-30_21-38-57.mp4,12,0.0,,0.5375939011573792,0.16432780027389526,0.2980782687664032,0.5375939011573792,1,
2026-07-13_11-48-43.mp4,12,0.0,,0.35039663314819336,0.5316887497901917,0.11791471391916275,0.35039663314819336,1,
2026-07-22_16-59-39.mp4,12,0.0,,0.40389329195022583,0.4070049226284027,0.18910181522369385,0.40389329195022583,1,
2026-07-06_18-58-23.mp4,12,0.0,,0.320767879486084,0.5398260354995728,0.13940612971782684,0.320767879486084,1,
2026-07-02_04-19-09.mp4,12,0.0,,0.19032800197601318,0.7087920308113098,0.10088002681732178,0.19032800197601318,0,
2026-07-21_11-54-31.mp4,12,0.0,,0.19962047040462494,0.7191460132598877,0.08123355358839035,0.19962047040462494,0,
2026-07-09_09-20-27.mp4,12,0.0,,0.503899335861206,0.4438192844390869,0.05228135734796524,0.503899335861206,1,
2026-07-08_09-01-51.mp4,12,0.0,,0.24635717272758484,0.6251052021980286,0.12853765487670898,0.24635717272758484,0,
2026-07-20_04-38-15.mp4,12,0.0,,0.19829241931438446,0.6064685583114624,0.19523905217647552,0.19829241931438446,0,
2026-07-19_00-24-02.mp4,12,0.0,,0.33603635430336,0.5932908058166504,0.07067283242940903,0.33603635430336,1,
2026-07-02_12-29-11.mp4,12,0.0,,0.36712855100631714,0.6051042675971985,0.027767173945903778,0.36712855100631714,1,
2026-07-04_02-38-10.mp4,12,0.0,,0.2990076541900635,0.5481200218200684,0.15287232398986816,0.2990076541900635,1,
2026-07-12_20-03-47.mp4,12,0.0,,0.21826472878456116,0.623868465423584,0.15786682069301605,0.21826472878456116,0,
2026-07-04_02-39-52.mp4,12,0.0,,0.3356744647026062,0.6280309557914734,0.036294642835855484,0.3356744647026062,1,
2026-07-11_10-53-58.mp4,12,0.0,,0.5726559162139893,0.36908453702926636,0.05825960263609886,0.5726559162139893,1,
2026-07-06_23-40-24.mp4,12,0.0,,0.2829322814941406,0.5092564225196838,0.20781128108501434,0.2829322814941406,1,
2026-07-19_10-21-02.mp4,12,0.0,,0.274092435836792,0.5967690944671631,0.12913848459720612,0.274092435836792,1,
2026-07-22_13-26-15.mp4,12,0.0,,0.23435771465301514,0.7173367738723755,0.04830553010106087,0.23435771465301514,0,
2026-07-03_14-24-00.mp4,12,0.0,,0.28760290145874023,0.6321653127670288,0.08023180067539215,0.28760290145874023,1,
2026-07-20_21-41-58.mp4,12,0.0,,0.24073199927806854,0.436263769865036,0.32300427556037903,0.24073199927806854,0,
2026-07-22_04-04-39.mp4,12,0.0,,0.34271135926246643,0.5625272393226624,0.09476146847009659,0.34271135926246643,1,
2026-07-21_11-18-25.mp4,12,0.0,,0.21827158331871033,0.6261997818946838,0.15552864968776703,0.21827158331871033,0,
2026-07-17_07-52-56.mp4,12,0.0,,0.2419208139181137,0.6283227205276489,0.12975652515888214,0.2419208139181137,0,
2026-07-15_09-02-19.mp4,12,0.0,,0.392391175031662,0.36859679222106934,0.23901206254959106,0.392391175031662,1,
2026-07-04_06-54-24.mp4,12,0.0,,0.37860170006752014,0.4950953423976898,0.12630295753479004,0.37860170006752014,1,
2026-07-14_23-54-31.mp4,12,0.0,,0.2429029494524002,0.6906765699386597,0.06642049551010132,0.2429029494524002,0,
2026-07-26_00-13-13.mp4,12,0.0,,0.3744983673095703,0.5558776259422302,0.06962399929761887,0.3744983673095703,1,
2026-07-10_14-56-37.mp4,12,0.0,,0.20108020305633545,0.7573640942573547,0.04155579209327698,0.20108020305633545,0,
2026-07-12_13-50-13.mp4,12,0.0,,0.3010937571525574,0.33461207151412964,0.3642941415309906,0.3010937571525574,1,
2026-07-25_11-24-27.mp4,12,0.0,,0.29633986949920654,0.5043273568153381,0.19933278858661652,0.29633986949920654,1,
2026-07-20_09-16-34.mp4,12,0.0,,0.276692658662796,0.632684051990509,0.09062336385250092,0.276692658662796,1,
2026-07-07_01-16-11.mp4,12,0.0,,0.40056556463241577,0.48690807819366455,0.11252635717391968,0.40056556463241577,1,
2026-07-06_00-34-00.mp4,12,0.25,4.996798856758777,0.24217626452445984,0.649122416973114,0.10870135575532913,0.18163219839334488,0,
2026-07-07_22-37-54.mp4,12,0.0,,0.2889983355998993,0.557282030582428,0.1537197083234787,0.2889983355998993,1,
2026-06-30_16-51-20.mp4,12,0.0,,0.41572830080986023,0.44651609659194946,0.13775573670864105,0.41572830080986023,1,
2026-07-06_22-51-47.mp4,12,0.0,,0.3980408310890198,0.5519700646400452,0.04998915642499924,0.3980408310890198,1,
2026-07-09_17-03-59.mp4,12,0.0,,0.372439444065094,0.4864901602268219,0.1410704255104065,0.372439444065094,1,
2026-07-22_22-43-16.mp4,12,0.0,,0.29926133155822754,0.563725471496582,0.137013241648674,0.29926133155822754,1,
2026-07-14_07-04-48.mp4,12,0.0,,0.40345507860183716,0.48186004161834717,0.11468492448329926,0.40345507860183716,1,
2026-07-07_20-58-00.mp4,12,0.0,,0.3106314241886139,0.6205624341964722,0.06880618631839752,0.3106314241886139,1,
2026-07-02_03-54-15.mp4,12,0.0,,0.14703385531902313,0.6819027662277222,0.1710633784532547,0.14703385531902313,0,
2026-07-06_22-36-21.mp4,12,0.0,,0.30829399824142456,0.6080178618431091,0.08368807286024094,0.30829399824142456,1,
2026-07-01_07-05-41.mp4,12,0.0,,0.47107353806495667,0.3680839240550995,0.16084259748458862,0.47107353806495667,1,
2026-07-23_17-04-34.mp4,12,0.0,,0.2427680790424347,0.6817203760147095,0.07551158964633942,0.2427680790424347,0,
2026-07-05_05-53-29.mp4,12,0.0,,0.4745737910270691,0.44905370473861694,0.07637247443199158,0.4745737910270691,1,
2026-06-30_21-53-26.mp4,12,0.0,,0.24582558870315552,0.4633685350418091,0.2908059060573578,0.24582558870315552,0,
2026-07-21_12-20-37.mp4,12,0.0,,0.273554265499115,0.6832399368286133,0.043205831199884415,0.273554265499115,1,
2026-07-05_03-40-40.mp4,12,0.0,,0.2863730192184448,0.5931075215339661,0.1205194965004921,0.2863730192184448,1,
2026-07-01_20-18-25.mp4,12,0.08333333333333333,4.175154320987654,0.23627212643623352,0.6448501348495483,0.1188778355717659,0.2165827825665474,0,
2026-07-08_03-44-54.mp4,12,0.0,,0.38521021604537964,0.5220775604248047,0.09271232783794403,0.38521021604537964,1,
2026-07-11_13-31-06.mp4,12,0.0,,0.14852222800254822,0.8047199249267578,0.04675785452127457,0.14852222800254822,0,
2026-07-20_14-52-18.mp4,12,0.0,,0.35601168870925903,0.5541130304336548,0.08987535536289215,0.35601168870925903,1,
2026-07-20_11-37-14.mp4,12,0.0,,0.5275080800056458,0.3426750600337982,0.1298169195652008,0.5275080800056458,1,
2026-07-13_11-49-31.mp4,12,0.0,,0.40844544768333435,0.4633641242980957,0.12819042801856995,0.40844544768333435,1,
2026-07-10_14-20-07.mp4,12,0.0,,0.10735119879245758,0.8743991255760193,0.01824980229139328,0.10735119879245758,0,
2026-07-08_20-41-44.mp4,12,0.0,,0.40707314014434814,0.47720080614089966,0.1157260537147522,0.40707314014434814,1,
2026-07-15_18-29-25.mp4,12,0.0,,0.39045828580856323,0.5280892252922058,0.08145253360271454,0.39045828580856323,1,
2026-07-13_07-20-43.mp4,12,0.0,,0.25998616218566895,0.6644926071166992,0.07552124559879303,0.25998616218566895,1,
2026-07-09_14-42-12.mp4,12,0.0,,0.5427262187004089,0.3929186463356018,0.06435514986515045,0.5427262187004089,1,
2026-07-11_22-31-00.mp4,12,0.0,,0.4537850618362427,0.3602926731109619,0.1859222948551178,0.4537850618362427,1,
2026-07-05_16-26-40.mp4,12,0.0,,0.5997403264045715,0.3196931481361389,0.08056657016277313,0.5997403264045715,1,
2026-07-02_16-19-51.mp4,12,0.0,,0.13877935707569122,0.748146653175354,0.11307395249605179,0.13877935707569122,0,
2026-07-24_05-22-58.mp4,12,0.0,,0.2605314254760742,0.5772641897201538,0.16220445930957794,0.2605314254760742,1,
2026-07-10_14-24-01.mp4,12,0.0,,0.23050816357135773,0.7145435214042664,0.05494832992553711,0.23050816357135773,0,
2026-07-02_23-44-07.mp4,12,0.0,,0.11993080377578735,0.82355797290802,0.0565112940967083,0.11993080377578735,0,
2026-07-23_19-03-56.mp4,12,0.0,,0.2753981649875641,0.6574345827102661,0.06716718524694443,0.2753981649875641,1,
2026-07-03_11-01-26.mp4,12,0.0,,0.11052978038787842,0.8496002554893494,0.03986995294690132,0.11052978038787842,0,
2026-07-06_18-13-42.mp4,12,0.0,,0.2708646357059479,0.5222969055175781,0.2068384736776352,0.2708646357059479,1,
2026-07-06_02-55-58.mp4,12,0.0,,0.18318533897399902,0.6357517838478088,0.18106290698051453,0.18318533897399902,0,
2026-07-20_19-16-41.mp4,12,0.0,,0.3021124601364136,0.5322815775871277,0.1656060665845871,0.3021124601364136,1,
2026-07-04_18-01-03.mp4,12,0.0,,0.40828847885131836,0.4006785750389099,0.19103296101093292,0.40828847885131836,1,
2026-07-11_10-47-40.mp4,12,0.0,,0.2791246175765991,0.6766564846038818,0.04421895369887352,0.2791246175765991,1,
2026-07-23_16-32-41.mp4,12,0.0,,0.22223009169101715,0.7198219299316406,0.057948045432567596,0.22223009169101715,0,
2026-07-07_09-29-54.mp4,12,0.0,,0.3501178026199341,0.5098597407341003,0.14002251625061035,0.3501178026199341,1,
2026-07-03_21-27-47.mp4,12,0.0,,0.39407020807266235,0.5537376403808594,0.05219217389822006,0.39407020807266235,1,
2026-07-22_01-54-34.mp4,12,0.0,,0.3362017273902893,0.5955542325973511,0.0682440847158432,0.3362017273902893,1,
2026-07-25_11-31-21.mp4,12,0.0,,0.32008564472198486,0.5538824796676636,0.12603195011615753,0.32008564472198486,1,
2026-07-12_18-19-29.mp4,12,0.0,,0.24937769770622253,0.5650009512901306,0.185621440410614,0.24937769770622253,0,
2026-07-12_12-21-05.mp4,12,0.0,,0.15454106032848358,0.622536301612854,0.22292271256446838,0.15454106032848358,0,
2026-07-20_19-34-59.mp4,12,0.0,,0.48277056217193604,0.23516161739826202,0.2820678949356079,0.48277056217193604,1,
2026-07-17_09-13-25.mp4,12,0.0,,0.31422191858291626,0.33754366636276245,0.3482343852519989,0.31422191858291626,1,
2026-07-08_19-34-20.mp4,12,0.0,,0.3981184959411621,0.5624310970306396,0.03945048525929451,0.3981184959411621,1,
2026-07-25_23-35-50.mp4,12,0.0,,0.44941699504852295,0.4690486788749695,0.08153430372476578,0.44941699504852295,1,
2026-07-23_15-44-53.mp4,12,0.0,,0.32873570919036865,0.5315440893173218,0.13972023129463196,0.32873570919036865,1,
2026-07-10_22-24-24.mp4,12,0.0,,0.25195983052253723,0.6240043640136719,0.12403583526611328,0.25195983052253723,1,
2026-07-01_21-17-41.mp4,12,0.0,,0.12347576022148132,0.590042769908905,0.28648149967193604,0.12347576022148132,0,
2026-07-25_20-25-34.mp4,12,0.0,,0.3001375198364258,0.6484428644180298,0.05141959711909294,0.3001375198364258,1,
2026-07-26_04-29-53.mp4,12,0.0,,0.38164931535720825,0.5813347101211548,0.03701602295041084,0.38164931535720825,1,
2026-07-21_06-13-53.mp4,12,0.0,,0.26103952527046204,0.5541883707046509,0.18477210402488708,0.26103952527046204,1,
2026-07-02_15-32-57.mp4,12,0.0,,0.21848084032535553,0.6683470010757446,0.113172248005867,0.21848084032535553,0,
2026-07-03_11-00-50.mp4,12,0.0,,0.18449565768241882,0.770943284034729,0.04456112161278725,0.18449565768241882,0,
2026-07-02_03-23-16.mp4,12,0.0,,0.22253745794296265,0.6428425312042236,0.13462011516094208,0.22253745794296265,0,
2026-07-19_00-00-56.mp4,12,0.0,,0.3601875901222229,0.392286479473114,0.24752596020698547,0.3601875901222229,1,
2026-07-20_15-08-06.mp4,12,0.0,,0.31315070390701294,0.5583294034004211,0.1285199224948883,0.31315070390701294,1,
2026-07-22_07-49-37.mp4,12,0.0,,0.5584862232208252,0.34065675735473633,0.10085701942443848,0.5584862232208252,1,
2026-07-25_12-46-02.mp4,12,0.0,,0.18994268774986267,0.3784864842891693,0.4315708577632904,0.18994268774986267,0,
2026-07-14_13-58-02.mp4,12,0.0,,0.2804270386695862,0.5617976188659668,0.1577753871679306,0.2804270386695862,1,
2026-07-05_12-23-14.mp4,12,0.0,,0.1934463232755661,0.7434692978858948,0.06308441609144211,0.1934463232755661,0,
2026-07-20_22-53-51.mp4,12,0.0,,0.1718599498271942,0.6326578855514526,0.19548217952251434,0.1718599498271942,0,
2026-07-17_13-24-40.mp4,12,0.0,,0.4658166170120239,0.48028212785720825,0.05390128120779991,0.4658166170120239,1,
2026-07-10_16-45-53.mp4,12,0.0,,0.23312795162200928,0.6051968336105347,0.16167518496513367,0.23312795162200928,0,
2026-07-16_21-41-14.mp4,12,0.0,,0.24907304346561432,0.5912336111068726,0.1596934199333191,0.24907304346561432,0,
2026-07-14_14-55-01.mp4,12,0.0,,0.28760141134262085,0.46604931354522705,0.24634931981563568,0.28760141134262085,1,
2026-07-18_11-26-34.mp4,12,0.0,,0.365023672580719,0.5004252791404724,0.13455110788345337,0.365023672580719,1,
2026-07-03_00-27-08.mp4,12,0.0,,0.16285385191440582,0.6950227618217468,0.14212341606616974,0.16285385191440582,0,
2026-07-06_01-28-35.mp4,12,0.0,,0.19641578197479248,0.7405547499656677,0.06302952766418457,0.19641578197479248,0,
2026-07-09_16-21-17.mp4,11,0.0,,0.2813497483730316,0.6278896331787109,0.09076067805290222,0.2813497483730316,1,
2026-07-17_23-07-42.mp4,12,0.0,,0.28500860929489136,0.529159426689148,0.18583199381828308,0.28500860929489136,1,
2026-07-24_23-31-59.mp4,12,0.0,,0.2212388813495636,0.5276503562927246,0.2511107623577118,0.2212388813495636,0,
2026-07-08_22-17-58.mp4,12,0.0,,0.3236325681209564,0.562174379825592,0.11419308185577393,0.3236325681209564,1,
2026-07-08_17-28-41.mp4,12,0.0,,0.2920825481414795,0.6181558966636658,0.08976166695356369,0.2920825481414795,1,
2026-07-03_01-42-25.mp4,12,0.0,,0.18167689442634583,0.7038309574127197,0.11449220031499863,0.18167689442634583,0,
2026-07-10_11-02-52.mp4,12,0.0,,0.22690212726593018,0.6980398297309875,0.07505809515714645,0.22690212726593018,0,
2026-07-09_21-47-26.mp4,12,0.0,,0.41241317987442017,0.4368681311607361,0.15071870386600494,0.41241317987442017,1,
2026-07-01_18-41-02.mp4,12,0.0,,0.22851914167404175,0.7222456932067871,0.04923518747091293,0.22851914167404175,0,
2026-07-08_15-56-47.mp4,12,0.0,,0.40351709723472595,0.5174248814582825,0.07905811071395874,0.40351709723472595,1,
2026-07-10_11-10-21.mp4,12,0.0,,0.2622029185295105,0.6783615946769714,0.05943559482693672,0.2622029185295105,1,
2026-07-02_15-48-45.mp4,12,0.0,,0.23135468363761902,0.6838709712028503,0.08477436751127243,0.23135468363761902,0,
2026-07-15_08-53-14.mp4,12,0.0,,0.30285826325416565,0.43942171335220337,0.25772011280059814,0.30285826325416565,1,
2026-07-04_19-05-36.mp4,12,0.0,,0.43476399779319763,0.5012919306755066,0.06394412368535995,0.43476399779319763,1,
2026-07-07_14-04-21.mp4,12,0.0,,0.23615232110023499,0.6552808284759521,0.10856688022613525,0.23615232110023499,0,
2026-07-14_03-14-08.mp4,12,0.0,,0.16915538907051086,0.6898954510688782,0.14094924926757812,0.16915538907051086,0,
2026-07-02_03-13-10.mp4,12,0.0,,0.10440661758184433,0.837378203868866,0.05821523070335388,0.10440661758184433,0,
2026-07-14_16-37-54.mp4,12,0.0,,0.3084728717803955,0.5427646636962891,0.1487625390291214,0.3084728717803955,1,
2026-07-25_11-28-33.mp4,12,0.0,,0.34729039669036865,0.537520170211792,0.11518945544958115,0.34729039669036865,1,
2026-07-04_00-56-53.mp4,12,0.0,,0.2661328911781311,0.6611788868904114,0.0726882740855217,0.2661328911781311,1,
2026-07-06_20-48-52.mp4,12,0.0,,0.429099977016449,0.4945904314517975,0.07630959898233414,0.429099977016449,1,
2026-07-14_19-00-19.mp4,12,0.0,,0.2772011160850525,0.5971657633781433,0.125633105635643,0.2772011160850525,1,
2026-07-14_15-02-13.mp4,12,0.0,,0.2611972391605377,0.5311625003814697,0.20764027535915375,0.2611972391605377,1,
2026-07-13_21-27-17.mp4,12,0.0,,0.13805878162384033,0.8148300647735596,0.04711122438311577,0.13805878162384033,0,
2026-07-05_15-23-46.mp4,12,0.0,,0.2037258893251419,0.7541730403900146,0.04210113361477852,0.2037258893251419,0,
2026-07-15_12-57-35.mp4,12,0.0,,0.23434379696846008,0.6182168126106262,0.14743943512439728,0.23434379696846008,0,
2026-07-20_09-15-57.mp4,12,0.0,,0.23685386776924133,0.6353747844696045,0.12777137756347656,0.23685386776924133,0,
2026-07-13_10-55-13.mp4,12,0.0,,0.26723408699035645,0.6342867612838745,0.09847922623157501,0.26723408699035645,1,
2026-07-08_22-38-40.mp4,12,0.0,,0.3357374668121338,0.5836160182952881,0.08064649999141693,0.3357374668121338,1,
2026-07-03_01-24-49.mp4,12,0.0,,0.13050666451454163,0.7343000769615173,0.13519327342510223,0.13050666451454163,0,
2026-07-15_13-49-10.mp4,12,0.0,,0.3326573073863983,0.45717331767082214,0.21016940474510193,0.3326573073863983,1,
2026-07-25_07-43-54.mp4,12,0.0,,0.3419882655143738,0.5834128856658936,0.07459884136915207,0.3419882655143738,1,
2026-06-30_13-05-55.mp4,12,0.0,,0.2836275100708008,0.4032365083694458,0.31313595175743103,0.2836275100708008,1,
2026-07-07_06-17-08.mp4,12,0.0,,0.23121938109397888,0.6927562355995178,0.07602441310882568,0.23121938109397888,0,
2026-07-05_05-56-41.mp4,12,0.0,,0.295110285282135,0.5569342374801636,0.14795558154582977,0.295110285282135,1,
2026-07-07_02-10-46.mp4,12,0.0,,0.27299100160598755,0.6770989894866943,0.04990997537970543,0.27299100160598755,1,
2026-07-09_14-09-30.mp4,12,0.0,,0.6846928596496582,0.26985833048820496,0.04544879123568535,0.6846928596496582,1,
2026-07-10_12-35-51.mp4,12,0.0,,0.3911692500114441,0.5367879867553711,0.0720428079366684,0.3911692500114441,1,
2026-07-23_06-10-11.mp4,12,0.0,,0.4829155504703522,0.2712840437889099,0.24580048024654388,0.4829155504703522,1,
2026-07-21_09-06-09.mp4,12,0.0,,0.5046685338020325,0.37093740701675415,0.12439414113759995,0.5046685338020325,1,
2026-07-05_10-19-03.mp4,12,0.0,,0.3028647005558014,0.6352638602256775,0.06187155097723007,0.3028647005558014,1,
2026-07-12_21-22-33.mp4,12,0.0,,0.4462581276893616,0.4248272776603699,0.12891459465026855,0.4462581276893616,1,
2026-07-05_08-25-28.mp4,12,0.0,,0.48861420154571533,0.41076043248176575,0.10062535107135773,0.48861420154571533,1,
2026-07-18_15-45-44.mp4,11,0.0,,0.5724329948425293,0.36603230237960815,0.06153474748134613,0.5724329948425293,1,
2026-07-13_19-37-31.mp4,12,0.0,,0.45976293087005615,0.46391862630844116,0.07631848752498627,0.45976293087005615,1,
2026-07-05_02-13-53.mp4,12,0.0,,0.21670427918434143,0.7456318140029907,0.03766397386789322,0.21670427918434143,0,
2026-07-08_14-48-36.mp4,12,0.0,,0.32026898860931396,0.6129959225654602,0.06673510372638702,0.32026898860931396,1,
2026-07-11_12-52-26.mp4,12,0.0,,0.12602593004703522,0.844313383102417,0.029660724103450775,0.12602593004703522,0,
2026-07-03_01-37-01.mp4,12,0.0,,0.10835046321153641,0.826457142829895,0.06519238650798798,0.10835046321153641,0,
2026-07-20_19-20-29.mp4,12,0.0,,0.17460477352142334,0.6920693516731262,0.13332585990428925,0.17460477352142334,0,
2026-07-15_08-08-44.mp4,12,0.0,,0.5381157398223877,0.31482288241386414,0.14706140756607056,0.5381157398223877,1,
2026-07-12_21-18-39.mp4,12,0.0,,0.24457016587257385,0.5150478482246399,0.24038200080394745,0.24457016587257385,0,
2026-07-04_03-05-31.mp4,12,0.0,,0.37793201208114624,0.5771780014038086,0.04489002749323845,0.37793201208114624,1,
2026-07-03_12-47-43.mp4,12,0.0,,0.35886308550834656,0.5170954465866089,0.1240413635969162,0.35886308550834656,1,
2026-07-22_22-38-22.mp4,12,0.0,,0.2892792820930481,0.5210579037666321,0.1896628588438034,0.2892792820930481,1,
2026-07-07_07-33-49.mp4,12,0.0,,0.11959217488765717,0.8529375791549683,0.027470266446471214,0.11959217488765717,0,
2026-07-24_22-27-11.mp4,12,0.0,,0.24838469922542572,0.6287862062454224,0.12282909452915192,0.24838469922542572,0,
2026-07-10_11-12-27.mp4,12,0.0,,0.22127404808998108,0.6963587999343872,0.08236722648143768,0.22127404808998108,0,
2026-07-12_14-37-48.mp4,12,0.0,,0.20691516995429993,0.6792409420013428,0.11384391784667969,0.20691516995429993,0,
2026-07-02_03-23-04.mp4,12,0.0,,0.2400881052017212,0.6112150549888611,0.14869685471057892,0.2400881052017212,0,
2026-07-07_12-29-34.mp4,12,0.0,,0.34339749813079834,0.5232242345809937,0.1333782970905304,0.34339749813079834,1,
2026-07-05_13-09-08.mp4,12,0.0,,0.20652715861797333,0.6848599910736084,0.10861289501190186,0.20652715861797333,0,
2026-07-02_03-30-28.mp4,12,0.0,,0.1782207190990448,0.6609417200088501,0.16083760559558868,0.1782207190990448,0,
2026-07-04_02-42-22.mp4,12,0.0,,0.2364359050989151,0.7314789891242981,0.032085128128528595,0.2364359050989151,0,
2026-07-05_19-59-47.mp4,12,0.08333333333333333,2.6568956611570247,0.2611851990222931,0.6529430150985718,0.0858718678355217,0.23941976577043533,0,
2026-07-16_18-58-58.mp4,12,0.0,,0.33076128363609314,0.5193637609481812,0.14987494051456451,0.33076128363609314,1,
2026-07-25_19-46-52.mp4,12,0.0,,0.3404461145401001,0.4896722435951233,0.1698816567659378,0.3404461145401001,1,
2026-07-09_12-16-56.mp4,12,0.0,,0.2670123279094696,0.6744033098220825,0.05858439952135086,0.2670123279094696,1,
2026-07-06_05-58-38.mp4,12,0.0,,0.3251035213470459,0.5825558304786682,0.09234065562486649,0.3251035213470459,1,
2026-07-11_05-51-38.mp4,12,0.0,,0.25401175022125244,0.6589058637619019,0.08708242326974869,0.25401175022125244,1,
2026-07-20_12-30-37.mp4,12,0.0,,0.20377026498317719,0.6998492479324341,0.09638048708438873,0.20377026498317719,0,
2026-07-10_12-27-57.mp4,12,0.0,,0.39915186166763306,0.5434932708740234,0.057354871183633804,0.39915186166763306,1,
2026-07-01_12-38-54.mp4,12,0.0,,0.2600892186164856,0.4577968716621399,0.2821139395236969,0.2600892186164856,1,
2026-07-22_15-16-01.mp4,12,0.0,,0.37361496686935425,0.5881842970848083,0.038200799375772476,0.37361496686935425,1,
2026-07-22_13-43-38.mp4,12,0.0,,0.7012715935707092,0.21696634590625763,0.08176203072071075,0.7012715935707092,1,
2026-07-23_15-32-11.mp4,12,0.0,,0.47794657945632935,0.4648580253124237,0.05719546601176262,0.47794657945632935,1,
2026-07-05_15-51-34.mp4,12,0.0,,0.2856441140174866,0.6815463304519653,0.03280961886048317,0.2856441140174866,1,
2026-07-02_05-18-40.mp4,12,0.0,,0.30700433254241943,0.585176408290863,0.1078193187713623,0.30700433254241943,1,
2026-07-08_14-04-31.mp4,12,0.0,,0.15052276849746704,0.795466423034668,0.054010916501283646,0.15052276849746704,0,
2026-07-05_00-56-00.mp4,12,0.0,,0.32860085368156433,0.5919359922409058,0.07946322858333588,0.32860085368156433,1,
2026-07-23_12-35-25.mp4,12,0.5833333333333334,4.231051378447886,0.1975208818912506,0.6813043355941772,0.12117476016283035,0.08230036745468775,0,
2026-07-02_14-28-58.mp4,12,0.0,,0.24982663989067078,0.679510772228241,0.07066261023283005,0.24982663989067078,0,
2026-07-22_09-01-23.mp4,12,0.0,,0.2576715648174286,0.6727862358093262,0.06954225152730942,0.2576715648174286,1,
2026-07-06_00-32-12.mp4,12,0.0,,0.13801884651184082,0.7925978302955627,0.06938337534666061,0.13801884651184082,0,
2026-07-10_17-23-21.mp4,12,0.0,,0.18356803059577942,0.7383251786231995,0.0781068354845047,0.18356803059577942,0,
2026-07-12_13-50-49.mp4,12,0.0,,0.3944869637489319,0.34397274255752563,0.26154032349586487,0.3944869637489319,1,
2026-07-04_14-50-12.mp4,12,0.0,,0.20979022979736328,0.6848289966583252,0.1053808405995369,0.20979022979736328,0,
2026-07-24_19-30-31.mp4,12,0.0,,0.3248865604400635,0.5626099109649658,0.11250361055135727,0.3248865604400635,1,
2026-07-14_23-12-20.mp4,12,0.0,,0.35946395993232727,0.5431622266769409,0.0973738431930542,0.35946395993232727,1,
2026-07-18_11-45-40.mp4,12,0.0,,0.38354429602622986,0.5124200582504272,0.10403566062450409,0.38354429602622986,1,
2026-07-02_03-32-04.mp4,12,0.0,,0.255022257566452,0.6109221577644348,0.13405556976795197,0.255022257566452,1,
2026-07-04_09-17-58.mp4,12,0.0,,0.35610032081604004,0.6024558544158936,0.041443854570388794,0.35610032081604004,1,
2026-07-10_10-33-40.mp4,12,0.0,,0.430345743894577,0.44068026542663574,0.1289740353822708,0.430345743894577,1,
2026-07-06_13-26-03.mp4,12,0.0,,0.514656662940979,0.34891727566719055,0.1364261358976364,0.514656662940979,1,
2026-07-21_11-17-31.mp4,12,0.0,,0.20993563532829285,0.6603538990020752,0.12971056997776031,0.20993563532829285,0,
2026-07-12_10-30-31.mp4,12,0.0,,0.1892276108264923,0.7180942296981812,0.09267808496952057,0.1892276108264923,0,
2026-07-21_05-59-47.mp4,12,0.0,,0.2779247760772705,0.5357439517974854,0.18633128702640533,0.2779247760772705,1,
2026-07-10_21-42-07.mp4,12,0.0,,0.2883564233779907,0.6667361855506897,0.04490743950009346,0.2883564233779907,1,
2026-07-06_23-43-00.mp4,12,0.0,,0.21243634819984436,0.5095807313919067,0.2779829502105713,0.21243634819984436,0,
2026-07-03_08-56-45.mp4,12,0.0,,0.23226556181907654,0.7019535303115845,0.06578090786933899,0.23226556181907654,0,
2026-07-13_12-36-24.mp4,12,0.0,,0.3182218372821808,0.5958965420722961,0.08588164299726486,0.3182218372821808,1,
2026-07-07_07-18-31.mp4,12,0.0,,0.3444710373878479,0.6066130995750427,0.048915889114141464,0.3444710373878479,1,
2026-07-26_04-37-53.mp4,12,0.0,,0.2671085000038147,0.6414608955383301,0.0914306789636612,0.2671085000038147,1,
2026-07-23_09-04-57.mp4,12,0.0,,0.36999112367630005,0.5391460061073303,0.09086284041404724,0.36999112367630005,1,
2026-07-19_11-21-03.mp4,12,0.0,,0.3811415731906891,0.09318020194768906,0.5256782174110413,0.3811415731906891,1,
2026-07-19_23-44-48.mp4,12,0.0,,0.24429284036159515,0.5848610401153564,0.170846089720726,0.24429284036159515,0,
2026-07-22_14-13-08.mp4,12,0.0,,0.26149463653564453,0.7102476358413696,0.02825777232646942,0.26149463653564453,1,
2026-07-07_21-52-13.mp4,12,0.0,,0.22999921441078186,0.5783469676971436,0.19165389239788055,0.22999921441078186,0,
2026-07-23_20-55-51.mp4,12,0.0,,0.33428695797920227,0.5867233276367188,0.07898973673582077,0.33428695797920227,1,
2026-07-07_04-24-33.mp4,12,0.0,,0.21517808735370636,0.5810954570770264,0.20372653007507324,0.21517808735370636,0,
2026-07-21_12-58-36.mp4,12,0.0,,0.31660524010658264,0.575918972492218,0.10747583210468292,0.31660524010658264,1,
2026-07-04_20-39-41.mp4,12,0.0,,0.2497575730085373,0.6921349763870239,0.05810742825269699,0.2497575730085373,0,
2026-07-02_20-30-19.mp4,12,0.0,,0.16330456733703613,0.7232543230056763,0.11344106495380402,0.16330456733703613,0,
2026-07-16_19-17-46.mp4,12,0.0,,0.3901479244232178,0.5189480781555176,0.09090405702590942,0.3901479244232178,1,
2026-07-12_14-13-36.mp4,12,0.0,,0.4073294401168823,0.41654491424560547,0.1761256605386734,0.4073294401168823,1,
2026-07-08_12-16-32.mp4,12,0.0,,0.3610575497150421,0.5578214526176453,0.08112101256847382,0.3610575497150421,1,
2026-07-03_03-53-35.mp4,12,0.0,,0.20778189599514008,0.7502029538154602,0.042015191167593,0.20778189599514008,0,
2026-07-17_07-51-08.mp4,12,0.0,,0.26274242997169495,0.5908065438270569,0.14645101130008698,0.26274242997169495,1,
2026-07-21_15-22-53.mp4,12,0.0,,0.383864164352417,0.5005991458892822,0.11553674191236496,0.383864164352417,1,
2026-07-08_20-42-20.mp4,12,0.0,,0.4559643566608429,0.39885327219963074,0.14518241584300995,0.4559643566608429,1,
2026-07-24_07-29-45.mp4,12,0.08333333333333333,2.310100182053051,0.26757150888442993,0.6012367010116577,0.13119181990623474,0.24527388314406076,0,
2026-07-12_11-52-00.mp4,12,0.0,,0.20861394703388214,0.6560461521148682,0.13533993065357208,0.20861394703388214,0,
2026-07-02_04-04-03.mp4,12,0.0,,0.2615702748298645,0.6196277737617493,0.11880195885896683,0.2615702748298645,1,
2026-07-10_07-20-12.mp4,12,0.0,,0.26789647340774536,0.5171585083007812,0.21494510769844055,0.26789647340774536,1,
2026-07-08_04-14-17.mp4,12,0.0,,0.21005985140800476,0.7434206008911133,0.04651956632733345,0.21005985140800476,0,
2026-07-24_01-20-13.mp4,12,0.0,,0.3794613480567932,0.45582443475723267,0.16471417248249054,0.3794613480567932,1,
2026-07-06_15-55-18.mp4,12,0.0,,0.49024927616119385,0.45292502641677856,0.056825749576091766,0.49024927616119385,1,
2026-07-22_01-44-28.mp4,12,0.0,,0.5158985257148743,0.3304162621498108,0.15368522703647614,0.5158985257148743,1,
2026-07-07_09-25-42.mp4,12,0.0,,0.4000757336616516,0.503049910068512,0.09687440097332001,0.4000757336616516,1,
2026-07-12_04-43-10.mp4,12,0.0,,0.2667783498764038,0.4764859676361084,0.2567357122898102,0.2667783498764038,1,
2026-07-14_07-04-24.mp4,12,0.0,,0.35792553424835205,0.5231286883354187,0.11894579231739044,0.35792553424835205,1,
2026-07-09_07-53-04.mp4,12,0.0,,0.2618750035762787,0.682560920715332,0.055564116686582565,0.2618750035762787,1,
2026-07-08_06-35-41.mp4,12,0.0,,0.38882526755332947,0.43973514437675476,0.17143960297107697,0.38882526755332947,1,
2026-07-03_07-22-40.mp4,12,0.0,,0.28735461831092834,0.6250641345977783,0.08758125454187393,0.28735461831092834,1,
2026-07-14_16-35-48.mp4,12,0.0,,0.3064928352832794,0.5804120898246765,0.11309508979320526,0.3064928352832794,1,
2026-07-01_23-44-50.mp4,12,0.0,,0.10390866547822952,0.8332038521766663,0.06288755685091019,0.10390866547822952,0,
2026-07-10_14-11-02.mp4,12,0.5,12.53923472077556,0.1601632684469223,0.8062092661857605,0.03362743556499481,0.08008163422346115,0,
2026-07-04_23-40-09.mp4,12,0.0,,0.2577325105667114,0.6699084043502808,0.07235908508300781,0.2577325105667114,1,
2026-07-07_00-14-36.mp4,12,0.0,,0.32799527049064636,0.6483455896377563,0.023659206926822662,0.32799527049064636,1,
2026-07-26_00-56-55.mp4,12,0.0,,0.404025137424469,0.49459147453308105,0.10138344019651413,0.404025137424469,1,
2026-07-06_02-54-58.mp4,12,0.0,,0.2119854986667633,0.6736536622047424,0.11436086893081665,0.2119854986667633,0,
2026-07-06_00-43-18.mp4,12,0.0,,0.565826952457428,0.3760913014411926,0.05808179825544357,0.565826952457428,1,
2026-07-10_11-16-45.mp4,12,0.0,,0.29036301374435425,0.6119077801704407,0.09772918373346329,0.29036301374435425,1,
2026-07-11_18-49-21.mp4,12,0.0,,0.36449429392814636,0.5942546129226685,0.041251081973314285,0.36449429392814636,1,
2026-07-05_13-03-38.mp4,12,0.0,,0.27748557925224304,0.606465756893158,0.11604870110750198,0.27748557925224304,1,
2026-07-22_13-42-38.mp4,12,0.0,,0.40125933289527893,0.5304802656173706,0.06826043128967285,0.40125933289527893,1,
2026-07-09_19-58-45.mp4,12,0.0,,0.17569482326507568,0.7404263019561768,0.08387897163629532,0.17569482326507568,0,
2026-07-03_19-50-54.mp4,12,0.0,,0.1695164442062378,0.6144595742225647,0.21602404117584229,0.1695164442062378,0,
2026-07-02_08-32-24.mp4,12,0.0,,0.1674022078514099,0.760556161403656,0.07204164564609528,0.1674022078514099,0,
2026-07-14_06-39-55.mp4,12,0.0,,0.23462390899658203,0.6793388724327087,0.08603724837303162,0.23462390899658203,0,
2026-07-02_10-36-42.mp4,12,0.0,,0.46309104561805725,0.4969063699245453,0.040002625435590744,0.46309104561805725,1,
2026-07-11_13-47-42.mp4,12,0.0,,0.15515322983264923,0.8121305108070374,0.03271632269024849,0.15515322983264923,0,
2026-07-05_21-55-02.mp4,12,0.0,,0.20827922224998474,0.6843463778495789,0.10737442225217819,0.20827922224998474,0,
2026-07-22_07-42-37.mp4,12,0.0,,0.23057685792446136,0.5257725715637207,0.2436506152153015,0.23057685792446136,0,
2026-07-03_07-19-22.mp4,12,0.0,,0.24872981011867523,0.718176007270813,0.03309420868754387,0.24872981011867523,0,
2026-07-02_22-56-56.mp4,12,0.0,,0.3466392457485199,0.46134448051452637,0.19201631844043732,0.3466392457485199,1,
2026-07-15_09-57-19.mp4,12,0.0,,0.2726653516292572,0.650583028793335,0.07675161957740784,0.2726653516292572,1,
2026-07-07_00-14-00.mp4,12,0.0,,0.38602739572525024,0.5745843052864075,0.03938831388950348,0.38602739572525024,1,
2026-07-05_16-29-21.mp4,12,0.0,,0.7193293571472168,0.21305395662784576,0.06761667132377625,0.7193293571472168,1,
2026-07-06_19-13-11.mp4,12,0.0,,0.34125271439552307,0.5997372269630432,0.05901006609201431,0.34125271439552307,1,
2026-07-20_15-26-24.mp4,12,0.0,,0.3315006494522095,0.5452113747596741,0.12328797578811646,0.3315006494522095,1,
2026-07-18_21-01-40.mp4,12,0.0,,0.23751544952392578,0.6545960903167725,0.10788852721452713,0.23751544952392578,0,
2026-07-12_21-42-21.mp4,12,0.0,,0.30071672797203064,0.4449562430381775,0.25432702898979187,0.30071672797203064,1,
2026-07-10_10-09-28.mp4,12,0.0,,0.5087189674377441,0.40532243251800537,0.08595865219831467,0.5087189674377441,1,
2026-07-04_02-21-04.mp4,12,0.0,,0.36324307322502136,0.3627890348434448,0.2739679217338562,0.36324307322502136,1,
2026-07-11_16-58-06.mp4,12,0.0,,0.27190399169921875,0.6886759996414185,0.0394199900329113,0.27190399169921875,1,
2026-07-03_22-43-04.mp4,12,0.0,,0.2475583851337433,0.5167925357818604,0.23564903438091278,0.2475583851337433,0,
2026-07-06_07-06-07.mp4,12,0.0,,0.34347885847091675,0.6038758754730225,0.05264527350664139,0.34347885847091675,1,
2026-07-09_14-43-12.mp4,12,0.0,,0.601176381111145,0.32822689414024353,0.07059677690267563,0.601176381111145,1,
2026-07-09_20-29-15.mp4,12,0.0,,0.255269318819046,0.6828465461730957,0.06188419461250305,0.255269318819046,1,
2026-07-18_15-06-44.mp4,12,0.0,,0.24672099947929382,0.69593346118927,0.057345613837242126,0.24672099947929382,0,
2026-07-10_14-23-01.mp4,12,0.0,,0.2994209825992584,0.6540546417236328,0.046524450182914734,0.2994209825992584,1,
2026-07-10_11-40-51.mp4,12,0.0,,0.2661736011505127,0.661254346370697,0.07257210463285446,0.2661736011505127,1,
2026-07-02_14-27-46.mp4,12,0.0,,0.22104384005069733,0.7395645976066589,0.03939157351851463,0.22104384005069733,0,
2026-07-11_13-43-12.mp4,12,0.0,,0.15324285626411438,0.8075279593467712,0.03922920301556587,0.15324285626411438,0,
2026-07-20_19-59-23.mp4,12,0.0,,0.40998807549476624,0.3883399963378906,0.20167197287082672,0.40998807549476624,1,
2026-07-03_03-53-47.mp4,12,0.0,,0.24793267250061035,0.6949084401130676,0.05715888738632202,0.24793267250061035,0,
