file,present_frac,move_mean,move_frac,move_curve,wrist_vis_frac,hands_up_frac
2026-06-30_14-23-25.mp4,0.0,0.0023,0.0,"[0.0, 0.0, 0.0034, 0.0034, 0.0085]",0.0,0.0
2026-07-19_03-04-31.mp4,0.0,0.001,0.0,"[0.0023, 0.0005, 0.0007, 0.0013, 0.001, 0.0002, 0.0007, 0.0009]",0.0,0.0
2026-07-15_23-41-39.mp4,0.0,nan,,[],0.0,0.0
2026-07-19_18-28-09.mp4,0.0,0.0026,0.0,"[0.0046, 0.0018, 0.0015, 0.0027, 0.0024, 0.0039, 0.0, 0.0045]",0.0,0.0
2026-07-10_21-30-19.mp4,0.0,0.018,0.125,"[0.0218, 0.0063, 0.0053, 0.0522, 0.0257, 0.0048, 0.0081, 0.0206]",0.0,0.0
2026-07-25_17-54-47.mp4,0.0,nan,,[],0.0,0.0
2026-07-24_16-42-03.mp4,0.0,0.0103,0.125,"[0.0347, 0.0, 0.0126, 0.0235, 0.0049, 0.0017, 0.0016, 0.0021]",0.0,0.0
2026-07-18_11-48-16.mp4,0.0,nan,,[],0.0,0.0
2026-07-13_08-27-21.mp4,0.0,0.0063,0.0,"[0.013, 0.0111, 0.0072, 0.0085, 0.0066, 0.0018, 0.0, 0.0011]",0.0,0.0
2026-07-01_06-20-02.mp4,0.0,0.0092,0.0,"[0.0196, 0.0114, 0.0016, 0.0121, 0.0086, 0.01, 0.0033, 0.0064]",0.0,0.0
2026-07-26_01-44-36.mp4,0.0,0.0176,0.0,"[0.0229, 0.0108]",0.0,0.0
2026-07-01_07-17-29.mp4,0.0,0.0038,0.0,"[0.0013, 0.0003, 0.0038, 0.0133, 0.0041, 0.0029, 0.0035, 0.0007]",0.0,0.0
2026-07-01_06-14-14.mp4,0.0,0.0057,0.0,"[0.0164, 0.0059, 0.0042, 0.0019, 0.0052, 0.0007, 0.0066, 0.004]",0.0,0.0
2026-07-09_14-23-12.mp4,0.0,0.0026,0.0,"[0.0061, 0.0015, 0.0015, 0.0036, 0.0046, 0.0, 0.0031, 0.0019]",0.0,0.0
2026-07-01_00-55-05.mp4,0.0,0.0045,0.0,"[0.01, 0.0052, 0.0009, 0.009, 0.003, 0.0033, 0.0021, 0.0022]",0.0,0.0
2026-07-06_04-23-51.mp4,0.0,0.0062,0.0,"[0.0065, 0.0056, 0.0073, 0.0047, 0.0089, 0.0041, 0.0071, 0.0056]",0.0,0.0
2026-07-08_00-08-29.mp4,0.0,nan,,[],0.0,0.0
2026-07-19_10-48-02.mp4,0.0,0.003,0.0,"[0.0042, 0.002, 0.0, 0.0034, 0.0038, 0.0051, 0.0034, 0.0022]",0.0,0.0
2026-07-07_18-16-02.mp4,0.0,0.003,0.0,"[0.0045, 0.0024, 0.0024, 0.0021, 0.0053, 0.0025, 0.002, 0.0028]",0.0,0.0
2026-07-18_21-43-58.mp4,0.0,0.0007,0.0,"[0.0023, 0.0004, 0.0004, 0.0011, 0.0007, 0.0005, 0.0, 0.0]",0.0,0.0
2026-07-07_07-34-37.mp4,0.0,nan,,[],0.0,0.0
2026-07-15_07-37-08.mp4,0.0,0.005,0.0,"[0.0143, 0.0017, 0.0047, 0.0062, 0.0033, 0.0022, 0.004, 0.0028]",0.0,0.0
2026-07-13_20-53-12.mp4,0.35,0.0145,0.0,"[0.0277, 0.0098, 0.0084, 0.0153, 0.0062, 0.0075, 0.0229, 0.0189]",0.0,0.0
2026-07-22_21-25-48.mp4,0.0,nan,,[],0.0,0.0
2026-07-11_17-27-24.mp4,0.0,0.0205,0.375,"[0.0305, 0.0319, 0.0158, 0.0343, 0.0074, 0.0057, 0.0233, 0.0138]",0.0,0.0
2026-07-15_09-00-37.mp4,0.0,0.0572,0.429,"[0.0167, 0.0014, 0.0049, 0.0055, 0.1852, 0.1035, 0.1226]",0.0,0.0
2026-07-16_09-20-10.mp4,0.0,0.0035,0.0,"[0.0013, 0.0, 0.0032, 0.0039, 0.0067, 0.0042, 0.0021, 0.0027]",0.0,0.0
2026-07-15_18-46-54.mp4,0.0,0.0237,0.25,"[0.025, 0.0387, 0.0138, 0.0978, 0.0036, 0.0014, 0.0029, 0.0018]",0.0,0.0
2026-07-13_20-51-24.mp4,0.95,0.0123,0.125,"[0.0313, 0.0061, 0.022, 0.0201, 0.0098, 0.0047, 0.002, 0.0]",0.0,0.0
2026-07-08_13-55-19.mp4,0.0,0.0087,0.0,"[0.0118, 0.0109, 0.0073, 0.0188, 0.0041, 0.0042, 0.0061, 0.0062]",0.0,0.0
2026-07-13_12-40-06.mp4,0.0,nan,,[],0.0,0.0
2026-07-07_19-11-25.mp4,0.0,0.0077,0.0,"[0.0138, 0.0057, 0.0077, 0.0086, 0.0068, 0.0062, 0.0096, 0.002]",0.0,0.0
2026-07-26_01-27-07.mp4,0.0,0.0064,0.0,"[0.015, 0.0037, 0.0058, 0.0044, 0.0066, 0.0073, 0.0047, 0.0027]",0.0,0.0
2026-07-08_21-41-41.mp4,0.0,0.0052,0.0,"[0.0102, 0.0025, 0.0051, 0.0075, 0.0048, 0.0081, 0.0, 0.0031]",0.0,0.0
2026-07-11_13-49-00.mp4,0.0,0.0075,0.0,"[0.0059, 0.0114, 0.0089, 0.0085, 0.0127, 0.0057, 0.0009, 0.0054]",0.0,0.0
2026-07-15_10-49-18.mp4,0.0,0.0037,0.0,"[0.0074, 0.0037, 0.0037, 0.0056, 0.0015, 0.0059, 0.0012, 0.0]",0.0,0.0
2026-07-08_08-21-58.mp4,0.0,nan,,[],0.0,0.0
2026-07-13_20-44-54.mp4,0.0,0.0084,0.0,"[0.0181, 0.0056, 0.0053, 0.0104, 0.0158, 0.004, 0.0044, 0.0022]",0.5,0.5
2026-07-18_02-55-16.mp4,0.0,0.0109,0.125,"[0.0416, 0.0153, 0.0052, 0.0084, 0.0073, 0.0012, 0.0039, 0.0029]",0.0,0.0
2026-07-11_14-05-54.mp4,0.0,0.0059,0.0,"[0.0073, 0.0047, 0.0102, 0.0066, 0.0062, 0.0006, 0.0058]",0.0,0.0
2026-07-07_04-52-03.mp4,0.0,0.0189,0.125,"[0.0807, 0.0065, 0.0049, 0.0073, 0.0174, 0.0201, 0.0098, 0.0005]",0.0,0.0
2026-07-05_22-16-43.mp4,0.0,0.0056,0.0,"[0.0066, 0.0011, 0.0109, 0.0063, 0.005, 0.0034, 0.0046, 0.0072]",0.0,0.0
2026-07-17_04-54-40.mp4,0.0,0.0041,0.0,"[0.0044, 0.0007, 0.0007, 0.0009, 0.0022, 0.0009, 0.009, 0.0168]",0.0,0.0
2026-07-14_00-55-45.mp4,1.0,0.0124,0.125,"[0.0301, 0.0073, 0.0049, 0.0249, 0.0132, 0.0043, 0.0085, 0.0042]",0.0,0.0
2026-07-08_03-48-54.mp4,0.55,0.0471,0.75,"[0.058, 0.0509, 0.0586, 0.066, 0.0276, 0.0279, 0.0472, 0.0393]",0.0,0.0
2026-07-23_15-33-47.mp4,0.0,0.0033,0.0,"[0.006, 0.0, 0.0026, 0.0033, 0.0039, 0.0045]",0.0,0.0
2026-07-13_19-50-54.mp4,0.0,nan,,[],0.0,0.0
2026-07-09_15-29-24.mp4,0.0,nan,,[],0.0,0.0
2026-07-08_21-43-29.mp4,0.0,0.006,0.0,"[0.0241, 0.0025, 0.0061, 0.0087, 0.0025, 0.0, 0.0, 0.0036]",0.0,0.0
2026-07-09_14-38-18.mp4,0.0,0.0132,0.5,"[0.0314, 0.0086]",0.0,0.0
2026-07-15_20-38-23.mp4,0.0,nan,,[],0.0,0.0
2026-07-19_18-05-39.mp4,0.0,0.0027,0.0,"[0.0032, 0.0017, 0.0024, 0.0013, 0.0073, 0.0025, 0.0019, 0.0008]",0.0,0.0
2026-07-15_17-46-01.mp4,0.0,0.0084,0.0,"[0.0138, 0.0041, 0.0138, 0.011, 0.0096, 0.0055, 0.0023]",0.0,0.0
2026-07-01_09-45-42.mp4,0.0,0.0,0.0,"[0.0, 0.0, 0.0, 0.0]",0.0,0.0
2026-07-04_15-25-13.mp4,0.0,nan,,[],0.0,0.0
2026-07-25_23-40-02.mp4,0.0,0.0031,0.0,"[0.009, 0.0016, 0.0016, 0.0057, 0.0047, 0.0008, 0.0008]",0.0,0.0
2026-07-12_04-25-40.mp4,0.0,0.0025,0.0,"[0.0035, 0.0044, 0.0, 0.003, 0.001]",0.0,0.0
2026-07-19_10-24-44.mp4,0.575,0.0028,0.0,"[0.0061, 0.0036, 0.0018, 0.0061, 0.0015, 0.001, 0.001, 0.0011]",0.0,0.0
2026-07-13_19-37-49.mp4,0.0,0.0688,1.0,[0.0688],0.0,0.0
2026-07-10_21-30-55.mp4,1.0,0.0074,0.0,"[0.0087, 0.0051, 0.0049, 0.0191, 0.0052, 0.0044, 0.0045, 0.0072]",0.0,0.0
2026-07-07_12-30-22.mp4,0.0,0.0308,0.375,"[0.0444, 0.0582, 0.0108, 0.0224, 0.0602, 0.0188, 0.0128, 0.0162]",0.0,0.0
2026-07-11_18-13-21.mp4,0.0,0.0091,0.0,"[0.0157, 0.0025, 0.0101, 0.0075]",0.0,0.0
2026-07-08_13-50-43.mp4,0.0,0.0057,0.0,"[0.007, 0.0057, 0.0054, 0.0016, 0.0058, 0.008, 0.0097, 0.0012]",0.0,0.0
2026-07-16_10-21-03.mp4,0.0,0.0149,0.125,"[0.0102, 0.0316, 0.023, 0.006, 0.0133, 0.0088, 0.0193, 0.0048]",0.0,0.0
2026-07-26_01-40-30.mp4,0.0,0.0081,0.0,"[0.0119, 0.009, 0.0053, 0.0077, 0.0101, 0.0112, 0.0084, 0.0]",0.0,0.0
2026-07-12_20-00-05.mp4,0.0,0.0041,0.0,"[0.0079, 0.0028, 0.0102, 0.0051, 0.0042, 0.0, 0.0011, 0.0007]",0.0,0.0
2026-07-14_23-56-07.mp4,0.0,0.0043,0.0,"[0.0079, 0.0071, 0.0043, 0.002, 0.007, 0.0014, 0.0012, 0.003]",0.0,0.0
2026-07-01_07-08-41.mp4,0.0,0.0044,0.0,"[0.0067, 0.0018, 0.0023, 0.0035, 0.0103, 0.0044, 0.0044, 0.0009]",0.0,0.0
2026-07-08_09-11-39.mp4,0.0,0.0049,0.0,"[0.0077, 0.0, 0.0035, 0.0075, 0.0089]",0.0,0.0
2026-07-15_13-02-11.mp4,0.0,0.0026,0.0,"[0.0066, 0.0014, 0.0]",0.0,0.0
2026-07-25_23-41-44.mp4,0.0,0.0061,0.0,"[0.0165, 0.0046, 0.0035, 0.0023, 0.0059, 0.0047, 0.0017, 0.0104]",0.0,0.0
2026-07-18_19-56-35.mp4,0.0,0.0038,0.0,"[0.005, 0.0066, 0.0012, 0.0015, 0.0024, 0.0021, 0.0098, 0.0015]",0.0,0.0
2026-07-11_17-21-30.mp4,0.0,nan,,[],0.0,0.0
2026-07-11_23-39-00.mp4,0.0,0.0046,0.0,"[0.0036, 0.0012, 0.0118]",0.0,0.0
2026-07-07_06-07-08.mp4,0.05,0.0314,0.625,"[0.0491, 0.0213, 0.0304, 0.014, 0.03, 0.0475, 0.0508, 0.0025]",0.0,0.0
2026-07-13_12-33-36.mp4,0.0,nan,,[],0.0,0.0
2026-07-10_21-01-55.mp4,0.0,0.1019,0.875,"[0.4148, 0.0443, 0.0258, 0.093, 0.0834, 0.0376, 0.0509, 0.056]",0.0,0.0
2026-07-06_15-44-00.mp4,0.0,0.0038,0.0,"[0.0073, 0.0084, 0.0032, 0.0037, 0.0023, 0.0017, 0.0022, 0.0014]",0.0,0.0
2026-07-06_03-19-10.mp4,0.0,0.0135,0.0,"[0.0164, 0.0235, 0.0018, 0.0122, 0.014, 0.0086, 0.0238, 0.0062]",0.0,0.0
2026-07-01_18-02-35.mp4,0.0,nan,,[],0.0,0.0
2026-07-15_17-48-55.mp4,0.0,0.0093,0.0,"[0.0113, 0.0136, 0.0103, 0.0131, 0.0139, 0.0031, 0.0047, 0.0031]",0.0,0.0
2026-07-09_23-38-11.mp4,0.0,0.0304,0.5,"[0.0428, 0.0854, 0.0354, 0.0307, 0.0156, 0.0038, 0.0073, 0.0234]",0.0,0.0
2026-07-17_04-21-46.mp4,0.0,0.0074,0.0,"[0.0142, 0.017, 0.0048, 0.0051, 0.0032, 0.0066, 0.0049, 0.0022]",0.0,0.0
2026-07-25_23-40-14.mp4,0.0,0.0064,0.0,"[0.0085, 0.0057, 0.0047, 0.0041, 0.0118, 0.0091, 0.0051, 0.0015]",0.0,0.0
2026-07-14_13-38-44.mp4,0.0,0.0032,0.0,"[0.0064, 0.0013, 0.0023, 0.0013, 0.0054, 0.0022, 0.004, 0.0027]",0.0,0.0
2026-07-07_03-02-52.mp4,0.0,nan,,[],0.0,0.0
2026-07-12_04-36-46.mp4,0.0,0.0076,0.0,"[0.0134, 0.0206, 0.0062, 0.0078, 0.0033, 0.0027, 0.0027, 0.0034]",0.0,0.0
2026-07-08_14-04-54.mp4,0.0,0.0121,0.0,"[0.014, 0.013, 0.0148, 0.0236, 0.017, 0.0053, 0.0049, 0.0019]",0.0,0.0
2026-07-14_13-43-26.mp4,0.0,nan,,[],0.0,0.0
2026-07-22_11-57-58.mp4,0.0,0.004,0.0,"[0.0136, 0.002, 0.0043, 0.0036, 0.0024, 0.0, 0.0035, 0.0022]",0.0,0.0
2026-07-08_13-50-31.mp4,0.0,0.0054,0.0,"[0.0094, 0.0027, 0.0047, 0.0044, 0.0083, 0.003, 0.008, 0.0018]",0.0,0.0
2026-07-11_20-33-38.mp4,0.0,0.0043,0.0,"[0.0134, 0.0021, 0.0042, 0.0052, 0.0027, 0.0016, 0.0017, 0.0033]",0.0,0.0
2026-07-21_15-43-59.mp4,0.0,nan,,[],0.0,0.0
2026-07-16_20-24-45.mp4,0.05,0.0025,0.0,"[0.0035, 0.0016, 0.0008, 0.0034, 0.002, 0.0046, 0.0024, 0.0015]",0.0,0.0
2026-07-08_08-48-22.mp4,0.0,nan,,[],0.0,0.0
2026-07-08_08-42-16.mp4,0.0,0.0009,0.0,"[0.0, 0.0, 0.0011, 0.0011, 0.0019, 0.0, 0.0]",0.0,0.0
2026-07-15_10-49-54.mp4,0.0,0.0034,0.0,"[0.0064, 0.0024, 0.0043, 0.0068, 0.0005, 0.005, 0.0013, 0.0]",0.0,0.0
2026-07-23_16-36-59.mp4,0.0,0.0035,0.0,"[0.0056, 0.0, 0.0, 0.0044, 0.0072, 0.0041, 0.0017, 0.005]",0.0,0.0
2026-07-07_22-37-54.mp4,0.0,0.0167,0.125,"[0.0098, 0.0047, 0.0039, 0.0046, 0.0275, 0.0516, 0.0138, 0.0215]",0.0,0.0
2026-07-20_11-29-02.mp4,0.0,nan,,[],0.0,0.0
2026-07-07_05-36-56.mp4,0.0,0.0041,0.0,"[0.0065, 0.0067, 0.0049, 0.0012, 0.0048, 0.0021, 0.0036, 0.0025]",0.0,0.0
2026-07-07_18-56-31.mp4,0.0,0.0129,0.0,"[0.0247, 0.0021, 0.0145, 0.0164, 0.0066]",0.0,0.0
2026-07-22_02-11-16.mp4,0.0,0.0066,0.0,"[0.0073, 0.0046, 0.0014, 0.026, 0.0062, 0.0019, 0.0012, 0.0039]",0.0,0.0
2026-07-11_02-12-16.mp4,0.0,0.0047,0.0,"[0.0077, 0.006, 0.012, 0.0026, 0.0012, 0.0011, 0.0014, 0.006]",0.0,0.0
2026-07-11_17-42-24.mp4,0.0,0.0045,0.0,"[0.0105, 0.0, 0.0028, 0.0105, 0.0048, 0.0016, 0.0042, 0.0007]",0.0,0.0
2026-07-25_17-42-53.mp4,0.0,nan,,[],0.0,0.0
2026-07-19_17-27-46.mp4,0.0,0.0036,0.0,"[0.0108, 0.0011, 0.0, 0.0021, 0.0087, 0.0031, 0.0013, 0.0008]",0.0,0.0
2026-07-07_07-25-37.mp4,0.0,0.0111,0.0,"[0.0109, 0.0058, 0.0113, 0.0101, 0.0102, 0.0031, 0.0298, 0.0065]",0.0,0.0
2026-07-08_12-13-14.mp4,0.0,0.0064,0.0,"[0.0065, 0.0059, 0.0059, 0.0048, 0.0109, 0.0092, 0.0038, 0.0038]",0.0,0.0
2026-07-06_00-14-36.mp4,0.0,0.0153,0.0,"[0.0271, 0.0077, 0.0053, 0.0241, 0.018, 0.0263, 0.0032, 0.0093]",0.0,0.0
2026-07-09_13-21-49.mp4,0.0,0.0068,0.0,[0.0068],0.0,0.0
2026-07-14_14-04-26.mp4,0.0,0.0034,0.0,"[0.0131, 0.0026, 0.0, 0.0034, 0.0058, 0.0011, 0.0, 0.0007]",0.0,0.0
2026-07-07_05-54-50.mp4,0.0,0.0199,0.125,"[0.0229, 0.009, 0.016, 0.0073, 0.0138, 0.0085, 0.0735, 0.0048]",0.0,0.0
2026-07-06_11-42-53.mp4,0.0,0.0409,0.286,"[0.1142, 0.0187, 0.0136, 0.0934, 0.0271, 0.0124, 0.0069]",0.0,0.0
2026-07-12_13-52-25.mp4,0.0,0.0026,0.0,"[0.0, 0.0, 0.0016, 0.0055, 0.0056, 0.0048, 0.0009, 0.0025]",0.0,0.0
2026-07-07_23-13-36.mp4,0.0,0.0043,0.0,"[0.0101, 0.0066, 0.0038, 0.0053, 0.0028, 0.002, 0.0009, 0.002]",0.0,0.0
2026-06-30_15-40-40.mp4,0.0,0.0071,0.0,"[0.0154, 0.0155, 0.0048, 0.0024, 0.0073, 0.0071]",0.575,0.0
2026-07-07_23-09-42.mp4,0.0,0.0144,0.125,"[0.0132, 0.0205, 0.0293, 0.0794, 0.0259, 0.0033, 0.0047, 0.0046]",0.0,0.0
2026-07-20_14-53-06.mp4,0.0,0.0567,1.0,"[0.0517, 0.0569, 0.0407, 0.0891, 0.0625, 0.0329, 0.0713, 0.0461]",0.0,0.0
2026-07-21_11-19-49.mp4,0.0,nan,,[],0.0,0.0
2026-07-06_03-19-22.mp4,0.0,0.0126,0.125,"[0.0304, 0.0085, 0.009, 0.0155, 0.0078, 0.0118, 0.0089, 0.008]",0.0,0.0
2026-07-09_15-06-12.mp4,0.0,0.0025,0.0,"[0.0133, 0.004, 0.0016, 0.0039, 0.0, 0.0]",0.0,0.0
2026-07-17_20-56-01.mp4,0.0,0.0014,0.0,"[0.0, 0.0027, 0.0042, 0.0016, 0.0019, 0.0, 0.0009, 0.0]",1.0,0.0
2026-07-14_19-40-55.mp4,0.0,0.0022,0.0,"[0.004, 0.0014, 0.003, 0.0]",0.0,0.0
2026-07-17_04-54-04.mp4,0.0,0.0055,0.0,"[0.0095, 0.0075, 0.0038, 0.0011, 0.0078, 0.0044, 0.006, 0.0035]",0.0,0.0
2026-07-08_12-16-32.mp4,0.0,0.0258,0.25,"[0.0126, 0.0386, 0.0159, 0.0298, 0.0266, 0.0256, 0.0429, 0.0116]",0.0,0.0
2026-07-06_15-35-18.mp4,0.0,0.0014,0.0,"[0.0019, 0.0, 0.0, 0.0013, 0.0017, 0.0025, 0.0037, 0.0]",0.0,0.0
2026-07-15_22-33-07.mp4,0.0,0.0041,0.0,"[0.0063, 0.0033, 0.005, 0.0058, 0.0082, 0.0002, 0.0018, 0.0018]",0.0,0.0
2026-07-01_02-51-34.mp4,0.0,0.0085,0.0,"[0.011, 0.0014, 0.0057, 0.0137, 0.0125, 0.0055, 0.0119, 0.0052]",0.0,0.0
2026-07-15_13-41-52.mp4,0.0,nan,,[],0.0,0.0
2026-07-18_21-58-46.mp4,0.0,0.0067,0.0,"[0.0015, 0.0115, 0.0081, 0.0024]",0.0,0.0
2026-07-14_23-17-55.mp4,0.0,0.0016,0.0,"[0.0043, 0.0037, 0.0012, 0.0006, 0.0008, 0.0018, 0.0005, 0.0]",0.0,0.0
2026-07-20_15-00-24.mp4,0.15,0.0348,0.5,"[0.0656, 0.0178, 0.025, 0.0115, 0.0539, 0.0296, 0.0393, 0.0362]",0.0,0.0
2026-07-23_07-53-22.mp4,0.0,0.014,0.25,"[0.0093, 0.0058, 0.0009, 0.0366, 0.0197, 0.0317, 0.0052, 0.0]",0.0,0.0
2026-07-16_10-17-03.mp4,0.0,0.0622,0.625,"[0.0932, 0.1171, 0.016, 0.0219, 0.0311, 0.0241, 0.1093, 0.0903]",0.0,0.0
2026-07-25_17-49-47.mp4,0.0,0.0048,0.0,"[0.009, 0.0044, 0.0055, 0.0024, 0.0031, 0.0064, 0.0058, 0.0014]",0.0,0.0
2026-07-26_04-26-11.mp4,0.0,0.0086,0.0,"[0.014, 0.015, 0.0067, 0.006, 0.0027, 0.0039, 0.0107, 0.0105]",0.0,0.0
2026-07-23_15-09-59.mp4,0.0,0.0098,0.0,"[0.0139, 0.006, 0.0036, 0.0094, 0.0088, 0.0207, 0.0137, 0.0]",0.0,0.0
2026-07-20_14-45-06.mp4,0.0,0.0727,0.625,"[0.216, 0.1076, 0.0085, 0.1176, 0.0342, 0.0502, 0.0274, 0.0072]",0.0,0.0
2026-07-24_04-37-41.mp4,0.0,0.0251,0.25,"[0.0539, 0.0226, 0.0132, 0.0189, 0.0253, 0.0354, 0.0135, 0.016]",0.0,0.0
2026-07-06_00-20-06.mp4,0.0,0.0229,0.286,"[0.0289, 0.0466, 0.0046, 0.0118, 0.0092, 0.0452, 0.0087]",0.0,0.0
2026-07-08_13-27-31.mp4,0.0,nan,,[],0.0,0.0
2026-07-08_12-18-32.mp4,0.0,0.0206,0.125,"[0.0458, 0.0169, 0.0065, 0.019, 0.0198, 0.0283, 0.0227, 0.0017]",0.0,0.0
2026-07-12_01-40-18.mp4,0.0,nan,,[],0.0,0.0
2026-06-30_13-08-55.mp4,0.0,0.0134,0.143,"[0.0014, 0.0034, 0.0065, 0.0191, 0.0302, 0.0162, 0.0176]",0.0,0.0
2026-07-09_00-19-09.mp4,0.0,nan,,[],0.0,0.0
2026-07-14_00-52-45.mp4,0.0,0.011,0.125,"[0.0337, 0.0048, 0.0023, 0.0081, 0.0061, 0.0011, 0.0238, 0.007]",0.0,0.0
2026-07-22_13-34-44.mp4,0.0,0.006,0.0,"[0.0221, 0.0022, 0.0016, 0.0128, 0.0029, 0.0016, 0.0016, 0.003]",0.0,0.0
2026-07-08_08-33-28.mp4,0.0,0.0101,0.0,"[0.0156, 0.0064, 0.0074, 0.0126, 0.0074, 0.0107, 0.0139, 0.0057]",0.0,0.0
2026-07-14_13-53-50.mp4,0.0,0.0199,0.167,"[0.0052, 0.0305, 0.0195, 0.0268, 0.0206, 0.0032]",0.0,0.0
2026-07-09_11-08-56.mp4,0.0,0.0121,0.0,"[0.0197, 0.0168, 0.006, 0.01]",0.0,0.0
2026-07-07_23-56-11.mp4,0.0,0.0396,0.625,"[0.0475, 0.0148, 0.0684, 0.0271, 0.0528, 0.0508, 0.0398, 0.0098]",0.0,0.0
2026-07-19_18-26-21.mp4,0.0,0.0121,0.0,"[0.0289, 0.011, 0.0089, 0.0177, 0.004, 0.0087, 0.0078, 0.0092]",0.0,0.0
2026-07-15_12-57-59.mp4,0.0,nan,,[],0.0,0.0
2026-07-15_08-50-32.mp4,0.0,0.0038,0.0,"[0.007, 0.0053, 0.0034, 0.0078, 0.0018, 0.0016, 0.0007, 0.0025]",0.0,0.0
2026-07-13_18-48-31.mp4,0.075,0.0254,0.25,"[0.002, 0.0284, 0.1003, 0.0333, 0.0149, 0.0097, 0.0054, 0.0054]",0.0,0.0
2026-07-23_09-05-09.mp4,0.0,0.0079,0.0,"[0.0176, 0.0033, 0.0054, 0.0056, 0.0064, 0.0089, 0.0105, 0.0048]",1.0,1.0
2026-07-08_10-42-15.mp4,0.0,0.0123,0.0,"[0.0147, 0.0197, 0.02, 0.0221, 0.0081, 0.0078, 0.0036, 0.0]",0.0,0.0
2026-07-12_11-50-30.mp4,0.0,0.0135,0.125,"[0.0055, 0.002, 0.0056, 0.0033, 0.0027, 0.0096, 0.0216, 0.0686]",0.0,0.0
2026-07-15_13-15-35.mp4,0.0,nan,,[],0.0,0.0
2026-07-13_12-39-06.mp4,0.0,nan,,[],0.0,0.0
2026-07-08_10-51-38.mp4,0.0,0.0108,0.0,"[0.0082, 0.0229, 0.0264, 0.0127, 0.0046, 0.0041, 0.003, 0.0026]",0.0,0.0
2026-07-23_08-48-45.mp4,0.0,0.0106,0.0,"[0.0126, 0.0162, 0.0112, 0.0126, 0.0113, 0.0077, 0.0057, 0.0072]",0.2,0.2
2026-07-18_15-02-20.mp4,0.0,0.0059,0.0,"[0.0084, 0.01, 0.0019, 0.0016]",0.0,0.0
2026-07-15_15-57-02.mp4,0.0,0.021,0.25,"[0.0535, 0.011, 0.0086, 0.0375, 0.0181, 0.016, 0.0058, 0.0024]",0.0,0.0
2026-07-01_17-52-05.mp4,0.0,0.0385,0.375,"[0.0199, 0.0311, 0.0195, 0.0469, 0.0208, 0.1254, 0.0235, 0.0169]",0.0,0.0
2026-07-02_02-01-46.mp4,0.0,nan,,[],0.0,0.0
2026-07-12_08-05-20.mp4,0.0,0.0042,0.0,"[0.0018, 0.0023, 0.0045, 0.0086, 0.0037]",0.0,0.0
2026-07-22_07-49-37.mp4,0.0,nan,,[],0.0,0.0
2026-07-10_12-45-02.mp4,0.0,0.0233,0.2,"[0.0296, 0.0044, 0.02, 0.0231, 0.0639]",0.0,0.0
2026-07-15_20-13-29.mp4,0.0,0.0043,0.0,"[0.0143, 0.0059, 0.0046, 0.0057, 0.0013, 0.0019, 0.0, 0.0]",0.0,0.0
2026-07-08_18-57-39.mp4,0.0,0.005,0.0,"[0.0098, 0.0016, 0.0033, 0.0034, 0.005, 0.0067, 0.0087]",0.0,0.0
2026-07-12_04-25-16.mp4,0.0,0.0036,0.0,"[0.0104, 0.0038, 0.001, 0.0039, 0.0023, 0.0021, 0.0021, 0.0029]",0.0,0.0
2026-07-21_06-46-28.mp4,0.0,nan,,[],0.0,0.0
2026-07-11_15-46-16.mp4,0.0,0.0097,0.0,"[0.0244, 0.0087, 0.0098, 0.0086, 0.0068, 0.0072, 0.0057, 0.0054]",0.0,0.0
2026-07-06_08-15-37.mp4,0.0,0.0379,0.5,"[0.0475, 0.0444, 0.0262, 0.0376, 0.0287, 0.0778, 0.0168, 0.0212]",0.0,0.0
2026-07-12_08-07-08.mp4,0.0,0.0102,0.0,"[0.0167, 0.0227, 0.0065, 0.0133, 0.0085, 0.0067, 0.0042, 0.001]",0.0,0.0
2026-07-25_18-11-59.mp4,0.0,nan,,[],0.0,0.0
2026-07-08_03-52-30.mp4,0.0,0.0783,0.667,"[0.1832, 0.0115, 0.0307]",0.0,0.0
2026-07-22_13-37-14.mp4,0.0,0.008,0.0,"[0.0222, 0.0058, 0.0105, 0.0152, 0.0012, 0.0012, 0.0034, 0.004]",0.0,0.0
2026-07-11_22-37-48.mp4,0.0,0.0115,0.0,"[0.0057, 0.0222, 0.0051, 0.0073, 0.0109, 0.0191, 0.0187, 0.0061]",0.0,0.0
2026-07-07_22-32-54.mp4,0.0,0.0105,0.0,"[0.0128, 0.0059, 0.0032, 0.0124, 0.0141, 0.0149]",0.0,0.0
2026-07-23_08-30-04.mp4,0.0,0.0098,0.125,"[0.0303, 0.0109, 0.0085, 0.0081, 0.0032, 0.0094, 0.0034, 0.0036]",0.125,0.125
2026-07-08_08-35-10.mp4,0.0,0.0081,0.0,"[0.0229, 0.0062, 0.0016, 0.0088, 0.011, 0.0015, 0.0026]",0.0,0.0
2026-07-23_08-48-57.mp4,0.0,0.0086,0.0,"[0.0098, 0.0252, 0.0045, 0.0066, 0.0079, 0.0044, 0.007, 0.0024]",1.0,1.0
2026-07-24_21-59-12.mp4,0.0,0.0119,0.125,"[0.0157, 0.0076, 0.0048, 0.0032, 0.0084, 0.014, 0.0162, 0.039]",0.0,0.0
2026-07-22_15-14-01.mp4,0.0,0.0089,0.0,"[0.0186, 0.0156, 0.01, 0.0152, 0.0074, 0.0043, 0.0024, 0.0061]",0.0,0.0
2026-07-23_13-01-07.mp4,0.0,0.011,0.0,"[0.0077, 0.0124, 0.0101, 0.0135, 0.0065, 0.0097, 0.0133, 0.0154]",0.0,0.0
2026-07-23_07-55-46.mp4,0.0,0.0244,0.25,"[0.0053, 0.0208, 0.0142, 0.0113, 0.0169, 0.0729, 0.0443, 0.0057]",0.175,0.175
2026-07-11_13-23-36.mp4,0.0,0.005,0.0,"[0.008, 0.0066, 0.0105, 0.0071, 0.0036, 0.0004, 0.0012, 0.0023]",0.0,0.0
2026-07-20_11-27-50.mp4,0.0,0.0065,0.0,"[0.0084, 0.0113, 0.0088, 0.0014, 0.0105, 0.0029, 0.0054, 0.0023]",0.0,0.0
2026-07-23_08-30-16.mp4,0.0,0.0131,0.0,"[0.0225, 0.0084, 0.0071, 0.0118, 0.0157]",0.0,0.0
2026-07-04_15-28-42.mp4,0.0,0.0251,0.5,"[0.0101, 0.0361, 0.0093, 0.009, 0.0221, 0.0379, 0.0314, 0.0499]",0.0,0.0
2026-07-26_02-27-30.mp4,0.0,0.0074,0.0,"[0.014, 0.0084, 0.0058, 0.0064, 0.005, 0.008]",0.0,0.0
2026-07-07_04-44-09.mp4,0.0,0.0623,0.75,"[0.22, 0.0872, 0.0384, 0.0563, 0.0397, 0.0169, 0.0403, 0.0234]",0.0,0.0
2026-07-09_21-51-26.mp4,0.0,0.001,0.0,"[0.0027, 0.0, 0.0011, 0.0023, 0.0, 0.0, 0.0, 0.0028]",0.05,0.0
2026-06-30_16-19-08.mp4,0.0,0.04,0.571,"[0.0133, 0.0135, 0.1098, 0.035, 0.0589, 0.0301, 0.0156]",0.0,0.0
2026-07-09_12-00-02.mp4,0.0,0.0339,0.25,"[0.1148, 0.087, 0.0083, 0.0226, 0.0131, 0.0079, 0.0049, 0.0072]",0.0,0.0
2026-07-22_23-22-27.mp4,0.0,nan,,[],0.0,0.0
2026-07-09_23-01-53.mp4,0.0,0.003,0.0,"[0.0042, 0.0008, 0.0049, 0.0071, 0.0019, 0.0015, 0.0019, 0.0014]",0.0,0.0
2026-07-22_13-38-26.mp4,0.0,0.0105,0.125,"[0.0305, 0.0067, 0.0121, 0.0037, 0.013, 0.0118, 0.0044, 0.0]",0.0,0.0
2026-07-15_19-36-24.mp4,0.0,0.0052,0.0,"[0.0022, 0.0015, 0.0022, 0.0022, 0.0015, 0.0058, 0.0182, 0.0085]",0.0,0.0
2026-07-09_14-43-36.mp4,0.0,0.0035,0.0,"[0.0081, 0.0032, 0.0054, 0.0011, 0.0011, 0.0061, 0.0015, 0.0]",0.0,0.0
2026-07-22_13-38-02.mp4,0.0,0.0113,0.125,"[0.0108, 0.0109, 0.0319, 0.0119, 0.0073, 0.0085, 0.0035, 0.0043]",0.0,0.0
2026-07-03_21-39-35.mp4,0.0,nan,,[],0.0,0.0
2026-07-12_19-39-58.mp4,0.0,nan,,[],0.0,0.0
2026-07-21_06-47-04.mp4,0.0,nan,,[],0.0,0.0
2026-07-17_12-48-35.mp4,0.0,0.0317,0.375,"[0.0695, 0.1097, 0.0419, 0.0117, 0.0045, 0.0042, 0.0039, 0.0018]",0.0,0.0
2026-07-18_02-13-34.mp4,0.0,0.0252,0.5,"[0.0302, 0.0]",0.0,0.0
2026-07-16_19-07-34.mp4,0.0,0.0029,0.0,"[0.0062, 0.0058, 0.0012, 0.0019, 0.0033, 0.001, 0.0023, 0.0012]",0.0,0.0
2026-07-05_18-14-56.mp4,0.05,0.083,0.875,"[0.0319, 0.0178, 0.0734, 0.2311, 0.1507, 0.043, 0.042, 0.0321]",0.225,0.175
2026-07-04_01-46-05.mp4,1.0,0.0051,0.0,"[0.0092, 0.0046, 0.0029, 0.006, 0.0056, 0.0006, 0.0022, 0.0109]",0.0,0.0
2026-07-20_19-49-29.mp4,0.0,0.0025,0.0,"[0.0056, 0.0029, 0.0032, 0.0035, 0.0015, 0.0007, 0.0007, 0.0014]",0.0,0.0
2026-07-21_08-29-33.mp4,0.0,0.0105,0.0,"[0.0153, 0.0116, 0.0232, 0.006, 0.0062, 0.0078, 0.0076, 0.005]",0.0,0.0
2026-07-25_04-15-50.mp4,0.0,0.0061,0.0,"[0.0031, 0.0063, 0.0079, 0.0053, 0.0045, 0.0144, 0.0064, 0.0]",0.0,0.0
2026-07-03_19-55-42.mp4,1.0,0.0059,0.0,"[0.0074, 0.0054, 0.0018, 0.0056, 0.0042, 0.0043, 0.0148, 0.003]",0.0,0.0
2026-07-03_22-46-40.mp4,0.0,0.0092,0.0,"[0.0177, 0.0079, 0.0055, 0.0074, 0.0092, 0.006, 0.0091, 0.0116]",0.0,0.0
2026-07-07_14-02-15.mp4,0.0,0.0086,0.0,"[0.0241, 0.0112, 0.0047, 0.0068, 0.0062, 0.0083, 0.0048, 0.0009]",0.0,0.0
2026-07-01_23-34-14.mp4,0.0,0.0047,0.0,"[0.0052, 0.0044, 0.0024, 0.0061, 0.0075, 0.0058, 0.0043, 0.001]",0.0,0.0
2026-07-06_00-35-00.mp4,0.75,0.0172,0.25,"[0.0067, 0.0043, 0.0025, 0.002, 0.0043, 0.0179, 0.0479, 0.0607]",0.0,0.0
2026-07-13_04-07-37.mp4,0.0,nan,,[],0.0,0.0
2026-07-08_13-50-19.mp4,0.0,0.0376,0.625,"[0.0519, 0.0167, 0.0208, 0.04, 0.0651, 0.0672, 0.032, 0.0]",0.0,0.0
2026-07-11_13-28-24.mp4,0.0,0.0325,0.5,"[0.0668, 0.036, 0.0137, 0.042, 0.012, 0.0109, 0.0593, 0.0162]",0.0,0.0
2026-07-06_00-32-24.mp4,0.0,0.0251,0.375,"[0.0326, 0.0263, 0.0358, 0.0377, 0.0227, 0.0223, 0.0155, 0.0035]",0.0,0.0
2026-07-25_01-46-15.mp4,0.0,nan,,[],0.0,0.0
2026-07-09_01-05-03.mp4,0.0,0.0167,0.125,"[0.0185, 0.0153, 0.0211, 0.0104, 0.0312, 0.0133, 0.0152, 0.0064]",0.0,0.0
2026-07-20_22-59-51.mp4,0.0,0.0006,0.0,"[0.0, 0.001, 0.0, 0.001, 0.0025, 0.0, 0.0, 0.0]",0.0,0.0
2026-07-15_13-10-23.mp4,0.0,0.0228,0.333,"[0.0229, 0.0495, 0.0159, 0.0329, 0.0065, 0.0056]",0.0,0.0
2026-07-07_11-25-17.mp4,0.0,0.0057,0.0,"[0.019, 0.0013, 0.001, 0.0102, 0.0073, 0.0021, 0.0031, 0.0004]",0.0,0.0
2026-07-10_08-10-29.mp4,0.0,0.0212,0.25,"[0.0514, 0.0344, 0.0153, 0.0098, 0.0166, 0.0096, 0.018, 0.0134]",0.0,0.0
2026-07-11_13-37-54.mp4,0.0,0.0038,0.0,"[0.0075, 0.0022, 0.0061, 0.0048, 0.0058, 0.0017, 0.0006, 0.001]",0.0,0.0
2026-07-16_17-11-41.mp4,0.025,0.0635,0.375,"[0.0052, 0.0012, 0.0008, 0.0051, 0.0191, 0.1336, 0.209, 0.1519]",0.0,0.0
2026-07-12_03-19-23.mp4,0.0,0.0172,0.125,"[0.0095, 0.0318, 0.0089, 0.01, 0.0132, 0.0131, 0.0236, 0.0296]",0.0,0.0
2026-07-09_14-16-06.mp4,0.0,0.0265,0.0,[0.0265],0.0,0.0
2026-07-23_07-58-46.mp4,0.0,0.0145,0.125,"[0.042, 0.0227, 0.0116, 0.015, 0.0088, 0.0037, 0.002, 0.0095]",0.0,0.0
2026-07-15_08-57-37.mp4,0.0,0.0207,0.25,"[0.0412, 0.0347, 0.0158, 0.0228, 0.0129, 0.0132, 0.0183, 0.0034]",0.0,0.0
2026-07-09_14-12-06.mp4,0.0,0.0072,0.0,"[0.0029, 0.0077, 0.0141, 0.0042, 0.0011]",0.0,0.0
2026-07-20_09-54-15.mp4,0.0,0.0101,0.0,"[0.004, 0.0123, 0.0124, 0.0121, 0.0073, 0.0129, 0.0053]",0.0,0.0
2026-07-21_09-14-09.mp4,0.0,0.045,0.5,"[0.0257, 0.0158, 0.0892, 0.0232, 0.0407, 0.0885, 0.0675, 0.0005]",0.0,0.0
2026-07-16_20-53-21.mp4,0.125,0.0148,0.125,"[0.007, 0.0095, 0.0271, 0.0216, 0.0339, 0.0057, 0.0071, 0.005]",0.0,0.0
2026-07-11_22-46-16.mp4,0.0,0.0123,0.0,"[0.0268, 0.0, 0.0, 0.0066]",0.0,0.0
2026-07-22_10-52-28.mp4,0.0,0.0191,0.125,"[0.0417, 0.0179, 0.0168, 0.0269, 0.0168, 0.0151, 0.0111, 0.0033]",0.0,0.0
2026-07-07_13-08-40.mp4,0.0,0.0699,0.5,"[0.0093, 0.0166, 0.0106, 0.0088, 0.1415, 0.1342, 0.1587, 0.0816]",0.0,0.0
2026-07-18_15-25-02.mp4,0.0,0.0164,0.125,"[0.0241, 0.0092, 0.0133, 0.0106, 0.0081, 0.0136, 0.0381, 0.0133]",0.0,0.0
2026-07-25_15-53-42.mp4,0.0,0.0091,0.0,"[0.0024, 0.0049, 0.0018, 0.0191, 0.0099, 0.0079, 0.0065, 0.0228]",0.0,0.0
2026-07-19_17-16-40.mp4,0.0,0.0119,0.0,"[0.011, 0.002, 0.0058, 0.0187, 0.012, 0.0127, 0.0177, 0.0161]",0.0,0.0
2026-07-21_12-06-55.mp4,0.0,0.0073,0.0,"[0.0095, 0.0053, 0.0015, 0.0059, 0.0145]",0.0,0.0
2026-07-21_00-59-32.mp4,0.0,0.0066,0.125,"[0.0053, 0.0036, 0.033, 0.0043, 0.0027, 0.0013, 0.0017, 0.0]",0.0,0.0
2026-07-11_13-29-48.mp4,0.0,0.0071,0.0,"[0.0053, 0.0045, 0.0016, 0.0022, 0.0122, 0.0174, 0.0077, 0.0056]",0.0,0.0
2026-07-11_11-00-46.mp4,0.0,0.007,0.0,"[0.0111, 0.0054, 0.0107, 0.0112, 0.0052, 0.0025, 0.0027, 0.0075]",0.0,0.0
2026-07-13_03-17-20.mp4,0.0,0.0092,0.125,"[0.0323, 0.0059, 0.0069, 0.0066, 0.0119, 0.0044, 0.0026, 0.0012]",0.0,0.0
2026-07-10_09-25-35.mp4,0.0,nan,,[],0.0,0.0
2026-07-21_11-59-43.mp4,0.0,0.0145,0.0,"[0.02, 0.0261, 0.0182, 0.0229, 0.0072, 0.0108, 0.0042, 0.0043]",0.0,0.0
2026-07-25_15-52-12.mp4,0.0,0.0053,0.0,"[0.0056, 0.0265, 0.0005, 0.0023, 0.0027, 0.0025, 0.0016, 0.0]",0.0,0.0
2026-07-22_20-12-31.mp4,0.0,0.0176,0.125,"[0.023, 0.0362, 0.0104, 0.0088, 0.0162, 0.0173, 0.0099, 0.0194]",0.0,0.0
2026-07-11_20-28-50.mp4,0.0,0.0064,0.0,"[0.0243, 0.0046, 0.0018, 0.0074, 0.0063, 0.0019, 0.0016, 0.0027]",0.0,0.0
2026-07-23_17-10-46.mp4,0.0,nan,,[],0.0,0.0
2026-07-06_03-20-46.mp4,0.0,0.0857,0.75,"[0.1085, 0.0615, 0.2513, 0.0998, 0.0084, 0.013, 0.0667, 0.0737]",0.05,0.0
2026-07-07_18-15-50.mp4,0.0,0.0114,0.125,"[0.0091, 0.0074, 0.0091, 0.0082, 0.0037, 0.0046, 0.0417, 0.0067]",0.0,0.0
2026-07-09_11-45-50.mp4,0.0,0.0412,0.286,"[0.0178, 0.0113, 0.1174, 0.0117, 0.0782, 0.0245, 0.0124]",0.0,0.0
2026-07-22_15-11-20.mp4,0.025,0.0221,0.25,"[0.059, 0.0248, 0.0546, 0.0142, 0.0046, 0.0071, 0.0052, 0.0031]",0.0,0.0
2026-07-12_19-29-58.mp4,0.0,nan,,[],0.0,0.0
2026-07-26_09-37-14.mp4,0.0,0.1249,0.4,"[0.0251, 0.0147, 0.0127, 0.5276, 0.0791]",0.0,0.0
2026-07-23_15-43-29.mp4,0.0,0.0089,0.125,"[0.0403, 0.0017, 0.0063, 0.0049, 0.009, 0.0035, 0.0028, 0.0008]",0.0,0.0
2026-07-08_14-14-30.mp4,0.0,0.0112,0.0,"[0.0235, 0.0113, 0.0048, 0.0115, 0.0086, 0.0039, 0.0098, 0.017]",0.0,0.0
2026-07-10_07-45-18.mp4,0.0,0.042,0.25,"[0.0988, 0.169, 0.0052, 0.0118, 0.0128, 0.0026, 0.0134, 0.0177]",0.0,0.0
2026-07-24_00-36-19.mp4,0.0,0.0097,0.0,"[0.0017, 0.0008, 0.0028, 0.0063, 0.0102, 0.0295, 0.0182, 0.0074]",0.0,0.0
2026-07-22_07-40-25.mp4,1.0,0.0062,0.0,"[0.0089, 0.0049, 0.0069, 0.0026, 0.0047, 0.0102, 0.008, 0.003]",1.0,1.0
2026-07-09_14-06-48.mp4,0.0,nan,,[],0.0,0.0
2026-07-23_15-32-59.mp4,0.0,0.0067,0.0,"[0.0121, 0.0073, 0.0036, 0.006, 0.0037, 0.0086, 0.0046, 0.006]",0.0,0.0
2026-07-26_04-15-23.mp4,0.0,0.0167,0.0,"[0.0178, 0.0197, 0.014, 0.0251, 0.0142, 0.0119, 0.0155, 0.0155]",0.0,0.0
2026-07-21_00-41-20.mp4,0.0,0.004,0.0,"[0.0083, 0.0, 0.0017, 0.0033, 0.0, 0.0075, 0.0073, 0.0021]",0.0,0.0
2026-07-05_21-56-02.mp4,0.0,0.0614,0.167,"[0.0132, 0.0124, 0.0018, 0.2793, 0.0125, 0.0]",0.0,0.0
2026-07-10_20-05-14.mp4,0.0,nan,,[],0.0,0.0
2026-07-11_10-52-10.mp4,0.0,0.0157,0.125,"[0.0102, 0.0104, 0.0025, 0.012, 0.0025, 0.0063, 0.0743, 0.0049]",0.0,0.0
2026-07-06_11-32-29.mp4,0.0,0.0231,0.375,"[0.0306, 0.004, 0.0185, 0.0154, 0.0451, 0.035, 0.0203, 0.014]",0.0,0.0
2026-07-22_02-13-58.mp4,0.0,0.0055,0.0,"[0.0052, 0.004, 0.005, 0.0047, 0.0106, 0.0132, 0.0, 0.0]",0.0,0.0
2026-07-05_18-20-25.mp4,0.0,0.0109,0.0,"[0.0173, 0.0059, 0.0043, 0.0223, 0.0218, 0.0051, 0.0038, 0.0059]",0.0,0.0
2026-07-10_00-33-22.mp4,0.0,0.0158,0.0,"[0.0058, 0.0208]",0.0,0.0
2026-07-08_00-05-05.mp4,0.0,0.0132,0.125,"[0.0126, 0.019, 0.0131, 0.0063, 0.0239, 0.0069, 0.0056, 0.0447]",0.0,0.0
2026-07-09_10-55-08.mp4,0.0,nan,,[],0.0,0.0
2026-07-22_13-30-33.mp4,0.0,0.1384,0.75,"[0.2433, 0.2564, 0.0044, 0.3084, 0.1275, 0.054, 0.0835, 0.003]",0.0,0.0
2026-07-23_16-45-28.mp4,0.0,0.0213,0.143,"[0.0182, 0.0011, 0.0102, 0.0045, 0.0084, 0.0201, 0.0451]",0.0,0.0
2026-07-23_12-33-55.mp4,0.0,0.0191,0.25,"[0.0396, 0.0344, 0.0159, 0.0199, 0.014, 0.0041, 0.0099, 0.0136]",0.0,0.0
2026-07-14_06-39-25.mp4,0.0,0.0043,0.0,"[0.0042, 0.001, 0.0054, 0.01, 0.0]",0.0,0.0
2026-07-13_10-46-19.mp4,0.0,0.0148,0.0,"[0.0186, 0.0084]",0.0,0.0
2026-07-23_08-00-40.mp4,0.0,0.0183,0.125,"[0.0217, 0.0031, 0.0129, 0.0187, 0.0437, 0.026, 0.0137, 0.004]",0.0,0.0
2026-07-01_07-34-41.mp4,0.0,0.028,0.25,"[0.0027, 0.0, 0.0, 0.0272, 0.0608, 0.0558, 0.0222, 0.0141]",0.0,0.0
2026-07-01_23-35-26.mp4,0.0,0.0068,0.0,"[0.0031, 0.0028, 0.0093, 0.0071, 0.0032, 0.01, 0.0125, 0.0066]",0.0,0.0
2026-07-21_08-23-39.mp4,0.0,0.0082,0.0,"[0.0075, 0.0073, 0.0162, 0.011, 0.0095, 0.0062, 0.0026, 0.0044]",0.0,0.0
2026-07-22_13-19-45.mp4,0.0,0.0124,0.0,"[0.0159, 0.0183, 0.0069, 0.0204, 0.0256, 0.0019, 0.0066, 0.0012]",0.0,0.0
2026-07-01_05-11-50.mp4,1.0,0.0188,0.25,"[0.0228, 0.035, 0.0057, 0.0101]",0.0,0.0
2026-07-01_23-19-22.mp4,0.025,0.0313,0.625,"[0.0245, 0.0181, 0.0283, 0.0308, 0.0362, 0.0339, 0.0389, 0.0419]",1.0,1.0
2026-07-23_07-58-34.mp4,0.0,0.0226,0.25,"[0.0238, 0.0229, 0.051, 0.037, 0.0167, 0.0041, 0.0179, 0.0037]",0.0,0.0
2026-07-03_19-57-42.mp4,0.55,0.0067,0.0,"[0.008, 0.0037, 0.0028, 0.009, 0.0151, 0.0104, 0.0024, 0.0007]",0.0,0.0
2026-07-14_13-51-26.mp4,0.0,0.0018,0.0,"[0.0038, 0.002, 0.0023, 0.0013, 0.0025, 0.0, 0.0, 0.0016]",0.0,0.0
2026-07-01_05-51-56.mp4,0.85,0.0127,0.125,"[0.0403, 0.0187, 0.0095, 0.0166, 0.0055, 0.0044, 0.0029, 0.0019]",0.0,0.0
2026-07-24_11-54-54.mp4,0.0,0.0,0.0,[0.0],0.0,0.0
2026-07-09_11-03-26.mp4,0.0,0.0346,0.429,"[0.1387, 0.0012, 0.0023, 0.0344, 0.0295, 0.0058, 0.0986]",0.0,0.0
2026-06-30_16-10-08.mp4,0.0,0.0142,0.0,"[0.0106, 0.0238, 0.0114, 0.0284, 0.0273, 0.0042, 0.0033, 0.0019]",0.0,0.0
2026-07-01_07-18-29.mp4,0.0,0.0028,0.0,"[0.0012, 0.0056, 0.0018, 0.0054, 0.0012, 0.0032, 0.0019, 0.0023]",0.0,0.0
2026-07-22_10-34-10.mp4,0.0,0.0218,0.25,"[0.0235, 0.0046, 0.0074, 0.0275, 0.0176, 0.0387, 0.0484, 0.0026]",0.0,0.0
2026-07-23_15-43-53.mp4,0.0,0.0042,0.0,"[0.0064, 0.0, 0.0014, 0.0043, 0.0114, 0.0077, 0.0014, 0.0]",0.0,0.0
2026-07-22_00-48-05.mp4,0.0,nan,,[],0.0,0.0
2026-07-12_15-47-46.mp4,0.0,0.0005,0.0,"[0.0, 0.0018, 0.0, 0.0]",0.0,0.0
2026-07-03_19-51-54.mp4,1.0,0.006,0.0,"[0.0059, 0.0068, 0.0093, 0.0102, 0.0026, 0.0026, 0.0017, 0.0093]",0.0,0.0
2026-07-07_09-27-24.mp4,0.0,0.0133,0.125,"[0.0525, 0.0031, 0.0048, 0.0041, 0.0191, 0.0073, 0.007, 0.0069]",0.0,0.0
2026-07-06_00-18-18.mp4,0.0,0.0235,0.25,"[0.036, 0.0189, 0.0217, 0.0268, 0.0146, 0.0249, 0.0316, 0.0111]",0.0,0.0
2026-07-14_14-00-02.mp4,0.0,0.03,0.25,"[0.0073, 0.0175, 0.0749, 0.0696, 0.0189, 0.02, 0.0236, 0.0024]",0.0,0.0
2026-07-11_13-33-18.mp4,0.0,0.0639,0.75,"[0.0743, 0.1134, 0.007, 0.006, 0.0575, 0.0472, 0.115, 0.0974]",0.0,0.0
2026-07-07_06-11-08.mp4,0.0,0.0722,0.75,"[0.1834, 0.058, 0.0417, 0.0715, 0.1155, 0.088, 0.0265, 0.0251]",0.0,0.0
2026-07-09_10-54-32.mp4,0.0,0.0663,0.5,"[0.1602, 0.0966, 0.0254, 0.0116, 0.0534, 0.0221, 0.0271, 0.1237]",0.0,0.0
2026-07-05_11-04-45.mp4,0.0,0.0145,0.25,"[0.0305, 0.0011, 0.014, 0.0033]",0.0,0.0
2026-07-21_15-37-35.mp4,0.0,0.0039,0.0,"[0.013, 0.0084, 0.0009, 0.0029, 0.0037, 0.001, 0.0, 0.0006]",0.0,0.0
2026-07-06_08-08-19.mp4,0.0,0.026,0.5,"[0.0204, 0.0102, 0.0027, 0.0143, 0.032, 0.0422, 0.0546, 0.0327]",0.0,0.0
2026-07-15_14-56-04.mp4,0.0,0.0145,0.0,"[0.0262, 0.0124, 0.0102, 0.0128, 0.0132, 0.0084]",0.0,0.0
2026-07-09_11-19-14.mp4,0.0,0.074,0.5,"[0.0136, 0.0178, 0.054, 0.184, 0.0285, 0.0742, 0.1859, 0.0237]",0.0,0.0
2026-07-22_10-58-52.mp4,0.0,0.0172,0.125,"[0.0462, 0.0196, 0.0171, 0.0037, 0.0102, 0.0104, 0.0175, 0.0119]",0.0,0.0
2026-07-23_22-57-14.mp4,0.0,0.0085,0.0,"[0.0127, 0.0134, 0.006, 0.0042, 0.006]",0.0,0.0
2026-07-07_17-15-13.mp4,0.9,0.0706,0.25,"[0.0457, 0.0217, 0.3963, 0.0203, 0.0159, 0.025, 0.0126, 0.0164]",0.0,0.0
2026-07-09_11-26-44.mp4,0.0,0.015,0.125,"[0.052, 0.0126, 0.0079, 0.0085, 0.0118, 0.0144, 0.0054, 0.006]",0.0,0.0
2026-07-07_12-07-52.mp4,0.0,0.0222,0.25,"[0.025, 0.0122, 0.0114, 0.0082, 0.016, 0.0133, 0.0514, 0.0445]",0.0,0.0
2026-07-08_12-29-55.mp4,0.0,0.0242,0.25,"[0.0199, 0.0133, 0.0109, 0.0126, 0.0591, 0.0265, 0.0411, 0.0067]",0.0,0.0
2026-07-17_17-25-47.mp4,0.0,0.0057,0.0,"[0.0049, 0.0, 0.0057, 0.0046, 0.0165, 0.0049, 0.005, 0.003]",0.0,0.0
2026-07-07_18-44-07.mp4,0.0,0.0992,0.5,"[0.5394, 0.0437, 0.0609, 0.0677, 0.0197, 0.0196, 0.0197, 0.0038]",0.0,0.0
2026-07-23_16-19-05.mp4,0.0,0.008,0.0,"[0.0156, 0.0025, 0.0044, 0.0068, 0.018, 0.0039, 0.0021]",0.0,0.0
2026-07-11_13-57-00.mp4,0.0,0.0074,0.0,"[0.0073, 0.0034, 0.0042, 0.0104, 0.0094, 0.0132, 0.0064, 0.0038]",0.0,0.0
2026-07-08_21-06-11.mp4,0.0,0.0076,0.0,"[0.0108, 0.0044]",0.0,0.0
2026-07-21_12-47-37.mp4,0.0,0.0046,0.0,"[0.0093, 0.0028, 0.0017]",0.0,0.0
2026-07-25_13-52-56.mp4,0.0,nan,,[],0.0,0.0
2026-07-01_13-58-59.mp4,0.0,0.0047,0.0,"[0.004, 0.0007, 0.0032, 0.007, 0.002, 0.0027, 0.0078, 0.0119]",0.0,0.0
2026-07-12_06-37-27.mp4,0.0,0.0155,0.286,"[0.0536, 0.0373, 0.0089, 0.0034, 0.0054, 0.0053, 0.0039]",0.0,0.0
2026-07-14_13-58-38.mp4,0.0,0.0164,0.25,"[0.0107, 0.0355, 0.0201, 0.0327, 0.0076, 0.0063, 0.0097, 0.0062]",0.0,0.0
2026-07-20_19-16-29.mp4,0.0,0.0037,0.0,"[0.0068, 0.0029, 0.0017, 0.0033, 0.0012, 0.005, 0.0059, 0.0023]",0.0,0.0
2026-07-14_06-38-25.mp4,0.0,0.0119,0.125,"[0.0049, 0.0019, 0.0013, 0.0401, 0.0203, 0.0137, 0.0043, 0.0075]",0.0,0.0
2026-07-21_08-29-09.mp4,0.0,0.016,0.25,"[0.0369, 0.0132, 0.0398, 0.0201, 0.0092, 0.0055, 0.0, 0.0]",0.0,0.0
2026-07-11_13-47-06.mp4,0.0,0.0055,0.0,"[0.0056, 0.0049, 0.0077, 0.0063, 0.0071, 0.0036, 0.0054, 0.0027]",0.0,0.0
2026-07-01_21-33-34.mp4,0.0,0.0041,0.0,"[0.0051, 0.0052, 0.013, 0.0061, 0.0013, 0.0, 0.0009, 0.0005]",0.0,0.0
2026-07-09_13-23-31.mp4,0.0,0.0116,0.0,"[0.0145, 0.0098, 0.026, 0.0157, 0.0067, 0.0051, 0.0106, 0.0038]",0.0,0.0
2026-07-05_19-54-17.mp4,0.0,nan,,[],0.0,0.0
2026-07-09_11-03-38.mp4,0.0,0.0254,0.25,"[0.0504, 0.0193, 0.0097, 0.0223, 0.0373, 0.0292, 0.0202, 0.0124]",0.0,0.0
2026-07-10_11-54-57.mp4,0.0,0.0131,0.0,[0.0131],0.0,0.0
2026-07-23_16-51-04.mp4,0.0,0.0422,0.25,"[0.1869, 0.0039, 0.0016, 0.0179, 0.064, 0.0145, 0.0216, 0.0169]",0.0,0.0
2026-07-22_15-12-55.mp4,0.0,0.0208,0.375,"[0.0542, 0.0473, 0.0513, 0.0036, 0.0019, 0.0034, 0.0, 0.0004]",0.0,0.0
2026-07-08_07-55-22.mp4,0.0,nan,,[],0.0,0.0
2026-07-08_08-41-40.mp4,0.0,0.0104,0.0,"[0.017, 0.0111, 0.0179, 0.0144, 0.0134, 0.0022, 0.0035, 0.0024]",0.0,0.0
2026-07-01_15-59-40.mp4,0.0,0.0165,0.125,"[0.0166, 0.0044, 0.0075, 0.0297, 0.0237, 0.0302, 0.0097, 0.0091]",0.0,0.0
2026-07-01_00-48-41.mp4,0.25,0.1097,0.75,"[0.3037, 0.203, 0.098, 0.1174, 0.0363, 0.0465, 0.0269, 0.0299]",0.45,0.45
2026-07-20_19-21-53.mp4,0.0,0.0017,0.0,"[0.0023, 0.0017, 0.0017, 0.0024, 0.0024, 0.0024, 0.0, 0.0006]",0.0,0.0
2026-07-09_12-11-08.mp4,0.0,0.0282,0.429,"[0.0296, 0.0238, 0.0339, 0.0196, 0.0395, 0.0319, 0.0155]",0.0,0.0
2026-07-21_12-01-31.mp4,0.0,0.0111,0.0,"[0.0226, 0.0092, 0.0077, 0.006, 0.0049, 0.0117, 0.0097, 0.0182]",0.0,0.0
2026-07-13_10-47-25.mp4,0.0,0.013,0.0,"[0.0218, 0.0165, 0.0049, 0.0084, 0.0056, 0.0]",0.0,0.0
2026-07-05_19-52-35.mp4,0.0,nan,,[],0.0,0.0
2026-07-07_11-23-11.mp4,0.0,0.0165,0.0,"[0.0203, 0.0164, 0.0283, 0.0158, 0.0229, 0.0068, 0.0132, 0.006]",0.0,0.0
2026-07-01_21-34-10.mp4,0.0,0.0042,0.0,"[0.0076, 0.0121, 0.0052, 0.0037, 0.0025, 0.0, 0.0011, 0.0007]",0.0,0.0
2026-07-23_16-38-11.mp4,0.0,0.0022,0.0,"[0.0018, 0.0, 0.0, 0.004, 0.004, 0.0018, 0.0036, 0.0023]",0.0,0.0
2026-07-21_00-33-50.mp4,0.0,0.0028,0.0,"[0.005, 0.0015, 0.0019, 0.0027]",0.0,0.0
2026-07-26_02-18-30.mp4,0.0,0.0162,0.125,"[0.0225, 0.0064, 0.0104, 0.0462, 0.0165, 0.0161, 0.0063, 0.0025]",0.0,0.0
2026-07-07_05-58-14.mp4,0.0,0.0122,0.0,"[0.0231, 0.0171, 0.0242, 0.011, 0.0125, 0.0022, 0.0044, 0.0065]",0.0,0.0
2026-07-01_15-58-22.mp4,0.0,0.0497,0.625,"[0.0643, 0.1124, 0.0243, 0.0457, 0.0734, 0.0128, 0.0422, 0.0159]",0.0,0.0
2026-07-07_09-21-30.mp4,0.0,0.0192,0.25,"[0.04, 0.0176, 0.02, 0.0392, 0.0083, 0.0232, 0.0, 0.0016]",0.0,0.0
2026-07-10_09-28-41.mp4,0.0,nan,,[],0.0,0.0
2026-07-11_23-37-42.mp4,0.0,0.1503,1.0,"[0.0832, 0.1706, 0.2267, 0.2692, 0.1344, 0.0943, 0.1298, 0.0809]",0.0,0.0
2026-07-05_18-14-32.mp4,0.0,0.1023,0.857,"[0.0371, 0.1022, 0.064, 0.0842, 0.2195, 0.238, 0.0277]",0.025,0.0
2026-07-11_10-00-10.mp4,0.0,0.0377,0.375,"[0.0715, 0.0066, 0.0081, 0.0258, 0.0691, 0.1067, 0.0032, 0.004]",0.0,0.0
2026-07-07_14-05-33.mp4,0.0,0.0406,0.625,"[0.0233, 0.0477, 0.0435, 0.0149, 0.069, 0.0467, 0.0481, 0.0294]",0.0,0.0
2026-07-09_10-51-56.mp4,0.0,0.0283,0.5,"[0.0765, 0.0413, 0.0113, 0.0128]",0.0,0.0
2026-07-25_14-27-13.mp4,0.0,0.0014,0.0,"[0.0, 0.0033, 0.0016, 0.0016, 0.0]",0.0,0.0
2026-07-08_21-56-11.mp4,0.0,0.0143,0.0,"[0.013, 0.0072, 0.0094, 0.0098, 0.024, 0.0096, 0.0288, 0.0121]",0.0,0.0
2026-07-19_10-05-50.mp4,0.075,0.0598,0.75,"[0.0445, 0.067, 0.1057, 0.0805, 0.0419, 0.1018, 0.0125, 0.0158]",0.025,0.025
2026-07-10_05-15-25.mp4,0.0,0.0229,0.25,"[0.0258, 0.0389, 0.0227, 0.0119, 0.0206, 0.0149, 0.0129, 0.0383]",0.0,0.0
2026-07-09_11-59-14.mp4,0.0,0.0274,0.25,"[0.0013, 0.0214, 0.0984, 0.0426, 0.0261, 0.0154, 0.0063, 0.0031]",0.0,0.0
2026-07-07_23-52-41.mp4,0.0,0.0482,0.625,"[0.1651, 0.0504, 0.0485, 0.0306, 0.0221, 0.0154, 0.0157, 0.0355]",0.0,0.0
2026-07-09_10-06-45.mp4,0.0,0.0097,0.0,"[0.0146, 0.0]",0.0,0.0
2026-07-01_15-59-52.mp4,0.0,0.0231,0.5,"[0.0317, 0.002, 0.0068, 0.0317, 0.0072, 0.013, 0.0627, 0.0318]",0.0,0.0
2026-07-09_05-49-12.mp4,0.0,0.005,0.0,"[0.006, 0.0032, 0.0014, 0.0009, 0.0061, 0.0128, 0.0081, 0.0012]",0.0,0.0
2026-07-21_13-52-00.mp4,0.0,0.025,0.25,"[0.0808, 0.006, 0.0063, 0.0098, 0.0232, 0.0157, 0.0399, 0.0164]",0.0,0.0
2026-07-22_06-56-31.mp4,0.125,0.0201,0.375,"[0.0336, 0.0098, 0.0114, 0.0058, 0.0147, 0.0159, 0.0388, 0.0333]",0.075,0.075
2026-07-08_08-34-04.mp4,0.0,0.0136,0.25,"[0.0067, 0.0084, 0.0332, 0.0338, 0.0119, 0.0044, 0.003, 0.0055]",0.0,0.0
2026-07-01_21-19-29.mp4,0.0,0.0084,0.0,"[0.0114, 0.0056, 0.0021, 0.0053, 0.0036, 0.0045, 0.0139, 0.0242]",0.0,0.0
2026-07-03_20-20-42.mp4,0.025,0.0071,0.0,"[0.0173, 0.0079, 0.0045, 0.0065, 0.0113, 0.0041, 0.0021, 0.0019]",0.0,0.0
2026-07-07_09-34-06.mp4,0.0,0.0023,0.0,"[0.0038, 0.0, 0.0033, 0.0054]",0.0,0.0
2026-07-21_11-44-01.mp4,0.0,0.0071,0.0,"[0.0194, 0.0012, 0.0078, 0.0043, 0.0049, 0.0, 0.0103, 0.0098]",0.0,0.0
2026-07-07_08-25-30.mp4,0.0,0.0222,0.125,"[0.1006, 0.0013, 0.0141, 0.0283, 0.012, 0.0054, 0.0076, 0.0046]",0.0,0.0
2026-07-15_12-56-47.mp4,0.0,0.0089,0.0,"[0.0117, 0.0114, 0.0077, 0.0032, 0.0089]",0.0,0.0
2026-07-11_09-59-46.mp4,0.0,0.0541,0.75,"[0.0333, 0.1411, 0.016, 0.0935, 0.0429, 0.0443, 0.0383, 0.0153]",0.0,0.0
2026-07-22_22-44-28.mp4,0.0,0.0186,0.125,"[0.0447, 0.0153, 0.0126, 0.0259, 0.02, 0.0093, 0.0069, 0.0127]",0.2,0.2
2026-07-01_21-24-35.mp4,0.0,0.0083,0.0,"[0.0102, 0.0064, 0.0052, 0.0143, 0.0131, 0.0095, 0.0056, 0.0008]",0.0,0.0
2026-07-21_13-49-30.mp4,0.0,0.0714,0.375,"[0.0254, 0.1323, 0.3096, 0.0727, 0.0108, 0.0028, 0.0024, 0.001]",0.0,0.0
2026-07-19_10-19-14.mp4,0.0,0.0186,0.25,"[0.031, 0.0142, 0.0066, 0.0233, 0.0086, 0.0103, 0.0194, 0.0392]",0.0,0.0
2026-07-08_09-55-45.mp4,0.0,nan,,[],0.0,0.0
2026-07-09_11-12-38.mp4,0.0,0.0253,0.25,"[0.0403, 0.0032, 0.0, 0.0794, 0.0265, 0.0239, 0.0139, 0.0123]",0.0,0.0
2026-07-08_13-45-19.mp4,0.0,0.0877,0.625,"[0.0302, 0.0803, 0.1819, 0.2716, 0.056, 0.0156, 0.0105, 0.0135]",0.0,0.0
2026-07-07_01-11-11.mp4,0.0,0.0877,0.125,"[0.0118, 0.0098, 0.0127, 0.6054, 0.0107, 0.0061, 0.0098, 0.0221]",0.0,0.0
2026-07-25_18-11-11.mp4,0.0,nan,,[],0.0,0.0
2026-07-08_22-01-59.mp4,0.0,0.1056,1.0,"[0.0317, 0.1392, 0.1561]",0.067,0.0
2026-07-13_11-07-01.mp4,0.0,0.0373,0.571,"[0.042, 0.0195, 0.0443, 0.0228, 0.0566, 0.0, 0.0588]",0.0,0.0
2026-07-22_07-32-01.mp4,0.0,0.0514,0.833,"[0.1097, 0.0555, 0.037, 0.0397, 0.052, 0.0054]",0.0,0.0
2026-07-09_16-15-17.mp4,0.975,0.0349,0.5,"[0.058, 0.0342, 0.02, 0.0216, 0.0074, 0.0143, 0.062, 0.0679]",0.45,0.45
2026-07-11_10-59-34.mp4,0.0,0.1645,1.0,"[0.1792, 0.0982, 0.6619, 0.1737, 0.0367, 0.0461, 0.038, 0.0615]",0.0,0.0
2026-07-02_02-13-46.mp4,1.0,0.0046,0.0,"[0.0048, 0.0043, 0.0118, 0.0044, 0.0017, 0.0062, 0.0014, 0.0011]",0.0,0.0
2026-07-01_12-05-09.mp4,0.0,nan,,[],0.0,0.0
2026-07-24_22-33-59.mp4,0.0,0.0152,0.25,"[0.0163, 0.0103, 0.0353, 0.0118, 0.0096, 0.0019, 0.0313, 0.0023]",0.0,0.0
2026-07-18_08-54-24.mp4,0.0,0.0092,0.0,"[0.0034, 0.0068, 0.0061, 0.0181, 0.0228, 0.0083, 0.0051, 0.0016]",0.0,0.0
2026-07-04_16-52-36.mp4,0.05,0.1037,0.625,"[0.0557, 0.0409, 0.2793, 0.0262, 0.3571, 0.0405, 0.007, 0.0026]",0.05,0.05
2026-07-10_11-19-27.mp4,0.0,0.0135,0.0,[0.0135],0.0,0.0
2026-07-14_22-45-44.mp4,0.0,0.0195,0.25,"[0.0133, 0.0102, 0.0054, 0.0305, 0.0287, 0.0428, 0.0136, 0.0093]",0.0,0.0
2026-07-21_06-13-05.mp4,0.0,0.0182,0.125,"[0.0138, 0.0063, 0.0027, 0.0096, 0.0234, 0.0191, 0.0633, 0.0047]",0.0,0.0
2026-07-07_23-59-47.mp4,0.175,0.0719,0.875,"[0.0467, 0.0572, 0.0482, 0.1016, 0.1562, 0.0491, 0.0903, 0.0141]",0.125,0.125
2026-06-30_19-03-23.mp4,0.025,0.0917,1.0,"[0.0428, 0.0981, 0.0716, 0.2336, 0.0822, 0.0668, 0.0547, 0.0819]",0.05,0.0
2026-07-14_18-09-37.mp4,0.0,0.0034,0.0,"[0.0018, 0.0017, 0.0059, 0.0041, 0.0]",0.0,0.0
2026-07-22_07-34-55.mp4,0.0,0.013,0.0,"[0.0128, 0.0106, 0.0035, 0.0133, 0.0118, 0.0123, 0.0224, 0.0186]",0.0,0.0
2026-07-06_16-21-47.mp4,0.0,0.0095,0.0,"[0.0036, 0.0157, 0.003, 0.0104, 0.0144, 0.0084, 0.0122, 0.008]",0.0,0.0
2026-07-16_21-41-50.mp4,0.0,0.0108,0.0,"[0.0177, 0.0236, 0.0145, 0.0079, 0.0048, 0.0045, 0.0052, 0.0072]",0.0,0.0
2026-07-04_18-40-00.mp4,0.0,nan,,[],0.0,0.0
2026-07-13_07-49-09.mp4,0.0,0.0149,0.125,"[0.0043, 0.004, 0.0013, 0.0163, 0.0405, 0.0207, 0.02, 0.0113]",0.0,0.0
2026-07-22_20-04-07.mp4,0.0,0.0487,1.0,"[0.0598, 0.0375]",0.0,0.0
2026-07-05_16-35-09.mp4,1.0,0.0075,0.0,"[0.0121, 0.0068, 0.0034, 0.0081]",0.118,0.0
2026-07-12_11-51-42.mp4,0.0,0.0204,0.25,"[0.011, 0.0103, 0.0117, 0.0493]",0.0,0.0
2026-07-21_00-03-45.mp4,0.8,0.0193,0.125,"[0.0291, 0.0167, 0.0138, 0.0151, 0.0135, 0.0155, 0.0315, 0.0188]",0.0,0.0
2026-07-19_06-48-52.mp4,0.35,0.0374,0.5,"[0.0635, 0.0362, 0.0572, 0.0267, 0.0434, 0.0274, 0.022, 0.0196]",0.0,0.0
2026-07-07_10-49-47.mp4,0.0,0.0037,0.0,"[0.0084, 0.0055, 0.0029, 0.0048, 0.0048, 0.0007, 0.0004, 0.0018]",0.0,0.0
2026-07-13_08-55-44.mp4,0.0,0.0408,0.625,"[0.039, 0.0505, 0.0723, 0.0207, 0.0845, 0.0328, 0.0121, 0.0027]",0.0,0.0
2026-07-23_08-04-04.mp4,0.0,0.0221,0.333,"[0.0348, 0.0139, 0.0]",0.0,0.0
2026-07-07_10-19-35.mp4,0.0,0.0135,0.25,"[0.0408, 0.0072, 0.0031, 0.0361, 0.0087, 0.0024, 0.0016, 0.0064]",0.0,0.0
2026-07-01_15-52-04.mp4,0.0,0.0114,0.143,"[0.0128, 0.0108, 0.0087, 0.0052, 0.0041, 0.0082, 0.0309]",0.0,0.0
2026-07-09_11-04-02.mp4,0.0,0.0313,0.5,"[0.0421, 0.0372, 0.0285, 0.0278]",0.0,0.0
2026-07-12_13-45-13.mp4,0.0,0.1204,0.5,"[0.4692, 0.465, 0.0311, 0.044, 0.0228, 0.0159, 0.0246, 0.0071]",0.0,0.0
2026-07-03_20-05-48.mp4,0.0,nan,,[],0.0,0.0
2026-07-11_23-39-12.mp4,0.0,0.0045,0.0,"[0.0058, 0.0032, 0.005, 0.004]",0.0,0.0
2026-07-18_15-12-56.mp4,0.0,0.0245,0.2,"[0.0068, 0.0172, 0.06, 0.0188, 0.0]",0.0,0.0
2026-07-06_13-47-49.mp4,0.0,nan,,[],0.0,0.0
2026-07-07_07-22-31.mp4,0.0,0.0685,0.875,"[0.1152, 0.076, 0.0499, 0.0398, 0.1084, 0.0788, 0.0261, 0.0506]",0.0,0.0
2026-07-26_03-28-35.mp4,0.0,0.0036,0.0,"[0.0115, 0.0052, 0.0012, 0.0016, 0.0041, 0.0013, 0.0025, 0.0007]",0.0,0.0
2026-07-07_10-15-47.mp4,0.0,0.0038,0.0,"[0.0146, 0.0007, 0.0036, 0.0021, 0.0028, 0.0025, 0.0025, 0.001]",0.0,0.0
2026-07-13_08-57-32.mp4,0.0,0.0685,1.0,"[0.1195, 0.0722, 0.0723, 0.0505, 0.0582, 0.0608, 0.0441, 0.0713]",0.0,0.0
2026-07-07_07-16-01.mp4,0.0,0.036,0.5,"[0.0118, 0.0037, 0.0059, 0.0293, 0.033, 0.0335, 0.0734, 0.1123]",0.0,0.0
2026-07-10_06-37-36.mp4,0.0,nan,,[],0.0,0.0
2026-07-11_13-40-06.mp4,0.0,0.0059,0.0,"[0.0104, 0.0043, 0.006, 0.0039, 0.0074, 0.0009, 0.0018, 0.0142]",0.0,0.0
2026-07-10_11-05-58.mp4,0.0,nan,,[],0.0,0.0
2026-07-08_20-24-08.mp4,0.0,0.0248,0.25,"[0.051, 0.0167, 0.0245, 0.0151, 0.0113, 0.0252, 0.024, 0.0318]",0.0,0.0
2026-07-24_21-22-30.mp4,0.0,0.0089,0.25,"[0.0002, 0.0007, 0.0007, 0.0005, 0.0051, 0.0021, 0.0532, 0.0416]",0.0,0.0
2026-07-23_07-53-34.mp4,0.0,0.0106,0.0,"[0.0186, 0.0009, 0.0146, 0.0085, 0.0224, 0.0039, 0.0049, 0.011]",0.0,0.0
2026-07-21_12-05-07.mp4,0.0,0.0034,0.0,"[0.0058, 0.0012, 0.0018, 0.0045, 0.0019, 0.0046, 0.0065, 0.0]",0.0,0.0
2026-07-22_10-58-28.mp4,0.0,0.0235,0.25,"[0.0099, 0.004, 0.0195, 0.008, 0.0035, 0.013, 0.0613, 0.0796]",0.0,0.0
2026-07-13_17-24-56.mp4,0.0,0.0267,0.333,"[0.0898, 0.0149, 0.0097]",0.0,0.0
2026-07-10_07-45-30.mp4,0.0,0.0179,0.0,"[0.026, 0.0097]",0.0,0.0
2026-07-02_21-32-45.mp4,0.0,nan,,[],0.0,0.0
2026-07-17_02-47-05.mp4,0.275,0.027,0.375,"[0.0511, 0.0571, 0.0521, 0.0196, 0.013, 0.0069, 0.0051, 0.0068]",0.0,0.0
2026-07-09_11-46-26.mp4,0.0,0.0152,0.0,"[0.0073, 0.0185, 0.0007, 0.0297]",0.0,0.0
2026-07-09_05-14-24.mp4,0.0,0.0251,0.333,"[0.0556, 0.0428, 0.026, 0.0131, 0.0121, 0.005]",0.0,0.0
2026-07-01_20-11-43.mp4,0.975,0.0049,0.0,"[0.0112, 0.0033, 0.0078, 0.0038, 0.0053, 0.0024, 0.0022, 0.0033]",0.0,0.0
2026-07-09_13-21-25.mp4,0.0,0.0192,0.125,"[0.03, 0.0214, 0.0187, 0.0263, 0.0124, 0.0084, 0.0224, 0.0124]",0.0,0.0
2026-07-08_00-06-53.mp4,0.0,0.0531,0.75,"[0.1039, 0.0576, 0.0165, 0.0409, 0.0471, 0.0553, 0.0609, 0.0248]",0.0,0.0
2026-07-22_02-08-40.mp4,0.0,0.0329,0.625,"[0.0455, 0.0163, 0.0072, 0.0639, 0.0363, 0.0328, 0.036, 0.0228]",0.0,0.0
2026-07-03_07-17-58.mp4,0.0,0.0137,0.0,"[0.0209, 0.0226, 0.0019, 0.0129, 0.0046, 0.0037, 0.0217, 0.0237]",0.0,0.0
2026-07-19_08-24-45.mp4,0.0,0.0394,1.0,"[0.038, 0.0467]",0.0,0.0
2026-07-06_00-13-36.mp4,0.05,0.0456,0.75,"[0.0753, 0.0934, 0.0178, 0.0242, 0.0366, 0.0301, 0.0528, 0.0322]",0.0,0.0
2026-07-21_08-28-03.mp4,0.0,0.0118,0.0,"[0.0238, 0.004, 0.0048, 0.0244, 0.023, 0.0011, 0.0004, 0.0135]",0.0,0.0
2026-07-14_11-48-51.mp4,0.0,0.0141,0.0,"[0.0218, 0.0093, 0.0058, 0.0293, 0.0084, 0.0099, 0.0077, 0.0224]",0.0,0.0
2026-07-21_12-22-55.mp4,0.0,0.01,0.125,"[0.0321, 0.0021, 0.0157, 0.0136, 0.0057, 0.0048, 0.0034, 0.001]",0.0,0.0
2026-07-11_10-14-28.mp4,0.0,0.0226,0.25,"[0.0249, 0.0239, 0.0321, 0.019, 0.0326, 0.0181, 0.0172, 0.0101]",0.0,0.0
2026-07-09_10-41-03.mp4,0.0,0.0121,0.125,"[0.0384, 0.0124, 0.0131, 0.008, 0.0091, 0.011, 0.0061, 0.0042]",0.0,0.0
2026-07-05_19-59-47.mp4,0.3,0.0479,0.75,"[0.0489, 0.0667, 0.0509, 0.0341, 0.0189, 0.0189, 0.0568, 0.0985]",0.05,0.05
2026-07-14_18-03-43.mp4,0.0,0.0473,1.0,[0.0473],0.0,0.0
2026-07-15_15-44-44.mp4,0.0,0.0244,0.25,"[0.0661, 0.0376, 0.0188, 0.0142, 0.0164, 0.0076, 0.0153, 0.0183]",0.0,0.0
2026-07-21_15-04-53.mp4,0.0,0.0187,0.125,"[0.0389, 0.0184, 0.0129, 0.022, 0.0257, 0.0093, 0.0105, 0.0097]",0.0,0.0
2026-07-17_02-45-05.mp4,0.0,0.0264,0.286,"[0.0057, 0.0035, 0.0616, 0.0305, 0.0274, 0.0153, 0.0273]",0.0,0.0
2026-07-21_12-16-49.mp4,0.0,0.0204,0.25,"[0.029, 0.0645, 0.0457, 0.0109, 0.0028, 0.0054, 0.0004, 0.001]",0.0,0.0
2026-07-07_05-49-56.mp4,0.0,0.0236,0.25,"[0.0137, 0.0123, 0.0072, 0.0126, 0.0239, 0.0608, 0.0364, 0.0186]",0.0,0.0
2026-07-10_11-41-15.mp4,0.0,nan,,[],0.0,0.0
2026-07-12_18-23-53.mp4,0.0,0.004,0.0,"[0.0171, 0.0051, 0.0, 0.0017, 0.0053, 0.0035, 0.0018, 0.0022]",0.0,0.0
2026-07-23_12-37-01.mp4,0.0,nan,,[],0.0,0.0
2026-07-07_06-05-14.mp4,0.0,0.0323,0.5,"[0.0553, 0.0524, 0.0368, 0.042, 0.0118, 0.0289, 0.0253, 0.0167]",0.0,0.0
2026-07-08_06-51-53.mp4,0.0,nan,,[],0.0,0.0
2026-07-03_19-51-30.mp4,1.0,0.0068,0.0,"[0.0179, 0.0069, 0.0086, 0.0058, 0.0055, 0.0037, 0.0015, 0.0037]",0.35,0.0
2026-07-06_23-29-23.mp4,0.0,0.0046,0.0,"[0.0089, 0.0088, 0.0053, 0.0067, 0.0016, 0.0005, 0.0021, 0.0023]",0.0,0.0
2026-07-08_12-28-31.mp4,0.0,0.0199,0.125,"[0.0247, 0.0351, 0.002, 0.0298, 0.0118, 0.0139, 0.0163, 0.0265]",0.0,0.0
2026-07-09_12-04-02.mp4,0.0,0.031,0.5,"[0.087, 0.0385, 0.0345, 0.0444, 0.0105, 0.0127, 0.0141, 0.0]",0.0,0.0
2026-07-07_05-48-14.mp4,0.0,0.0557,1.0,"[0.036, 0.0404, 0.0379, 0.0871, 0.122, 0.0915]",0.225,0.225
2026-07-02_21-33-21.mp4,0.0,nan,,[],0.0,0.0
2026-07-09_05-52-42.mp4,0.0,0.0038,0.0,"[0.0097, 0.0038, 0.0022, 0.0022, 0.0024, 0.002, 0.0041, 0.0037]",0.0,0.0
2026-07-10_08-29-59.mp4,0.0,0.0042,0.0,"[0.0088, 0.0036, 0.0021, 0.0033, 0.0054, 0.0036, 0.0039, 0.0025]",0.0,0.0
2026-07-12_02-02-24.mp4,0.0,0.0031,0.0,"[0.0049, 0.0013]",1.0,0.0
2026-07-16_19-07-22.mp4,0.0,0.0118,0.125,"[0.0144, 0.0128, 0.0489, 0.006, 0.0036, 0.0023, 0.0018, 0.0029]",0.0,0.0
2026-07-15_15-55-14.mp4,0.0,0.0251,0.125,"[0.0088, 0.0129, 0.0246, 0.0823, 0.0262, 0.0165, 0.0163, 0.0107]",0.0,0.0
2026-07-06_15-22-54.mp4,0.0,0.0017,0.0,"[0.0, 0.0, 0.0, 0.0129]",0.0,0.0
2026-07-14_07-22-54.mp4,0.0,0.0273,0.375,"[0.0316, 0.013, 0.0137, 0.0104, 0.0187, 0.0514, 0.0262, 0.0601]",0.0,0.0
2026-07-20_04-58-27.mp4,0.0,0.005,0.0,"[0.0078, 0.0018, 0.0057, 0.0036, 0.0064, 0.0073, 0.0046, 0.0022]",0.0,0.0
2026-07-22_14-10-44.mp4,0.0,0.1932,0.5,"[0.0048, 0.3904, 0.1769, 0.3429, 0.0, 0.0096]",0.0,0.0
2026-07-03_05-22-54.mp4,1.0,0.0041,0.0,"[0.0086, 0.0011, 0.0033, 0.0016, 0.0023, 0.0069, 0.0071, 0.0012]",0.0,0.0
2026-07-14_22-48-44.mp4,0.0,0.0119,0.0,"[0.018, 0.022, 0.0087, 0.005, 0.0071, 0.0113, 0.0139, 0.0089]",0.0,0.0
2026-07-08_21-58-05.mp4,0.0,0.0253,0.375,"[0.0522, 0.0422, 0.0028, 0.0094, 0.0088, 0.0625, 0.0152, 0.0052]",0.0,0.0
2026-07-21_06-09-53.mp4,0.0,0.035,0.5,"[0.0581, 0.0373, 0.0447, 0.1024, 0.0058, 0.011, 0.0074, 0.0083]",0.0,0.0
2026-07-11_11-11-40.mp4,0.0,0.0042,0.0,"[0.0121, 0.0023, 0.0054, 0.0086, 0.0094, 0.0, 0.0, 0.0017]",0.0,0.0
2026-07-10_15-22-49.mp4,0.0,nan,,[],0.0,0.0
2026-07-13_12-36-24.mp4,0.0,0.0171,0.0,"[0.0196, 0.0146]",0.0,0.0
2026-07-25_17-15-24.mp4,0.0,0.0158,0.125,"[0.0165, 0.003, 0.0045, 0.062, 0.0237, 0.0024, 0.0014, 0.0119]",0.0,0.0
2026-07-20_22-55-27.mp4,0.0,0.0318,0.25,"[0.0462, 0.0299, 0.0094, 0.0249, 0.0219, 0.02, 0.0727, 0.0289]",0.0,0.0
2026-07-21_01-13-26.mp4,0.0,0.0052,0.0,"[0.0146, 0.0045, 0.0019, 0.0024, 0.0049, 0.0062, 0.0061, 0.0004]",0.0,0.0
2026-07-14_14-59-25.mp4,0.0,0.0038,0.0,"[0.0068, 0.0047, 0.005, 0.0051, 0.0044, 0.0025, 0.0, 0.0015]",0.0,0.0
2026-07-08_07-19-05.mp4,0.0,nan,,[],0.0,0.0
2026-07-13_11-07-37.mp4,0.0,0.0455,0.5,"[0.0703, 0.0042]",0.0,0.0
2026-07-23_19-13-14.mp4,0.0,0.0196,0.125,"[0.0023, 0.003, 0.0267, 0.0541, 0.017, 0.0251, 0.0163, 0.0106]",0.0,0.0
2026-07-14_11-46-15.mp4,0.0,0.0232,0.25,"[0.0117, 0.0198, 0.0145, 0.0097, 0.0566, 0.0359, 0.0147, 0.0225]",0.0,0.0
2026-07-15_20-36-47.mp4,0.0,0.0087,0.0,"[0.0067, 0.0136, 0.0123, 0.0103, 0.0079, 0.0066, 0.0044, 0.0053]",0.0,0.0
2026-07-12_12-20-53.mp4,0.0,0.0154,0.25,"[0.0052, 0.0027, 0.0047, 0.0069, 0.0534, 0.0321, 0.0068, 0.0119]",0.0,0.0
2026-07-01_21-38-04.mp4,0.0,0.005,0.0,"[0.0099, 0.012, 0.0018, 0.0022, 0.0028, 0.0079, 0.0013, 0.0016]",0.0,0.0
2026-06-30_16-24-32.mp4,0.0,0.0219,0.125,"[0.09, 0.0141, 0.0071, 0.0132, 0.0084, 0.0081, 0.0183, 0.0043]",0.0,0.0
2026-07-01_02-05-58.mp4,0.225,0.0819,0.75,"[0.0164, 0.0737, 0.0369, 0.0351, 0.1659, 0.1461, 0.1409, 0.0294]",0.05,0.05
2026-07-09_21-47-38.mp4,0.0,0.0055,0.0,"[0.0096, 0.0006, 0.0098]",0.0,0.0
2026-07-21_15-29-53.mp4,0.0,0.0096,0.125,"[0.0082, 0.0075, 0.0064, 0.033, 0.0156, 0.002, 0.001, 0.0012]",0.0,0.0
2026-07-22_20-03-55.mp4,0.0,0.0563,0.625,"[0.0574, 0.0386, 0.0211, 0.0581, 0.0058, 0.0, 0.1568, 0.1262]",0.0,0.0
2026-07-19_03-03-55.mp4,0.0,0.0108,0.125,"[0.0069, 0.0045, 0.0031, 0.0019, 0.0041, 0.0333, 0.0213, 0.0117]",0.0,0.0
2026-07-04_15-50-00.mp4,0.0,0.0373,0.429,"[0.0166, 0.0227, 0.0349, 0.0979, 0.0141, 0.0196, 0.0396]",0.0,0.0
2026-07-22_13-19-33.mp4,0.0,0.0097,0.0,"[0.0217, 0.0141, 0.0092, 0.0086, 0.0115, 0.0026, 0.0064, 0.0016]",0.0,0.0
2026-07-01_20-18-37.mp4,0.0,0.0098,0.125,"[0.0313, 0.0077, 0.0006, 0.0051, 0.0093, 0.0112, 0.0075, 0.0049]",0.0,0.0
2026-07-14_06-03-44.mp4,0.0,0.0275,0.375,"[0.006, 0.0147, 0.0181, 0.061, 0.022, 0.0466, 0.0311, 0.0183]",0.025,0.0
2026-07-20_00-01-06.mp4,0.0,0.0216,0.375,"[0.0562, 0.0324, 0.0397, 0.0246, 0.0079, 0.0023, 0.0052, 0.0006]",0.0,0.0
2026-07-17_02-34-29.mp4,0.0,nan,,[],0.0,0.0
2026-07-08_07-28-04.mp4,0.0,nan,,[],0.0,0.0
2026-07-22_04-40-51.mp4,0.0,nan,,[],0.0,0.0
2026-07-07_20-20-42.mp4,0.0,0.0627,0.667,"[0.0513, 0.0728, 0.0118, 0.0268, 0.083, 0.2524]",0.0,0.0
2026-07-10_11-28-33.mp4,0.0,0.0028,0.0,"[0.0046, 0.0014, 0.0014, 0.0, 0.0, 0.0125, 0.0047, 0.0]",0.0,0.0
2026-07-21_01-37-44.mp4,0.375,0.0199,0.125,"[0.0399, 0.0211, 0.0293, 0.0295, 0.0109, 0.0119, 0.007, 0.0066]",0.0,0.0
2026-07-06_15-55-42.mp4,0.0,0.005,0.0,"[0.0086, 0.0075, 0.0082, 0.0087, 0.0019, 0.0018, 0.002, 0.0004]",0.0,0.0
2026-07-25_15-57-18.mp4,0.0,0.0037,0.0,[0.0037],0.0,0.0
2026-07-11_23-31-24.mp4,0.0,0.0715,1.0,"[0.0758, 0.1256, 0.0965, 0.0719, 0.0626, 0.0363, 0.0569, 0.0402]",0.0,0.0
2026-07-03_07-43-22.mp4,0.025,0.0065,0.0,"[0.0118, 0.0033, 0.0012, 0.0028, 0.0146, 0.0119, 0.0036, 0.002]",0.0,0.0
2026-07-10_10-59-04.mp4,0.0,0.0067,0.0,[0.0067],0.0,0.0
2026-07-21_15-11-35.mp4,0.0,0.0226,0.25,"[0.0345, 0.0227, 0.0328, 0.0256, 0.0254, 0.0148, 0.0132, 0.0093]",0.0,0.0
2026-07-03_20-19-36.mp4,0.0,0.0071,0.0,"[0.01, 0.0058, 0.0005, 0.0078, 0.0074, 0.0079, 0.002, 0.0177]",0.0,0.0
2026-07-25_17-46-17.mp4,0.075,0.0124,0.125,"[0.0027, 0.0029, 0.0362, 0.0276, 0.0091, 0.004, 0.0095, 0.0059]",0.0,0.0
2026-07-21_08-28-15.mp4,0.0,0.0108,0.0,"[0.0141, 0.0028, 0.0083, 0.0107, 0.0141, 0.0053, 0.0155, 0.0168]",0.0,0.0
2026-07-05_11-20-15.mp4,0.0,0.0071,0.0,"[0.0176, 0.018, 0.0055, 0.0039, 0.0054, 0.0013, 0.0025, 0.0016]",0.0,0.0
2026-07-03_07-36-58.mp4,0.0,0.0061,0.0,"[0.0138, 0.0056, 0.0094, 0.0109, 0.0034, 0.0026, 0.0018, 0.0003]",0.0,0.0
2026-06-30_18-59-23.mp4,0.075,0.0779,0.75,"[0.1039, 0.0951, 0.1044, 0.1155, 0.0543, 0.0231, 0.0299, 0.1016]",0.525,0.525
2026-07-10_02-54-09.mp4,0.0,0.0069,0.0,"[0.0095, 0.0033, 0.0027, 0.0112, 0.0145, 0.0066, 0.0043, 0.0025]",0.0,0.0
2026-07-01_18-42-38.mp4,0.0,0.0139,0.0,"[0.0175, 0.0133, 0.0146, 0.011, 0.0097, 0.0194, 0.0175, 0.0065]",0.0,0.0
2026-07-12_19-09-17.mp4,0.0,nan,,[],0.0,0.0
2026-07-02_10-08-13.mp4,0.0,0.0046,0.0,"[0.01, 0.006, 0.003, 0.0035, 0.0022, 0.0033, 0.0028, 0.0065]",0.0,0.0
2026-07-22_02-11-28.mp4,0.0,0.0051,0.0,"[0.0086, 0.002, 0.0054, 0.0127, 0.0047, 0.0036, 0.0017, 0.0013]",0.0,0.0
2026-07-08_19-19-09.mp4,0.0,0.0018,0.0,"[0.0, 0.0046, 0.0012, 0.0]",0.0,0.0
2026-07-07_00-17-12.mp4,1.0,0.012,0.125,"[0.0325, 0.0046, 0.0053, 0.0085, 0.0196, 0.0125, 0.0018, 0.0109]",0.0,0.0
2026-07-19_14-58-25.mp4,0.0,0.038,0.75,"[0.0316, 0.0136, 0.0377, 0.0344, 0.021, 0.0656, 0.0655, 0.0335]",0.0,0.0
2026-07-08_20-27-44.mp4,0.0,nan,,[],0.0,0.0
2026-06-30_20-52-47.mp4,0.0,0.1412,0.875,"[0.0145, 0.1486, 0.3765, 0.1312, 0.134, 0.1991, 0.0437, 0.067]",0.0,0.0
2026-07-25_13-44-50.mp4,0.0,0.0094,0.125,"[0.0055, 0.0036, 0.0078, 0.01, 0.005, 0.0092, 0.0077, 0.0302]",0.0,0.0
2026-07-09_13-27-25.mp4,0.0,0.0362,0.5,"[0.1902, 0.0416, 0.0737, 0.007, 0.0379, 0.0262, 0.0203, 0.0109]",0.0,0.0
2026-07-07_04-50-51.mp4,0.0,0.0275,0.375,"[0.035, 0.041, 0.016, 0.0207, 0.0495, 0.0231, 0.0236, 0.0074]",0.0,0.0
2026-07-09_08-57-52.mp4,0.0,0.0105,0.125,"[0.0324, 0.0069, 0.0026, 0.017, 0.0044, 0.002, 0.01, 0.0086]",0.0,0.0
2026-07-01_18-01-35.mp4,0.25,0.0478,0.875,"[0.0342, 0.0694, 0.0419, 0.0548, 0.0779, 0.0425, 0.0346, 0.0218]",0.0,0.0
2026-07-12_11-42-30.mp4,0.025,0.0396,0.625,"[0.1563, 0.0158, 0.0035, 0.0453, 0.0541, 0.0125, 0.0606, 0.0389]",0.0,0.0
2026-06-30_23-50-24.mp4,0.0,0.0415,0.5,"[0.1309, 0.0314, 0.0487, 0.0272, 0.0311, 0.0055, 0.0285, 0.0259]",0.0,0.0
2026-07-09_20-07-21.mp4,0.0,nan,,[],0.0,0.0
2026-07-14_22-49-08.mp4,0.0,0.0132,0.125,"[0.0099, 0.0093, 0.0078, 0.0061, 0.0028, 0.0038, 0.0456, 0.0224]",0.0,0.0
2026-07-06_23-29-59.mp4,0.0,0.0028,0.0,"[0.004, 0.0]",0.0,0.0
2026-07-10_09-17-59.mp4,0.0,nan,,[],0.0,0.0
2026-07-18_14-16-45.mp4,0.0,0.0319,0.5,"[0.0521, 0.0423, 0.0314, 0.0376, 0.0255, 0.0244, 0.0162, 0.0]",0.0,0.0
2026-07-12_21-41-21.mp4,0.025,0.0598,0.5,"[0.0116, 0.035, 0.0119, 0.0121, 0.2816, 0.1547]",0.05,0.0
2026-07-07_18-13-02.mp4,0.0,0.0132,0.0,"[0.0136, 0.005, 0.0122, 0.0208, 0.0166, 0.0195, 0.0129, 0.0048]",0.0,0.0
2026-07-08_07-14-35.mp4,0.0,nan,,[],0.0,0.0
2026-07-01_17-56-35.mp4,0.0,0.0349,0.5,"[0.0508, 0.0414, 0.0314, 0.0135, 0.0079, 0.0888, 0.0276, 0.0136]",0.0,0.0
2026-07-10_15-20-19.mp4,0.0,nan,,[],0.0,0.0
2026-07-04_16-03-36.mp4,0.0,0.0121,0.0,"[0.0043, 0.0135, 0.0187, 0.017, 0.0047, 0.0094]",0.0,0.0
2026-07-20_19-56-53.mp4,0.731,0.0256,0.4,"[0.0376, 0.0264, 0.0159, 0.0356, 0.0126]",0.0,0.0
2026-07-22_02-21-16.mp4,0.0,0.0316,0.375,"[0.0789, 0.0187, 0.0408, 0.0293, 0.0503, 0.0072, 0.0031, 0.0131]",0.0,0.0
2026-07-22_23-15-27.mp4,0.0,0.0368,0.5,"[0.0181, 0.028, 0.0249, 0.0351, 0.0159, 0.0485, 0.0757, 0.0327]",0.0,0.0
2026-07-06_12-58-52.mp4,0.0,0.0172,0.125,"[0.0286, 0.0269, 0.0261, 0.0192, 0.0308, 0.0009, 0.0013, 0.0]",0.0,0.0
2026-07-03_05-09-18.mp4,1.0,0.0057,0.0,"[0.0087, 0.0069, 0.0018, 0.0083, 0.0122, 0.0041, 0.0017, 0.0014]",0.0,0.0
2026-07-16_19-11-10.mp4,0.0,0.0004,0.0,"[0.0009, 0.0]",0.0,0.0
2026-07-09_16-22-29.mp4,0.725,0.076,0.75,"[0.2452, 0.0873, 0.021, 0.0275, 0.0312, 0.0749, 0.0419, 0.0797]",0.325,0.325
2026-07-01_16-28-27.mp4,0.0,0.0366,0.25,"[0.0033, 0.0165, 0.028, 0.0202, 0.0262, 0.0984, 0.0751, 0.0226]",0.0,0.0
2026-07-06_10-09-54.mp4,0.0,0.0139,0.0,"[0.0226, 0.0105, 0.0075, 0.0227, 0.0195, 0.0138, 0.0073, 0.0054]",0.0,0.0
2026-07-06_09-46-06.mp4,0.0,0.0099,0.0,"[0.0282, 0.0256, 0.0034, 0.0046, 0.0105, 0.0027, 0.0008, 0.0015]",0.0,0.0
2026-07-08_20-24-44.mp4,0.0,0.0175,0.286,"[0.0497, 0.0339, 0.0098, 0.0057, 0.0096, 0.0, 0.0]",0.0,0.0
2026-07-01_16-30-15.mp4,0.0,0.0059,0.0,"[0.0115, 0.001, 0.0024]",0.0,0.0
2026-07-23_08-00-52.mp4,0.0,0.0211,0.333,"[0.0329, 0.012, 0.0074]",0.0,0.0
2026-07-23_17-10-34.mp4,0.0,nan,,[],0.0,0.0
2026-07-12_22-17-01.mp4,0.15,0.0579,0.625,"[0.0383, 0.1828, 0.0625, 0.0838, 0.0364, 0.0274, 0.0081, 0.0155]",0.2,0.0
2026-07-21_06-05-05.mp4,0.0,0.0333,0.5,"[0.0204, 0.0682, 0.0874, 0.0073]",0.0,0.0
2026-07-13_09-23-08.mp4,0.0,0.0126,0.0,[0.0126],0.0,0.0
2026-07-05_21-55-14.mp4,0.0,0.0905,0.333,"[0.1487, 0.0145, 0.0094]",0.0,0.0
2026-07-22_14-13-20.mp4,0.125,0.0217,0.125,"[0.0082, 0.0154, 0.0128, 0.0697, 0.0206, 0.0194, 0.0151, 0.0101]",0.0,0.0
2026-07-05_18-21-12.mp4,0.125,0.0642,0.5,"[0.2156, 0.0291, 0.0172, 0.0138, 0.0085, 0.0793, 0.0694, 0.0844]",0.0,0.0
2026-07-12_08-42-26.mp4,0.0,0.0782,0.375,"[0.1986, 0.3244, 0.0231, 0.0438, 0.0047, 0.0074, 0.0045, 0.0046]",0.0,0.0
2026-07-15_10-21-49.mp4,0.0,0.0131,0.0,"[0.0275, 0.0117, 0.0127, 0.0105, 0.0105, 0.0139, 0.0094, 0.0071]",0.0,0.0
2026-07-10_02-52-45.mp4,0.0,0.0169,0.125,"[0.0304, 0.019, 0.0098, 0.0137, 0.0255, 0.0188, 0.011, 0.0042]",0.0,0.0
2026-07-06_15-35-42.mp4,0.0,nan,,[],0.0,0.0
2026-07-06_11-38-41.mp4,0.0,0.0758,0.8,"[0.0215, 0.0587, 0.0323, 0.1577, 0.1577]",0.0,0.0
2026-07-26_02-20-24.mp4,0.0,0.0072,0.0,"[0.0126, 0.0047, 0.0057, 0.005]",0.0,0.0
2026-07-01_23-16-10.mp4,0.05,0.083,1.0,"[0.0594, 0.0557, 0.0529, 0.0903, 0.0808, 0.168, 0.0673, 0.0913]",0.3,0.275
2026-07-17_02-48-05.mp4,0.075,0.0429,0.625,"[0.0293, 0.0822, 0.0421, 0.0512, 0.0374, 0.0206, 0.0206, 0.0641]",0.075,0.075
2026-07-13_11-11-49.mp4,0.0,0.0152,0.25,"[0.0365, 0.0636, 0.0042, 0.0162, 0.0091, 0.0039, 0.0174, 0.0105]",0.0,0.0
2026-07-26_04-36-29.mp4,0.0,0.0126,0.0,"[0.0091, 0.0114, 0.0092, 0.0172, 0.0219, 0.0155, 0.0114, 0.0034]",0.0,0.0
2026-07-09_09-07-46.mp4,0.0,0.0075,0.0,"[0.0119, 0.0052, 0.0091, 0.012, 0.004, 0.0071, 0.0079, 0.0023]",0.0,0.0
2026-07-10_11-55-09.mp4,0.0,0.0153,0.2,"[0.0021, 0.004, 0.0324, 0.0036, 0.0236]",0.0,0.0
2026-07-03_20-17-30.mp4,0.0,0.0174,0.125,"[0.0335, 0.0172, 0.0065, 0.014, 0.0138, 0.0173, 0.0188, 0.0186]",0.0,0.0
2026-07-05_11-11-51.mp4,0.0,0.0268,0.375,"[0.0446, 0.0092, 0.0315, 0.0616, 0.0262, 0.0069, 0.0223, 0.0084]",0.0,0.0
2026-07-08_12-00-50.mp4,0.0,0.0147,0.125,"[0.0569, 0.0109, 0.0088, 0.0058, 0.014, 0.0163, 0.0019, 0.0]",0.0,0.0
2026-07-26_03-28-23.mp4,0.0,0.0245,0.375,"[0.0531, 0.023, 0.0065, 0.0492, 0.0317, 0.0124, 0.0097, 0.0073]",0.0,0.0
2026-07-02_22-52-02.mp4,0.8,0.0448,0.625,"[0.108, 0.0522, 0.0568, 0.0575, 0.0202, 0.0186, 0.0346, 0.0018]",0.0,0.0
2026-07-03_22-52-16.mp4,0.0,0.0764,1.0,"[0.0344, 0.0427, 0.107, 0.049, 0.0851, 0.0683, 0.1582, 0.0639]",0.85,0.775
2026-07-03_20-18-06.mp4,0.475,0.0153,0.0,"[0.0137, 0.01, 0.0094, 0.0225, 0.013, 0.0123, 0.0208, 0.0215]",0.0,0.0
2026-07-03_23-55-16.mp4,0.0,0.0214,0.25,"[0.0493, 0.0161, 0.0035, 0.0091, 0.0197, 0.0398, 0.0299, 0.0]",0.0,0.0
2026-07-12_04-23-29.mp4,0.0,0.11,0.5,"[0.0142, 0.3031, 0.0004, 0.0024, 0.8902, 0.0101, 0.08, 0.0327]",0.0,0.0
2026-07-08_19-29-56.mp4,0.0,0.0034,0.0,"[0.0, 0.0, 0.0, 0.0116, 0.0073, 0.0, 0.0056]",0.0,0.0
2026-07-05_11-46-33.mp4,0.0,0.0098,0.0,"[0.022, 0.0051, 0.0012, 0.0071, 0.0059, 0.0066, 0.0159, 0.0155]",0.0,0.0
2026-07-11_08-56-53.mp4,0.0,0.011,0.0,"[0.0196, 0.0001, 0.005]",0.0,0.0
2026-07-10_12-11-21.mp4,0.0,0.0348,0.125,"[0.1995, 0.0033, 0.0056, 0.0012, 0.012, 0.0026, 0.0031, 0.0032]",0.0,0.0
2026-07-25_23-36-02.mp4,0.0,0.0149,0.0,"[0.0186, 0.0065, 0.0119, 0.0192, 0.0159, 0.0204, 0.0031, 0.026]",0.0,0.0
2026-07-10_01-36-28.mp4,0.0,0.0067,0.0,"[0.0065, 0.0033, 0.0057, 0.0049, 0.0062, 0.0058, 0.012, 0.01]",0.0,0.0
2026-07-26_02-37-36.mp4,0.0,0.1018,0.375,"[0.4788, 0.0068, 0.2094, 0.0939, 0.0247, 0.0162, 0.0109, 0.0223]",0.0,0.0
2026-07-10_17-02-16.mp4,0.0,0.0585,0.625,"[0.0339, 0.0152, 0.0216, 0.0146, 0.0706, 0.0437, 0.1623, 0.1281]",0.1,0.075
2026-07-24_05-11-34.mp4,0.0,0.0121,0.125,"[0.0303, 0.0216, 0.0083, 0.0053, 0.0055, 0.0152, 0.0066, 0.0022]",0.0,0.0
2026-07-21_01-20-38.mp4,0.086,0.0143,0.143,"[0.0787, 0.0081, 0.002, 0.0057, 0.0012, 0.0003, 0.0015]",0.0,0.0
2026-07-08_15-55-59.mp4,0.0,0.0313,0.25,"[0.0546, 0.1005, 0.0257, 0.0143, 0.0144, 0.0137, 0.0201, 0.001]",0.0,0.0
2026-07-15_15-47-20.mp4,0.0,0.0336,0.375,"[0.0491, 0.032, 0.0165, 0.0145, 0.0113, 0.0279, 0.0883, 0.0279]",0.0,0.0
2026-07-06_06-03-02.mp4,0.0,0.0397,0.875,"[0.0535, 0.0376, 0.0301, 0.0462, 0.0406, 0.0508, 0.0265, 0.0306]",0.0,0.0
2026-07-20_14-56-54.mp4,0.0,0.1326,0.625,"[0.015, 0.0141, 0.0293, 0.1271, 0.13, 0.116, 0.0683, 0.6681]",0.0,0.0
2026-07-01_15-51-52.mp4,0.0,0.015,0.125,"[0.0328, 0.0231, 0.0177, 0.0094, 0.0056, 0.0057, 0.0155, 0.0031]",0.0,0.0
2026-07-01_12-05-33.mp4,0.0,0.0137,0.167,"[0.0088, 0.0024, 0.0119, 0.0109, 0.0247, 0.0344]",0.0,0.0
2026-07-12_13-42-13.mp4,0.0,0.0745,1.0,"[0.0701, 0.0346, 0.0995, 0.061, 0.0631, 0.1063, 0.0778, 0.0864]",0.0,0.0
2026-07-03_20-24-24.mp4,0.35,0.0052,0.0,"[0.0072, 0.0093, 0.0096, 0.0057, 0.0018, 0.002, 0.0032, 0.002]",0.0,0.0
2026-07-13_19-20-49.mp4,0.05,0.0365,0.5,"[0.0491, 0.0411, 0.0935, 0.034, 0.0251, 0.0195, 0.0142, 0.0105]",0.0,0.0
2026-07-01_17-33-08.mp4,0.0,0.2057,0.857,"[0.1765, 0.5062, 0.1756, 0.2324, 0.1102, 0.1856, 0.0082]",0.0,0.0
2026-07-20_19-22-05.mp4,0.0,0.0046,0.0,"[0.0043, 0.0021, 0.0072, 0.0108, 0.0107, 0.0003, 0.0006, 0.0]",0.0,0.0
2026-07-07_11-27-23.mp4,0.0,0.0118,0.125,"[0.0079, 0.01, 0.0052, 0.007, 0.036, 0.0043, 0.0159, 0.0067]",0.0,0.0
2026-07-11_12-22-39.mp4,0.0,0.0546,0.75,"[0.0585, 0.1282, 0.0304, 0.0346, 0.093, 0.0719, 0.0048, 0.006]",0.0,0.0
2026-07-24_10-43-37.mp4,0.0,0.0278,0.5,"[0.0303, 0.0253]",0.0,0.0
2026-07-23_00-41-14.mp4,0.0,0.0261,0.375,"[0.0465, 0.0444, 0.023, 0.034, 0.0153, 0.0205, 0.0147, 0.0063]",0.0,0.0
2026-07-03_07-40-16.mp4,0.0,0.0256,0.125,"[0.1512, 0.0119, 0.0046, 0.0071, 0.0139, 0.0063, 0.0041, 0.0007]",0.0,0.0
2026-07-16_09-03-04.mp4,0.0,0.2356,0.875,"[0.0848, 0.0076, 0.2246, 0.4742, 0.3856, 0.308, 0.2299, 0.1538]",0.0,0.0
2026-07-21_12-04-19.mp4,0.0,0.0798,0.75,"[0.1886, 0.1633, 0.1292, 0.0525, 0.0306, 0.0377, 0.016, 0.0057]",0.0,0.0
2026-07-11_23-32-48.mp4,0.0,0.0596,0.75,"[0.1084, 0.1171, 0.0598, 0.044, 0.0315, 0.0684, 0.0215, 0.0181]",0.0,0.0
2026-07-19_00-26-38.mp4,0.0,nan,,[],0.0,0.0
2026-07-19_10-02-50.mp4,0.0,0.0589,0.875,"[0.0775, 0.0687, 0.0118, 0.0597, 0.0649, 0.0919, 0.0323, 0.0659]",0.0,0.0
2026-07-07_05-59-26.mp4,0.0,0.0208,0.2,"[0.047, 0.0057, 0.0053, 0.0285, 0.0175]",0.0,0.0
2026-07-13_16-10-51.mp4,0.025,0.0118,0.0,"[0.0173, 0.0201, 0.0058, 0.0018, 0.0046, 0.0162, 0.0186, 0.0092]",0.025,0.0
2026-07-03_03-31-12.mp4,0.0,0.0337,0.333,"[0.1069, 0.0222, 0.0075, 0.0207, 0.0122, 0.0328]",0.0,0.0
2026-07-07_12-54-46.mp4,0.0,0.2041,1.0,"[0.4835, 0.3569, 0.2366, 0.1399, 0.1301, 0.1943, 0.1206, 0.0526]",0.0,0.0
2026-07-02_00-45-49.mp4,0.0,0.0023,0.0,"[0.0058, 0.0047, 0.0035, 0.0014, 0.002, 0.0, 0.0004, 0.0005]",0.0,0.0
2026-07-11_13-32-42.mp4,0.0,0.0494,0.625,"[0.088, 0.0305, 0.0557, 0.06, 0.1147, 0.0175, 0.0082, 0.0137]",0.0,0.0
2026-07-09_17-03-47.mp4,0.0,0.0238,0.25,"[0.0177, 0.0139, 0.018, 0.0238, 0.0489, 0.0355, 0.0203, 0.0097]",0.0,0.0
2026-07-21_00-33-26.mp4,0.125,0.0172,0.25,"[0.0059, 0.0014, 0.0028, 0.0154, 0.0069, 0.0405, 0.0461, 0.0186]",0.0,0.0
2026-07-14_14-16-14.mp4,0.0,0.0077,0.0,"[0.0124, 0.0075, 0.0088, 0.0068, 0.0039, 0.0]",0.0,0.0
2026-07-20_21-35-16.mp4,0.0,0.0302,0.333,"[0.038, 0.0263, 0.0111]",0.0,0.0
2026-07-06_15-32-48.mp4,0.0,nan,,[],0.0,0.0
2026-07-02_00-57-25.mp4,0.0,0.0038,0.0,"[0.0128, 0.0025, 0.0011, 0.0038, 0.0021, 0.0016, 0.002, 0.0047]",0.0,0.0
2026-07-09_21-24-02.mp4,0.0,0.0064,0.0,"[0.0118, 0.0021, 0.0022, 0.0062, 0.0037, 0.0124, 0.009, 0.0028]",0.0,0.0
2026-07-11_23-34-36.mp4,0.0,0.0905,0.75,"[0.235, 0.2045, 0.0302, 0.1047, 0.0438, 0.0437, 0.0211, 0.0288]",0.0,0.0
2026-07-07_02-57-58.mp4,0.0,0.0344,0.375,"[0.0026, 0.0184, 0.0065, 0.0272, 0.109, 0.0255, 0.0319, 0.1168]",0.0,0.0
2026-07-14_14-13-26.mp4,0.0,0.0153,0.125,"[0.0517, 0.0111, 0.0026, 0.0088, 0.0177, 0.0153, 0.0083, 0.0045]",0.0,0.0
2026-07-04_00-14-57.mp4,0.0,0.0209,0.125,"[0.1061, 0.0168, 0.0058, 0.0138, 0.007, 0.0019, 0.0039, 0.0096]",0.0,0.0
2026-07-22_13-29-57.mp4,0.0,0.0079,0.0,"[0.003, 0.0047, 0.003, 0.021, 0.0103]",0.0,0.0
2026-07-25_02-27-15.mp4,0.0,nan,,[],0.0,0.0
2026-07-09_19-01-16.mp4,0.0,0.1288,1.0,"[0.2099, 0.07, 0.076, 0.2738, 0.0529, 0.0601, 0.0366, 0.2819]",0.0,0.0
2026-07-08_01-01-16.mp4,0.3,0.0457,0.625,"[0.0135, 0.0452, 0.0981, 0.0553, 0.0285, 0.0275, 0.0539, 0.0435]",0.0,0.0
2026-07-08_22-08-04.mp4,0.0,0.012,0.167,"[0.0337, 0.0116, 0.0118, 0.0141, 0.0067, 0.0074]",0.0,0.0
2026-07-10_08-13-29.mp4,0.0,0.0493,0.5,"[0.0286, 0.0058, 0.0, 0.0296, 0.0838, 0.1498, 0.0513, 0.0442]",0.0,0.0
2026-07-08_20-21-08.mp4,0.0,0.0228,0.25,"[0.0594, 0.0292, 0.0406, 0.0154, 0.0158, 0.0031, 0.0098, 0.0059]",0.0,0.0
2026-07-16_22-31-26.mp4,0.0,0.0175,0.25,"[0.0338, 0.0294, 0.0319, 0.0186, 0.0076, 0.0058, 0.0088, 0.0048]",0.0,0.0
2026-07-09_20-29-39.mp4,0.0,nan,,[],0.0,0.0
2026-07-09_12-16-08.mp4,0.0,0.0661,0.75,"[0.0216, 0.0299, 0.109, 0.0923, 0.1289, 0.0431, 0.0576, 0.0419]",0.0,0.0
2026-07-21_15-28-17.mp4,0.0,0.0324,0.625,"[0.0452, 0.0499, 0.0322, 0.0207, 0.0255, 0.0063, 0.0481, 0.0308]",0.0,0.0
2026-07-23_00-46-02.mp4,0.0,0.0175,0.0,"[0.0144, 0.0187, 0.017, 0.0182, 0.0212, 0.0275, 0.0125, 0.0087]",0.0,0.0
2026-07-22_02-17-28.mp4,0.0,0.0132,0.167,"[0.0346, 0.0034, 0.0062, 0.0044, 0.0122, 0.0257]",0.0,0.0
2026-07-08_08-43-16.mp4,0.0,0.0173,0.167,"[0.0149, 0.007, 0.0135, 0.0197, 0.0544, 0.0158]",0.0,0.0
2026-07-05_01-05-06.mp4,0.0,nan,,[],0.0,0.0
2026-07-15_15-55-50.mp4,0.0,0.0223,0.25,"[0.0151, 0.0105, 0.0128, 0.0183, 0.015, 0.0265, 0.0442, 0.0395]",0.0,0.0
2026-07-12_02-01-24.mp4,0.0,0.0132,0.125,"[0.2495, 0.0171, 0.0074, 0.0054, 0.0033, 0.0024, 0.0027, 0.0034]",0.0,0.0
2026-07-12_15-46-48.mp4,0.0,0.0006,0.0,"[0.0, 0.0, 0.0, 0.0025]",0.0,0.0
2026-07-11_13-47-30.mp4,0.0,0.0064,0.0,"[0.0095, 0.008, 0.0047, 0.0032, 0.0082, 0.0092, 0.0026, 0.0053]",0.0,0.0
2026-07-22_00-10-11.mp4,0.0,0.3304,0.75,"[0.1295, 0.0173, 0.5291, 0.648]",0.0,0.0
2026-07-21_01-33-20.mp4,0.0,0.0055,0.0,"[0.0087, 0.0024, 0.0031, 0.006, 0.0079, 0.0059, 0.0018]",0.0,0.0
2026-07-07_01-13-11.mp4,0.0,0.2188,1.0,"[0.0844, 0.6075, 0.4215, 0.1783, 0.2423, 0.1894, 0.0635, 0.0937]",0.0,0.0
2026-07-04_15-50-24.mp4,0.0,0.0814,1.0,"[0.0329, 0.0806, 0.0443, 0.0945, 0.0576, 0.0765, 0.5184]",0.0,0.0
2026-07-24_22-22-23.mp4,0.0,0.0147,0.125,"[0.0, 0.0007, 0.0, 0.0072, 0.0157, 0.0501, 0.0277, 0.0168]",0.0,0.0
2026-07-07_13-02-28.mp4,0.025,0.099,0.875,"[0.1326, 0.069, 0.148, 0.2561, 0.0599, 0.0557, 0.0421, 0.0112]",0.0,0.0
2026-07-02_12-32-59.mp4,0.0,nan,,[],0.0,0.0
2026-07-05_11-44-03.mp4,0.0,0.0078,0.0,"[0.013, 0.0074, 0.0014, 0.005, 0.0021, 0.0188, 0.0086, 0.0059]",0.0,0.0
2026-07-07_01-40-47.mp4,0.0,0.0528,0.429,"[0.0356, 0.0291, 0.0169, 0.0513, 0.0187, 0.1661, 0.0158]",0.0,0.0
2026-07-06_12-53-40.mp4,0.0,0.0168,0.125,"[0.039, 0.0156, 0.0124, 0.0174, 0.0205, 0.0177, 0.0065, 0.0024]",0.0,0.0
2026-07-09_16-04-11.mp4,0.45,0.0604,0.875,"[0.0661, 0.0389, 0.0385, 0.0934, 0.0224, 0.0913, 0.0864, 0.037]",0.425,0.425
2026-07-03_07-26-34.mp4,0.0,0.0055,0.0,"[0.0156, 0.0024, 0.0043, 0.0017, 0.0058, 0.0051, 0.0061, 0.0029]",0.0,0.0
2026-07-04_16-12-12.mp4,0.0,0.0448,0.5,"[0.0575, 0.0066]",0.0,0.0
2026-07-11_08-30-29.mp4,0.0,0.0184,0.333,"[0.0301, 0.055, 0.0086, 0.0118, 0.0025, 0.0072]",0.0,0.0
2026-07-21_01-03-14.mp4,0.0,0.0039,0.0,"[0.0048, 0.0004, 0.0025, 0.0047, 0.0076, 0.0033]",0.0,0.0
2026-07-09_23-58-22.mp4,0.0,0.2489,0.833,"[0.2643, 0.0445, 0.1657, 0.6768, 0.2389, 0.0056]",0.0,0.0
2026-07-21_12-58-48.mp4,0.0,0.011,0.0,"[0.0186, 0.0113, 0.0109, 0.003]",0.0,0.0
2026-07-03_01-37-25.mp4,0.0,0.003,0.0,"[0.0029, 0.0012, 0.0024, 0.0015, 0.0086, 0.0036, 0.0]",0.0,0.0
2026-07-18_21-16-28.mp4,0.0,0.0505,0.625,"[0.0591, 0.0663, 0.0458, 0.0136, 0.0222, 0.0269, 0.0927, 0.0836]",0.0,0.0
2026-07-26_01-13-25.mp4,0.0,0.0471,0.625,"[0.004, 0.0271, 0.1183, 0.0873, 0.0315, 0.0345, 0.0203, 0.0557]",0.0,0.0
2026-07-15_20-18-48.mp4,0.025,0.0409,0.5,"[0.0737, 0.0773, 0.0416, 0.0566, 0.0247, 0.0204, 0.0188, 0.0078]",0.0,0.0
2026-07-01_17-38-02.mp4,0.0,0.0294,0.286,"[0.0977, 0.0335, 0.0166, 0.0064, 0.0245, 0.0035, 0.0161]",0.0,0.0
2026-07-05_11-57-14.mp4,0.0,0.0476,0.625,"[0.0331, 0.0229, 0.0356, 0.0581, 0.02, 0.012, 0.0355, 0.1926]",0.0,0.0
2026-07-04_02-16-28.mp4,0.0,0.0172,0.125,"[0.0741, 0.0079, 0.0165, 0.0121, 0.0132, 0.0068, 0.0029, 0.0009]",0.0,0.0
2026-07-07_00-25-23.mp4,1.0,0.0122,0.0,"[0.0163, 0.0047, 0.0039, 0.0087, 0.0257, 0.0255, 0.0079, 0.0035]",0.0,0.0
2026-07-12_22-22-49.mp4,0.0,0.0554,0.625,"[0.0084, 0.0252, 0.0263, 0.0686, 0.1012, 0.0985, 0.0619, 0.053]",0.0,0.0
2026-07-12_11-49-18.mp4,0.0,0.0095,0.0,"[0.013, 0.0165, 0.0037, 0.0061, 0.0102]",0.0,0.0
2026-07-10_16-19-54.mp4,0.0,0.0046,0.0,"[0.0152, 0.0044, 0.0026, 0.0058, 0.0029, 0.0016, 0.0023, 0.0016]",0.0,0.0
2026-07-23_18-44-15.mp4,0.0,0.0316,0.5,"[0.062, 0.0667, 0.0439, 0.0266, 0.0136, 0.0027, 0.0022, 0.0358]",0.0,0.0
2026-07-18_15-40-08.mp4,0.8,0.0767,1.0,"[0.0687, 0.0372, 0.0698, 0.0504, 0.0819, 0.1304, 0.1253, 0.0438]",0.35,0.35
2026-07-14_01-06-45.mp4,0.925,0.0159,0.125,"[0.0677, 0.0174, 0.0063, 0.0045, 0.0091, 0.0134, 0.0044, 0.0013]",0.025,0.025
2026-07-08_01-04-34.mp4,0.175,0.0659,0.75,"[0.0788, 0.0611, 0.0109, 0.0037, 0.0338, 0.0813, 0.218, 0.0327]",0.0,0.0
2026-07-04_02-21-58.mp4,0.0,0.0094,0.0,"[0.0129, 0.0276, 0.0073, 0.0069, 0.0058, 0.0018, 0.0099, 0.0016]",0.0,0.0
2026-07-09_08-59-58.mp4,0.0,0.0074,0.0,"[0.0159, 0.0123, 0.0061, 0.0038, 0.0067, 0.0074, 0.0031, 0.0034]",0.0,0.0
2026-07-10_12-28-39.mp4,0.0,0.0036,0.0,"[0.0044, 0.0056, 0.0056, 0.0, 0.0]",0.0,0.0
2026-07-11_23-34-12.mp4,0.0,0.1803,0.875,"[0.2282, 0.263, 0.4334, 0.1284, 0.0717, 0.065, 0.1941, 0.0281]",0.0,0.0
2026-07-16_02-59-25.mp4,0.0,0.0237,0.25,"[0.0026, 0.0198, 0.078, 0.0145, 0.0169, 0.0311, 0.0144, 0.0093]",0.0,0.0
2026-07-18_08-29-12.mp4,0.0,0.0233,0.25,"[0.0852, 0.0224, 0.0082, 0.0305, 0.0167, 0.0128, 0.006, 0.0]",0.0,0.0
2026-07-09_22-59-53.mp4,0.0,0.1523,1.0,"[0.0621, 0.0641, 0.0687, 0.2068, 0.0543, 0.0592, 0.3455, 0.409]",0.0,0.0
2026-07-08_07-13-59.mp4,0.0,nan,,[],0.0,0.0
2026-07-09_14-24-54.mp4,0.0,0.0254,0.333,"[0.0134, 0.0263, 0.0384, 0.0324, 0.0135, 0.0174]",0.0,0.0
2026-07-10_13-19-32.mp4,0.0,0.0268,0.333,"[0.0234, 0.0305, 0.0292]",0.05,0.05
2026-07-25_23-41-32.mp4,0.0,0.0219,0.25,"[0.0604, 0.0552, 0.018, 0.0112, 0.0059, 0.0109, 0.0144, 0.0099]",0.0,0.0
2026-07-22_14-18-26.mp4,0.0,nan,,[],0.0,0.0
2026-07-10_22-16-06.mp4,0.0,0.11,0.625,"[0.0479, 0.095, 0.0652, 0.0295, 0.0129, 0.8834, 0.0232, 0.0805]",0.0,0.0
2026-07-09_07-33-23.mp4,0.0,0.0099,0.0,"[0.0136, 0.0205, 0.0046, 0.0123, 0.0051, 0.0054, 0.0118, 0.0047]",0.0,0.0
2026-06-30_23-48-24.mp4,0.05,0.0382,0.25,"[0.0109, 0.0698, 0.1778, 0.0103, 0.014, 0.0035, 0.0062, 0.007]",0.075,0.075
2026-07-19_10-26-50.mp4,0.0,0.0527,1.0,"[0.0886, 0.0684, 0.0612, 0.0438, 0.043, 0.0358, 0.0389, 0.0397]",0.0,0.0
2026-07-21_00-54-08.mp4,0.0,0.0884,0.75,"[0.1561, 0.0701, 0.0207, 0.1067]",0.0,0.0
2026-07-04_16-51-54.mp4,0.0,nan,,[],0.0,0.0
2026-07-13_09-23-20.mp4,0.0,0.0418,1.0,[0.0418],0.0,0.0
2026-07-10_10-27-34.mp4,0.0,0.0227,0.125,"[0.0205, 0.0159, 0.0179, 0.0365, 0.0266, 0.0218, 0.0231, 0.0182]",0.0,0.0
2026-07-20_23-42-45.mp4,0.0,0.0145,0.0,"[0.0168, 0.0198, 0.0157, 0.0216, 0.0168, 0.0122, 0.0068, 0.0041]",0.0,0.0
2026-07-15_16-02-26.mp4,0.0,0.031,0.375,"[0.0382, 0.0423, 0.0148, 0.0577, 0.0233, 0.0276, 0.0249, 0.0161]",0.0,0.0
2026-07-13_09-30-38.mp4,0.0,0.0281,0.5,"[0.0246, 0.0352]",0.0,0.0
2026-07-23_16-30-17.mp4,0.0,0.0064,0.0,"[0.0204, 0.0025, 0.0019, 0.0, 0.0]",0.0,0.0
2026-07-18_13-13-39.mp4,0.0,0.0247,0.25,"[0.0193, 0.0164, 0.0095, 0.0089, 0.0532, 0.0295, 0.0471, 0.011]",0.0,0.0
2026-07-25_00-28-22.mp4,0.0,0.0124,0.0,"[0.0133, 0.0222, 0.0151, 0.0165, 0.0087, 0.0036, 0.0144, 0.0037]",0.0,0.0
2026-07-15_08-51-08.mp4,0.0,0.0429,0.75,"[0.0625, 0.0625, 0.0331, 0.0735, 0.0165, 0.014, 0.0439, 0.0358]",0.0,0.0
2026-07-08_19-27-38.mp4,0.0,0.0032,0.0,"[0.0088, 0.0, 0.0018, 0.0021]",0.5,0.0
2026-07-23_18-41-21.mp4,0.0,0.0062,0.0,"[0.0027, 0.0056, 0.0093, 0.0111]",0.0,0.0
2026-07-01_21-18-17.mp4,0.0,0.0159,0.25,"[0.017, 0.0061, 0.0113, 0.0036, 0.0119, 0.0134, 0.0324, 0.0351]",0.0,0.0
2026-07-01_02-48-46.mp4,0.0,0.0045,0.0,"[0.0026, 0.001, 0.004, 0.0131, 0.0115, 0.0012, 0.0012, 0.0006]",0.0,0.0
2026-07-13_23-48-34.mp4,0.0,0.0329,0.625,"[0.0384, 0.0466, 0.033, 0.0532, 0.0302, 0.0191, 0.0254, 0.0132]",0.0,0.0
2026-07-25_23-29-20.mp4,0.0,0.0089,0.0,"[0.0193, 0.011, 0.0045, 0.0055, 0.0011]",0.0,0.0
2026-07-17_18-04-11.mp4,0.0,0.0204,0.375,"[0.003, 0.0083, 0.0308, 0.0068, 0.0558, 0.0348, 0.0132, 0.0085]",0.0,0.0
2026-07-16_17-16-41.mp4,0.025,0.1239,0.625,"[0.0029, 0.0074, 0.01, 0.2518, 0.3156, 0.0909, 0.1222, 0.2067]",0.025,0.0
2026-07-10_05-03-19.mp4,0.0,0.0241,0.143,"[0.0153, 0.0391, 0.0186, 0.0237, 0.0205, 0.03, 0.023]",0.0,0.0
2026-07-12_23-12-49.mp4,0.0,0.036,0.833,"[0.0739, 0.0671, 0.041, 0.0314, 0.0219, 0.0318]",0.0,0.0
2026-07-02_10-44-54.mp4,0.0,nan,,[],0.0,0.0
2026-07-06_00-39-54.mp4,0.175,0.0872,0.625,"[0.0625, 0.2257, 0.0269, 0.0504, 0.2208, 0.0579, 0.02, 0.0204]",0.0,0.0
2026-07-18_21-47-34.mp4,0.0,0.0266,0.25,"[0.0238, 0.0401, 0.0367, 0.018, 0.0208, 0.0296, 0.0157, 0.029]",0.0,0.0
2026-07-03_20-05-00.mp4,0.4,0.0226,0.125,"[0.025, 0.0227, 0.0164, 0.0289, 0.0213, 0.0166, 0.0331, 0.0149]",0.0,0.0
2026-07-10_15-58-01.mp4,0.0,0.0024,0.0,"[0.004, 0.0004, 0.0008, 0.0044, 0.0023, 0.0025, 0.0025, 0.0019]",0.0,0.0
2026-07-19_06-48-04.mp4,0.0,0.041,0.75,"[0.0421, 0.03, 0.0288, 0.0305, 0.0482, 0.03, 0.0629, 0.0592]",0.0,0.0
2026-07-13_11-07-13.mp4,0.025,0.0399,0.25,"[0.1094, 0.0151, 0.0203, 0.0218]",0.0,0.0
2026-07-15_08-59-37.mp4,0.0,0.0366,0.5,"[0.0014, 0.0037, 0.0031, 0.0034, 0.0424, 0.0459, 0.1023, 0.1038]",0.0,0.0
2026-07-10_09-25-47.mp4,0.0,nan,,[],0.0,0.0
2026-07-03_01-44-25.mp4,0.0,0.0122,0.125,"[0.0429, 0.0122, 0.0142, 0.0116, 0.0036, 0.0048, 0.0014, 0.0051]",0.0,0.0
2026-07-06_09-22-48.mp4,0.0,0.0424,0.5,"[0.08, 0.0724, 0.0191, 0.064, 0.0878, 0.005, 0.0, 0.0031]",0.0,0.0
2026-07-03_08-54-03.mp4,0.625,0.0136,0.125,"[0.0374, 0.0106, 0.0063, 0.0181, 0.0082, 0.0053, 0.009, 0.0143]",0.0,0.0
2026-07-03_05-18-42.mp4,0.05,0.0101,0.0,"[0.0205, 0.0053, 0.0223, 0.0103, 0.0064, 0.003, 0.0092, 0.0017]",0.0,0.0
2026-07-08_19-28-26.mp4,0.0,nan,,[],0.0,0.0
2026-07-02_10-11-37.mp4,0.175,0.0039,0.0,"[0.0045, 0.0007, 0.0041, 0.0025, 0.0068, 0.0043, 0.0053, 0.0023]",0.0,0.0
2026-07-08_20-39-20.mp4,0.0,0.0457,0.75,"[0.0946, 0.0321, 0.0267, 0.0275, 0.0334, 0.0447, 0.0558, 0.0522]",0.0,0.0
2026-07-03_13-04-31.mp4,0.125,0.0086,0.0,"[0.0122, 0.007, 0.0041, 0.0066, 0.0069, 0.0023, 0.0117, 0.0199]",0.0,0.0
2026-07-18_15-18-44.mp4,0.0,0.0307,0.5,"[0.083, 0.0397, 0.0442, 0.0308, 0.0183, 0.0079, 0.0077, 0.0099]",0.0,0.0
2026-07-02_01-12-07.mp4,0.0,0.005,0.0,"[0.0186, 0.0047, 0.0042, 0.0038, 0.0023, 0.0022, 0.0025, 0.0009]",0.0,0.0
2026-07-15_18-56-36.mp4,0.0,0.0055,0.0,"[0.003, 0.008, 0.0066, 0.0034]",0.0,0.0
2026-07-09_17-21-04.mp4,0.0,0.1258,1.0,[0.1258],0.0,0.0
2026-07-07_04-48-27.mp4,0.0,0.04,0.375,"[0.1476, 0.1196, 0.0284, 0.151, 0.0126, 0.0087, 0.0089, 0.005]",0.0,0.0
2026-07-04_16-08-36.mp4,0.0,0.0364,0.571,"[0.0063, 0.0494, 0.0442, 0.0366, 0.0219, 0.0744, 0.0088]",0.0,0.0
2026-07-06_18-00-18.mp4,0.65,0.0144,0.0,"[0.0298, 0.0151, 0.0063, 0.0062, 0.0125, 0.01, 0.0281, 0.0052]",0.0,0.0
2026-07-13_18-39-13.mp4,0.025,0.067,0.5,"[0.0264, 0.0091, 0.0475, 0.1932, 0.1278, 0.0853, 0.0298, 0.0039]",0.0,0.0
2026-07-14_14-15-02.mp4,0.0,0.0046,0.0,"[0.006, 0.0041, 0.0009, 0.0081, 0.0083, 0.0033, 0.0032, 0.0027]",0.0,0.0
2026-07-13_03-18-26.mp4,0.0,0.0308,0.375,"[0.003, 0.0089, 0.0202, 0.083, 0.0461, 0.0284, 0.0208, 0.037]",0.0,0.0
2026-07-13_10-47-13.mp4,0.0,0.0276,0.333,"[0.0393, 0.0281, 0.0138]",0.0,0.0
2026-07-10_10-33-52.mp4,0.0,0.0107,0.0,"[0.0294, 0.0151, 0.0195, 0.0082, 0.0058, 0.002, 0.0013, 0.003]",0.0,0.0
2026-07-09_23-37-23.mp4,0.0,0.1394,1.0,"[0.122, 0.1513, 0.1596]",0.0,0.0
2026-07-22_14-14-08.mp4,0.0,0.0444,0.75,"[0.0796, 0.0396, 0.059, 0.0158, 0.0113, 0.0377, 0.0563, 0.0591]",0.0,0.0
2026-07-09_16-02-23.mp4,0.325,0.0664,0.625,"[0.0865, 0.0212, 0.1071, 0.0887, 0.103, 0.0816, 0.0232, 0.0082]",0.225,0.225
2026-07-01_18-34-44.mp4,0.0,0.0219,0.25,"[0.0226, 0.0322, 0.0134, 0.0388, 0.0099, 0.019, 0.0195, 0.0193]",0.0,0.0
2026-07-01_17-46-41.mp4,0.0,0.0474,0.875,"[0.034, 0.0572, 0.0294, 0.0472, 0.0377, 0.0497, 0.0612, 0.0666]",0.0,0.0
2026-07-04_02-37-46.mp4,0.0,0.1268,0.8,"[0.0334, 0.1658, 0.0691, 0.6462, 0.0255]",0.0,0.0
2026-07-11_04-10-03.mp4,0.0,0.008,0.0,"[0.0095, 0.0036, 0.0035, 0.0208, 0.0164, 0.0015, 0.0015, 0.007]",0.0,0.0
2026-07-10_15-39-43.mp4,0.0,0.0054,0.0,"[0.0063, 0.0, 0.0016, 0.0036, 0.0038, 0.0054, 0.0142, 0.0094]",0.0,0.0
2026-07-04_01-56-10.mp4,1.0,0.0223,0.25,"[0.0191, 0.0236, 0.0123, 0.0146, 0.017, 0.0309, 0.0296, 0.0335]",0.175,0.0
2026-07-16_17-07-46.mp4,1.0,0.1553,0.667,"[0.0275, 0.0738, 0.5042]",0.071,0.071
2026-07-13_09-05-02.mp4,0.0,0.104,1.0,"[0.0653, 0.0409, 0.1345, 0.1146, 0.2261, 0.0927]",0.0,0.0
2026-07-10_02-57-15.mp4,0.0,0.0304,0.429,"[0.0132, 0.0094, 0.0449, 0.0356, 0.0483, 0.0274, 0.0198]",0.0,0.0
2026-07-02_03-23-28.mp4,0.875,0.0092,0.0,"[0.0235, 0.0126, 0.0128, 0.0068, 0.0073, 0.0012, 0.0039, 0.0041]",0.0,0.0
2026-07-07_04-29-39.mp4,0.0,0.0413,0.5,"[0.1125, 0.0602, 0.0288, 0.0234, 0.02, 0.034, 0.0309, 0.0154]",0.025,0.025
2026-07-26_04-33-23.mp4,0.0,0.0876,0.625,"[0.1981, 0.009, 0.0207, 0.0496, 0.1199, 0.1609, 0.1119, 0.0164]",0.0,0.0
2026-07-08_22-28-16.mp4,0.0,nan,,[],0.0,0.0
2026-07-05_12-58-14.mp4,0.0,0.1081,0.833,"[0.0578, 0.0454, 0.0312, 0.3344, 0.1186, 0.0]",0.0,0.0
2026-07-22_00-11-35.mp4,0.025,0.0226,0.25,"[0.0402, 0.0203, 0.0167, 0.0101, 0.0423, 0.0231, 0.013, 0.0133]",0.0,0.0
2026-07-06_07-13-07.mp4,0.0,0.049,0.75,"[0.0128, 0.0554, 0.1794, 0.0422, 0.0418, 0.0153, 0.0373, 0.0302]",0.05,0.0
2026-07-05_15-41-46.mp4,0.0,0.0097,0.0,[0.0097],0.0,0.0
2026-07-01_17-32-56.mp4,0.0,0.0199,0.125,"[0.0288, 0.0331, 0.0179, 0.0178, 0.0236, 0.0186, 0.0118, 0.0043]",0.0,0.0
2026-07-11_12-59-59.mp4,0.0,0.1951,0.875,"[0.1119, 0.012, 0.2567, 0.0647, 0.3182, 0.2405, 0.2969, 0.2111]",0.15,0.05
2026-07-02_15-45-21.mp4,0.0,0.0317,0.25,"[0.0122, 0.0068, 0.0039, 0.0105, 0.044, 0.1434, 0.0224, 0.0049]",0.0,0.0
2026-07-05_13-18-32.mp4,0.0,0.0347,0.375,"[0.037, 0.0608, 0.0274, 0.0915, 0.0183, 0.0123, 0.0092, 0.0014]",0.0,0.0
2026-07-21_13-58-54.mp4,0.0,0.0579,0.375,"[0.0454, 0.2969, 0.0277, 0.0405, 0.0246, 0.0048, 0.0093, 0.0034]",0.0,0.0
2026-07-03_15-18-53.mp4,1.0,0.0114,0.125,"[0.0313, 0.0232, 0.0195, 0.0066, 0.0046, 0.0009, 0.0012, 0.0023]",0.0,0.0
2026-07-02_10-01-37.mp4,0.025,0.0047,0.0,"[0.0061, 0.004, 0.0044, 0.0036, 0.0015, 0.0015, 0.0094, 0.008]",0.0,0.0
2026-07-02_08-10-37.mp4,0.0,0.0097,0.0,"[0.0146, 0.0048, 0.0037, 0.0293, 0.014, 0.004, 0.0028, 0.0033]",0.0,0.0
2026-07-11_00-39-17.mp4,0.0,0.0026,0.0,"[0.0057, 0.0068, 0.0011, 0.0014]",0.0,0.0
2026-07-12_07-19-21.mp4,0.0,0.0364,0.25,"[0.0878, 0.0264, 0.0052, 0.0058, 0.0088, 0.2294, 0.0026, 0.0014]",0.0,0.0
2026-07-01_20-11-31.mp4,0.3,0.0112,0.125,"[0.0047, 0.002, 0.0352, 0.0218, 0.0131, 0.0045, 0.0041, 0.0027]",0.0,0.0
2026-07-07_01-15-23.mp4,0.0,0.2523,1.0,"[0.0841, 0.0773, 0.063, 0.3336, 0.3265, 0.0521, 0.3161, 0.8944]",0.0,0.0
2026-07-05_14-34-43.mp4,0.0,0.0373,0.5,"[0.0268, 0.0036, 0.0017, 0.0143, 0.0771, 0.0682, 0.0683, 0.0392]",0.0,0.0
2026-07-09_18-55-10.mp4,0.675,0.0732,0.75,"[0.2213, 0.0631, 0.038, 0.1065, 0.0806, 0.0347, 0.0186, 0.01]",0.025,0.025
2026-07-10_11-55-21.mp4,0.0,0.0047,0.0,"[0.0052, 0.0051, 0.0009, 0.0073, 0.0055]",0.0,0.0
2026-07-15_08-43-50.mp4,0.0,0.0259,0.375,"[0.053, 0.0495, 0.0446, 0.0259, 0.0082, 0.009, 0.0081, 0.0047]",0.0,0.0
2026-07-13_21-17-54.mp4,0.0,0.1247,1.0,"[0.2138, 0.0623, 0.168, 0.0935, 0.046, 0.0852, 0.0551, 0.311]",0.175,0.175
2026-07-07_04-26-21.mp4,0.0,0.0223,0.5,"[0.0314, 0.0131]",0.025,0.0
2026-07-11_10-54-22.mp4,0.0,0.0108,0.0,"[0.0137, 0.0061]",0.0,0.0
2026-07-08_12-17-20.mp4,0.0,0.0443,1.0,[0.0443],0.0,0.0
2026-07-02_15-58-33.mp4,0.0,0.0471,0.5,"[0.0356, 0.0349, 0.0117, 0.0117, 0.1501, 0.0944, 0.0171, 0.015]",0.0,0.0
2026-07-21_12-03-07.mp4,0.0,0.016,0.125,"[0.0484, 0.015, 0.0141, 0.0103, 0.0088, 0.0069, 0.0158, 0.0067]",0.0,0.0
2026-07-14_15-54-43.mp4,0.0,0.0137,0.125,"[0.041, 0.006, 0.005, 0.0098, 0.0256, 0.0126, 0.0037, 0.004]",0.0,0.0
2026-07-03_01-37-13.mp4,0.0,0.0086,0.0,"[0.0177, 0.005, 0.0041, 0.0067, 0.007, 0.0131, 0.0123, 0.0018]",0.0,0.0
2026-07-02_15-45-09.mp4,0.025,0.0344,0.375,"[0.0455, 0.0276, 0.0219, 0.0974, 0.0131, 0.0413, 0.0109, 0.007]",0.0,0.0
2026-07-08_20-46-32.mp4,0.0,0.0388,0.625,"[0.0804, 0.0389, 0.0784, 0.042, 0.0307, 0.0148, 0.0122, 0.0064]",0.0,0.0
2026-07-02_03-11-40.mp4,1.0,0.0095,0.0,"[0.0297, 0.017, 0.0042, 0.0119, 0.0053, 0.0018, 0.0045, 0.0]",0.0,0.0
2026-07-09_22-13-08.mp4,0.0,0.0055,0.0,"[0.0049, 0.0063]",0.0,0.0
2026-07-01_09-48-18.mp4,0.0,0.0179,0.0,"[0.0277, 0.0231, 0.0198, 0.0172, 0.0194, 0.012, 0.0072]",0.0,0.0
2026-07-09_01-04-39.mp4,0.325,0.0599,0.5,"[0.0566, 0.014, 0.0251, 0.017, 0.0188, 0.0644, 0.2038, 0.0846]",0.0,0.0
2026-06-30_16-12-44.mp4,0.0,0.0194,0.125,"[0.0208, 0.0139, 0.0173, 0.0155, 0.0159, 0.0125, 0.0569, 0.0043]",0.0,0.0
2026-07-01_06-39-29.mp4,0.0,0.0453,0.625,"[0.019, 0.0257, 0.0411, 0.0997, 0.0167, 0.0346, 0.077, 0.0492]",0.0,0.0
2026-07-08_18-52-51.mp4,0.0,0.1855,0.714,"[0.506, 0.3691, 0.5355, 0.0532, 0.0469, 0.0205, 0.0167]",0.0,0.0
2026-07-10_13-29-32.mp4,0.0,0.0389,1.0,[0.0389],0.0,0.0
2026-07-11_10-14-16.mp4,0.0,0.0959,0.75,"[0.0091, 0.0212, 0.0389, 0.0969, 0.313, 0.1024, 0.1031, 0.0301]",0.0,0.0
2026-07-02_02-52-40.mp4,1.0,0.0058,0.0,"[0.0094, 0.005, 0.0111, 0.0078, 0.005, 0.0022, 0.0034, 0.0014]",0.0,0.0
2026-07-11_08-56-29.mp4,0.0,0.0233,0.4,"[0.0368, 0.0291, 0.0192, 0.0103, 0.0506]",0.0,0.0
2026-07-02_10-32-48.mp4,0.0,0.0031,0.0,"[0.0051, 0.0016, 0.0008, 0.0067, 0.0065, 0.0023, 0.0014, 0.0]",0.0,0.0
2026-07-25_20-16-28.mp4,0.0,0.008,0.0,"[0.0098, 0.0035, 0.0099, 0.0066, 0.008, 0.0054, 0.0121, 0.0087]",0.0,0.0
2026-07-06_00-17-54.mp4,0.425,0.0544,1.0,"[0.044, 0.0535, 0.0939, 0.0542, 0.0587, 0.0496, 0.0339, 0.0461]",0.0,0.0
2026-07-13_21-24-59.mp4,0.0,0.0883,0.714,"[0.2259, 0.0276, 0.0896, 0.1065, 0.1907, 0.0359, 0.0258]",0.0,0.0
2026-07-07_06-16-32.mp4,0.0,0.0933,0.875,"[0.0341, 0.0279, 0.0772, 0.0404, 0.1208, 0.222, 0.1008, 0.0982]",0.0,0.0
2026-07-08_21-45-29.mp4,0.0,0.072,0.75,"[0.0519, 0.2365, 0.107, 0.0644, 0.0316, 0.0376, 0.0263, 0.0073]",0.0,0.0
2026-07-07_05-48-02.mp4,0.0,0.0708,1.0,"[0.0798, 0.0539, 0.1501, 0.0423, 0.0694, 0.0425, 0.0516]",0.025,0.025
2026-07-07_19-11-01.mp4,0.0,0.0662,0.75,"[0.1142, 0.0728, 0.0983, 0.0871, 0.0815, 0.0508, 0.0209, 0.0241]",0.0,0.0
2026-07-05_03-55-10.mp4,0.0,nan,,[],0.0,0.0
2026-07-06_00-42-18.mp4,0.075,0.0532,0.625,"[0.0389, 0.0217, 0.0132, 0.0267, 0.1192, 0.0527, 0.082, 0.0756]",0.0,0.0
2026-07-08_21-51-29.mp4,0.0,0.0819,0.625,"[0.2537, 0.1993, 0.055, 0.0574, 0.0397, 0.0208, 0.0102, 0.0033]",0.0,0.0
2026-07-21_00-32-50.mp4,0.375,0.057,0.625,"[0.0115, 0.0359, 0.0761, 0.2042, 0.0469, 0.0159, 0.0291, 0.0313]",0.0,0.0
2026-07-09_21-50-14.mp4,0.0,0.0101,0.0,"[0.0019, 0.0139, 0.0122, 0.0159, 0.0061, 0.007]",0.0,0.0
2026-07-01_21-40-40.mp4,0.0,0.0058,0.0,"[0.0148, 0.0016, 0.0028, 0.0063, 0.0066, 0.0007]",0.0,0.0
2026-07-12_14-40-36.mp4,0.95,0.0281,0.25,"[0.0252, 0.0559, 0.0226, 0.0081, 0.0097, 0.022, 0.0569, 0.0234]",0.1,0.0
2026-07-07_18-54-19.mp4,0.0,0.083,0.625,"[0.0065, 0.0389, 0.0948, 0.0789, 0.2257, 0.0708, 0.0293, 0.0295]",0.0,0.0
2026-07-12_08-41-50.mp4,0.4,0.1252,0.625,"[0.0, 0.0, 0.0332, 0.4498, 0.1685, 0.1168, 0.1993, 0.0114]",0.0,0.0
2026-07-24_13-32-47.mp4,0.0,0.0784,0.625,"[0.009, 0.2326, 0.1101, 0.0377, 0.0484, 0.2219, 0.0219, 0.0061]",0.0,0.0
2026-07-22_14-10-08.mp4,0.0,0.0156,0.125,"[0.0896, 0.0066, 0.006, 0.0064, 0.0067, 0.004, 0.0005, 0.0028]",0.0,0.0
2026-07-02_14-35-40.mp4,0.0,0.0213,0.125,"[0.0652, 0.0145, 0.0183, 0.022, 0.004, 0.0127, 0.0059, 0.0289]",0.0,0.0
2026-07-23_18-39-57.mp4,0.0,0.0081,0.0,"[0.0038, 0.0036, 0.0015, 0.0032, 0.0083, 0.0134, 0.0109, 0.0237]",0.0,0.0
2026-07-10_17-59-26.mp4,0.0,0.0068,0.0,"[0.0144, 0.0024, 0.0068, 0.006, 0.0042, 0.0018, 0.0023, 0.0187]",0.0,0.0
2026-07-04_07-07-05.mp4,0.0,0.0055,0.0,"[0.003, 0.0041, 0.0, 0.0024, 0.0154, 0.0095, 0.0068, 0.0024]",0.0,0.0
2026-07-02_16-48-09.mp4,0.0,0.0146,0.2,"[0.0411, 0.0062, 0.0043, 0.0066, 0.0154]",0.0,0.0
2026-07-08_17-04-47.mp4,0.0,0.0151,0.125,"[0.0486, 0.011, 0.0088, 0.0048, 0.0173, 0.0162, 0.0061, 0.0064]",0.0,0.0
2026-07-26_03-50-59.mp4,0.0,0.0838,1.0,"[0.0918, 0.0662, 0.0422, 0.0553, 0.0961, 0.0611, 0.0653, 0.5066]",0.05,0.0
2026-07-20_21-50-46.mp4,0.238,0.047,0.75,"[0.0959, 0.0236, 0.0315, 0.037]",0.0,0.0
2026-07-01_17-46-53.mp4,0.0,0.0718,0.875,"[0.0334, 0.1496, 0.0484, 0.0686, 0.0166, 0.0518, 0.0852, 0.1331]",0.0,0.0
2026-07-01_18-40-38.mp4,0.45,0.0354,0.5,"[0.0149, 0.0275, 0.0173, 0.0175, 0.0623, 0.0417, 0.0535, 0.0515]",0.0,0.0
2026-07-01_12-47-00.mp4,0.0,0.0735,1.0,"[0.1125, 0.0533, 0.0364, 0.0809, 0.031, 0.0705, 0.1268, 0.0664]",0.0,0.0
2026-07-05_16-58-36.mp4,0.0,0.0025,0.0,"[0.0058, 0.0069, 0.0035, 0.0026, 0.0023, 0.0, 0.0016, 0.0]",0.0,0.0
2026-07-02_15-39-15.mp4,0.0,0.013,0.125,"[0.0179, 0.0114, 0.0066, 0.0093, 0.0023, 0.002, 0.0249, 0.0336]",0.0,0.0
2026-07-05_03-34-47.mp4,0.0,0.0056,0.0,"[0.0142, 0.0034, 0.0, 0.0049, 0.0096, 0.0108, 0.0006, 0.0]",0.0,0.0
2026-07-02_02-53-16.mp4,1.0,0.0076,0.0,"[0.0183, 0.0156, 0.0081, 0.0101, 0.0028, 0.0014, 0.0013, 0.0018]",0.0,0.0
2026-07-05_13-18-08.mp4,0.0,0.0316,0.375,"[0.0436, 0.0546, 0.0834, 0.029, 0.0149, 0.0037, 0.0131, 0.0053]",0.0,0.0
2026-07-10_08-41-35.mp4,0.0,nan,,[],0.0,0.0
2026-07-12_14-34-50.mp4,0.675,0.0853,0.875,"[0.1299, 0.1527, 0.0359, 0.0535, 0.0257, 0.1589, 0.035, 0.0921]",0.15,0.0
2026-07-03_15-06-29.mp4,0.0,0.0124,0.25,"[0.0466, 0.0014, 0.0025, 0.0079, 0.0332, 0.003, 0.0013, 0.001]",0.0,0.0
2026-07-04_02-28-16.mp4,0.0,0.0099,0.125,"[0.0383, 0.0068, 0.0023, 0.0049, 0.0078, 0.008, 0.0026, 0.0078]",0.0,0.0
2026-07-08_23-18-58.mp4,0.0,0.0854,0.75,"[0.0144, 0.0129, 0.0554, 0.1363, 0.1338, 0.1672, 0.0478, 0.0641]",0.0,0.0
2026-07-14_13-43-02.mp4,0.0,0.0586,0.875,"[0.0826, 0.0496, 0.0193, 0.0758, 0.0466, 0.0612, 0.0853, 0.0331]",0.0,0.0
2026-07-20_09-21-09.mp4,0.0,0.0066,0.0,"[0.0078, 0.0053]",0.0,0.0
2026-07-08_08-47-22.mp4,0.0,nan,,[],0.0,0.0
2026-07-18_15-23-38.mp4,0.0,0.0279,0.429,"[0.0162, 0.0331, 0.0305, 0.0176, 0.0283, 0.0372, 0.0205]",0.0,0.0
2026-07-20_11-33-14.mp4,0.0,nan,,[],0.0,0.0
2026-07-20_21-33-52.mp4,0.15,0.0458,0.625,"[0.0397, 0.0107, 0.0247, 0.0283, 0.0871, 0.0654, 0.0413, 0.0747]",0.0,0.0
2026-07-09_21-36-44.mp4,0.25,0.0126,0.125,"[0.0205, 0.0396, 0.0094, 0.0042, 0.0065, 0.0039, 0.0029, 0.0138]",0.0,0.0
2026-07-18_13-07-57.mp4,0.0,0.0615,0.375,"[0.0038, 0.0045, 0.0053, 0.0039, 0.0605, 0.1253, 0.3517, 0.0175]",0.025,0.025
2026-07-11_12-23-27.mp4,0.0,0.056,0.5,"[0.1501, 0.0462, 0.0026, 0.0044]",0.0,0.0
2026-07-10_16-59-12.mp4,0.0,0.0076,0.0,"[0.0096, 0.004, 0.0051, 0.0089, 0.0062, 0.0025, 0.0075, 0.0197]",0.0,0.0
2026-07-09_13-27-13.mp4,0.0,0.0177,0.5,"[0.0057, 0.0017, 0.0021, 0.0419, 0.0322, 0.0325]",0.0,0.0
2026-07-21_06-00-41.mp4,0.0,0.0618,0.875,"[0.0537, 0.0405, 0.0199, 0.0488, 0.0407, 0.0639, 0.1044, 0.1379]",0.0,0.0
2026-07-16_08-04-46.mp4,0.3,0.0323,0.625,"[0.0196, 0.045, 0.0514, 0.0326, 0.0327, 0.0268, 0.0358, 0.0102]",0.0,0.0
2026-07-03_15-20-23.mp4,1.0,0.0072,0.0,"[0.0126, 0.0073, 0.0019, 0.0109, 0.0097, 0.0072, 0.0059, 0.0009]",0.0,0.0
2026-07-03_15-18-41.mp4,1.0,0.0085,0.0,"[0.0224, 0.0107, 0.0093, 0.0046, 0.0065, 0.0068, 0.0038, 0.0029]",0.0,0.0
2026-07-09_06-58-17.mp4,0.0,0.0249,0.25,"[0.019, 0.02, 0.0253, 0.0107, 0.0274, 0.052, 0.0359, 0.005]",0.0,0.0
2026-07-11_05-09-14.mp4,0.0,nan,,[],0.0,0.0
2026-07-05_21-47-02.mp4,0.0,0.2097,0.625,"[0.1637, 0.0173, 0.0154, 0.0978, 0.1398, 0.1315, 0.0151, 1.0552]",0.0,0.0
2026-07-03_08-56-45.mp4,0.0,nan,,[],0.0,0.0
2026-07-12_00-59-14.mp4,0.025,0.1221,1.0,"[0.0394, 0.1981, 0.1434, 0.1338, 0.1834, 0.1463, 0.0426, 0.0597]",0.0,0.0
2026-07-07_11-22-35.mp4,0.0,0.0981,1.0,"[0.0419, 0.0362, 0.0421, 0.0487, 0.0537, 0.0605, 0.183, 0.3735]",0.0,0.0
2026-07-05_02-12-59.mp4,0.0,0.0133,0.125,"[0.0379, 0.0014, 0.0072, 0.0202, 0.0285, 0.0042, 0.0031, 0.0016]",0.0,0.0
2026-07-20_21-44-46.mp4,0.025,0.0781,1.0,"[0.0355, 0.0806, 0.0527, 0.0853, 0.0601, 0.0897, 0.1409, 0.08]",0.0,0.0
2026-07-02_17-00-09.mp4,0.0,0.006,0.0,"[0.0093, 0.0024, 0.0085, 0.0064, 0.0123, 0.004, 0.003, 0.0011]",0.0,0.0
2026-07-01_06-24-26.mp4,0.0,0.0608,0.875,"[0.0238, 0.0436, 0.1119, 0.0639, 0.0504, 0.0555, 0.0639, 0.0765]",0.0,0.0
2026-07-17_15-55-03.mp4,0.0,0.043,0.667,"[0.1203, 0.0223, 0.0255, 0.0326, 0.0349, 0.0488]",0.0,0.0
2026-07-09_05-14-36.mp4,0.0,0.0797,1.0,"[0.1641, 0.043, 0.0515, 0.0312]",0.0,0.0
2026-07-10_08-18-53.mp4,0.0,0.0122,0.143,"[0.0183, 0.0149, 0.0054, 0.0043, 0.0041, 0.0519, 0.0083]",0.0,0.0
2026-07-02_10-44-42.mp4,0.0,nan,,[],0.0,0.0
2026-07-06_11-10-11.mp4,0.0,0.0677,0.625,"[0.1158, 0.0314, 0.0376, 0.0277, 0.0167, 0.0264, 0.0822, 0.4072]",0.0,0.0
2026-07-15_09-46-07.mp4,0.0,0.0418,1.0,"[0.0418, 0.033, 0.0641]",0.154,0.154
2026-07-14_18-58-37.mp4,0.0,0.0161,0.25,"[0.0121, 0.0143, 0.0344, 0.0144]",0.0,0.0
2026-07-10_13-34-56.mp4,0.0,0.0339,0.5,"[0.0522, 0.0537, 0.0117, 0.008]",0.0,0.0
2026-07-18_05-06-26.mp4,0.025,0.0536,0.375,"[0.2538, 0.0591, 0.0542, 0.0162, 0.009, 0.0128, 0.0106, 0.0029]",0.0,0.0
2026-07-19_03-05-07.mp4,0.0,0.0216,0.125,"[0.0195, 0.0115, 0.011, 0.0262, 0.0384, 0.0206, 0.0213, 0.0253]",0.0,0.0
2026-07-08_09-02-51.mp4,0.0,0.0278,0.25,"[0.0249, 0.0465, 0.1553, 0.0117, 0.0156, 0.0078, 0.0015, 0.0019]",0.0,0.0
2026-07-05_21-47-38.mp4,0.0,0.0181,0.0,"[0.0133, 0.0272, 0.0253, 0.0165, 0.0202, 0.0083, 0.0272, 0.0022]",0.0,0.0
2026-07-03_05-21-30.mp4,1.0,0.0126,0.125,"[0.0387, 0.0142, 0.0076, 0.0122, 0.008, 0.0024, 0.0088, 0.0077]",0.05,0.0
2026-07-13_13-27-54.mp4,0.0,0.0191,0.0,"[0.02, 0.0173, 0.0265, 0.0206, 0.0186, 0.0185, 0.0134]",0.0,0.0
2026-07-05_16-27-04.mp4,0.0,0.009,0.0,[0.009],0.0,0.0
2026-07-06_12-58-04.mp4,0.0,0.0514,0.5,"[0.0099, 0.0193, 0.0252, 0.0267, 0.081, 0.1212, 0.0882, 0.0368]",0.0,0.0
2026-07-14_07-24-06.mp4,0.175,0.0483,0.5,"[0.0347, 0.1093, 0.0766, 0.1099, 0.0127, 0.0088, 0.0155, 0.012]",0.05,0.05
2026-07-03_15-34-59.mp4,0.975,0.0189,0.125,"[0.0154, 0.0175, 0.0479, 0.0249, 0.014, 0.0118, 0.0132, 0.0034]",0.0,0.0
2026-07-09_11-08-08.mp4,0.0,0.0368,0.625,"[0.0197, 0.0458, 0.0301, 0.0355, 0.0531, 0.0544, 0.0278, 0.0113]",0.0,0.0
2026-07-02_14-38-22.mp4,0.0,0.038,0.375,"[0.0968, 0.0483, 0.0931, 0.0186, 0.0159, 0.007, 0.0064, 0.0126]",0.0,0.0
2026-07-17_07-52-20.mp4,0.0,0.027,0.375,"[0.0215, 0.0131, 0.0025, 0.0053, 0.0789, 0.0106, 0.0527, 0.0327]",0.0,0.0
2026-07-03_11-02-26.mp4,0.0,0.004,0.0,"[0.0104, 0.0046, 0.0037, 0.0021, 0.0012, 0.0024, 0.0039, 0.0039]",0.0,0.0
2026-07-04_21-28-53.mp4,0.0,0.0116,0.0,"[0.0196, 0.0127, 0.0009, 0.0273, 0.0073, 0.008, 0.0094]",0.0,0.0
2026-07-21_11-19-01.mp4,0.0,0.023,0.25,"[0.0059, 0.0082, 0.0092, 0.0036, 0.0199, 0.0544, 0.0219, 0.0706]",0.0,0.0
2026-07-01_18-40-50.mp4,0.675,0.0321,0.375,"[0.0204, 0.0641, 0.0179, 0.0391, 0.0315, 0.0298, 0.026, 0.0266]",0.0,0.0
2026-07-15_15-00-10.mp4,0.0,0.087,1.0,"[0.0843, 0.0703, 0.0317, 0.0467, 0.1737, 0.0791, 0.1207, 0.0901]",0.0,0.0
2026-07-05_03-55-22.mp4,0.0,nan,,[],0.0,0.0
2026-07-08_12-25-07.mp4,0.0,0.01,0.0,"[0.0083, 0.0069, 0.0054, 0.0218]",0.0,0.0
2026-07-07_11-16-35.mp4,0.0,0.1073,0.5,"[0.0052, 0.0033, 0.0025, 0.0041, 0.053, 0.3785, 0.1902, 0.2503]",0.0,0.0
2026-07-11_23-33-48.mp4,0.0,0.1281,0.875,"[0.0679, 0.0562, 0.0293, 0.1933, 0.2887, 0.1386, 0.1223, 0.1283]",0.0,0.0
2026-07-25_13-46-26.mp4,0.0,0.0116,0.0,"[0.0165, 0.0137, 0.0178, 0.0067, 0.0054, 0.005]",0.0,0.0
2026-07-10_21-59-19.mp4,0.025,0.0577,1.0,"[0.1058, 0.0493, 0.0359, 0.0468, 0.0509, 0.1164, 0.0455, 0.0486]",0.0,0.0
2026-07-04_21-37-29.mp4,0.0,0.0599,0.5,"[0.0213, 0.0767, 0.1223, 0.1268, 0.083, 0.0189, 0.0103, 0.0096]",0.0,0.0
2026-07-05_07-50-52.mp4,0.0,nan,,[],0.0,0.0
2026-07-03_23-14-46.mp4,0.95,0.1069,0.5,"[0.1343, 0.4038, 0.0248, 0.0226, 0.0228, 0.1168, 0.106, 0.0032]",0.175,0.175
2026-07-24_18-13-20.mp4,0.0,0.139,1.0,[0.139],0.0,0.0
2026-07-09_08-01-16.mp4,0.0,0.0212,0.25,"[0.0249, 0.0386, 0.0259, 0.0626, 0.0259, 0.0128, 0.0057, 0.0051]",0.0,0.0
2026-07-25_07-41-06.mp4,0.0,0.0516,1.0,[0.0516],0.0,0.0
2026-07-15_15-59-32.mp4,0.0,0.0606,0.875,"[0.0713, 0.0925, 0.0236, 0.0778, 0.0998, 0.0346, 0.0371, 0.0445]",0.0,0.0
2026-07-09_16-19-59.mp4,0.7,0.0577,0.625,"[0.0673, 0.022, 0.1132, 0.0279, 0.0519, 0.0545, 0.1009, 0.0157]",0.375,0.375
2026-07-03_14-19-48.mp4,1.0,0.009,0.0,"[0.0106, 0.0009, 0.0093, 0.0069, 0.0111, 0.0159, 0.0121, 0.0046]",0.0,0.0
2026-07-18_11-08-28.mp4,0.0,0.017,0.25,"[0.0189, 0.0389, 0.0464, 0.0148, 0.0099, 0.0043, 0.0024, 0.0074]",0.0,0.0
2026-07-09_16-22-05.mp4,0.325,0.0554,0.75,"[0.0809, 0.0241, 0.0232, 0.0338, 0.0455, 0.1157, 0.0707, 0.0474]",0.075,0.0
2026-07-07_03-02-16.mp4,0.0,0.0892,0.8,"[0.2008, 0.0394, 0.0508, 0.03, 0.2637]",0.0,0.0
2026-07-11_10-56-58.mp4,0.0,0.1504,0.875,"[0.0678, 0.1176, 0.2739, 0.3801, 0.1482, 0.1273, 0.0445, 0.017]",0.0,0.0
2026-07-12_15-04-30.mp4,0.0,0.0239,0.25,"[0.0603, 0.0292, 0.0367, 0.0131, 0.012, 0.0062, 0.0108, 0.0111]",0.0,0.0
2026-07-05_13-05-20.mp4,0.0,0.0345,0.625,"[0.0532, 0.0223, 0.0144, 0.0109, 0.0547, 0.0355, 0.0362, 0.0524]",0.0,0.0
2026-07-03_16-17-11.mp4,0.725,0.0156,0.125,"[0.0513, 0.0249, 0.0144, 0.006, 0.0048, 0.0052, 0.0119, 0.004]",0.0,0.0
2026-07-22_16-59-51.mp4,0.0,nan,,[],0.0,0.0
2026-07-13_20-18-54.mp4,0.0,0.1336,1.0,"[0.1392, 0.1161, 0.1631]",0.0,0.0
2026-07-12_12-12-00.mp4,0.0,0.1659,0.75,"[0.1153, 0.2288, 0.0071, 0.4817, 0.2596, 0.0159, 0.1914, 0.0758]",0.0,0.0
2026-07-15_10-55-24.mp4,0.0,0.0374,0.5,"[0.0186, 0.0089, 0.0125, 0.0224, 0.0597, 0.0491, 0.0641, 0.0705]",0.0,0.0
2026-07-04_22-26-10.mp4,0.0,0.0685,0.625,"[0.1377, 0.0299, 0.0405, 0.1138, 0.1486, 0.0445, 0.0192, 0.0]",0.0,0.0
2026-07-22_14-12-56.mp4,0.05,0.1821,0.857,"[0.4108, 0.0093, 0.1088, 0.1593, 0.1709, 0.1523, 0.3845]",0.0,0.0
2026-07-07_04-26-33.mp4,0.0,0.0268,0.333,"[0.0228, 0.0298, 0.0225, 0.016, 0.0323, 0.0356]",0.175,0.125
2026-07-02_15-48-21.mp4,0.0,0.0157,0.125,"[0.037, 0.0248, 0.012, 0.0186, 0.0067, 0.0087, 0.0095, 0.0062]",0.0,0.0
2026-07-02_12-29-35.mp4,0.0,0.0048,0.0,"[0.0103, 0.001, 0.0, 0.0007, 0.0085, 0.0066, 0.0063, 0.0059]",0.0,0.0
2026-07-24_11-55-54.mp4,0.0,0.053,0.333,"[0.018, 0.0974, 0.006]",0.0,0.0
2026-07-04_05-38-52.mp4,1.0,0.0078,0.0,"[0.0274, 0.009, 0.0072, 0.008, 0.0066, 0.0005, 0.0009, 0.001]",0.0,0.0
2026-07-04_22-49-22.mp4,0.0,0.0527,0.5,"[0.0822, 0.0083]",0.0,0.0
2026-07-05_08-19-58.mp4,0.0,0.0082,0.0,"[0.0111, 0.005, 0.0059, 0.0032, 0.0075, 0.0187, 0.0068, 0.0064]",0.0,0.0
2026-07-05_00-57-24.mp4,0.0,0.0083,0.0,"[0.0046, 0.0021, 0.0227, 0.0048, 0.0045]",0.0,0.0
2026-07-07_12-25-16.mp4,0.05,0.1772,1.0,"[0.118, 0.1394, 0.3552, 0.1201, 0.3026, 0.2575, 0.0564, 0.0415]",0.0,0.0
2026-07-09_21-36-56.mp4,0.0,0.0091,0.0,"[0.01, 0.0127, 0.008, 0.008, 0.0046, 0.003, 0.006, 0.0233]",0.0,0.0
2026-07-10_10-12-46.mp4,0.0,0.0388,0.8,"[0.0485, 0.0596, 0.0363, 0.0183, 0.0312]",0.0,0.0
2026-07-07_14-00-39.mp4,0.0,0.1056,0.75,"[0.029, 0.0209, 0.1413, 0.0469, 0.2029, 0.1118, 0.1494, 0.2006]",0.0,0.0
2026-07-02_17-44-32.mp4,0.0,nan,,[],0.0,0.0
2026-07-09_14-11-06.mp4,0.0,0.1306,0.8,"[0.5908, 0.1189, 0.1205, 0.0507, 0.0138]",0.0,0.0
2026-07-02_00-56-49.mp4,0.0,0.0019,0.0,"[0.0027, 0.0054, 0.0032, 0.0021, 0.0011, 0.0, 0.0027]",0.0,0.0
2026-07-10_22-28-18.mp4,0.0,0.0368,0.625,"[0.0478, 0.0234, 0.0265, 0.032, 0.0867, 0.0471, 0.0285, 0.0324]",0.0,0.0
2026-07-10_13-25-44.mp4,0.0,0.0189,0.25,"[0.0147, 0.0186, 0.0088, 0.031, 0.0563, 0.0076, 0.0083, 0.0023]",0.0,0.0
2026-07-02_01-14-01.mp4,0.0,0.0046,0.0,"[0.0134, 0.0121, 0.0039, 0.0023, 0.0004, 0.0]",0.0,0.0
2026-07-07_18-52-55.mp4,0.0,0.0563,0.75,"[0.0168, 0.0361, 0.0556, 0.086, 0.0762, 0.0801, 0.0799, 0.0226]",0.0,0.0
2026-07-19_23-54-00.mp4,0.0,0.029,0.375,"[0.0282, 0.0642, 0.0759, 0.0349, 0.0088, 0.0039, 0.0082, 0.0028]",0.05,0.05
2026-07-02_16-59-57.mp4,0.0,0.0076,0.0,"[0.0177, 0.0056, 0.0039, 0.0141, 0.0089, 0.0042, 0.0029, 0.0022]",0.0,0.0
2026-07-11_04-49-08.mp4,0.0,0.0169,0.0,"[0.0115, 0.0184, 0.0156, 0.0221]",0.0,0.0
2026-07-11_00-34-29.mp4,0.0,0.0111,0.125,"[0.0594, 0.0167, 0.0028, 0.0062, 0.0037, 0.0006, 0.0, 0.0085]",0.0,0.0
2026-07-05_02-41-47.mp4,0.0,0.0123,0.0,"[0.0148, 0.0047, 0.0116, 0.0183, 0.007, 0.0146, 0.0044, 0.0252]",0.0,0.0
2026-07-15_20-34-47.mp4,0.0,0.0108,0.0,"[0.0083, 0.0097, 0.0091, 0.0215, 0.0154, 0.0074, 0.006, 0.009]",0.0,0.0
2026-07-03_00-28-08.mp4,0.0,0.0047,0.0,"[0.0145, 0.0062, 0.0087, 0.0019, 0.0025, 0.0008, 0.001, 0.001]",0.0,0.0
2026-07-08_07-30-40.mp4,0.0,0.0309,1.0,[0.0309],0.0,0.0
2026-07-24_17-35-38.mp4,0.0,0.0268,0.5,"[0.0126, 0.0047, 0.0431, 0.0565, 0.0403, 0.0331, 0.0174, 0.0093]",0.0,0.0
2026-07-20_04-37-51.mp4,0.0,0.0279,0.429,"[0.0324, 0.0452, 0.0252, 0.0155, 0.0317, 0.0172, 0.0278]",0.0,0.0
2026-07-05_11-38-21.mp4,0.0,0.0132,0.0,"[0.0214, 0.0163, 0.0133, 0.0057, 0.0118, 0.0188, 0.01, 0.0074]",0.0,0.0
2026-07-12_13-43-49.mp4,0.0,0.0849,0.714,"[0.2311, 0.1025, 0.0549, 0.0758, 0.153, 0.0195, 0.0078]",0.0,0.0
2026-07-02_14-36-04.mp4,0.0,0.0555,0.625,"[0.0682, 0.0283, 0.0089, 0.0125, 0.0429, 0.1336, 0.065, 0.0922]",0.0,0.0
2026-07-12_11-59-42.mp4,0.0,0.104,0.625,"[0.0168, 0.0079, 0.0167, 0.3268, 0.1647, 0.0314, 0.1898, 0.0353]",0.0,0.0
2026-07-13_23-43-22.mp4,0.0,0.0164,0.0,"[0.0232, 0.0203, 0.0226, 0.0102, 0.0251, 0.006, 0.0126, 0.0098]",0.0,0.0
2026-07-09_05-39-48.mp4,0.0,0.0028,0.0,"[0.002, 0.0041]",0.0,0.0
2026-07-22_23-11-51.mp4,0.0,0.0198,0.286,"[0.0345, 0.0208, 0.0129, 0.0019, 0.0008, 0.0121, 0.0648]",0.0,0.0
2026-07-05_02-14-29.mp4,0.0,0.0095,0.0,"[0.0144, 0.0067, 0.0088, 0.0077]",0.0,0.0
2026-07-09_12-11-32.mp4,0.025,0.0454,0.5,"[0.047, 0.0064, 0.0144, 0.0239, 0.0697, 0.1547]",0.0,0.0
2026-07-02_04-12-57.mp4,0.45,0.0143,0.125,"[0.0244, 0.0033, 0.0358, 0.0207, 0.0078, 0.0064, 0.0111, 0.0029]",0.0,0.0
2026-07-06_11-40-29.mp4,0.0,0.0886,1.0,"[0.1147, 0.056]",0.0,0.0
2026-07-12_02-05-48.mp4,0.675,0.0855,1.0,"[0.0654, 0.0864, 0.0613, 0.0793, 0.1068, 0.0906, 0.1177, 0.0739]",0.0,0.0
2026-07-19_06-41-40.mp4,0.0,0.0234,0.375,"[0.0048, 0.0191, 0.041, 0.0301, 0.0211, 0.0433, 0.0256, 0.0072]",0.0,0.0
2026-07-14_11-50-39.mp4,0.0,0.0112,0.0,[0.0112],0.0,0.0
2026-07-03_13-18-06.mp4,0.0,0.0094,0.0,"[0.0219, 0.0069, 0.006, 0.0055, 0.0175, 0.0117, 0.0033, 0.0006]",0.0,0.0
2026-07-05_14-34-19.mp4,0.0,0.0371,0.25,"[0.0358, 0.0044, 0.0073, 0.0201, 0.0171, 0.1852, 0.0125, 0.009]",0.0,0.0
2026-07-14_19-34-19.mp4,0.0,0.0226,0.375,"[0.0335, 0.0161, 0.0212, 0.0334, 0.0306, 0.0188, 0.0116, 0.0139]",0.0,0.0
2026-07-03_14-14-24.mp4,0.0,0.0095,0.0,"[0.0132, 0.0083, 0.0179, 0.0173, 0.0026, 0.006, 0.0066, 0.0031]",0.0,0.0
2026-07-04_12-40-33.mp4,0.0,0.0033,0.0,"[0.0107, 0.0043, 0.0051, 0.0025, 0.001, 0.001, 0.0, 0.0012]",0.0,0.0
2026-07-24_02-31-36.mp4,0.0,nan,,[],0.0,0.0
2026-07-07_13-58-09.mp4,0.0,0.1247,1.0,"[0.0511, 0.2699, 0.2129, 0.1139, 0.122, 0.1039, 0.0664, 0.0406]",0.0,0.0
2026-07-02_22-31-50.mp4,0.85,0.041,0.25,"[0.1793, 0.0106, 0.0107, 0.0275, 0.0289, 0.0116, 0.035, 0.0198]",0.0,0.0
2026-07-13_12-31-42.mp4,0.0,0.0507,0.5,"[0.082, 0.0193]",0.0,0.0
2026-07-17_08-40-01.mp4,0.0,0.0354,0.75,"[0.0415, 0.0268, 0.0421, 0.0348]",0.0,0.0
2026-07-03_07-37-22.mp4,0.0,0.0039,0.0,"[0.0049, 0.0008, 0.0056, 0.0043]",0.0,0.0
2026-07-12_12-23-53.mp4,0.0,0.0339,0.375,"[0.0363, 0.0193, 0.0228, 0.0506, 0.0673, 0.0269, 0.0271, 0.0175]",0.025,0.025
2026-07-10_09-26-41.mp4,0.0,nan,,[],0.0,0.0
2026-07-06_12-49-22.mp4,0.0,0.0151,0.0,"[0.0248, 0.0149, 0.0271, 0.0179, 0.0238, 0.0057, 0.0027, 0.0007]",0.0,0.0
2026-07-05_04-33-01.mp4,0.0,0.0121,0.0,[0.0121],0.0,0.0
2026-07-03_14-19-36.mp4,1.0,0.0093,0.0,"[0.0183, 0.0137, 0.0082, 0.0118, 0.004, 0.0057, 0.0075, 0.0038]",0.0,0.0
2026-07-05_09-12-04.mp4,0.0,0.0147,0.0,"[0.0255, 0.0104, 0.0277, 0.0186, 0.0049, 0.016, 0.0101, 0.0024]",0.0,0.0
2026-07-12_01-00-26.mp4,0.0,0.005,0.0,"[0.0044, 0.0011, 0.0057, 0.0095, 0.0069, 0.0064, 0.0026, 0.0032]",0.0,0.0
2026-07-02_23-14-20.mp4,0.95,0.062,0.625,"[0.1058, 0.0577, 0.0716, 0.1667, 0.0549, 0.016, 0.0093, 0.0021]",0.925,0.925
2026-07-20_22-02-40.mp4,0.125,0.0697,1.0,"[0.1406, 0.0322, 0.0767, 0.0949, 0.0603, 0.0389, 0.0412, 0.0734]",0.0,0.0
2026-07-04_01-44-11.mp4,0.875,0.0406,0.75,"[0.0523, 0.0671, 0.0597, 0.0397, 0.0347, 0.012, 0.0249, 0.033]",0.0,0.0
2026-07-08_12-17-56.mp4,0.025,0.1152,0.875,"[0.2219, 0.1488, 0.0989, 0.2779, 0.0418, 0.0407, 0.0605, 0.0102]",0.025,0.025
2026-07-03_10-59-20.mp4,0.0,0.0057,0.0,"[0.0118, 0.0033, 0.0027, 0.0049, 0.0029, 0.0022, 0.012, 0.0056]",0.0,0.0
2026-07-03_00-25-20.mp4,0.0,0.0016,0.0,"[0.0022, 0.0006, 0.0, 0.0017, 0.0012, 0.0032, 0.0018, 0.0022]",0.975,0.0
2026-07-08_18-34-28.mp4,0.0,0.0072,0.0,"[0.0097, 0.0056, 0.0084, 0.0085, 0.0129, 0.0076, 0.0029, 0.0013]",0.0,0.0
2026-07-11_23-31-48.mp4,0.0,0.1047,1.0,"[0.0606, 0.1266, 0.2237, 0.0497, 0.0393, 0.0774, 0.0727, 0.2082]",0.0,0.0
2026-07-03_15-18-29.mp4,1.0,0.0073,0.0,"[0.0123, 0.0093, 0.012, 0.0099, 0.0048, 0.0035, 0.0048, 0.0003]",0.0,0.0
2026-07-07_14-22-09.mp4,0.0,0.3201,1.0,"[0.0997, 0.1308, 1.4787, 0.4851, 0.172, 0.5705, 0.3554, 0.2471]",0.0,0.0
2026-07-02_10-18-07.mp4,0.0,0.0072,0.0,"[0.0156, 0.0086, 0.007, 0.0103, 0.0044, 0.0018, 0.0065, 0.002]",0.0,0.0
2026-07-02_00-38-55.mp4,0.025,0.0295,0.375,"[0.0475, 0.0505, 0.0824, 0.0277, 0.0091, 0.0049, 0.0072, 0.0013]",0.0,0.0
2026-07-10_13-19-56.mp4,0.0,0.0174,0.0,[0.0174],0.0,0.0
2026-07-07_09-26-24.mp4,0.0,1.1051,1.0,"[1.1259, 0.4973, 2.6353, 1.7492, 0.0904, 0.1736, 0.1623, 2.7326]",0.0,0.0
2026-07-02_09-02-48.mp4,0.0,0.0094,0.143,"[0.0306, 0.0084, 0.0029, 0.0052, 0.0031, 0.0078, 0.0047]",0.0,0.0
2026-07-02_20-30-19.mp4,0.0,0.0136,0.125,"[0.0358, 0.0059, 0.0043, 0.0099, 0.0231, 0.0046, 0.0105, 0.0144]",0.0,0.0
2026-07-11_10-58-34.mp4,0.0,0.3957,0.857,"[0.6565, 0.402, 0.1357, 0.1233, 0.3665, 0.8381, 0.0252]",0.0,0.0
2026-07-08_10-48-50.mp4,0.0,0.0571,0.75,"[0.0184, 0.0172, 0.0342, 0.0302, 0.1046, 0.0643, 0.1355, 0.051]",0.025,0.025
2026-07-24_14-12-47.mp4,0.0,0.0287,0.429,"[0.0029, 0.0, 0.0706, 0.0416, 0.0296, 0.0, 0.051]",0.0,0.0
2026-07-08_01-42-58.mp4,0.3,0.0396,0.625,"[0.0408, 0.0194, 0.02, 0.0799, 0.0535, 0.0454, 0.0209, 0.0361]",0.0,0.0
2026-07-17_07-57-26.mp4,0.0,0.0518,0.75,"[0.0523, 0.0537, 0.0106, 0.088, 0.0061, 0.0581, 0.0593, 0.0677]",0.0,0.0
2026-07-02_14-15-52.mp4,0.0,0.0114,0.0,"[0.0208, 0.0114, 0.0092, 0.0059, 0.0069]",0.0,0.0
2026-07-05_12-53-32.mp4,0.0,0.0612,0.75,"[0.1296, 0.027, 0.0726, 0.0534, 0.0877, 0.0187, 0.0303, 0.0773]",0.0,0.0
2026-07-02_15-46-15.mp4,0.0,0.0955,1.0,"[0.0759, 0.3126, 0.207, 0.035, 0.0438, 0.0947, 0.0541]",0.0,0.0
2026-07-01_07-31-29.mp4,0.0,0.1048,0.75,"[0.0422, 0.1012, 0.0284, 0.1056, 0.3582, 0.1229, 0.0372, 0.0274]",0.0,0.0
2026-07-13_11-51-24.mp4,0.0,0.0135,0.0,[0.0135],0.0,0.0
2026-07-04_12-46-09.mp4,0.0,0.0064,0.0,"[0.009, 0.011, 0.0052, 0.0015, 0.0042]",0.0,0.0
2026-07-02_00-45-25.mp4,0.0,0.0048,0.0,"[0.0059, 0.0078, 0.0061, 0.0029, 0.0048, 0.0035, 0.005, 0.002]",0.0,0.0
2026-07-05_00-15-31.mp4,0.0,0.0166,0.125,"[0.0158, 0.0135, 0.0312, 0.0136, 0.0048, 0.0279, 0.0205, 0.0127]",0.0,0.0
2026-07-13_21-25-11.mp4,0.0,0.1032,1.0,"[0.0403, 0.0541, 0.1601, 0.0923, 0.1189, 0.1968, 0.0811, 0.1056]",0.0,0.0
2026-07-09_17-19-52.mp4,0.05,0.0575,1.0,"[0.0736, 0.0576, 0.0511, 0.0376, 0.0437, 0.0803, 0.0537, 0.0693]",0.0,0.0
2026-07-25_19-43-16.mp4,0.0,0.0238,0.143,"[0.0194, 0.0348, 0.021, 0.026, 0.0243, 0.0232, 0.0179]",0.0,0.0
2026-07-18_22-00-46.mp4,0.0,0.0415,0.625,"[0.0177, 0.0162, 0.0126, 0.0465, 0.0486, 0.0855, 0.0531, 0.0547]",0.0,0.0
2026-07-01_17-49-05.mp4,0.0,0.0563,0.75,"[0.0226, 0.0371, 0.0392, 0.0415, 0.0268, 0.1226, 0.0897, 0.0743]",0.0,0.0
2026-07-15_16-00-08.mp4,0.0,0.0727,0.875,"[0.1461, 0.0703, 0.1164, 0.1052, 0.0391, 0.0316, 0.0266, 0.0949]",0.0,0.0
2026-07-12_10-32-31.mp4,0.0,0.0605,0.833,"[0.1125, 0.1033, 0.0237, 0.0393, 0.0416, 0.0768]",0.0,0.0
2026-07-02_04-21-03.mp4,0.0,0.0125,0.125,"[0.0376, 0.0255, 0.0073, 0.0067, 0.0091, 0.0023, 0.0053, 0.0046]",0.0,0.0
2026-07-03_12-57-43.mp4,0.0,0.0254,0.375,"[0.0237, 0.0119, 0.0116, 0.0304, 0.0224, 0.0408, 0.0277, 0.0367]",0.0,0.0
2026-07-19_06-48-28.mp4,0.1,0.0731,1.0,"[0.0752, 0.0559, 0.0543, 0.1079, 0.0769, 0.0696, 0.0622, 0.0765]",0.0,0.0
2026-07-07_14-01-39.mp4,0.0,0.1626,1.0,"[0.1327, 0.2051, 0.0527, 0.1241, 0.2918, 0.2459, 0.1291, 0.0535]",0.0,0.0
2026-07-04_12-51-20.mp4,0.0,0.0072,0.0,"[0.0274, 0.0054, 0.0044, 0.0016, 0.0062, 0.0022, 0.0029, 0.0072]",0.0,0.0
2026-07-22_02-25-34.mp4,0.0,0.1367,0.75,"[0.5787, 0.1248, 0.0827, 0.0748, 0.094, 0.0662, 0.028, 0.0215]",0.0,0.0
2026-07-20_10-52-02.mp4,0.0,0.0369,0.5,"[0.0283, 0.0139, 0.0379, 0.0826, 0.0433, 0.072, 0.0038, 0.0078]",0.0,0.0
2026-07-09_04-03-19.mp4,0.0,0.0574,0.125,"[0.3411, 0.021, 0.0225, 0.0188, 0.013, 0.0093, 0.0115, 0.0133]",0.0,0.0
2026-07-07_14-13-09.mp4,0.0,0.2492,1.0,"[0.1297, 0.1886, 0.1449, 0.1517, 0.4399, 0.2619, 0.2663, 0.3945]",0.0,0.0
2026-07-02_05-27-16.mp4,1.0,0.0091,0.0,"[0.0197, 0.0035, 0.002, 0.0084, 0.0196, 0.0108, 0.005, 0.0022]",0.0,0.0
2026-07-05_02-31-11.mp4,0.0,0.0072,0.0,"[0.0165, 0.0041, 0.0113, 0.0079, 0.0092, 0.002, 0.0041, 0.0008]",0.0,0.0
2026-07-09_15-17-06.mp4,0.0,0.0254,0.333,"[0.0167, 0.0341, 0.0407, 0.0246, 0.0129, 0.027]",0.0,0.0
2026-07-12_08-22-20.mp4,0.0,0.1256,0.75,"[0.0153, 0.0163, 0.0946, 0.5113, 0.0381, 0.1263, 0.1387, 0.0485]",0.0,0.0
2026-07-08_00-02-53.mp4,0.0,0.2076,1.0,"[0.0447, 0.0621, 0.7551, 0.3618, 0.0639, 0.1179, 0.1631, 0.0637]",0.25,0.0
2026-07-15_15-58-20.mp4,0.0,0.0415,0.625,"[0.04, 0.0772, 0.0285, 0.0883, 0.031, 0.0119, 0.0212, 0.0317]",0.0,0.0
2026-07-08_13-47-49.mp4,0.125,0.1724,1.0,"[0.1748, 0.1029, 0.278, 0.2493, 0.1662, 0.1278, 0.2135, 0.0405]",0.0,0.0
2026-07-20_12-31-01.mp4,0.0,0.0452,0.625,"[0.0323, 0.0279, 0.0112, 0.0734, 0.0218, 0.0472, 0.0425, 0.1206]",0.0,0.0
2026-07-24_23-41-59.mp4,0.0,0.0652,0.75,"[0.0749, 0.0878, 0.0459, 0.0717, 0.0108, 0.0872, 0.0241, 0.0598]",0.0,0.0
2026-06-30_13-14-43.mp4,0.0,0.1456,0.75,"[0.1789, 0.0283, 0.266, 0.1915, 0.1263, 0.1313, 0.192, 0.0271]",0.0,0.0
2026-07-05_15-21-52.mp4,0.0,0.0283,0.375,"[0.0167, 0.0439, 0.0577, 0.03, 0.026, 0.0176, 0.0147, 0.0178]",0.0,0.0
2026-07-21_01-27-32.mp4,0.1,0.0617,0.625,"[0.205, 0.0499, 0.04, 0.0729, 0.086, 0.0186, 0.0067, 0.0028]",0.0,0.0
2026-07-05_21-45-02.mp4,0.0,0.1155,0.5,"[0.2501, 0.0773, 0.0107, 0.0129, 0.822, 0.0028]",0.0,0.0
2026-07-14_07-04-24.mp4,0.0,0.0608,0.75,"[0.0266, 0.0168, 0.0358, 0.0618, 0.0896, 0.07, 0.071, 0.1283]",0.0,0.0
2026-07-03_12-04-01.mp4,0.0,0.0043,0.0,"[0.0073, 0.0019, 0.0031, 0.0084, 0.012, 0.0011, 0.0, 0.0]",1.0,0.0
2026-07-05_00-29-42.mp4,0.0,0.0141,0.0,"[0.0036, 0.0249, 0.0293, 0.0206, 0.0093, 0.0132, 0.0089, 0.008]",0.0,0.0
2026-07-20_22-02-52.mp4,0.075,0.0857,1.0,"[0.0602, 0.0536, 0.1615, 0.0844, 0.0479, 0.1302, 0.104, 0.0336]",0.0,0.0
2026-07-03_03-56-41.mp4,0.0,0.0211,0.143,"[0.0351, 0.0261, 0.0026, 0.0184, 0.0266, 0.0154, 0.0257]",0.0,0.0
2026-07-02_15-31-21.mp4,0.5,0.0378,0.5,"[0.0112, 0.0284, 0.0235, 0.054, 0.043, 0.0485, 0.0632, 0.0287]",0.0,0.0
2026-07-02_16-38-51.mp4,0.0,0.0304,0.25,"[0.019, 0.0207, 0.0471, 0.0816, 0.0251, 0.0103, 0.0246, 0.0114]",0.0,0.0
2026-07-11_10-59-58.mp4,0.0,0.1389,1.0,"[0.0418, 0.0351, 0.1537, 0.1921, 0.0598, 0.3471, 0.1708, 0.13]",0.0,0.0
2026-07-07_10-56-41.mp4,0.0,0.1393,0.875,"[0.1694, 0.4695, 0.1311, 0.0423, 0.0623, 0.0854, 0.0746, 0.0262]",0.0,0.0
2026-07-14_22-49-32.mp4,0.0,0.0189,0.125,"[0.0269, 0.0258, 0.0322, 0.0188, 0.0142, 0.011, 0.0148, 0.0046]",0.0,0.0
2026-07-22_07-33-55.mp4,0.0,0.1444,0.875,"[0.2429, 0.1495, 0.1131, 0.2139, 0.0259, 0.066, 0.0701, 0.2587]",0.0,0.0
2026-07-03_11-05-32.mp4,0.0,0.0118,0.125,"[0.001, 0.012, 0.0083, 0.0371, 0.0166, 0.0133, 0.0028, 0.0009]",0.0,0.0
2026-07-10_13-21-38.mp4,0.0,0.1426,1.0,"[0.0317, 0.7846, 0.055]",0.05,0.0
2026-07-04_03-27-32.mp4,1.0,0.0141,0.25,"[0.0362, 0.0306, 0.0148, 0.0097, 0.0115, 0.0036, 0.0019, 0.0026]",0.025,0.0
2026-07-20_08-13-04.mp4,0.0,nan,,[],0.0,0.0
2026-07-03_13-17-18.mp4,0.0,0.0443,0.75,"[0.0308, 0.0218, 0.052, 0.0623, 0.0556, 0.0615, 0.0578, 0.0051]",0.0,0.0
2026-07-22_02-25-58.mp4,0.0,0.0239,0.375,"[0.0412, 0.0216, 0.0172, 0.0168, 0.0416, 0.0363, 0.0062, 0.0071]",0.075,0.075
2026-07-15_07-30-14.mp4,0.025,0.0287,0.375,"[0.0257, 0.0224, 0.035, 0.0355, 0.0204, 0.0283, 0.0243, 0.0407]",0.0,0.0
2026-07-14_14-06-44.mp4,0.0,0.0343,0.375,"[0.1298, 0.0524, 0.0437, 0.0199, 0.0094, 0.0064, 0.0039, 0.0023]",0.0,0.0
2026-07-23_07-54-58.mp4,0.0,0.0935,1.0,"[0.1381, 0.0366, 0.0334, 0.0927, 0.1301, 0.1012, 0.1203, 0.0962]",0.0,0.0
2026-07-20_05-05-08.mp4,0.0,0.0869,0.5,"[0.0274, 0.0429, 0.0414, 0.3969, 0.0362, 0.0223, 0.0218, 0.0214]",0.0,0.0
2026-07-05_09-19-03.mp4,0.0,0.1226,0.625,"[0.3204, 0.0168, 0.0141, 0.125, 0.1435, 0.1936, 0.0475, 0.0036]",0.0,0.0
2026-07-03_11-27-08.mp4,0.0,nan,,[],0.0,0.0
2026-07-02_22-51-50.mp4,0.725,0.1163,0.875,"[0.1294, 0.0778, 0.0928, 0.1403, 0.2553, 0.0185, 0.1421, 0.0631]",0.075,0.05
2026-07-19_00-03-50.mp4,0.0,0.0351,0.5,"[0.0257, 0.0329, 0.018, 0.0526, 0.051, 0.049, 0.0288, 0.0194]",0.0,0.0
2026-07-23_18-46-51.mp4,0.0,0.0402,0.75,"[0.0084, 0.0236, 0.0631, 0.044, 0.035, 0.0313, 0.058, 0.0631]",0.0,0.0
2026-07-05_21-50-08.mp4,0.0,0.0579,0.5,"[0.05, 0.0137, 0.0199, 0.1878, 0.0857, 0.0775, 0.014, 0.0042]",0.075,0.075
2026-07-08_14-38-12.mp4,0.0,0.1876,0.75,"[0.2541, 0.079, 0.365, 0.0551, 0.0233, 0.0241, 0.1972, 0.0522]",0.0,0.0
2026-07-03_11-26-56.mp4,0.0,0.0121,0.0,"[0.0252, 0.0075, 0.0035]",0.0,0.0
2026-07-03_03-49-59.mp4,0.0,0.0544,0.6,"[0.1216, 0.0453, 0.0458, 0.0262, 0.0189]",0.0,0.0
2026-07-07_23-43-05.mp4,0.025,0.1435,1.0,"[0.0516, 0.0532, 0.1348, 0.048, 0.047, 0.0302, 0.6578, 0.0448]",0.025,0.025
2026-07-06_08-57-24.mp4,0.0,0.1343,0.875,"[0.0843, 0.0604, 0.381, 0.4369, 0.1089, 0.0365, 0.0372, 0.0107]",0.0,0.0
2026-07-22_14-14-44.mp4,0.025,0.0893,1.0,"[0.0644, 0.0364, 0.059, 0.0865, 0.1321, 0.0963, 0.085, 0.1706]",0.0,0.0
2026-07-07_17-24-13.mp4,0.175,0.3343,0.875,"[0.0038, 0.4251, 0.8819, 0.4146, 0.3602, 0.0948, 0.1963, 0.2057]",0.025,0.0
2026-07-02_16-41-33.mp4,0.0,0.0181,0.125,"[0.0166, 0.0051, 0.0029, 0.0115, 0.0219, 0.0127, 0.0048, 0.082]",0.0,0.0
2026-07-02_16-18-21.mp4,0.0,0.0401,0.429,"[0.118, 0.0254, 0.0337, 0.0105, 0.0085, 0.0063, 0.0717]",0.0,0.0
2026-07-13_10-30-07.mp4,0.0,nan,,[],0.0,0.0
2026-07-07_14-17-09.mp4,0.0,0.2902,1.0,"[0.1692, 0.1385, 0.5325, 0.3041, 0.4303, 0.2046, 0.1786]",0.0,0.0
2026-07-04_14-46-12.mp4,0.0,0.0292,0.625,"[0.0323, 0.0228, 0.0183, 0.0348, 0.0374, 0.0305, 0.0319, 0.0251]",0.0,0.0
2026-07-09_18-59-52.mp4,0.425,0.1078,1.0,"[0.0647, 0.1227, 0.2775, 0.0664, 0.0909, 0.0553, 0.0686, 0.1184]",0.0,0.0
2026-07-05_15-22-28.mp4,0.0,0.01,0.0,"[0.0142, 0.0097, 0.0087, 0.0058, 0.0086, 0.0206, 0.0069, 0.0041]",0.0,0.0
2026-07-05_11-12-03.mp4,0.0,0.0225,0.0,"[0.0169, 0.0282]",0.0,0.0
2026-07-05_15-21-04.mp4,0.45,0.0703,0.375,"[0.014, 0.018, 0.0101, 0.0232, 0.0331, 0.2976, 0.1444, 0.0096]",0.05,0.05
2026-07-04_20-54-59.mp4,0.0,0.0171,0.0,"[0.0246, 0.0096, 0.017, 0.0189, 0.022, 0.0204, 0.0171, 0.005]",0.0,0.0
2026-07-18_21-47-46.mp4,0.0,0.036,0.5,"[0.0563, 0.0422, 0.0677, 0.0372, 0.0218, 0.0279, 0.018, 0.0125]",0.0,0.0
2026-07-05_13-04-14.mp4,0.0,0.0267,0.286,"[0.0703, 0.0077, 0.0055, 0.024, 0.0516, 0.0067, 0.0]",0.0,0.0
2026-07-07_20-51-54.mp4,0.0,0.6067,1.0,"[1.4536, 0.2501, 0.2409, 0.9241, 0.674, 0.8051, 0.1335, 0.1932]",0.0,0.0
2026-07-04_20-58-41.mp4,0.0,0.0635,0.5,"[0.2871, 0.0817, 0.0218, 0.0336, 0.0478, 0.024, 0.0211, 0.0288]",0.0,0.0
2026-07-15_08-07-44.mp4,0.0,0.2614,1.0,[0.2614],0.0,0.0
2026-07-03_03-36-42.mp4,0.15,0.0922,0.75,"[0.3714, 0.0296, 0.0342, 0.0391, 0.0431, 0.0138, 0.1489, 0.0486]",0.0,0.0
2026-07-02_12-47-53.mp4,0.0,0.0038,0.0,"[0.0049, 0.0008, 0.0029, 0.0044, 0.0064]",0.0,0.0
2026-07-06_21-32-52.mp4,0.0,0.0015,0.0,"[0.0037, 0.0, 0.0, 0.0, 0.0077, 0.0, 0.0019]",0.0,0.0
2026-07-14_11-57-03.mp4,0.0,0.0202,0.25,"[0.0154, 0.0087, 0.0376, 0.0311, 0.0185, 0.0163, 0.0291, 0.0141]",0.0,0.0
2026-07-08_08-34-58.mp4,0.0,0.0715,0.857,"[0.0377, 0.0448, 0.0076, 0.1892, 0.1361, 0.0829, 0.0443]",0.0,0.0
2026-07-04_03-27-44.mp4,1.0,0.0102,0.0,"[0.0156, 0.0199, 0.0139, 0.0066, 0.0044, 0.0081, 0.008, 0.0043]",0.0,0.0
2026-07-02_01-00-01.mp4,0.05,0.0224,0.25,"[0.0203, 0.0116, 0.049, 0.0609, 0.0076, 0.0139, 0.0197, 0.0031]",0.0,0.0
2026-07-11_15-29-29.mp4,0.0,0.0297,0.4,"[0.0024, 0.0154, 0.0194, 0.0401, 0.1331]",0.0,0.0
2026-07-10_15-05-19.mp4,0.0,0.041,0.5,"[0.0505, 0.0122]",0.0,0.0
2026-07-11_13-29-24.mp4,0.0,0.0205,0.25,"[0.0267, 0.0343, 0.0352, 0.0279, 0.0161, 0.0136, 0.0115, 0.0027]",0.0,0.0
2026-07-14_18-07-55.mp4,0.0,nan,,[],0.0,0.0
2026-07-05_12-00-38.mp4,0.0,0.0729,0.8,"[0.0831, 0.0379, 0.0097, 0.1352, 0.1047]",0.0,0.0
2026-07-17_18-07-11.mp4,0.0,0.0388,0.75,"[0.0181, 0.0359, 0.0415, 0.0344, 0.0435, 0.0479, 0.0285, 0.0732]",0.0,0.0
2026-07-17_03-26-23.mp4,0.0,0.0228,0.125,"[0.0182, 0.0262, 0.0195, 0.0191, 0.0144, 0.0259, 0.0322, 0.0281]",0.0,0.0
2026-07-06_09-32-42.mp4,0.0,0.1231,0.5,"[0.1752, 0.0188]",0.0,0.0
2026-07-02_04-23-39.mp4,0.0,nan,,[],0.0,0.0
2026-07-05_16-32-27.mp4,0.0,0.0072,0.0,"[0.0065, 0.0103, 0.0071]",0.0,0.0
2026-07-16_21-42-26.mp4,0.0,0.0173,0.125,"[0.0204, 0.0163, 0.0142, 0.0116, 0.0186, 0.0356, 0.0128, 0.0072]",0.0,0.0
2026-07-03_03-55-53.mp4,0.0,0.0346,0.375,"[0.0474, 0.0107, 0.0218, 0.0525, 0.0645, 0.0244, 0.026, 0.0281]",0.0,0.0
2026-07-10_22-29-06.mp4,0.05,0.0743,0.857,"[0.0782, 0.1031, 0.0678, 0.1094, 0.0657, 0.0403, 0.027]",0.0,0.0
2026-07-21_15-02-53.mp4,0.025,0.0465,0.5,"[0.0081, 0.0356, 0.0281, 0.0284, 0.134, 0.0696, 0.0519, 0.0087]",0.0,0.0
2026-07-10_12-10-33.mp4,0.0,0.0231,0.571,"[0.0367, 0.0031, 0.0101, 0.0042, 0.0695, 0.0354, 0.0413]",0.175,0.0
2026-07-02_01-08-19.mp4,0.025,0.021,0.125,"[0.0144, 0.0255, 0.0792, 0.0232, 0.0064, 0.0055, 0.0073, 0.0028]",0.0,0.0
2026-07-03_11-02-02.mp4,0.0,0.0145,0.0,"[0.0219, 0.0271, 0.029, 0.0102, 0.0121, 0.0061, 0.0052, 0.0022]",0.0,0.0
2026-07-12_14-37-48.mp4,0.725,0.0326,0.5,"[0.0923, 0.0402, 0.0468, 0.0362, 0.0221, 0.0068, 0.0047, 0.0115]",0.0,0.0
2026-07-03_06-00-05.mp4,0.8,0.0222,0.125,"[0.029, 0.0162, 0.0185, 0.0155, 0.0309, 0.0159, 0.0281, 0.024]",0.025,0.0
2026-07-03_13-29-06.mp4,0.0,0.0096,0.0,"[0.0204, 0.006, 0.0099, 0.0127, 0.0115, 0.006, 0.0045, 0.0053]",0.0,0.0
2026-07-06_11-18-05.mp4,0.0,0.0849,0.875,"[0.0475, 0.0323, 0.0297, 0.0898, 0.0454, 0.0416, 0.124, 0.3147]",0.0,0.0
2026-07-24_01-17-13.mp4,0.0,0.035,0.5,"[0.0126, 0.0213, 0.0297, 0.0256, 0.042, 0.0478, 0.0425, 0.0642]",0.0,0.0
2026-07-08_13-20-07.mp4,0.0,0.0635,0.5,"[0.0045, 0.0187, 0.0343, 0.1084, 0.1077, 0.1897, 0.0105, 0.0044]",0.0,0.0
2026-07-05_11-03-57.mp4,0.0,0.1039,0.75,"[0.4896, 0.09, 0.0428, 0.0434, 0.0622, 0.0268, 0.0269, 0.0355]",0.0,0.0
2026-07-10_22-26-30.mp4,0.15,0.1043,0.875,"[0.0296, 0.0399, 0.1735, 0.1142, 0.1375, 0.0927, 0.1117, 0.1428]",0.0,0.0
2026-07-15_14-56-58.mp4,0.0,0.086,0.5,"[0.0132, 0.0035, 0.0222, 0.0148, 0.1808, 0.0875, 0.3568, 0.0379]",0.0,0.0
2026-07-10_16-58-12.mp4,0.0,0.0289,0.125,"[0.1173, 0.0146, 0.0066, 0.0071, 0.015, 0.0116, 0.0252, 0.0]",0.0,0.0
2026-07-13_07-07-30.mp4,0.0,0.0215,0.25,"[0.0054, 0.0079, 0.0497, 0.0717, 0.0238, 0.0051, 0.0008, 0.0045]",0.0,0.0
2026-07-03_03-54-35.mp4,0.0,0.0326,0.375,"[0.0911, 0.0136, 0.0156, 0.0278, 0.0593, 0.0138, 0.0323, 0.0011]",0.0,0.0
2026-07-11_05-08-50.mp4,0.0,nan,,[],0.0,0.0
2026-07-18_15-06-20.mp4,0.045,0.0546,0.6,"[0.0205, 0.02, 0.1014, 0.0654, 0.1109]",0.045,0.045
2026-07-01_16-34-27.mp4,0.025,0.1042,1.0,"[0.0992, 0.0553, 0.0795, 0.0524, 0.0801, 0.1349, 0.1334, 0.222]",0.0,0.0
2026-07-11_15-49-16.mp4,0.0,0.037,0.375,"[0.0193, 0.009, 0.0134, 0.0132, 0.0308, 0.0955, 0.0711, 0.0229]",0.0,0.0
2026-07-04_22-50-46.mp4,0.0,0.0066,0.0,"[0.0112, 0.0034, 0.0032, 0.0035, 0.0107, 0.0023, 0.01, 0.0087]",0.0,0.0
2026-07-02_09-00-24.mp4,0.0,0.0155,0.125,"[0.0293, 0.0172, 0.028, 0.0313, 0.0062, 0.0024, 0.0062, 0.0004]",0.0,0.0
2026-07-09_20-30-27.mp4,0.0,nan,,[],0.0,0.0
2026-07-10_15-46-19.mp4,0.0,0.0609,0.75,"[0.0834, 0.0407, 0.0624, 0.1003, 0.1128, 0.0504, 0.0267, 0.0204]",0.0,0.0
2026-07-06_23-42-12.mp4,0.0,0.2906,1.0,"[0.0547, 0.2985, 0.1691, 0.0541, 0.5692, 0.4718]",0.0,0.0
2026-07-23_09-09-03.mp4,0.0,0.0529,0.625,"[0.0088, 0.0224, 0.0185, 0.0955, 0.1003, 0.0678, 0.0484, 0.064]",0.75,0.675
2026-07-14_14-59-49.mp4,0.025,0.0667,0.5,"[0.0278, 0.1111, 0.1593, 0.1393, 0.0362, 0.0177, 0.017, 0.0145]",0.075,0.075
2026-07-02_20-11-55.mp4,0.0,0.0145,0.125,"[0.0163, 0.0175, 0.0102, 0.0078, 0.0072, 0.0051, 0.0352, 0.017]",0.0,0.0
2026-07-17_22-00-24.mp4,0.025,0.1789,1.0,"[0.0395, 0.068, 0.0818, 0.2957, 0.3894, 0.2063, 0.1697]",0.0,0.0
2026-07-05_11-15-15.mp4,0.0,0.0235,0.375,"[0.0177, 0.0072, 0.0058, 0.0338, 0.0318, 0.0457, 0.0249, 0.0202]",0.0,0.0
2026-07-03_13-03-55.mp4,0.275,0.0477,0.375,"[0.134, 0.0263, 0.0845, 0.0678, 0.0239, 0.0142, 0.0032, 0.0229]",0.0,0.0
2026-07-06_18-05-42.mp4,0.0,0.04,1.0,[0.04],0.0,0.0
2026-07-05_13-27-07.mp4,0.0,0.0267,0.25,"[0.0503, 0.0163, 0.0287, 0.0078]",0.0,0.0
2026-07-25_07-23-36.mp4,0.0,nan,,[],0.0,0.0
2026-07-24_12-37-48.mp4,0.0,0.0219,0.0,[0.0219],0.0,0.0
2026-07-02_14-11-16.mp4,0.0,0.0141,0.0,"[0.0117, 0.015, 0.0203, 0.0082]",0.0,0.0
2026-07-24_07-25-21.mp4,0.025,0.4459,1.0,"[0.0799, 0.3601, 0.3191, 0.8739]",0.025,0.025
2026-07-03_00-25-32.mp4,0.0,0.0024,0.0,"[0.0059, 0.0017, 0.0023, 0.0006, 0.0023, 0.0017, 0.0015]",0.825,0.0
2026-07-21_01-14-50.mp4,0.15,0.0527,0.25,"[0.1522, 0.1657, 0.0292, 0.0264, 0.015, 0.009, 0.01, 0.0041]",0.0,0.0
2026-07-15_20-17-24.mp4,0.025,0.0534,0.625,"[0.0138, 0.0191, 0.015, 0.1074, 0.1099, 0.0402, 0.0677, 0.0543]",0.0,0.0
2026-07-02_04-23-51.mp4,0.0,nan,,[],0.0,0.0
2026-07-11_23-32-00.mp4,0.0,0.1702,0.875,"[0.0225, 0.035, 0.544, 0.0901, 0.1285, 0.1485, 0.1904, 0.2112]",0.0,0.0
2026-07-21_01-41-08.mp4,0.175,0.0393,0.5,"[0.0239, 0.0284, 0.044, 0.0901, 0.0292, 0.0301, 0.0271, 0.042]",0.0,0.0
2026-07-05_12-56-26.mp4,0.0,0.1122,0.625,"[0.0968, 0.1605, 0.0228, 0.0452, 0.3353, 0.1802, 0.0298, 0.0058]",0.0,0.0
2026-07-06_08-58-48.mp4,0.0,0.3406,1.0,[0.3406],0.0,0.0
2026-07-11_13-43-12.mp4,0.0,0.0425,0.75,"[0.0124, 0.0346, 0.0363, 0.0657, 0.0762, 0.0368, 0.0573, 0.0152]",0.0,0.0
2026-07-05_09-27-33.mp4,0.0,nan,,[],0.0,0.0
2026-07-07_14-12-45.mp4,0.0,0.1755,1.0,"[0.041, 0.3381, 0.2103, 0.1204, 0.3277, 0.1312, 0.2183, 0.0327]",0.0,0.0
2026-07-22_00-41-29.mp4,0.0,0.0459,0.875,"[0.0494, 0.0646, 0.0789, 0.0437, 0.0292, 0.0316, 0.0349, 0.0417]",0.0,0.0
2026-07-08_08-45-46.mp4,0.0,nan,,[],0.0,0.0
2026-07-14_14-57-01.mp4,0.025,0.027,0.375,"[0.0491, 0.0663, 0.0311, 0.0171, 0.0162, 0.0073, 0.0146, 0.0108]",0.0,0.0
2026-07-04_03-25-56.mp4,1.0,0.0096,0.0,"[0.0235, 0.0048, 0.0039, 0.015, 0.0161, 0.0057, 0.0042, 0.0023]",0.35,0.0
2026-07-07_11-22-47.mp4,0.0,0.169,0.875,"[0.0364, 0.0617, 0.1709, 0.4143, 0.1427, 0.3315, 0.0209, 0.1087]",0.0,0.0
2026-07-09_19-56-21.mp4,0.0,0.0017,0.0,"[0.0, 0.0029, 0.0036, 0.0, 0.0]",0.5,0.0
2026-07-20_11-26-50.mp4,0.0,0.1301,1.0,"[0.0935, 0.4218, 0.2797, 0.0726, 0.0498, 0.0375, 0.0343, 0.0321]",0.05,0.05
2026-07-21_11-17-55.mp4,0.0,0.0228,0.25,"[0.016, 0.0084, 0.0115, 0.0247, 0.0417, 0.0448, 0.0171, 0.0189]",0.0,0.0
2026-07-11_17-17-18.mp4,0.0,0.0793,0.875,"[0.0354, 0.0306, 0.0209, 0.1486, 0.2399, 0.0756, 0.0335, 0.0306]",0.0,0.0
2026-07-15_08-57-25.mp4,0.0,0.073,0.875,"[0.0608, 0.1065, 0.0657, 0.0438, 0.0698, 0.0848, 0.1514, 0.0227]",0.0,0.0
2026-07-19_10-45-02.mp4,0.0,0.0854,0.75,"[0.1151, 0.1492, 0.0727, 0.0259, 0.0881, 0.094, 0.1003, 0.0257]",0.0,0.0
2026-07-18_19-55-47.mp4,0.025,0.0182,0.125,"[0.0512, 0.0084, 0.0102, 0.0121, 0.0166, 0.0199, 0.0124, 0.0147]",0.0,0.0
2026-07-11_00-39-41.mp4,0.0,0.0474,0.5,"[0.0067, 0.1006, 0.0695, 0.0044]",0.0,0.0
2026-07-04_11-28-15.mp4,0.0,0.0322,0.375,"[0.0105, 0.0295, 0.0918, 0.0766, 0.0339, 0.0048, 0.0039, 0.0]",0.0,0.0
2026-07-18_20-47-16.mp4,0.0,0.0314,0.5,"[0.0544, 0.0416, 0.0159, 0.0265, 0.0336, 0.0225, 0.0324, 0.0228]",0.0,0.0
2026-07-06_17-49-18.mp4,1.0,0.0151,0.125,"[0.036, 0.0101, 0.004, 0.0137, 0.0112, 0.0031, 0.0186, 0.0263]",0.95,0.0
2026-07-09_04-02-55.mp4,0.0,0.0508,1.0,"[0.0612, 0.0472, 0.0652, 0.034, 0.0504]",0.0,0.0
2026-07-02_09-55-37.mp4,0.0,0.0259,0.375,"[0.0058, 0.0159, 0.0279, 0.0405, 0.0331, 0.0391, 0.0288, 0.0135]",0.0,0.0
2026-07-04_07-04-08.mp4,0.0,0.0081,0.0,"[0.0142, 0.0138, 0.0052, 0.0099, 0.003, 0.0, 0.0, 0.0212]",0.0,0.0
2026-07-02_10-00-49.mp4,0.0,0.0223,0.25,"[0.0286, 0.0308, 0.0231, 0.0168, 0.0143, 0.0422, 0.0139, 0.0052]",0.0,0.0
2026-07-13_09-30-50.mp4,0.0,0.078,0.667,"[0.1033, 0.065, 0.0165]",0.0,0.0
2026-07-06_18-28-06.mp4,0.35,0.0196,0.286,"[0.0339, 0.0262, 0.0044, 0.0093, 0.0163, 0.0078, 0.0564]",0.0,0.0
2026-07-03_08-50-51.mp4,0.6,0.0497,0.75,"[0.0586, 0.0907, 0.0489, 0.0441, 0.0089, 0.0501, 0.068, 0.0232]",0.0,0.0
2026-07-05_11-30-39.mp4,0.0,0.0462,0.625,"[0.0204, 0.0248, 0.0625, 0.0684, 0.0715, 0.0539, 0.0565, 0.0142]",0.0,0.0
2026-07-03_12-46-37.mp4,0.0,0.0081,0.0,"[0.0203, 0.0087, 0.0077, 0.0034, 0.0066, 0.0038, 0.0111, 0.0016]",0.0,0.0
2026-07-04_11-43-33.mp4,0.0,0.0074,0.0,"[0.0078, 0.012, 0.0075, 0.0099, 0.0047, 0.0115, 0.0032, 0.0016]",0.0,0.0
2026-07-15_19-38-36.mp4,0.0,0.0019,0.0,"[0.0026, 0.0015, 0.0]",0.0,0.0
2026-07-10_12-43-14.mp4,0.0,0.032,0.167,"[0.1204, 0.006, 0.0068, 0.0153, 0.0141, 0.0294]",0.0,0.0
2026-07-05_15-25-58.mp4,0.0,0.0054,0.0,"[0.0077, 0.0032, 0.0039, 0.0027, 0.0117, 0.0031, 0.0066]",0.0,0.0
2026-07-14_05-54-07.mp4,0.0,0.027,0.125,"[0.006, 0.012, 0.012, 0.2539, 0.0018, 0.002, 0.0055, 0.0037]",0.0,0.0
2026-07-20_18-57-41.mp4,0.0,0.1171,0.875,"[0.1138, 0.0587, 0.1393, 0.1462, 0.1576, 0.026, 0.1246, 0.1845]",0.0,0.0
2026-07-17_09-17-37.mp4,0.0,0.0598,0.5,"[0.0142, 0.0867, 0.1544, 0.0518, 0.0966, 0.0289, 0.0278, 0.0293]",0.0,0.0
2026-07-05_15-20-16.mp4,0.775,0.0751,0.625,"[0.0946, 0.1224, 0.0223, 0.127, 0.1579, 0.0187, 0.0159, 0.0333]",0.025,0.025
2026-07-22_02-35-34.mp4,0.0,0.0396,0.375,"[0.0467, 0.1652, 0.0416, 0.0222, 0.0083, 0.011, 0.0122, 0.0021]",0.0,0.0
2026-07-02_07-55-23.mp4,0.0,0.0476,0.625,"[0.068, 0.0119, 0.0506, 0.0449, 0.0829, 0.0688, 0.0292, 0.0184]",0.25,0.25
2026-07-24_10-49-13.mp4,0.0,0.367,1.0,"[0.4123, 0.1794, 0.2479, 0.0348, 0.8193, 0.398, 0.5892, 0.3381]",0.0,0.0
2026-07-03_13-07-43.mp4,0.0,0.0283,0.25,"[0.0226, 0.0357, 0.0189, 0.0164, 0.027, 0.0612, 0.0228, 0.0205]",0.0,0.0
2026-07-12_04-10-29.mp4,0.0,0.0465,0.625,"[0.0606, 0.0391, 0.1145, 0.0435, 0.0484, 0.0244, 0.0112, 0.0069]",0.0,0.0
2026-07-06_21-16-10.mp4,0.0,0.0174,0.125,"[0.0275, 0.0115, 0.0052, 0.0126, 0.0206, 0.0071, 0.0413, 0.0123]",0.0,0.0
2026-07-10_17-05-45.mp4,0.0,0.0122,0.0,"[0.0122, 0.0267, 0.0075, 0.0175, 0.019, 0.0052, 0.0026, 0.0058]",0.0,0.0
2026-07-02_18-21-08.mp4,0.0,0.0058,0.0,"[0.0111, 0.0038, 0.0044, 0.0028, 0.0037, 0.0056, 0.01, 0.0046]",0.0,0.0
2026-07-10_16-22-54.mp4,0.0,0.027,0.5,"[0.0425, 0.0152, 0.0074, 0.0319, 0.0107, 0.0487, 0.0418, 0.0177]",0.0,0.0
2026-07-19_03-59-12.mp4,0.05,0.0329,0.375,"[0.0912, 0.0364, 0.0251, 0.0161, 0.0169, 0.0309, 0.0291, 0.0139]",0.0,0.0
2026-07-10_13-44-14.mp4,0.825,0.0511,0.5,"[0.1204, 0.064, 0.0181, 0.0797, 0.1058, 0.0032, 0.0048, 0.0172]",0.25,0.225
2026-07-19_04-02-30.mp4,0.025,0.0309,0.375,"[0.0025, 0.0641, 0.0258, 0.0274, 0.03, 0.0121, 0.0497, 0.0363]",0.0,0.0
2026-07-22_14-18-02.mp4,0.0,0.0,0.0,"[0.0, 0.0, 0.0, 0.0]",0.0,0.0
2026-07-01_17-57-23.mp4,0.075,0.1522,1.0,"[0.1689, 0.033, 0.1004, 0.0826, 0.5662, 0.0694, 0.0616, 0.0334]",0.025,0.025
2026-07-17_10-59-42.mp4,0.0,0.0743,0.75,"[0.0244, 0.0435, 0.0293, 0.033, 0.0487, 0.0511, 0.2296, 0.1504]",0.0,0.0
2026-07-19_06-45-40.mp4,0.0,0.0535,0.625,"[0.0801, 0.1173, 0.0184, 0.0644, 0.034, 0.0148, 0.0285, 0.0743]",0.0,0.0
2026-07-26_00-08-55.mp4,0.3,0.0559,0.625,"[0.0136, 0.006, 0.0967, 0.1574, 0.0853, 0.0397, 0.0158, 0.0519]",0.05,0.0
2026-07-14_03-14-08.mp4,0.0,0.0348,0.333,"[0.0694, 0.005, 0.0076]",0.0,0.0
2026-07-02_18-28-44.mp4,0.175,0.0232,0.125,"[0.1088, 0.0134, 0.0066, 0.013, 0.0062, 0.0078, 0.0053, 0.0245]",0.0,0.0
2026-07-12_12-19-18.mp4,0.0,0.0944,0.75,"[0.0648, 0.2333, 0.1466, 0.0279, 0.0293, 0.0308, 0.071, 0.1652]",0.0,0.0
2026-07-09_04-07-07.mp4,0.725,0.147,1.0,"[0.0814, 0.0676, 0.0597, 0.1254, 0.302, 0.1343, 0.1859, 0.2375]",0.05,0.0
2026-07-03_13-22-24.mp4,0.0,0.0089,0.0,"[0.0248, 0.0045, 0.0017, 0.0028, 0.0092, 0.0128]",0.0,0.0
2026-07-25_14-19-55.mp4,0.0,0.025,0.375,"[0.0237, 0.0241, 0.024, 0.0336, 0.0329, 0.0385, 0.0133, 0.0059]",0.0,0.0
2026-07-07_00-41-47.mp4,0.0,0.2072,1.0,"[0.11, 0.0765, 0.643, 0.0976, 0.0427, 0.1028, 0.1692, 0.3373]",0.0,0.0
2026-07-05_10-16-21.mp4,0.0,0.0106,0.125,"[0.0357, 0.0204, 0.0102, 0.0064, 0.0037, 0.002, 0.0034, 0.0012]",0.0,0.0
2026-07-01_18-34-56.mp4,0.0,0.0535,0.625,"[0.0139, 0.0074, 0.0344, 0.2114, 0.0665, 0.0253, 0.0311, 0.0343]",0.0,0.0
2026-07-05_09-18-51.mp4,0.0,0.0497,0.625,"[0.033, 0.0072, 0.001, 0.1422, 0.068, 0.0897, 0.0364, 0.013]",0.0,0.0
2026-07-06_00-20-48.mp4,0.15,0.1203,1.0,"[0.1583, 0.0957, 0.1093, 0.0633, 0.1442, 0.2034, 0.098, 0.0822]",0.05,0.05
2026-07-10_15-10-43.mp4,0.0,0.1404,0.625,"[0.0194, 0.007, 0.0044, 0.067, 0.2497, 0.2302, 0.2818, 0.2943]",0.0,0.0
2026-07-12_11-58-06.mp4,0.0,0.107,1.0,"[0.0971, 0.2144, 0.0613, 0.0397]",0.0,0.0
2026-07-21_11-17-07.mp4,0.0,0.0313,0.5,"[0.0355, 0.0218, 0.0329, 0.0573, 0.0539, 0.0235, 0.0142, 0.0062]",0.0,0.0
2026-07-02_09-56-01.mp4,0.0,0.0207,0.0,"[0.0245, 0.0171, 0.0297, 0.0231, 0.0296, 0.0191, 0.0167, 0.0022]",0.0,0.0
2026-07-03_15-05-29.mp4,0.45,0.0366,0.375,"[0.0207, 0.0053, 0.0512, 0.0942, 0.0893, 0.0121, 0.0097, 0.004]",0.0,0.0
2026-07-15_18-35-19.mp4,0.0,0.0691,0.857,"[0.0829, 0.1055, 0.1145, 0.0574, 0.0993, 0.0301, 0.0209]",0.0,0.0
2026-07-04_00-51-05.mp4,0.0,0.0134,0.0,"[0.0176, 0.0299, 0.0139, 0.0086, 0.0121, 0.0103, 0.0099, 0.0026]",0.0,0.0
2026-07-05_10-11-03.mp4,0.0,0.0104,0.0,"[0.0222, 0.0099, 0.0094, 0.0052, 0.0072, 0.008]",0.0,0.0
2026-07-14_13-41-32.mp4,0.0,0.0293,0.375,"[0.0197, 0.0259, 0.0132, 0.0472, 0.0223, 0.0299, 0.0391, 0.0355]",0.0,0.0
2026-07-21_13-54-30.mp4,0.0,0.0283,0.25,"[0.0313, 0.0248, 0.0563, 0.0287, 0.0278, 0.0253, 0.0136, 0.016]",0.0,0.0
2026-07-24_19-29-43.mp4,0.0,0.1055,1.0,"[0.0943, 0.1856, 0.1545, 0.0377, 0.0976, 0.0348]",0.0,0.0
2026-07-23_16-34-41.mp4,0.0,0.0439,1.0,[0.0439],0.0,0.0
2026-07-05_03-46-16.mp4,0.0,0.0117,0.0,"[0.0106, 0.0059, 0.0029, 0.0237, 0.0193, 0.0063, 0.0109, 0.0148]",0.0,0.0
2026-07-07_14-12-57.mp4,0.0,0.0793,0.875,"[0.2049, 0.0514, 0.0208, 0.0318, 0.0357, 0.0392, 0.1411, 0.0701]",0.0,0.0
2026-07-20_21-55-34.mp4,0.0,0.0562,0.333,"[0.1483, 0.1015, 0.0205, 0.0115, 0.0105, 0.0]",0.0,0.0
2026-07-20_15-05-36.mp4,0.0,0.0948,0.875,"[0.0965, 0.163, 0.1311, 0.0511, 0.087, 0.1377, 0.0676, 0.0072]",0.0,0.0
2026-07-24_09-46-55.mp4,0.0,0.0463,0.75,"[0.016, 0.0157, 0.0416, 0.0671, 0.0373, 0.0527, 0.0569, 0.0928]",0.0,0.0
2026-07-02_05-21-22.mp4,0.975,0.0092,0.0,"[0.0111, 0.006, 0.0051, 0.006, 0.0161, 0.0151, 0.0078, 0.0052]",0.0,0.0
2026-07-02_20-29-31.mp4,0.0,0.0435,0.5,"[0.0344, 0.015, 0.0519, 0.0133, 0.1107, 0.0789, 0.018, 0.0212]",0.0,0.0
2026-07-04_11-23-51.mp4,0.0,0.0122,0.0,"[0.0232, 0.0077, 0.021, 0.0119, 0.0059, 0.0033, 0.0125, 0.0117]",0.0,0.0
2026-07-03_12-55-31.mp4,0.0,0.012,0.0,"[0.0196, 0.014, 0.006, 0.0131, 0.0043]",0.0,0.0
2026-07-01_17-58-35.mp4,0.05,0.1183,0.75,"[0.1401, 0.1094, 0.0746, 0.484, 0.0202, 0.0435, 0.0238, 0.034]",0.0,0.0
2026-07-12_12-12-48.mp4,0.0,0.11,1.0,"[0.0646, 0.0332, 0.0497, 0.2471, 0.164, 0.0988, 0.1386, 0.0777]",0.0,0.0
2026-07-16_20-26-09.mp4,0.15,0.1056,0.625,"[0.0302, 0.0337, 0.0667, 0.6671, 0.098, 0.0242, 0.0091, 0.0046]",0.025,0.025
2026-07-19_17-48-39.mp4,0.0,0.0821,0.5,"[0.1558, 0.2171, 0.066, 0.1304, 0.029, 0.0174, 0.0103, 0.0184]",0.0,0.0
2026-07-24_23-42-11.mp4,0.025,0.0751,1.0,"[0.0845, 0.0693, 0.0642, 0.0681, 0.0907, 0.0516, 0.0802, 0.0959]",0.05,0.05
2026-07-03_23-21-04.mp4,0.5,0.1185,1.0,"[0.0625, 0.0304, 0.0397, 0.1868, 0.0829, 0.1383, 0.2656, 0.1479]",0.05,0.05
2026-07-21_11-17-31.mp4,0.0,0.0177,0.0,"[0.0152, 0.0107, 0.0222, 0.0192, 0.0286, 0.0098, 0.0134, 0.0211]",0.0,0.0
2026-07-08_13-39-31.mp4,0.0,0.0418,0.875,"[0.0192, 0.0379, 0.0594, 0.0434, 0.0305, 0.0402, 0.0345, 0.0882]",0.0,0.0
2026-07-21_01-25-32.mp4,0.05,0.0565,0.5,"[0.1038, 0.0862, 0.065, 0.0989, 0.0252, 0.0222, 0.0262, 0.0161]",0.0,0.0
2026-07-15_13-15-11.mp4,0.0,0.1185,0.5,"[0.2767, 0.1214, 0.4295, 0.0296, 0.0247, 0.0442, 0.0234, 0.011]",0.0,0.0
2026-07-24_09-02-38.mp4,0.0,0.0703,0.667,"[0.026, 0.0133, 0.0624, 0.0335, 0.1586, 0.0335]",0.0,0.0
2026-07-17_08-32-13.mp4,0.0,0.035,0.5,"[0.0429, 0.0256, 0.0455, 0.0793, 0.0541, 0.0161, 0.0085, 0.0012]",0.0,0.0
2026-06-30_22-43-43.mp4,0.925,0.0828,0.875,"[0.0918, 0.0483, 0.0832, 0.1352, 0.0309, 0.0262, 0.076, 0.1931]",0.25,0.25
2026-07-17_17-48-59.mp4,0.0,0.0348,0.5,"[0.0092, 0.0228, 0.0444, 0.0174, 0.018, 0.043, 0.071, 0.0469]",0.0,0.0
2026-07-17_17-25-23.mp4,0.0,0.028,0.571,"[0.0079, 0.0041, 0.0128, 0.0416, 0.0575, 0.0381, 0.0481]",0.0,0.0
2026-07-18_10-56-59.mp4,0.0,0.0507,0.714,"[0.0433, 0.0686, 0.0454, 0.0731, 0.0257, 0.0749, 0.0229]",0.0,0.0
2026-07-05_05-49-11.mp4,0.0,0.0475,0.5,"[0.038, 0.0388, 0.0148, 0.1123, 0.1551, 0.0079, 0.0021, 0.002]",0.0,0.0
2026-07-26_02-21-54.mp4,0.0,0.0577,0.875,"[0.0096, 0.0841, 0.0607, 0.0828, 0.0837, 0.0533, 0.0608, 0.0315]",0.0,0.0
2026-07-17_11-13-36.mp4,0.0,0.0636,0.833,"[0.0348, 0.0159, 0.034, 0.0996, 0.1043, 0.0554]",0.0,0.0
2026-07-09_08-55-22.mp4,0.0,0.0336,0.375,"[0.0606, 0.0626, 0.0485, 0.0257, 0.0046, 0.0189, 0.0105, 0.0162]",0.0,0.0
2026-07-04_01-08-47.mp4,0.0,nan,,[],0.0,0.0
2026-07-22_02-16-28.mp4,0.0,0.0642,0.875,"[0.0557, 0.0975, 0.0927, 0.0831, 0.0683, 0.049, 0.0434, 0.0134]",0.0,0.0
2026-07-15_10-18-13.mp4,0.0,0.0601,0.875,"[0.0013, 0.0683, 0.0585, 0.1059, 0.082, 0.0495, 0.0569, 0.0583]",0.0,0.0
2026-07-04_07-10-35.mp4,0.0,0.0091,0.125,"[0.0085, 0.0028, 0.0058, 0.0049, 0.0305, 0.01, 0.0058, 0.0031]",0.0,0.0
2026-07-11_08-58-35.mp4,0.0,0.4293,0.875,"[0.7477, 0.0224, 0.0632, 0.2179, 0.1837, 1.1793, 0.0467, 0.1409]",0.0,0.0
2026-07-14_05-47-07.mp4,0.0,0.0466,0.875,"[0.0508, 0.0427, 0.0693, 0.0352, 0.0605, 0.0272, 0.0502, 0.0343]",0.0,0.0
2026-07-15_19-42-00.mp4,0.0,0.0503,0.875,"[0.0355, 0.0467, 0.0599, 0.0307, 0.0969, 0.0582, 0.0473, 0.0211]",0.0,0.0
2026-07-09_07-48-46.mp4,0.0,0.0446,0.625,"[0.0593, 0.0457, 0.0683, 0.1106, 0.0435, 0.0057, 0.0055, 0.0116]",0.0,0.0
2026-07-19_03-06-31.mp4,0.0,0.0281,0.5,"[0.014, 0.025, 0.0369, 0.0329, 0.0272, 0.0322, 0.0264, 0.0307]",0.0,0.0
2026-07-02_07-42-59.mp4,0.0,0.4359,1.0,[0.4359],0.0,0.0
2026-07-06_18-07-12.mp4,0.025,0.0208,0.25,"[0.0497, 0.0181, 0.0067, 0.0235, 0.0393, 0.0173, 0.0051, 0.0031]",0.0,0.0
2026-07-22_00-11-59.mp4,0.0,0.0279,0.375,"[0.0134, 0.0189, 0.025, 0.0658, 0.0328, 0.0241, 0.0166, 0.031]",0.0,0.0
2026-07-11_01-21-22.mp4,0.1,0.0603,0.75,"[0.0105, 0.0495, 0.0388, 0.0278, 0.0889, 0.0938, 0.0871, 0.0928]",0.05,0.0
2026-07-09_18-55-22.mp4,0.175,0.1057,0.875,"[0.0215, 0.2352, 0.0464, 0.2268, 0.1051, 0.0803, 0.047, 0.0304]",0.0,0.0
2026-07-09_07-57-28.mp4,0.0,0.0098,0.0,[0.0098],0.0,0.0
2026-07-04_06-28-32.mp4,0.0,0.0315,0.375,"[0.0244, 0.0663, 0.0454, 0.0035, 0.0542, 0.0174, 0.0273, 0.0145]",0.0,0.0
2026-07-09_12-06-20.mp4,0.0,0.0943,0.75,"[0.0298, 0.0084, 0.0356, 0.1438, 0.0686, 0.2002, 0.1063, 0.1846]",0.0,0.0
2026-07-20_21-38-16.mp4,0.0,0.0553,0.75,"[0.0289, 0.0713, 0.0424, 0.0973, 0.0904, 0.0194, 0.0305, 0.0719]",0.0,0.0
2026-07-18_07-43-01.mp4,0.0,0.0582,0.75,"[0.0604, 0.0707, 0.0279, 0.042, 0.0454, 0.0137, 0.0657, 0.16]",0.0,0.0
2026-07-09_15-27-00.mp4,0.0,nan,,[],0.0,0.0
2026-07-15_19-37-12.mp4,0.0,0.0545,0.625,"[0.1065, 0.0843, 0.022, 0.0619, 0.0772, 0.0192, 0.0351, 0.0235]",0.0,0.0
2026-07-02_16-19-39.mp4,0.0,0.0436,0.375,"[0.0539, 0.0288, 0.0907, 0.1038, 0.0247, 0.018, 0.0174, 0.0038]",0.0,0.0
2026-07-14_05-55-19.mp4,0.0,0.0294,0.625,"[0.0078, 0.0108, 0.0364, 0.0226, 0.0438, 0.0315, 0.0479, 0.0327]",0.0,0.0
2026-07-03_23-36-58.mp4,0.025,0.0692,1.0,"[0.0433, 0.0622, 0.07, 0.0865, 0.0545, 0.1052, 0.0972, 0.0366]",0.0,0.0
2026-07-05_07-55-58.mp4,0.0,0.0921,0.75,"[0.1348, 0.0974, 0.106, 0.1358, 0.1777, 0.0071, 0.0783, 0.0176]",0.0,0.0
2026-07-08_21-52-29.mp4,0.0,0.0395,0.5,"[0.0693, 0.0023]",0.0,0.0
2026-07-17_00-01-55.mp4,0.0,0.0398,0.75,"[0.0058, 0.055, 0.0612, 0.0317, 0.0387, 0.026, 0.0665, 0.0316]",0.0,0.0
2026-07-25_14-17-25.mp4,0.0,0.0253,0.375,"[0.001, 0.0052, 0.0275, 0.02, 0.0407, 0.0395, 0.0431, 0.0252]",0.0,0.0
2026-07-16_12-04-20.mp4,0.0,0.0637,0.857,"[0.0755, 0.037, 0.2368, 0.0927, 0.0217, 0.0608, 0.05]",0.0,0.0
2026-07-23_00-46-38.mp4,0.05,0.1047,0.625,"[0.0344, 0.0238, 0.0218, 0.0836, 0.1019, 0.1538, 0.3783, 0.0237]",0.0,0.0
2026-07-17_03-26-59.mp4,0.0,0.0365,0.375,"[0.0584, 0.0278, 0.0435, 0.0858, 0.0259, 0.0164, 0.0062, 0.0259]",0.0,0.0
2026-07-02_05-12-34.mp4,0.808,0.0124,0.0,"[0.0257, 0.0084, 0.0045, 0.0137, 0.0099]",0.0,0.0
2026-07-07_08-25-06.mp4,0.0,0.1975,0.875,"[0.0496, 0.2266, 0.1749, 0.313, 0.1186, 0.4045, 0.2413, 0.0152]",0.0,0.0
2026-07-17_09-17-49.mp4,0.0,0.0495,0.8,"[0.0574, 0.027, 0.111, 0.0373, 0.0333]",0.0,0.0
2026-07-05_03-46-04.mp4,0.0,0.012,0.0,"[0.0181, 0.0103, 0.025, 0.0046, 0.0017, 0.0036, 0.0142, 0.0196]",0.0,0.0
2026-07-10_13-34-20.mp4,0.3,0.0654,0.875,"[0.0503, 0.025, 0.0733, 0.1093, 0.0374, 0.076, 0.121, 0.0356]",0.025,0.025
2026-07-05_18-15-54.mp4,0.0,nan,,[],0.0,0.0
2026-07-21_10-10-20.mp4,0.0,0.1315,0.75,"[0.02, 0.0563, 0.0279, 0.5501, 0.1732, 0.0569, 0.0784, 0.2272]",0.025,0.0
2026-07-07_14-11-09.mp4,0.0,0.1518,1.0,"[0.0812, 0.1317, 0.1953, 0.1946, 0.1425, 0.122, 0.2193, 0.1219]",0.0,0.0
2026-07-05_15-17-40.mp4,0.0,0.0151,0.167,"[0.046, 0.0214, 0.0083, 0.0056, 0.008, 0.0012]",0.0,0.0
2026-07-05_12-54-32.mp4,0.0,0.1284,0.625,"[0.2535, 0.261, 0.2063, 0.1192, 0.0878, 0.0298, 0.0297, 0.018]",0.0,0.0
2026-07-23_19-18-44.mp4,0.0,0.0395,0.375,"[0.0014, 0.0014, 0.008, 0.029, 0.0902, 0.0177, 0.0986, 0.0771]",0.0,0.0
2026-07-23_16-14-41.mp4,0.0,0.0492,0.375,"[0.0182, 0.0096, 0.0078, 0.0088, 0.0035, 0.0782, 0.1124, 0.1819]",0.075,0.0
2026-07-21_00-54-56.mp4,0.0,0.0682,0.75,"[0.0623, 0.1087, 0.0634, 0.0175, 0.0241, 0.0353, 0.1574, 0.0786]",0.0,0.0
2026-07-06_13-24-51.mp4,0.0,0.0577,0.875,"[0.0312, 0.0325, 0.0758, 0.0262, 0.0935, 0.0964, 0.0808, 0.0352]",0.0,0.0
2026-07-04_04-46-32.mp4,0.154,0.014,0.2,"[0.0364, 0.0101, 0.0043, 0.0144, 0.0047]",0.0,0.0
2026-07-12_23-41-42.mp4,0.0,0.0965,0.833,"[0.0321, 0.0175, 0.0405, 0.5447, 0.0536, 0.0491]",0.0,0.0
2026-07-02_01-21-37.mp4,0.0,0.012,0.0,"[0.0199, 0.0094, 0.0033, 0.0109, 0.0133, 0.0194]",0.0,0.0
2026-07-08_14-19-54.mp4,0.025,0.1205,0.875,"[0.0035, 0.0908, 0.121, 0.0698, 0.206, 0.2191, 0.1331, 0.1203]",0.0,0.0
2026-07-23_19-06-20.mp4,0.0,0.0129,0.0,"[0.0096, 0.0066, 0.0183, 0.0058, 0.0048, 0.0136, 0.0253, 0.017]",0.0,0.0
2026-07-03_07-30-52.mp4,0.0,0.1058,0.625,"[0.0156, 0.0157, 0.0395, 0.0396, 0.368, 0.2301, 0.0987, 0.0223]",0.0,0.0
2026-07-09_23-36-23.mp4,0.0,nan,,[],0.0,0.0
2026-07-02_04-18-33.mp4,0.1,0.0151,0.0,"[0.0253, 0.0149, 0.0162, 0.012, 0.0089, 0.0058, 0.0177, 0.0209]",0.0,0.0
2026-07-15_13-19-17.mp4,0.0,0.037,0.6,"[0.0476, 0.0727, 0.0137, 0.0118, 0.0462]",0.0,0.0
2026-07-21_11-58-43.mp4,0.0,0.0464,0.5,"[0.006, 0.0137, 0.1742, 0.0204, 0.0176, 0.0465, 0.0453, 0.0479]",0.0,0.0
2026-07-13_08-44-27.mp4,0.0,0.0307,0.375,"[0.0365, 0.016, 0.0272, 0.0716, 0.0514, 0.0113, 0.0154, 0.0098]",0.0,0.0
2026-07-10_18-05-56.mp4,0.0,0.0064,0.0,"[0.0098, 0.0061, 0.0032]",0.0,0.0
2026-07-02_04-03-15.mp4,0.5,0.0125,0.0,"[0.0128, 0.0247, 0.015, 0.0119, 0.0101, 0.0057, 0.0085, 0.0111]",0.0,0.0
2026-07-08_23-19-10.mp4,0.05,0.2031,1.0,"[0.1559, 0.145, 0.1247, 0.3609, 0.1305, 0.1971, 0.3346, 0.1692]",0.0,0.0
2026-07-04_09-54-58.mp4,0.0,0.0209,0.25,"[0.018, 0.035, 0.0194, 0.023, 0.0088, 0.0147, 0.0437, 0.0123]",0.0,0.0
2026-07-17_03-25-59.mp4,0.0,0.0174,0.429,"[0.0003, 0.0005, 0.0024, 0.0018, 0.0338, 0.0418, 0.0415]",0.0,0.0
2026-07-03_11-26-20.mp4,0.05,0.0118,0.125,"[0.0116, 0.0123, 0.0035, 0.0037, 0.0045, 0.0049, 0.0182, 0.0419]",0.0,0.0
2026-07-19_09-47-44.mp4,0.0,0.1183,1.0,"[0.0798, 0.1706, 0.2129, 0.2961, 0.0502, 0.0469, 0.114]",0.0,0.0
2026-07-08_09-56-39.mp4,0.0,0.04,0.625,"[0.0142, 0.016, 0.0182, 0.0522, 0.063, 0.0774, 0.0466, 0.0303]",0.0,0.0
2026-07-02_01-23-01.mp4,0.0,0.0142,0.0,"[0.021, 0.0133, 0.0041, 0.0147, 0.0288, 0.006, 0.0]",0.0,0.0
2026-07-05_10-14-27.mp4,0.0,0.0138,0.0,[0.0138],0.0,0.0
2026-07-17_23-11-06.mp4,0.0,0.0266,0.125,"[0.0296, 0.0287, 0.0359, 0.0228, 0.028, 0.0206, 0.0228, 0.0243]",0.0,0.0
2026-07-07_14-19-45.mp4,0.0,0.1955,1.0,"[0.1651, 0.2869, 0.2619, 0.2186, 0.0455, 0.0757, 0.1105, 0.272]",0.0,0.0
2026-07-21_01-20-02.mp4,0.1,0.0672,0.75,"[0.1153, 0.0379, 0.0955, 0.0888, 0.106, 0.0625, 0.0135, 0.0061]",0.0,0.0
2026-07-02_10-40-48.mp4,0.7,0.0295,0.375,"[0.0291, 0.0491, 0.0378, 0.0219, 0.0171, 0.0366, 0.0233, 0.0187]",0.0,0.0
2026-07-07_04-31-15.mp4,0.05,0.8875,0.8,"[0.0282, 0.2756, 1.2523, 1.259, 0.6409]",0.0,0.0
2026-07-02_21-22-59.mp4,0.0,0.1065,1.0,"[0.0489, 0.0523, 0.0622, 0.1418, 0.2334, 0.1242, 0.1116, 0.0389]",0.15,0.125
2026-07-23_00-49-44.mp4,0.0,0.0725,0.875,"[0.1521, 0.0562, 0.0607, 0.0829, 0.0216, 0.0511, 0.0718, 0.0862]",0.0,0.0
2026-07-10_16-58-36.mp4,0.0,0.0299,0.5,"[0.0335, 0.0327, 0.0017, 0.0177, 0.0245, 0.0026, 0.0555, 0.0816]",0.0,0.0
2026-07-02_12-31-11.mp4,0.0,0.0121,0.0,"[0.0085, 0.0164, 0.0096, 0.0149, 0.0088, 0.011, 0.0081, 0.0213]",0.0,0.0
2026-07-06_20-46-10.mp4,0.0,0.0044,0.0,"[0.0091, 0.0048, 0.0027, 0.0024, 0.0025, 0.0018, 0.0049, 0.0081]",0.0,0.0
2026-07-11_13-00-09.mp4,0.15,0.1944,1.0,"[0.4338, 0.0447, 0.2128, 0.1288, 0.119, 0.1445, 0.4897, 0.0635]",0.625,0.5
2026-07-03_03-52-59.mp4,0.0,0.1063,0.625,"[0.0177, 0.0152, 0.0121, 0.0906, 0.3559, 0.1182, 0.1016, 0.1478]",0.0,0.0
2026-07-19_23-42-36.mp4,0.0,0.0302,0.5,"[0.0356, 0.0163, 0.016, 0.0229, 0.0592, 0.0375, 0.0189, 0.0315]",0.0,0.0
2026-07-21_13-58-42.mp4,0.0,0.0511,0.625,"[0.0014, 0.0027, 0.0032, 0.0336, 0.0888, 0.0644, 0.1518, 0.0655]",0.0,0.0
2026-07-03_03-30-36.mp4,0.0,0.0173,0.25,"[0.0466, 0.0225, 0.0041, 0.0048, 0.0039, 0.0069, 0.0315, 0.0181]",0.0,0.0
2026-07-03_12-59-07.mp4,0.0,0.0235,0.25,"[0.0228, 0.0085, 0.011, 0.0178, 0.0419, 0.0465, 0.027, 0.01]",0.0,0.0
2026-07-04_08-07-47.mp4,0.0,0.2077,0.6,"[0.4557, 0.2184, 0.1604, 0.0102, 0.0175]",0.091,0.0
2026-07-09_11-30-44.mp4,0.05,0.1344,0.667,"[0.0157, 0.2607, 0.13, 0.1496, 0.0401, 0.022]",0.05,0.0
2026-07-03_01-18-43.mp4,0.0,0.0053,0.0,"[0.0103, 0.0047, 0.0031, 0.0051, 0.0119, 0.0008, 0.003, 0.0031]",0.0,0.0
2026-07-26_01-52-24.mp4,0.0,0.121,0.5,"[0.0285, 0.2134]",0.0,0.0
2026-07-04_21-29-17.mp4,0.0,0.0128,0.167,"[0.0317, 0.0121, 0.0087, 0.0167, 0.0, 0.0112]",0.0,0.0
2026-07-05_12-53-20.mp4,0.0,0.0499,0.714,"[0.0636, 0.0514, 0.0624, 0.0966, 0.0564, 0.008, 0.0117]",0.0,0.0
2026-07-09_21-46-14.mp4,0.0,0.006,0.0,"[0.0039, 0.0086, 0.0223, 0.0062, 0.0015, 0.0033]",0.15,0.0
2026-07-12_12-23-29.mp4,0.0,0.0522,0.5,"[0.0115, 0.0937, 0.119, 0.0767, 0.0376, 0.0267, 0.0219, 0.0249]",0.0,0.0
2026-07-17_09-11-01.mp4,0.0,0.0941,1.0,"[0.0698, 0.1627, 0.0357, 0.1289, 0.2344, 0.055, 0.0423, 0.0431]",0.0,0.0
2026-07-05_10-16-33.mp4,0.0,nan,,[],0.0,0.0
2026-07-22_00-27-17.mp4,0.0,0.0282,0.375,"[0.0051, 0.0022, 0.0594, 0.0267, 0.033, 0.0203, 0.0498, 0.0299]",0.0,0.0
2026-07-15_19-46-12.mp4,0.0,0.0503,0.75,"[0.0385, 0.0964, 0.0789, 0.0482, 0.0249, 0.0365, 0.0273, 0.0522]",0.0,0.0
2026-07-17_13-12-40.mp4,0.0,0.0768,0.75,"[0.0151, 0.0059, 0.1607, 0.2118, 0.0617, 0.0716, 0.0421, 0.0376]",0.0,0.0
2026-07-09_00-53-45.mp4,0.025,0.1143,1.0,"[0.0357, 0.2043, 0.0495, 0.1614, 0.128]",0.0,0.0
2026-07-19_15-51-30.mp4,0.025,0.0663,0.75,"[0.0195, 0.0381, 0.0536, 0.0317, 0.1474, 0.134, 0.083, 0.0123]",0.0,0.0
2026-07-11_07-59-04.mp4,0.0,0.0087,0.0,"[0.0116, 0.0082, 0.0131, 0.0098, 0.0116, 0.0076, 0.0061, 0.0003]",0.0,0.0
2026-07-04_14-38-18.mp4,0.0,0.0078,0.0,"[0.0111, 0.0099, 0.0175, 0.0078, 0.0038, 0.009, 0.0016, 0.0]",0.0,0.0
2026-07-05_02-32-35.mp4,0.0,0.1246,0.8,"[0.1513, 0.7364, 0.0502, 0.0906, 0.0127]",0.0,0.0
2026-07-12_13-44-49.mp4,0.0,0.2321,1.0,"[0.1979, 0.0544, 0.2402, 0.1699, 0.0939, 0.6774, 0.2343]",0.05,0.0
2026-07-02_08-36-00.mp4,0.0,0.0513,0.75,"[0.1144, 0.012, 0.0334, 0.0454]",0.048,0.048
2026-07-04_08-09-35.mp4,0.0,0.0173,0.333,"[0.0329, 0.011, 0.0055]",0.0,0.0
2026-07-04_18-00-15.mp4,0.0,0.0757,0.875,"[0.1326, 0.0606, 0.161, 0.0596, 0.0751, 0.0475, 0.0287, 0.0311]",0.0,0.0
2026-07-06_18-30-24.mp4,0.0,0.0308,0.333,"[0.0074, 0.0376, 0.0267]",0.0,0.0
2026-07-09_20-06-21.mp4,0.0,nan,,[],0.0,0.0
2026-07-23_18-34-57.mp4,0.0,0.0372,0.625,"[0.0406, 0.0447, 0.0442, 0.0599, 0.0378, 0.0182, 0.0224, 0.0278]",0.025,0.025
2026-07-07_19-14-31.mp4,0.0,0.1899,1.0,"[0.7342, 0.0969, 0.1344, 0.0838, 0.0448, 0.1297, 0.1991, 0.073]",0.0,0.0
2026-07-18_15-07-56.mp4,0.025,0.0663,0.875,"[0.0443, 0.1182, 0.0606, 0.021, 0.1034, 0.0702, 0.0718, 0.035]",0.05,0.05
2026-07-02_15-57-57.mp4,0.175,0.1129,0.75,"[0.0, 0.0271, 0.1255, 0.0694, 0.3612, 0.1833, 0.0617, 0.0656]",0.1,0.1
2026-07-25_00-25-28.mp4,0.0,0.0252,0.333,"[0.0204, 0.0384, 0.0586, 0.0039, 0.0075, 0.005]",0.0,0.0
2026-07-05_02-18-59.mp4,0.0,0.0073,0.0,"[0.0072, 0.0026, 0.0121]",0.0,0.0
2026-07-03_06-04-29.mp4,0.075,0.0309,0.375,"[0.0127, 0.0198, 0.052, 0.0525, 0.0298, 0.0254, 0.0235, 0.0322]",0.2,0.2
2026-07-21_00-32-08.mp4,0.0,0.0613,1.0,"[0.0543, 0.0683]",0.0,0.0
2026-07-10_16-33-23.mp4,0.0,0.0266,0.286,"[0.0169, 0.0041, 0.0085, 0.0418, 0.0017, 0.0073, 0.1088]",0.0,0.0
2026-07-26_08-10-46.mp4,0.0,0.0742,0.875,"[0.032, 0.0937, 0.0491, 0.1139, 0.0642, 0.1184, 0.0296, 0.0978]",0.0,0.0
2026-07-03_08-51-15.mp4,0.05,0.0589,0.875,"[0.1111, 0.0405, 0.0324, 0.0368, 0.0087, 0.0729, 0.0689, 0.1097]",0.0,0.0
2026-07-17_09-09-13.mp4,0.0,0.0378,0.75,"[0.0098, 0.0306, 0.0349, 0.0234, 0.0642, 0.0445, 0.0552, 0.0399]",0.0,0.0
2026-07-08_22-00-35.mp4,0.0,0.0496,0.75,"[0.0123, 0.0366, 0.0869, 0.1143]",0.0,0.0
2026-07-25_14-23-07.mp4,0.0,0.0313,0.5,"[0.0311, 0.0138, 0.0442, 0.0437, 0.0432, 0.0227, 0.0276, 0.0222]",0.0,0.0
2026-07-25_07-29-48.mp4,0.0,0.0742,0.5,"[0.1484, 0.0]",0.0,0.0
2026-07-24_13-26-17.mp4,0.0,0.0597,0.857,"[0.0755, 0.0644, 0.0692, 0.0376, 0.0732, 0.0135, 0.0576]",0.0,0.0
2026-07-04_09-26-52.mp4,0.0,0.0263,0.25,"[0.0993, 0.0333, 0.0235, 0.0116, 0.0149, 0.0008, 0.0021, 0.0244]",0.0,0.0
2026-07-03_23-22-16.mp4,0.025,0.1222,1.0,"[0.0311, 0.0477, 0.1186, 0.4045, 0.1353, 0.0989, 0.0748, 0.0524]",0.0,0.0
2026-07-04_21-10-41.mp4,0.0,0.0215,0.0,"[0.0085, 0.0269, 0.0227]",0.0,0.0
2026-07-04_08-37-59.mp4,0.0,0.0361,0.375,"[0.0674, 0.0071, 0.0068, 0.0279, 0.0604, 0.0714, 0.0285, 0.0145]",0.0,0.0
2026-07-04_06-51-42.mp4,0.0,0.0086,0.0,"[0.014, 0.0202, 0.0028, 0.0076, 0.0081, 0.0071, 0.0059, 0.0017]",0.0,0.0
2026-07-25_17-52-59.mp4,0.0,0.0829,0.375,"[0.0057, 0.0043, 0.0031, 0.0248, 0.0108, 0.2884, 0.0695, 0.265]",0.0,0.0
2026-07-04_03-14-31.mp4,0.0,0.01,0.125,"[0.0105, 0.0067, 0.0039, 0.0139, 0.0308, 0.0072, 0.0016, 0.0039]",0.0,0.0
2026-07-07_14-15-33.mp4,0.0,0.1859,1.0,"[0.1636, 0.2432, 0.1823, 0.1697, 0.1425, 0.1552, 0.3895, 0.0407]",0.0,0.0
2026-07-04_11-30-33.mp4,0.0,0.014,0.0,"[0.0161, 0.0118, 0.0121, 0.0241, 0.0102, 0.0161, 0.0115, 0.0089]",0.0,0.0
2026-07-08_02-55-24.mp4,0.0,0.1562,1.0,"[0.1026, 0.0324, 0.1079, 0.2576, 0.4046, 0.1491, 0.1638, 0.1282]",0.0,0.0
2026-07-21_01-14-26.mp4,0.0,0.079,1.0,"[0.0397, 0.0497, 0.0667, 0.0548, 0.1391, 0.0617, 0.0667, 0.1717]",0.0,0.0
2026-07-11_21-09-01.mp4,0.0,0.0404,0.571,"[0.0329, 0.0297, 0.0425, 0.0518, 0.022, 0.0659, 0.0264]",0.0,0.0
2026-07-24_10-47-49.mp4,0.0,0.3567,0.875,"[0.0062, 0.0684, 0.1945, 0.9143, 0.5315, 0.4378, 0.5236, 0.1326]",0.0,0.0
2026-07-15_15-51-38.mp4,0.0,0.0569,0.75,"[0.0568, 0.0448, 0.0246, 0.0869, 0.017, 0.0901, 0.0922, 0.0391]",0.0,0.0
2026-07-08_23-19-22.mp4,0.05,0.1648,0.8,"[0.2067, 0.198, 0.1543, 0.1278, 0.0271]",0.0,0.0
2026-07-15_15-43-56.mp4,0.0,0.052,0.875,"[0.0464, 0.0595, 0.0305, 0.0457, 0.1092, 0.0458, 0.0161, 0.0656]",0.0,0.0
2026-07-02_10-09-37.mp4,0.025,0.0292,0.375,"[0.0442, 0.0478, 0.0397, 0.0229, 0.0214, 0.0196, 0.018, 0.0102]",0.0,0.0
2026-07-17_22-30-06.mp4,0.0,0.0983,0.75,"[0.3912, 0.109, 0.0483, 0.0624, 0.0981, 0.0439, 0.0106, 0.0037]",0.075,0.075
2026-07-03_12-47-43.mp4,0.0,0.0577,0.375,"[0.0076, 0.0203, 0.0852, 0.2061, 0.0607, 0.0263, 0.0279, 0.0201]",0.025,0.0
2026-07-09_00-53-57.mp4,0.0,0.183,0.875,"[0.0774, 0.0233, 0.2614, 0.4615, 0.0685, 0.216, 0.2073, 0.0398]",0.0,0.0
2026-07-08_13-53-19.mp4,0.075,0.217,1.0,"[0.1826, 0.1412, 0.3508, 0.3287, 0.2831, 0.1585, 0.0979, 0.187]",0.025,0.025
2026-07-15_14-42-10.mp4,0.0,0.1527,1.0,"[0.0867, 0.0778, 0.1292, 0.2468, 0.1925, 0.3152, 0.0634, 0.0511]",0.0,0.0
2026-07-18_13-29-03.mp4,0.0,0.0368,0.429,"[0.0531, 0.0438, 0.015, 0.0122, 0.0201, 0.0238, 0.1199]",0.0,0.0
2026-07-04_02-26-22.mp4,0.15,0.077,0.75,"[0.153, 0.1079, 0.1111, 0.0259, 0.0388, 0.0627, 0.0083, 0.1156]",0.0,0.0
2026-07-15_09-12-31.mp4,0.0,0.0822,0.875,"[0.1227, 0.0321, 0.1579, 0.0685, 0.0391, 0.0926, 0.1107, 0.0112]",0.025,0.0
2026-07-02_05-59-45.mp4,0.825,0.0273,0.25,"[0.0327, 0.0291, 0.0228, 0.0375, 0.0297, 0.0274, 0.0252, 0.0109]",0.0,0.0
2026-07-03_13-15-49.mp4,0.125,0.0897,1.0,"[0.0626, 0.0604, 0.0903, 0.2312, 0.0899, 0.0439, 0.0968, 0.0304]",0.0,0.0
2026-07-06_00-40-18.mp4,0.0,0.1016,1.0,"[0.1393, 0.2174, 0.0699, 0.1321, 0.0701, 0.0793, 0.0387, 0.0566]",0.0,0.0
2026-07-17_20-25-39.mp4,0.0,0.0753,0.75,"[0.0286, 0.038, 0.1367, 0.1481, 0.0241, 0.0813, 0.0744, 0.0402]",0.0,0.0
2026-07-13_04-53-37.mp4,0.0,0.0356,0.6,"[0.0269, 0.016, 0.041, 0.0522, 0.0822]",0.0,0.0
2026-07-20_22-51-51.mp4,0.05,0.0929,1.0,"[0.0757, 0.1741, 0.0632, 0.068, 0.0455, 0.088, 0.1801, 0.0378]",0.0,0.0
2026-07-14_14-03-26.mp4,0.0,0.0465,0.625,"[0.0365, 0.0173, 0.0285, 0.0403, 0.0639, 0.1248, 0.0216, 0.0369]",0.0,0.0
2026-07-19_00-21-56.mp4,0.0,1.7209,1.0,[1.7209],0.0,0.0
2026-07-17_03-21-35.mp4,0.0,0.0585,0.875,"[0.0375, 0.0869, 0.0467, 0.0619, 0.0533, 0.0872, 0.0683, 0.0182]",0.0,0.0
2026-07-25_14-21-31.mp4,0.0,0.0309,0.5,"[0.0009, 0.0143, 0.0354, 0.0628, 0.0607, 0.0455, 0.0135, 0.0095]",0.0,0.0
2026-07-12_14-46-48.mp4,0.9,0.0449,0.625,"[0.0495, 0.0429, 0.0448, 0.1014, 0.0261, 0.0181, 0.0506, 0.0214]",0.05,0.05
2026-07-06_20-45-58.mp4,0.0,0.0083,0.0,"[0.0248, 0.0219, 0.0017, 0.0036, 0.0, 0.0031, 0.0033, 0.0124]",0.0,0.0
2026-07-20_11-32-14.mp4,0.0,0.1914,1.0,"[0.1222, 0.2606]",0.025,0.025
2026-07-02_07-03-57.mp4,1.0,0.0191,0.125,"[0.0412, 0.0241, 0.0183, 0.0187, 0.0134, 0.0163, 0.0083, 0.0112]",0.0,0.0
2026-07-22_23-12-51.mp4,0.0,0.1293,1.0,"[0.1079, 0.0784, 0.0712, 0.1766, 0.0611, 0.1747, 0.1576, 0.2263]",0.0,0.0
2026-07-24_13-26-41.mp4,0.0,0.0792,0.875,"[0.0765, 0.0174, 0.0669, 0.0628, 0.0902, 0.1265, 0.0766, 0.1026]",0.0,0.0
2026-07-02_01-04-49.mp4,0.0,0.0093,0.0,"[0.0106, 0.0065, 0.0163]",0.0,0.0
2026-07-11_00-49-05.mp4,0.0,0.0134,0.167,"[0.0388, 0.0171, 0.019, 0.0051, 0.0049, 0.0072]",0.0,0.0
2026-07-02_16-29-15.mp4,0.0,0.0201,0.375,"[0.0362, 0.0056, 0.015, 0.0361, 0.0307, 0.0183, 0.01, 0.006]",0.0,0.0
2026-07-23_22-15-45.mp4,0.0,0.0309,0.714,"[0.0145, 0.0107, 0.0302, 0.0429, 0.0498, 0.0548, 0.0328]",0.0,0.0
2026-07-04_09-51-28.mp4,0.075,0.0345,0.375,"[0.0102, 0.0088, 0.0266, 0.0167, 0.0168, 0.0729, 0.0745, 0.0537]",0.0,0.0
2026-07-12_23-41-30.mp4,0.0,0.1343,0.857,"[0.3619, 0.2846, 0.0306, 0.0385, 0.0235, 0.0363, 0.032]",0.0,0.0
2026-07-11_08-01-04.mp4,0.0,0.0357,0.375,"[0.0525, 0.0165, 0.0321, 0.101, 0.0287, 0.0203, 0.0267, 0.0012]",0.0,0.0
2026-07-17_23-10-42.mp4,0.05,0.2989,1.0,"[0.2945, 0.1859, 0.5824, 0.4456, 0.2721, 0.4404, 0.0411, 0.0873]",0.0,0.0
2026-07-07_00-25-47.mp4,0.9,0.0082,0.0,"[0.0157, 0.0, 0.0025, 0.0013, 0.0172, 0.0151, 0.0088, 0.0043]",0.0,0.0
2026-07-11_05-52-25.mp4,0.0,nan,,[],0.0,0.0
2026-07-22_15-16-13.mp4,0.0,0.042,0.75,"[0.0541, 0.0335, 0.0597, 0.0458, 0.0656, 0.0224, 0.0343, 0.0151]",0.0,0.0
2026-07-02_15-38-27.mp4,0.0,0.0849,1.0,"[0.0367, 0.1335, 0.0558, 0.1101, 0.0968, 0.0447, 0.1345, 0.0873]",0.0,0.0
2026-07-22_20-14-19.mp4,0.0,0.0769,0.875,"[0.0559, 0.1154, 0.1374, 0.1037, 0.0736, 0.0985, 0.0326, 0.0091]",0.0,0.0
2026-07-02_12-30-35.mp4,0.0,0.0154,0.0,"[0.005, 0.0117, 0.0248, 0.0156, 0.0221, 0.0142, 0.0123, 0.0181]",0.0,0.0
2026-07-02_22-50-26.mp4,1.0,0.038,0.667,"[0.0924, 0.0123, 0.0418, 0.0396, 0.0072, 0.0347]",0.839,0.839
2026-07-10_08-02-47.mp4,0.0,0.2881,0.857,"[0.4399, 0.2962, 0.4759, 0.9967, 0.1191, 0.0733, 0.026]",0.0,0.0
2026-07-19_00-12-56.mp4,0.0,0.0772,0.875,"[0.0253, 0.057, 0.0782, 0.0722, 0.1024, 0.0723, 0.1392, 0.0694]",0.0,0.0
2026-07-08_01-05-34.mp4,0.025,0.0708,0.625,"[0.0412, 0.1513, 0.0429, 0.0186, 0.0111, 0.0203, 0.0649, 0.2525]",0.0,0.0
2026-07-21_10-04-50.mp4,0.0,0.0299,0.375,"[0.0097, 0.0197, 0.0318, 0.0062, 0.0044, 0.0497, 0.0118, 0.1266]",0.0,0.0
2026-07-11_01-07-05.mp4,0.0,0.1302,0.5,"[0.1907, 0.0092]",0.0,0.0
2026-07-22_00-42-05.mp4,0.0,0.0804,1.0,"[0.041, 0.0774, 0.1442, 0.0649, 0.1325, 0.0342, 0.056, 0.0732]",0.0,0.0
2026-07-13_13-31-36.mp4,0.0,0.0307,0.2,"[0.017, 0.0745, 0.0102, 0.0112, 0.0285]",0.0,0.0
2026-07-08_23-16-34.mp4,0.425,0.105,1.0,"[0.1287, 0.0907, 0.2646, 0.1001, 0.0802, 0.0726, 0.0428, 0.0784]",0.325,0.325
2026-07-05_18-27-48.mp4,0.025,0.1049,0.625,"[0.1458, 0.3256, 0.0099, 0.0098, 0.0127, 0.2043, 0.0762, 0.0428]",0.0,0.0
2026-07-05_02-41-23.mp4,0.0,0.04,0.625,"[0.0172, 0.0363, 0.036, 0.0755, 0.061, 0.052, 0.0208, 0.0161]",0.0,0.0
2026-07-04_04-25-26.mp4,0.0,0.0374,0.5,"[0.0413, 0.0436, 0.0278, 0.0343, 0.0794, 0.0173, 0.0293, 0.0238]",0.0,0.0
2026-07-07_10-58-29.mp4,0.0,0.1162,0.875,"[0.0138, 0.04, 0.2664, 0.237, 0.1228, 0.087, 0.0826, 0.0707]",0.0,0.0
2026-07-15_09-53-13.mp4,0.0,0.0526,0.875,"[0.0341, 0.0378, 0.0132, 0.0365, 0.0335, 0.1501, 0.0506, 0.0683]",0.0,0.0
2026-07-04_08-15-23.mp4,0.0,0.0432,0.75,"[0.0333, 0.0083, 0.0476, 0.0402, 0.0305, 0.0476, 0.1119, 0.0216]",0.075,0.075
2026-07-12_23-41-06.mp4,0.0,0.0685,0.571,"[0.0191, 0.0232, 0.0347, 0.0295, 0.0959, 0.1381, 0.1132]",0.0,0.0
2026-07-04_09-12-22.mp4,0.0,0.0166,0.125,"[0.0541, 0.0087, 0.0061, 0.0157, 0.0145, 0.0191, 0.0043, 0.0085]",0.0,0.0
2026-07-04_09-30-40.mp4,0.0,0.0488,0.5,"[0.0552, 0.0169, 0.0479, 0.0206, 0.1126, 0.0265]",0.0,0.0
2026-07-24_05-18-58.mp4,0.0,0.2704,1.0,"[0.2919, 0.135, 0.726]",0.0,0.0
2026-07-26_00-10-19.mp4,0.5,0.0805,1.0,"[0.0363, 0.0418, 0.0383, 0.1183, 0.098, 0.1086, 0.0822, 0.1377]",0.0,0.0
2026-07-22_14-16-20.mp4,0.0,0.1457,1.0,"[0.0731, 0.3014, 0.0755, 0.166, 0.1054, 0.0995, 0.2097, 0.1323]",0.0,0.0
2026-07-26_08-03-40.mp4,0.0,0.0477,0.875,"[0.0385, 0.0259, 0.0645, 0.063, 0.0536, 0.0349, 0.0487, 0.0532]",0.0,0.0
2026-07-04_03-47-44.mp4,0.975,0.0155,0.125,"[0.0114, 0.0169, 0.039, 0.0253, 0.0171, 0.0035, 0.0041, 0.0045]",0.05,0.0
2026-07-09_19-03-22.mp4,0.175,0.1852,1.0,"[0.0596, 0.3299, 0.0479, 0.5388, 0.1412, 0.1097, 0.1577, 0.0746]",0.0,0.0
2026-07-21_09-16-39.mp4,0.2,0.3223,0.375,"[0.0411, 1.7702, 0.0088, 0.0102, 0.0191, 0.3881, 0.0204, 0.01]",0.0,0.0
2026-07-23_11-00-38.mp4,0.05,0.0843,0.875,"[0.0625, 0.0254, 0.1161, 0.1768, 0.0492, 0.0709, 0.0956, 0.0765]",0.0,0.0
2026-07-03_12-47-55.mp4,0.0,0.048,0.75,"[0.0657, 0.0159, 0.0372, 0.0902, 0.0614, 0.0413, 0.0204, 0.0532]",0.0,0.0
2026-07-03_12-58-07.mp4,0.2,0.0731,1.0,"[0.0708, 0.0462, 0.1027, 0.1317, 0.086, 0.0666, 0.0413, 0.0306]",0.0,0.0
2026-07-19_17-53-39.mp4,0.175,0.0608,0.625,"[0.0141, 0.0128, 0.0113, 0.0372, 0.1078, 0.0547, 0.1244, 0.1399]",0.0,0.0
2026-07-02_09-01-24.mp4,0.0,0.0362,0.5,"[0.0754, 0.024, 0.025, 0.0428, 0.0139, 0.0524, 0.023, 0.0321]",0.0,0.0
2026-07-10_13-40-26.mp4,0.0,0.0316,0.5,"[0.0125, 0.0305, 0.0147, 0.0504, 0.0316, 0.0651, 0.0152, 0.0252]",0.0,0.0
2026-07-05_19-56-47.mp4,0.0,0.0555,0.167,"[0.0109, 0.0063, 0.0225, 0.0087, 0.0012, 0.377]",0.0,0.0
2026-07-23_05-24-59.mp4,0.0,0.0208,0.125,"[0.0, 0.0033, 0.0, 0.012, 0.1008, 0.0251, 0.0178, 0.009]",0.025,0.0
2026-07-05_01-02-30.mp4,0.0,0.0398,0.5,"[0.0378, 0.0118, 0.0077, 0.022, 0.0198, 0.0617, 0.1147, 0.0432]",0.0,0.0
2026-07-14_13-49-08.mp4,0.0,0.0808,1.0,[0.0808],0.0,0.0
2026-07-05_08-03-16.mp4,0.0,0.007,0.0,"[0.007, 0.0067, 0.0064, 0.0079]",0.0,0.0
2026-07-09_17-22-34.mp4,0.0,0.1093,0.75,"[0.0421, 0.0253, 0.1531, 0.1252]",0.0,0.0
2026-07-02_12-45-59.mp4,0.125,0.0219,0.2,"[0.0214, 0.0234, 0.0493, 0.0218, 0.0112]",0.083,0.0
2026-07-22_23-12-03.mp4,0.0,0.0493,0.625,"[0.0637, 0.0141, 0.0257, 0.0426, 0.085, 0.1146, 0.0333, 0.0065]",0.0,0.0
2026-07-03_06-01-41.mp4,0.0,0.0464,0.75,"[0.0535, 0.0399, 0.0405, 0.0283, 0.0241, 0.055, 0.0516, 0.0861]",0.075,0.075
2026-07-15_09-53-01.mp4,0.0,0.0984,0.75,"[0.059, 0.0107, 0.0075, 0.1895, 0.1194, 0.1321, 0.1729, 0.0958]",0.0,0.0
2026-07-02_16-41-57.mp4,0.0,0.0368,0.25,"[0.0951, 0.0233, 0.0054, 0.0036]",0.0,0.0
2026-07-06_22-01-45.mp4,0.0,0.0228,0.0,[0.0228],0.0,0.0
2026-07-18_21-01-28.mp4,0.0,0.061,0.75,"[0.1795, 0.039, 0.0296, 0.0404, 0.0555, 0.059, 0.0671, 0.007]",0.0,0.0
2026-07-08_02-23-04.mp4,0.3,0.1796,0.875,"[0.0279, 0.1693, 0.1631, 0.3033, 0.1247, 0.0981, 0.2786, 0.2879]",0.025,0.025
2026-07-03_12-52-49.mp4,0.0,0.0411,0.625,"[0.0174, 0.0517, 0.0797, 0.0419, 0.0626, 0.0132, 0.0246, 0.0372]",0.0,0.0
2026-07-04_03-48-08.mp4,1.0,0.0125,0.125,"[0.0304, 0.0126, 0.0065, 0.014, 0.0137, 0.0056, 0.0073, 0.0089]",0.975,0.0
2026-07-17_11-07-12.mp4,0.0,0.1711,1.0,"[0.052, 0.2869, 0.2504, 0.2659, 0.0948, 0.1305, 0.1552, 0.0845]",0.0,0.0
2026-07-23_18-44-03.mp4,0.0,0.0328,0.5,"[0.0081, 0.003, 0.0122, 0.0403, 0.0799, 0.0449, 0.0472, 0.025]",0.025,0.025
2026-07-01_17-57-11.mp4,0.025,0.0786,1.0,"[0.0485, 0.072, 0.086, 0.1461, 0.113, 0.0558, 0.0549, 0.0455]",0.0,0.0
2026-07-17_07-17-02.mp4,0.7,0.0761,1.0,"[0.0438, 0.0456, 0.0478, 0.0656, 0.1082, 0.1071, 0.1149, 0.0912]",0.0,0.0
2026-07-24_05-22-58.mp4,0.0,0.03,0.5,"[0.036, 0.0062]",0.0,0.0
2026-07-23_12-58-25.mp4,0.0,0.0922,0.429,"[0.2325, 0.164, 0.0145, 0.021, 0.0627, 0.0173, 0.0126]",0.0,0.0
2026-07-21_06-12-41.mp4,0.0,0.0737,0.875,"[0.0735, 0.0779, 0.0139, 0.043, 0.1053, 0.2043, 0.0745, 0.0445]",0.0,0.0
2026-07-22_00-27-29.mp4,0.0,0.0389,0.5,"[0.0116, 0.0111, 0.0067, 0.0687, 0.0591, 0.0409, 0.0959, 0.0126]",0.0,0.0
2026-07-04_23-48-03.mp4,0.0,0.0207,0.25,"[0.0184, 0.0372, 0.0485, 0.0078, 0.0108, 0.0059, 0.0247, 0.01]",0.0,0.0
2026-07-23_08-34-16.mp4,0.0,0.0548,1.0,"[0.037, 0.0643, 0.0431, 0.0503, 0.049, 0.1064, 0.0527, 0.055]",0.35,0.325
2026-07-05_04-57-25.mp4,0.0,0.0137,0.0,"[0.0197, 0.0139, 0.0127, 0.0049]",0.0,0.0
2026-07-11_05-00-44.mp4,0.0,0.0451,0.667,"[0.037, 0.0455, 0.0147, 0.0712, 0.0713, 0.0287]",0.0,0.0
2026-07-15_09-07-19.mp4,0.0,0.0808,0.875,"[0.0199, 0.0875, 0.0933, 0.1275, 0.0883, 0.1261, 0.058, 0.0371]",0.0,0.0
2026-07-10_10-06-22.mp4,0.0,0.3869,0.875,"[0.2085, 0.9308, 0.3882, 0.9226, 0.2158, 0.0392, 0.018, 0.6362]",0.0,0.0
2026-07-21_00-57-44.mp4,0.0,0.0365,0.625,"[0.0677, 0.0097, 0.0334, 0.0199, 0.0591, 0.01, 0.0559, 0.0366]",0.0,0.0
2026-07-02_14-34-16.mp4,0.0,0.1589,1.0,"[0.1452, 0.0896, 0.1225, 0.1452, 0.3679, 0.1322, 0.1693, 0.0847]",0.0,0.0
2026-07-14_05-46-31.mp4,0.0,0.0357,0.875,"[0.0317, 0.0434, 0.0334, 0.0259, 0.0352, 0.0346, 0.0322, 0.0527]",0.0,0.0
2026-07-26_01-35-48.mp4,0.0,0.0506,0.625,"[0.1301, 0.0575, 0.074, 0.04, 0.0818, 0.0177, 0.0095, 0.0]",0.0,0.0
2026-07-25_19-42-40.mp4,0.0,0.0416,0.625,"[0.0502, 0.0385, 0.0754, 0.0165, 0.0231, 0.0368, 0.066, 0.0229]",0.0,0.0
2026-07-08_15-51-47.mp4,0.0,0.3554,1.0,"[0.4488, 0.8136, 0.2787, 0.1663, 0.1229, 0.093, 0.1495, 0.5016]",0.0,0.0
2026-07-04_08-28-47.mp4,0.0,0.0703,0.75,"[0.2357, 0.0324, 0.0387, 0.0313, 0.0184, 0.0161, 0.1179, 0.0721]",0.15,0.15
2026-07-06_18-33-11.mp4,0.425,0.0179,0.25,"[0.0314, 0.0191, 0.0258, 0.0066, 0.0049, 0.0029, 0.0236, 0.0321]",0.0,0.0
2026-07-11_01-12-35.mp4,0.0,0.0038,0.0,"[0.0077, 0.0, 0.0026, 0.0046, 0.0, 0.0093, 0.0]",0.0,0.0
2026-07-10_22-28-42.mp4,0.15,0.1234,1.0,"[0.0666, 0.1146, 0.1554, 0.4859, 0.0604, 0.0742, 0.0366, 0.0928]",0.0,0.0
2026-07-05_11-01-27.mp4,0.0,0.1625,0.875,"[0.0494, 0.0872, 0.1875, 0.2181, 0.3612, 0.1952, 0.067, 0.021]",0.0,0.0
2026-07-06_20-16-22.mp4,0.0,0.0039,0.0,"[0.0054, 0.0101, 0.0039, 0.0027, 0.0075, 0.0022, 0.0011, 0.0]",0.0,0.0
2026-07-04_23-49-21.mp4,0.0,0.0846,1.0,"[0.0454, 0.0506, 0.0676, 0.0397, 0.1683, 0.1792, 0.0629, 0.0573]",0.0,0.0
2026-07-05_05-42-59.mp4,0.0,0.0418,0.75,"[0.0428, 0.0386, 0.0145, 0.042, 0.0466, 0.0802, 0.0672, 0.01]",0.0,0.0
2026-07-24_16-32-21.mp4,0.0,0.1526,0.75,"[0.0964, 0.0992, 0.1377, 0.0577, 0.4541, 0.3023, 0.0238, 0.0235]",0.1,0.1
2026-07-04_00-51-41.mp4,0.0,0.0606,0.875,"[0.1157, 0.0097, 0.0505, 0.077, 0.0566, 0.0801, 0.0646, 0.0446]",0.0,0.0
2026-07-15_13-06-17.mp4,0.0,0.0946,1.0,"[0.1286, 0.0735, 0.078, 0.0561]",0.0,0.0
2026-07-26_02-34-00.mp4,0.0,0.0476,0.875,"[0.0333, 0.0691, 0.0044, 0.168, 0.0706, 0.0489, 0.0308, 0.0369]",0.0,0.0
2026-07-06_19-46-17.mp4,0.0,0.0062,0.0,"[0.008, 0.0015, 0.0047, 0.0079, 0.0091, 0.0057, 0.0105, 0.0014]",0.0,0.0
2026-07-01_17-45-05.mp4,0.0,0.0981,1.0,"[0.0753, 0.0932, 0.0441, 0.1746, 0.1426, 0.1286, 0.0597, 0.059]",0.0,0.0
2026-07-05_00-30-42.mp4,0.0,0.0705,1.0,"[0.0338, 0.06, 0.1003, 0.0993]",0.0,0.0
2026-07-06_18-01-06.mp4,0.2,0.0718,1.0,"[0.1148, 0.0814, 0.0576, 0.082, 0.0679, 0.0528, 0.0559, 0.0918]",0.0,0.0
2026-07-11_18-49-09.mp4,0.0,0.0831,1.0,"[0.2444, 0.0509, 0.0662, 0.1032, 0.0566, 0.0458, 0.0472, 0.0345]",0.0,0.0
2026-07-06_22-48-39.mp4,0.0,0.0,0.0,"[0.0, 0.0]",0.0,0.0
2026-07-02_23-44-19.mp4,0.0,0.013,0.0,"[0.0158, 0.0066, 0.0133, 0.0298, 0.0042]",0.0,0.0
2026-07-04_10-25-33.mp4,0.0,0.023,0.25,"[0.0205, 0.0432, 0.0249, 0.0423, 0.0219, 0.0117, 0.0098, 0.0065]",0.0,0.0
2026-07-18_13-27-03.mp4,0.0,0.0763,0.75,"[0.1574, 0.0712, 0.1309, 0.0522, 0.0848, 0.119, 0.0123, 0.0041]",0.0,0.0
2026-07-22_15-14-37.mp4,0.05,0.1017,0.875,"[0.0827, 0.1701, 0.0784, 0.1185, 0.1872, 0.1044, 0.0229, 0.0369]",0.0,0.0
2026-07-22_08-55-11.mp4,0.0,0.0396,0.625,"[0.0248, 0.0356, 0.0295, 0.0355, 0.0858, 0.0332, 0.0168, 0.0539]",0.0,0.0
2026-07-02_16-39-15.mp4,0.0,0.0332,0.75,"[0.0256, 0.0311, 0.0345, 0.0539]",0.0,0.0
2026-07-20_22-52-03.mp4,0.0,0.0623,0.875,"[0.0758, 0.0736, 0.0235, 0.0664, 0.0851, 0.0804, 0.0655, 0.0423]",0.0,0.0
2026-07-05_15-46-22.mp4,0.0,0.0121,0.0,"[0.0125, 0.0134, 0.011, 0.0112, 0.0118]",0.0,0.0
2026-07-24_13-28-59.mp4,0.0,0.118,1.0,"[0.0707, 0.0862, 0.182, 0.0864, 0.0943, 0.1022, 0.2857, 0.0542]",0.0,0.0
2026-07-03_13-57-54.mp4,0.25,0.0174,0.125,"[0.0217, 0.0155, 0.0077, 0.0361, 0.0199, 0.0211, 0.0083, 0.007]",0.0,0.0
2026-07-04_00-56-53.mp4,0.0,0.0391,0.714,"[0.0487, 0.0425, 0.0482, 0.0181, 0.0611, 0.0215, 0.0346]",0.0,0.0
2026-07-25_07-37-12.mp4,0.0,0.0677,1.0,"[0.0788, 0.04, 0.1285]",0.0,0.0
2026-07-02_03-31-04.mp4,0.425,0.0331,0.25,"[0.0187, 0.0215, 0.0138, 0.0254, 0.0282, 0.0555, 0.0756, 0.0247]",0.0,0.0
2026-07-22_02-31-16.mp4,0.0,0.0273,0.5,"[0.0375, 0.0103]",0.0,0.0
2026-07-18_15-24-26.mp4,0.0,0.0632,0.625,"[0.0111, 0.0105, 0.0167, 0.1401, 0.1446, 0.0441, 0.0738, 0.1191]",0.35,0.0
2026-07-16_03-53-25.mp4,0.0,0.026,0.5,"[0.0011, 0.0021, 0.0032, 0.0373, 0.0622, 0.029, 0.039, 0.0442]",0.0,0.0
2026-07-02_01-11-31.mp4,0.025,0.0539,0.375,"[0.0097, 0.0123, 0.009, 0.0026, 0.0253, 0.0516, 0.1867, 0.1342]",0.025,0.025
2026-07-04_03-14-55.mp4,0.0,0.0062,0.0,"[0.0109, 0.0063, 0.0015]",0.0,0.0
2026-07-05_05-45-11.mp4,0.0,0.0367,0.571,"[0.0372, 0.0715, 0.0228, 0.0419, 0.0427, 0.0195, 0.0126]",0.0,0.0
2026-07-06_18-28-42.mp4,0.222,0.094,1.0,"[0.0459, 0.1002, 0.2048]",0.0,0.0
2026-07-05_09-22-45.mp4,0.0,0.0717,1.0,"[0.1838, 0.0499, 0.0562, 0.0547, 0.0468, 0.0545, 0.0532, 0.0748]",0.0,0.0
2026-07-05_17-33-36.mp4,0.0,0.0538,0.75,"[0.0741, 0.1195, 0.08, 0.0179, 0.0178, 0.0793, 0.0358, 0.0525]",0.0,0.0
2026-07-18_07-24-49.mp4,0.0,0.0408,0.625,"[0.0699, 0.0701, 0.0239, 0.0399, 0.0445, 0.0122, 0.0359, 0.0273]",0.0,0.0
2026-07-08_00-05-17.mp4,0.0,0.6929,1.0,"[0.5217, 0.0936, 0.052, 0.5218, 0.3699, 1.9997, 0.9682, 0.7973]",0.0,0.0
2026-07-10_12-23-27.mp4,0.0,0.0522,0.375,"[0.0129, 0.0112, 0.0176, 0.206, 0.1547, 0.0513, 0.0215, 0.0124]",0.0,0.0
2026-07-08_20-25-44.mp4,0.0,0.1336,1.0,"[0.1048, 0.0948, 0.2197, 0.2278, 0.0313, 0.108, 0.124, 0.233]",0.0,0.0
2026-07-02_18-06-44.mp4,0.0,0.0454,0.625,"[0.0399, 0.0515, 0.0953, 0.0981, 0.0317, 0.0137, 0.0145, 0.0117]",0.0,0.0
2026-07-15_23-34-39.mp4,0.4,0.1681,1.0,"[0.1422, 0.1734, 0.2575, 0.1311, 0.1507, 0.1208, 0.2242, 0.1388]",0.4,0.35
2026-07-02_04-22-51.mp4,0.0,0.0425,0.25,"[0.0129, 0.0075, 0.0067, 0.1948, 0.0265, 0.0157, 0.0299, 0.0469]",0.0,0.0
2026-07-10_22-28-54.mp4,0.0,0.0513,0.75,"[0.07, 0.0449, 0.0153, 0.0279, 0.0532, 0.074, 0.0533, 0.0767]",0.0,0.0
2026-07-03_12-39-01.mp4,0.0,0.0476,0.143,"[0.006, 0.0086, 0.011, 0.012, 0.1465, 0.0223, 0.0271]",0.0,0.0
2026-07-11_17-51-35.mp4,0.0,0.0197,0.5,"[0.0071, 0.0408]",0.0,0.0
2026-07-02_14-34-40.mp4,0.0,0.1834,1.0,"[0.1101, 0.4391, 0.0806, 0.1961, 0.1935, 0.1428, 0.1121]",0.0,0.0
2026-07-05_17-30-24.mp4,0.0,0.3696,0.875,"[0.0145, 0.0328, 0.1093, 1.1663, 0.4428, 0.5035, 0.4266, 0.2625]",0.0,0.0
2026-07-23_00-51-56.mp4,0.0,0.117,1.0,"[0.1529, 0.1328, 0.1142, 0.0705, 0.1857, 0.0376, 0.1324, 0.108]",0.0,0.0
2026-07-06_23-33-36.mp4,0.0,0.1501,0.625,"[0.5307, 0.7631, 0.0062, 0.1966, 0.0694, 0.0475, 0.0169, 0.0129]",0.375,0.025
2026-07-12_15-03-42.mp4,0.025,0.0655,0.875,"[0.0579, 0.0522, 0.0242, 0.0416, 0.0539, 0.1835, 0.0504, 0.0454]",0.0,0.0
2026-07-23_16-59-34.mp4,0.0,0.0273,0.2,"[0.0537, 0.024, 0.0223, 0.0255, 0.0147]",0.0,0.0
2026-07-15_23-39-39.mp4,0.6,0.0918,0.875,"[0.1428, 0.1908, 0.1178, 0.08, 0.0829, 0.046, 0.0252, 0.0377]",0.6,0.6
2026-07-20_12-31-49.mp4,0.075,0.0615,0.875,"[0.0171, 0.0617, 0.04, 0.062, 0.0657, 0.0744, 0.059, 0.1247]",0.0,0.0
2026-07-06_18-03-18.mp4,0.85,0.016,0.125,"[0.0198, 0.0076, 0.0078, 0.0449, 0.0273, 0.0105, 0.0053, 0.0019]",0.0,0.0
2026-07-06_20-18-52.mp4,0.0,0.0054,0.0,"[0.0081, 0.0056, 0.0032, 0.0076, 0.0015]",0.0,0.0
2026-07-10_14-23-01.mp4,0.0,0.1452,0.625,"[0.0125, 0.0082, 0.0215, 0.3341, 0.0357, 0.08, 0.3164, 0.4047]",0.0,0.0
2026-07-08_02-20-28.mp4,0.0,0.097,1.0,"[0.0432, 0.166, 0.0744, 0.1313, 0.0977, 0.0632]",0.0,0.0
2026-07-11_05-04-44.mp4,0.0,nan,,[],0.0,0.0
2026-07-10_03-52-50.mp4,0.0,nan,,[],0.0,0.0
2026-07-04_09-37-04.mp4,0.0,0.0399,0.5,"[0.105, 0.0627, 0.0026, 0.0174, 0.0067, 0.0162, 0.0787, 0.0308]",0.0,0.0
2026-07-25_01-28-45.mp4,0.0,0.0377,0.571,"[0.0381, 0.0136, 0.0288, 0.0185, 0.0414, 0.066, 0.0344]",0.0,0.0
2026-07-08_20-20-32.mp4,0.075,0.1218,0.857,"[0.0151, 0.1608, 0.1371, 0.2202, 0.1131, 0.0995, 0.1022]",0.125,0.125
2026-07-04_07-12-41.mp4,0.0,0.0401,0.875,"[0.041, 0.0454, 0.0325, 0.0459, 0.0332, 0.047, 0.0227, 0.0564]",0.0,0.0
2026-07-15_22-30-31.mp4,0.0,0.0297,0.5,"[0.0375, 0.0518, 0.036, 0.0105, 0.0165, 0.0252, 0.0322, 0.0277]",0.0,0.0
2026-07-04_10-39-52.mp4,0.0,0.245,0.875,"[0.2022, 0.2348, 0.1691, 1.2538, 0.0538, 0.0805, 0.0672, 0.0262]",0.0,0.0
2026-07-17_20-40-39.mp4,0.0,0.1128,1.0,"[0.0574, 0.0562, 0.0984, 0.1229, 0.2225, 0.0878, 0.1525, 0.1054]",0.0,0.0
2026-07-05_02-22-29.mp4,0.0,0.142,1.0,"[0.0613, 0.0375, 0.1126, 0.4103]",0.0,0.0
2026-07-03_03-53-23.mp4,0.0,0.1254,0.875,"[0.0663, 0.0247, 0.0858, 0.1708, 0.2353, 0.1934, 0.1027, 0.1236]",0.0,0.0
2026-07-05_04-54-13.mp4,0.0,0.0606,0.857,"[0.0128, 0.0406, 0.1009, 0.0931, 0.043, 0.0579, 0.0349]",0.025,0.0
2026-07-24_05-24-10.mp4,0.0,0.0841,0.6,"[0.0261, 0.017, 0.0501, 0.2502, 0.0311]",0.0,0.0
2026-07-17_12-07-41.mp4,0.0,0.0891,0.625,"[0.019, 0.0134, 0.024, 0.0497, 0.0863, 0.3379, 0.0734, 0.079]",0.0,0.0
2026-07-21_01-31-56.mp4,0.125,0.0802,1.0,"[0.1532, 0.1078, 0.0649, 0.047, 0.0355, 0.0649, 0.1042, 0.0596]",0.0,0.0
2026-07-09_03-04-37.mp4,0.25,0.1017,0.8,"[0.0736, 0.0412, 0.2361, 0.0634, 0.0038]",0.0,0.0
2026-07-10_18-13-08.mp4,0.0,0.0079,0.0,"[0.0142, 0.007, 0.005, 0.0071, 0.0079, 0.0035, 0.0027, 0.0177]",0.0,0.0
2026-07-22_20-57-42.mp4,0.25,0.3503,0.75,"[0.0119, 0.0204, 0.2074, 0.539, 0.6308, 0.2997, 0.4889, 0.6428]",0.275,0.275
2026-07-02_23-37-25.mp4,0.85,0.0948,0.375,"[0.2971, 0.022, 0.304, 0.0585, 0.0297, 0.0128, 0.0077, 0.0094]",0.05,0.05
2026-07-11_15-45-16.mp4,0.0,0.1352,1.0,"[0.1556, 0.098, 0.0829, 0.1191, 0.157, 0.0748, 0.2132, 0.2251]",0.0,0.0
2026-07-02_22-03-08.mp4,0.654,0.0409,0.6,"[0.0565, 0.0723, 0.0322, 0.0175, 0.0261]",0.0,0.0
2026-07-21_12-23-19.mp4,0.0,0.0525,0.75,"[0.0148, 0.0842, 0.0504, 0.052, 0.0325, 0.0739, 0.0817, 0.0254]",0.0,0.0
2026-07-08_02-24-52.mp4,0.025,0.0531,1.0,"[0.0485, 0.0438, 0.035, 0.0425, 0.0517, 0.0465, 0.0455, 0.1263]",0.0,0.0
2026-07-04_07-03-56.mp4,0.0,0.0048,0.0,"[0.0036, 0.003, 0.0049, 0.0016, 0.0056, 0.0023, 0.0142]",0.0,0.0
2026-07-01_15-57-46.mp4,0.0,0.0808,0.75,"[0.0223, 0.0132, 0.052, 0.1509, 0.1442, 0.0789, 0.0469, 0.1522]",0.0,0.0
2026-07-02_04-18-21.mp4,0.375,0.0357,0.625,"[0.0217, 0.0265, 0.0224, 0.0442, 0.0369, 0.0399, 0.0622, 0.0313]",0.0,0.0
2026-07-02_09-01-48.mp4,0.275,0.145,0.75,"[0.2121, 0.5401, 0.0164, 0.0712, 0.0276, 0.0802, 0.158, 0.0322]",0.3,0.3
2026-07-20_22-58-27.mp4,0.0,0.0795,0.875,"[0.0264, 0.0584, 0.0791, 0.0613, 0.0774, 0.1671, 0.0703, 0.1]",0.0,0.0
2026-07-18_15-05-08.mp4,0.0,0.0589,0.875,"[0.0619, 0.0226, 0.0311, 0.0521, 0.0665, 0.0605, 0.1227, 0.0523]",0.0,0.0
2026-07-03_12-43-49.mp4,0.0,0.0098,0.0,"[0.0014, 0.0038, 0.0196, 0.0244, 0.0084, 0.0052, 0.0022]",0.0,0.0
2026-07-23_00-46-50.mp4,0.0,0.1196,0.75,"[0.047, 0.0215, 0.0276, 0.0623, 0.0322, 0.0511, 0.291, 0.4999]",0.0,0.0
2026-07-04_08-57-46.mp4,0.0,0.0411,0.625,"[0.1029, 0.031, 0.0133, 0.0377, 0.0138, 0.0457, 0.0597, 0.0]",0.0,0.0
2026-07-11_17-41-24.mp4,0.0,0.1003,0.375,"[0.0048, 0.0116, 0.0099, 0.0072, 0.578, 0.0232, 0.0408, 0.1052]",0.0,0.0
2026-07-07_17-25-13.mp4,0.0,0.1261,1.0,"[0.0904, 0.0996, 0.0931, 0.0596, 0.2456, 0.1024, 0.1537, 0.1742]",0.0,0.0
2026-07-04_03-51-44.mp4,0.875,0.0271,0.25,"[0.0171, 0.0271, 0.0224, 0.0208, 0.0426, 0.0244, 0.0445, 0.0159]",0.5,0.0
2026-07-12_11-48-06.mp4,0.0,0.0197,0.0,"[0.0127, 0.0215]",0.0,0.0
2026-07-05_04-36-13.mp4,0.0,0.0386,0.5,"[0.0379, 0.0705, 0.0213, 0.0104, 0.0127, 0.0225, 0.0736, 0.065]",0.0,0.0
2026-07-06_20-46-34.mp4,0.0,0.0045,0.0,"[0.0068, 0.0026, 0.0031, 0.0057, 0.0043]",0.0,0.0
2026-07-25_03-51-20.mp4,0.0,0.0298,0.375,"[0.0725, 0.0277, 0.0314, 0.0182, 0.0476, 0.0175, 0.0237, 0.0156]",0.0,0.0
2026-07-07_11-15-23.mp4,0.0,0.0896,0.6,"[0.0698, 0.2259, 0.0509, 0.0238, 0.0198]",0.0,0.0
2026-07-05_15-23-46.mp4,0.0,0.0256,0.5,"[0.0332, 0.0329, 0.0273, 0.0093, 0.0173, 0.0211, 0.0301, 0.0318]",0.0,0.0
2026-07-02_18-28-20.mp4,0.1,0.0719,0.75,"[0.0968, 0.1413, 0.1145, 0.0623, 0.012, 0.0151, 0.0599, 0.0737]",0.0,0.0
2026-07-25_01-37-09.mp4,0.0,0.0172,0.0,"[0.015, 0.0212, 0.0084]",0.0,0.0
2026-07-08_17-03-35.mp4,0.25,0.2234,1.0,"[0.332, 0.5438, 0.2266, 0.2372, 0.1942, 0.121, 0.0376, 0.063]",0.05,0.05
2026-07-14_14-22-08.mp4,0.0,0.0497,0.75,"[0.0296, 0.0498, 0.0936, 0.0243, 0.0519, 0.0383, 0.0676, 0.0312]",0.0,0.0
2026-07-23_16-32-29.mp4,0.0,0.0399,1.0,[0.0399],0.0,0.0
2026-07-05_05-39-11.mp4,0.0,0.037,0.667,"[0.0662, 0.0283, 0.0331, 0.0364, 0.0537, 0.0076]",0.0,0.0
2026-07-04_23-44-21.mp4,0.0,0.0578,1.0,"[0.0468, 0.0518, 0.0429, 0.0489, 0.084, 0.1067, 0.0371, 0.0411]",0.0,0.0
2026-07-10_21-55-31.mp4,0.325,0.0968,0.875,"[0.0328, 0.0981, 0.0943, 0.1077, 0.1477, 0.208, 0.0601, 0.0083]",0.0,0.0
2026-07-08_14-16-12.mp4,0.025,0.1967,0.875,"[0.0295, 0.0653, 0.5721, 0.266, 0.2041, 0.0822, 0.0372, 0.3479]",0.0,0.0
2026-07-01_18-46-26.mp4,0.225,0.0746,1.0,"[0.0758, 0.0503, 0.0564, 0.064, 0.0578, 0.1574, 0.0837, 0.0897]",0.0,0.0
2026-07-26_08-01-28.mp4,0.025,0.0586,1.0,"[0.0401, 0.0559, 0.0354, 0.0395, 0.069, 0.0745, 0.0783, 0.0811]",0.0,0.0
2026-07-03_14-21-24.mp4,0.2,0.0196,0.25,"[0.0171, 0.0067, 0.0021, 0.0054, 0.0182, 0.0542, 0.0207, 0.0351]",0.0,0.0
2026-07-15_10-56-00.mp4,0.0,0.0628,1.0,"[0.0519, 0.0544, 0.0687, 0.0755, 0.0748, 0.0814, 0.033]",0.0,0.0
2026-07-15_18-19-55.mp4,0.0,0.0451,0.4,"[0.0174, 0.0198, 0.015, 0.1572, 0.1245]",0.0,0.0
2026-07-20_11-35-38.mp4,0.0,0.1208,1.0,"[0.046, 0.0917, 0.1571, 0.2324]",0.0,0.0
2026-07-09_00-18-09.mp4,0.0,0.0569,0.75,"[0.0335, 0.1549, 0.0085, 0.0558]",0.0,0.0
2026-07-02_02-11-04.mp4,0.15,0.0458,0.5,"[0.1316, 0.1082, 0.051, 0.0313, 0.0226, 0.0072, 0.0026, 0.0037]",0.0,0.0
2026-07-26_00-13-13.mp4,0.425,0.0659,1.0,"[0.045, 0.0526, 0.053, 0.0492, 0.0846, 0.0797, 0.0784, 0.0794]",0.2,0.0
2026-07-09_17-33-59.mp4,0.0,0.0594,0.5,"[0.0098, 0.0194, 0.0191, 0.0571, 0.1133, 0.023, 0.0911, 0.1629]",0.25,0.0
2026-06-30_22-44-07.mp4,0.375,0.0834,1.0,"[0.085, 0.1667, 0.1073, 0.1089, 0.0697, 0.0394, 0.0426, 0.0384]",0.0,0.0
2026-07-26_04-09-23.mp4,0.0,0.084,1.0,"[0.0602, 0.085, 0.0571, 0.1118, 0.0761, 0.1848, 0.0484, 0.0395]",0.0,0.0
2026-07-05_15-42-34.mp4,0.0,0.0126,0.0,"[0.0106, 0.0145]",0.0,0.0
2026-07-01_00-38-16.mp4,0.375,0.0497,0.5,"[0.0311, 0.0958, 0.0745, 0.1001, 0.0296, 0.023, 0.0168, 0.0208]",0.7,0.7
2026-07-02_22-49-50.mp4,0.95,0.0592,0.375,"[0.075, 0.0222, 0.0262, 0.1695, 0.1347, 0.0192, 0.01, 0.0064]",0.6,0.6
2026-07-04_11-17-33.mp4,0.0,0.0321,0.571,"[0.0462, 0.0237, 0.0195, 0.0443, 0.0321, 0.0214, 0.0322]",0.0,0.0
2026-07-04_03-22-25.mp4,0.0,0.0105,0.0,"[0.0157, 0.0194, 0.0112, 0.0071, 0.009, 0.0132, 0.0064, 0.0]",0.0,0.0
2026-07-24_09-02-50.mp4,0.0,0.2235,0.833,"[0.0081, 0.0957, 0.4332, 0.137, 0.1332, 0.4843]",0.0,0.0
2026-07-24_09-03-02.mp4,0.0,0.2401,1.0,"[0.148, 0.1432, 0.2028, 0.1927, 0.5915, 0.218, 0.1586]",0.0,0.0
2026-07-22_13-39-26.mp4,0.0,0.0466,0.5,"[0.0116, 0.0229, 0.0283, 0.0219, 0.057, 0.0753, 0.0595, 0.1092]",0.0,0.0
2026-07-10_09-17-23.mp4,0.0,0.0132,0.0,"[0.0198, 0.0119, 0.0054]",0.0,0.0
2026-07-03_03-46-17.mp4,0.175,0.032,0.5,"[0.0343, 0.0225, 0.0393, 0.0168, 0.0185, 0.0092, 0.037, 0.0899]",0.775,0.775
2026-07-06_18-31-59.mp4,0.05,0.1317,0.75,"[0.3597, 0.02, 0.0378, 0.0407]",0.0,0.0
2026-07-21_12-45-01.mp4,0.0,0.06,0.75,"[0.0635, 0.0221, 0.0206, 0.0457, 0.0496, 0.2147, 0.0679, 0.0569]",0.0,0.0
2026-07-22_02-10-16.mp4,0.0,0.0998,1.0,"[0.0594, 0.0472, 0.1018, 0.1453, 0.036, 0.0908, 0.2961, 0.1053]",0.0,0.0
2026-07-18_15-18-32.mp4,0.0,0.0928,0.875,"[0.0263, 0.1324, 0.131, 0.1218, 0.1012, 0.058, 0.1031, 0.0814]",0.0,0.0
2026-07-11_02-10-28.mp4,0.05,0.0213,0.125,"[0.03, 0.0205, 0.0117, 0.0169, 0.0205, 0.0416, 0.0093, 0.0197]",0.05,0.0
2026-07-06_17-44-30.mp4,0.103,0.0972,0.833,"[0.0527, 0.1293, 0.0577, 0.0658, 0.2316, 0.0121]",0.0,0.0
2026-07-05_03-43-46.mp4,0.05,0.111,1.0,"[0.0313, 0.0483, 0.0976, 0.1301, 0.1084, 0.1331, 0.142, 0.2185]",0.0,0.0
2026-07-23_12-59-43.mp4,0.0,0.0547,0.75,"[0.0849, 0.0185, 0.0313, 0.107, 0.0634, 0.0579, 0.0223, 0.0309]",0.0,0.0
2026-07-05_01-05-54.mp4,0.0,nan,,[],0.0,0.0
2026-07-24_03-36-59.mp4,0.0,0.1455,1.0,"[0.1542, 0.4112, 0.1199, 0.0724, 0.0364, 0.0992]",0.0,0.0
2026-07-05_17-35-24.mp4,0.0,nan,,[],0.0,0.0
2026-06-30_18-59-11.mp4,0.175,0.0791,1.0,"[0.0496, 0.0557, 0.1624, 0.0684, 0.0936, 0.049, 0.0681, 0.0875]",0.2,0.175
2026-07-06_21-23-34.mp4,0.0,0.016,0.0,"[0.0214, 0.0132, 0.0159, 0.0108]",0.0,0.0
2026-07-25_14-25-49.mp4,0.0,0.0582,0.875,"[0.0341, 0.0246, 0.0649, 0.1233, 0.0693, 0.0565, 0.0457, 0.0448]",0.0,0.0
2026-07-04_09-40-16.mp4,0.0,0.0808,0.875,"[0.2064, 0.1055, 0.0587, 0.0364, 0.1404, 0.016, 0.1211, 0.0348]",0.0,0.0
2026-07-16_10-19-15.mp4,0.075,0.2483,1.0,"[0.1439, 0.6057, 0.1604, 0.2929, 0.2856, 0.119, 0.2868, 0.2315]",0.0,0.0
2026-07-10_00-37-46.mp4,0.0,0.1107,0.5,"[0.144, 0.0107]",0.0,0.0
2026-07-24_09-47-07.mp4,0.0,0.0651,1.0,"[0.0333, 0.0371, 0.036, 0.0559, 0.073, 0.1679, 0.0584, 0.0573]",0.0,0.0
2026-07-07_19-27-13.mp4,0.0,0.1523,0.833,"[0.0192, 0.1481, 0.1016, 0.1016, 0.3374, 0.0469]",0.0,0.0
2026-07-25_17-15-12.mp4,0.0,0.0718,0.875,"[0.0852, 0.1578, 0.0454, 0.0724, 0.0436, 0.0703, 0.0893, 0.0022]",0.0,0.0
2026-07-22_02-23-34.mp4,0.0,0.134,1.0,"[0.204, 0.0677, 0.1169, 0.0691, 0.0566, 0.3682]",0.0,0.0
2026-07-24_11-44-18.mp4,0.0,0.0194,0.0,"[0.0273, 0.0188, 0.02, 0.0146, 0.0176]",0.0,0.0
2026-07-04_07-55-35.mp4,0.0,0.0891,0.25,"[0.014, 0.0048, 0.0186, 0.2704]",0.0,0.0
2026-07-04_14-49-00.mp4,0.45,0.049,0.5,"[0.0226, 0.018, 0.0554, 0.083, 0.0137, 0.0284, 0.0766, 0.1058]",0.0,0.0
2026-07-04_09-26-16.mp4,0.0,0.0994,0.833,"[0.0575, 0.1774, 0.1267, 0.2327, 0.0051, 0.0307]",0.0,0.0
2026-07-25_13-48-14.mp4,0.0,0.0274,0.5,"[0.0198, 0.0369]",0.0,0.0
2026-07-25_11-37-51.mp4,0.0,0.1083,0.857,"[0.0627, 0.0519, 0.042, 0.3488, 0.0212, 0.2307, 0.1376]",0.0,0.0
2026-07-25_09-12-53.mp4,0.0,0.0361,0.4,"[0.0018, 0.0562, 0.0812, 0.0212, 0.0199]",0.0,0.0
2026-07-18_15-10-56.mp4,0.0,0.1122,1.0,"[0.0836, 0.0572, 0.0591, 0.0961, 0.1434, 0.2147, 0.0818, 0.1747]",0.0,0.0
2026-07-05_04-53-13.mp4,0.0,0.1262,0.875,"[0.1913, 0.1963, 0.1457, 0.096, 0.0224, 0.133, 0.1457, 0.0644]",0.0,0.0
2026-07-26_01-52-48.mp4,0.0,0.0573,0.875,"[0.0412, 0.0544, 0.0138, 0.0684, 0.073, 0.0684, 0.0771, 0.0525]",0.0,0.0
2026-07-20_19-33-23.mp4,0.15,0.099,1.0,"[0.1172, 0.1045, 0.1701, 0.0941, 0.0839, 0.0819, 0.0391, 0.1021]",0.275,0.0
2026-07-12_11-52-00.mp4,0.0,0.1351,0.75,"[0.2552, 0.1193, 0.0211, 0.0374]",0.0,0.0
2026-07-07_11-27-59.mp4,0.0,0.0289,0.0,[0.0289],0.0,0.0
2026-07-08_00-55-53.mp4,0.025,0.0483,0.625,"[0.0149, 0.0833, 0.0581, 0.0201, 0.0967, 0.0434, 0.0447, 0.0191]",0.0,0.0
2026-07-05_09-26-45.mp4,0.0,0.1753,1.0,"[0.5809, 0.2191, 0.0743, 0.0888, 0.0517, 0.1009, 0.2078, 0.0547]",0.0,0.0
2026-07-15_14-59-10.mp4,0.0,0.1042,1.0,"[0.0736, 0.0316, 0.0966, 0.0363, 0.1788, 0.2966, 0.1088, 0.068]",0.05,0.05
2026-07-21_00-52-44.mp4,0.0,0.0504,0.857,"[0.0901, 0.0427, 0.0113, 0.0409, 0.0485, 0.0521, 0.0335]",0.0,0.0
2026-07-04_09-54-10.mp4,0.0,0.1631,1.0,"[0.1146, 0.0898, 0.0988, 0.1407, 0.1842, 0.13, 0.3998, 0.1223]",0.0,0.0
2026-07-21_23-53-48.mp4,0.0,0.0602,0.667,"[0.1249, 0.1108, 0.0782, 0.0385, 0.0183, 0.0215]",0.0,0.0
2026-07-06_13-27-51.mp4,0.025,0.1044,1.0,"[0.0876, 0.1256, 0.1021, 0.186, 0.0929, 0.064, 0.1096, 0.1113]",0.0,0.0
2026-07-06_18-13-30.mp4,0.025,0.0461,1.0,[0.0461],0.0,0.0
2026-07-06_11-16-53.mp4,0.0,0.1178,1.0,"[0.3892, 0.0612, 0.0591, 0.1122]",0.0,0.0
2026-07-06_13-29-51.mp4,0.0,nan,,[],0.0,0.0
2026-07-02_03-56-15.mp4,0.075,0.0158,0.0,"[0.0226, 0.0161, 0.0048, 0.0188, 0.0217, 0.0244, 0.0076, 0.0092]",0.0,0.0
2026-07-10_17-11-45.mp4,0.0,0.0156,0.0,"[0.0114, 0.0235, 0.0057, 0.0115, 0.0283, 0.014, 0.0055, 0.0271]",0.0,0.0
2026-07-13_22-42-23.mp4,0.0,0.2722,1.0,"[0.2571, 0.0523, 0.0755, 0.6904]",0.0,0.0
2026-07-07_02-09-34.mp4,0.0,0.1807,1.0,"[0.1254, 0.1128, 0.104, 0.113, 0.0988, 0.8104, 0.1496, 0.1005]",0.0,0.0
2026-07-06_20-17-40.mp4,0.0,0.0059,0.0,"[0.0062, 0.004, 0.0046, 0.0064, 0.0119]",0.0,0.0
2026-07-22_03-09-28.mp4,0.0,0.1449,1.0,"[0.0481, 0.0907, 0.179, 0.3332, 0.2162, 0.086, 0.0524]",0.0,0.0
2026-07-10_16-34-29.mp4,0.0,0.0343,0.5,"[0.0334, 0.1031, 0.034, 0.0486, 0.0077, 0.0277, 0.0128, 0.0006]",0.0,0.0
2026-07-20_23-47-45.mp4,0.0,0.1706,1.0,"[0.0585, 0.2759, 0.2521, 0.2215, 0.1064, 0.2325, 0.1415, 0.0531]",0.0,0.0
2026-07-17_07-57-02.mp4,0.0,0.0636,1.0,"[0.0536, 0.0401, 0.1102, 0.0361, 0.0365, 0.096, 0.0804]",0.0,0.0
2026-07-06_19-07-41.mp4,0.0,0.0261,0.125,"[0.028, 0.0261, 0.022, 0.0119, 0.0264, 0.0921, 0.0191, 0.0051]",0.0,0.0
2026-07-10_11-16-09.mp4,0.0,0.0537,0.667,"[0.0267, 0.0739, 0.0305]",0.0,0.0
2026-07-26_04-07-53.mp4,0.0,0.0959,1.0,"[0.0359, 0.0562, 0.1433, 0.2137, 0.0762, 0.0699, 0.1545, 0.0519]",0.0,0.0
2026-07-02_03-53-39.mp4,0.0,0.0223,0.25,"[0.0284, 0.0174, 0.0402, 0.0186, 0.0097, 0.0052, 0.0313, 0.0285]",0.0,0.0
2026-07-06_22-49-03.mp4,0.0,nan,,[],0.0,0.0
2026-07-18_15-18-08.mp4,0.0,0.0606,0.875,"[0.0563, 0.0747, 0.0441, 0.0802, 0.0605, 0.0789, 0.0259, 0.0606]",0.0,0.0
2026-07-22_15-18-01.mp4,0.0,0.0362,0.5,"[0.0267, 0.0451, 0.0556, 0.0457, 0.0351, 0.0284, 0.0242, 0.0265]",0.0,0.0
2026-07-05_16-07-34.mp4,0.0,0.0235,0.5,"[0.0354, 0.0113, 0.0137, 0.0304]",0.0,0.0
2026-07-15_18-21-55.mp4,0.0,0.0592,0.667,"[0.0376, 0.1017, 0.0278]",0.0,0.0
2026-07-25_11-40-51.mp4,0.0,0.0265,0.2,"[0.1368, 0.0298, 0.0187, 0.0109, 0.0272]",0.025,0.0
2026-07-06_19-57-17.mp4,0.0,0.0133,0.0,"[0.0176, 0.0015, 0.0263, 0.0065, 0.0173, 0.0284, 0.0049, 0.0021]",0.0,0.0
2026-07-06_19-46-05.mp4,0.0,0.0063,0.0,"[0.0082, 0.0068, 0.0019, 0.0061, 0.01, 0.0098, 0.0053, 0.0015]",0.0,0.0
2026-07-16_18-55-40.mp4,0.075,0.1923,0.875,"[0.0615, 0.0204, 0.0499, 0.0648, 0.3866, 0.2802, 0.5194, 0.0483]",0.0,0.0
2026-07-26_02-36-24.mp4,0.05,0.0589,1.0,"[0.0893, 0.0976, 0.0348, 0.0715, 0.0454, 0.046, 0.0478, 0.0342]",0.0,0.0
2026-07-06_14-37-18.mp4,0.0,0.2455,1.0,"[0.2414, 0.3286, 0.1935, 0.1665, 0.3042, 0.3241, 0.032]",0.0,0.0
2026-07-05_15-38-10.mp4,0.0,0.0208,0.0,[0.0208],0.0,0.0
2026-07-18_15-26-26.mp4,0.0,0.0675,0.75,"[0.0563, 0.0326, 0.0148, 0.0241, 0.0797, 0.0404, 0.1419, 0.1709]",0.0,0.0
2026-07-03_05-18-18.mp4,0.075,0.1057,1.0,"[0.0354, 0.0443, 0.0699, 0.0465, 0.203, 0.0598, 0.0965, 0.3363]",0.0,0.0
2026-07-19_11-21-16.mp4,0.0,0.0107,0.0,"[0.0282, 0.0081, 0.0057, 0.0118, 0.0094, 0.006]",0.0,0.0
2026-07-09_23-01-41.mp4,0.0,0.0496,0.25,"[0.1873, 0.4525, 0.0089, 0.0053, 0.0019, 0.0, 0.0004, 0.0]",0.0,0.0
2026-07-20_19-12-17.mp4,0.0,0.0544,0.857,"[0.0209, 0.1039, 0.0475, 0.0419, 0.0818, 0.0379, 0.0658]",0.0,0.0
2026-07-26_09-33-02.mp4,0.0,0.1248,0.75,"[0.0466, 0.0481, 0.2602, 0.0288]",0.15,0.0
2026-07-09_21-43-56.mp4,0.0,0.0141,0.0,"[0.0151, 0.0118, 0.0246, 0.0123, 0.0049]",0.0,0.0
2026-07-04_08-56-46.mp4,0.0,0.0761,1.0,"[0.0308, 0.1753, 0.0343, 0.0566]",0.0,0.0
2026-07-24_02-22-12.mp4,0.0,0.1054,1.0,"[0.0345, 0.0321, 0.1776]",0.0,0.0
2026-07-25_03-42-26.mp4,0.0,0.0764,0.875,"[0.0957, 0.0638, 0.0146, 0.0966, 0.0579, 0.0359, 0.0899, 0.1608]",0.0,0.0
2026-07-06_19-47-47.mp4,0.0,0.009,0.0,"[0.0128, 0.0151, 0.0067, 0.0077, 0.0132, 0.0089, 0.0027, 0.0052]",0.0,0.0
2026-07-10_09-29-05.mp4,0.0,nan,,[],0.0,0.0
2026-07-21_18-16-22.mp4,0.025,0.0184,0.125,"[0.0023, 0.0101, 0.0253, 0.0782, 0.0213, 0.0064, 0.0, 0.0]",1.0,0.0
2026-07-24_03-05-30.mp4,0.0,nan,,[],0.025,0.0
2026-07-17_13-24-40.mp4,0.0,0.1113,1.0,"[0.2807, 0.0585, 0.1218]",0.0,0.0
2026-07-05_05-39-47.mp4,0.0,0.0481,0.875,"[0.025, 0.0515, 0.0539, 0.0724, 0.0359, 0.0517, 0.062, 0.0348]",0.0,0.0
2026-07-05_10-13-51.mp4,0.0,0.0368,1.0,"[0.0408, 0.0328]",0.0,0.0
2026-07-14_05-47-19.mp4,0.0,0.0858,1.0,"[0.071, 0.0737, 0.1272, 0.0489, 0.119, 0.047, 0.0698, 0.1221]",0.0,0.0
2026-07-04_22-50-10.mp4,0.0,0.1253,1.0,"[0.1085, 0.1533]",0.0,0.0
2026-07-22_12-09-21.mp4,0.0,0.0774,1.0,"[0.1862, 0.0689, 0.0451, 0.0426, 0.0912, 0.0892, 0.0801, 0.0551]",0.0,0.0
2026-07-26_08-07-34.mp4,0.0,0.1519,1.0,"[0.0532, 0.0542, 0.0939, 0.1448, 0.174, 0.0964, 0.4874, 0.1057]",0.0,0.0
2026-07-01_12-47-12.mp4,0.1,0.1107,0.875,"[0.1383, 0.0668, 0.0169, 0.1723, 0.0949, 0.1918, 0.1225, 0.0748]",0.1,0.1
2026-07-04_19-04-24.mp4,0.0,0.1389,0.429,"[0.5661, 0.028, 0.0141, 0.0359, 0.0273, 0.0142, 0.1148]",0.0,0.0
2026-07-04_09-38-34.mp4,0.0,0.1339,1.0,"[0.1038, 0.1021, 1.0354, 0.0987, 0.0697, 0.0932]",0.0,0.0
2026-07-09_12-22-56.mp4,0.0,0.0455,0.667,"[0.0505, 0.011, 0.0403, 0.0697, 0.0178, 0.0836]",0.0,0.0
2026-07-15_17-41-01.mp4,0.0,0.1499,1.0,"[0.0703, 0.0671, 0.1606, 0.202, 0.3756, 0.1083]",0.0,0.0
2026-07-26_01-38-12.mp4,0.125,0.0671,0.75,"[0.0878, 0.1334, 0.1851, 0.0558, 0.0304, 0.0168, 0.0667, 0.0226]",0.0,0.0
2026-07-23_06-08-11.mp4,0.0,0.0541,0.875,"[0.1108, 0.0359, 0.0348, 0.031, 0.0684, 0.0287, 0.0378, 0.0838]",0.0,0.0
2026-07-04_09-29-40.mp4,0.0,0.0862,0.714,"[0.0198, 0.0442, 0.0436, 0.0629, 0.3077, 0.0501, 0.0276]",0.0,0.0
2026-07-17_12-58-53.mp4,0.0,0.0841,1.0,"[0.0715, 0.0444, 0.0329, 0.182, 0.1664, 0.0418, 0.1089]",0.0,0.0
2026-07-06_14-36-42.mp4,0.0,0.4311,1.0,"[0.9275, 0.1734, 0.0332]",0.0,0.0
2026-07-23_16-41-04.mp4,0.0,nan,,[],0.0,0.0
2026-07-23_15-31-23.mp4,0.0,0.2155,0.75,"[0.0133, 0.0059, 0.0588, 0.1949, 0.1382, 0.3104, 1.6208, 0.2489]",0.025,0.0
2026-07-10_16-31-11.mp4,0.0,0.0181,0.167,"[0.0189, 0.0133, 0.0082, 0.0072, 0.0211, 0.0374]",0.0,0.0
2026-07-21_01-26-32.mp4,0.225,0.1678,1.0,"[0.3608, 0.1363, 0.2232, 0.1085, 0.12, 0.2357, 0.0984, 0.0325]",0.025,0.025
2026-07-10_16-37-23.mp4,0.0,0.015,0.0,"[0.018, 0.0039, 0.0112]",0.0,0.0
2026-07-03_20-41-18.mp4,0.348,0.0168,0.2,"[0.024, 0.0242, 0.0057, 0.0046, 0.0382]",0.0,0.0
2026-07-04_09-50-28.mp4,0.0,0.0405,0.75,"[0.0315, 0.0383, 0.0245, 0.033, 0.0452, 0.0099, 0.0496, 0.0794]",0.0,0.0
2026-07-05_05-32-53.mp4,0.0,0.1204,1.0,"[0.1248, 0.0375, 0.0952, 0.2115, 0.0845, 0.0564, 0.238, 0.1136]",0.0,0.0
2026-07-25_23-50-02.mp4,0.0,0.1237,0.857,"[0.0332, 0.0308, 0.9416, 0.0617, 0.0184, 0.1691, 0.0654]",0.0,0.0
2026-07-25_18-05-29.mp4,0.0,0.0503,0.625,"[0.0161, 0.0761, 0.1245, 0.0453, 0.0213, 0.0303, 0.0722, 0.0094]",0.0,0.0
2026-07-10_15-54-01.mp4,0.0,0.0071,0.0,"[0.0145, 0.0082, 0.0056, 0.0049, 0.0058, 0.0049]",0.0,0.0
2026-07-02_14-25-22.mp4,0.0,0.1327,1.0,"[0.1097, 0.2178, 0.0454, 0.189, 0.1367, 0.0539, 0.1569, 0.1719]",0.025,0.025
2026-07-15_07-30-02.mp4,0.075,0.0676,0.75,"[0.0248, 0.0815, 0.0408, 0.0655, 0.0569, 0.194, 0.0529, 0.0135]",0.0,0.0
2026-07-04_00-55-05.mp4,0.0,0.2251,1.0,"[0.6065, 0.2401, 0.0895, 0.0827, 0.1288, 0.0505, 0.3142]",0.025,0.0
2026-07-17_13-21-40.mp4,0.0,0.0986,0.875,"[0.0191, 0.0498, 0.0539, 0.1842, 0.0824, 0.0607, 0.042, 0.4281]",0.0,0.0
2026-07-12_06-35-15.mp4,0.0,0.1732,0.714,"[0.0075, 0.0105, 0.1008, 0.4236, 0.181, 0.1696, 0.376]",0.025,0.0
2026-07-04_09-51-58.mp4,0.0,0.085,0.875,"[0.0922, 0.0808, 0.018, 0.1598, 0.0862, 0.0401, 0.053, 0.0438]",0.0,0.0
2026-07-04_00-56-05.mp4,0.0,0.1236,0.857,"[0.135, 0.1883, 0.2773, 0.0565, 0.1088, 0.0828, 0.0253]",0.0,0.0
2026-07-10_17-19-21.mp4,0.0,0.0109,0.0,"[0.0173, 0.0014, 0.0081, 0.0086, 0.0117, 0.012, 0.0158, 0.0135]",0.0,0.0
2026-07-10_17-18-57.mp4,0.0,0.0153,0.167,"[0.013, 0.0642, 0.0242, 0.0056, 0.0051, 0.0134]",0.0,0.0
2026-07-03_15-07-41.mp4,0.425,0.0389,0.75,"[0.0398, 0.0608, 0.0459, 0.0314, 0.0602, 0.0328, 0.0185, 0.0175]",0.0,0.0
2026-07-06_21-29-40.mp4,0.0,0.0674,0.667,"[0.3101, 0.0993, 0.1216, 0.0408, 0.0159, 0.0128]",0.0,0.0
2026-07-24_06-55-15.mp4,0.0,0.1481,1.0,"[0.1876, 0.0411, 0.1241, 0.1533]",0.025,0.025
2026-07-13_23-49-34.mp4,0.0,0.0294,0.6,"[0.021, 0.0105, 0.0837, 0.0358, 0.0371]",0.2,0.0
2026-07-02_07-09-21.mp4,0.775,0.0531,0.625,"[0.0173, 0.0228, 0.0221, 0.0345, 0.1074, 0.0628, 0.1135, 0.0425]",0.0,0.0
2026-07-24_03-05-42.mp4,0.0,0.1562,1.0,"[0.1982, 0.2452, 0.0436, 0.3515, 0.0969]",0.0,0.0
2026-07-02_17-43-56.mp4,0.0,0.4451,1.0,[0.4451],0.0,0.0
2026-07-06_18-59-11.mp4,0.0,0.0321,0.4,"[0.081, 0.0363, 0.0133, 0.0105, 0.0164]",0.0,0.0
2026-07-18_11-36-52.mp4,0.0,0.1506,1.0,"[0.3168, 0.1174, 0.0325, 0.0381, 0.0875, 0.1142, 0.2807, 0.2343]",0.0,0.0
2026-07-09_17-33-37.mp4,0.2,0.0679,0.833,"[0.0971, 0.124, 0.0443, 0.1013, 0.0265, 0.0442]",0.3,0.0
2026-07-10_18-22-02.mp4,0.0,0.0327,0.375,"[0.0144, 0.0121, 0.0284, 0.0519, 0.0378, 0.0748, 0.0191, 0.0204]",0.0,0.0
2026-07-06_20-43-58.mp4,0.8,0.0612,0.875,"[0.0743, 0.0306, 0.0281, 0.0364, 0.1365, 0.0451, 0.0867, 0.0334]",0.475,0.0
2026-07-12_02-42-18.mp4,0.0,0.1342,1.0,[0.1342],0.0,0.0
2026-07-14_14-55-37.mp4,0.0,0.0731,0.625,"[0.0243, 0.2046, 0.0365, 0.0555, 0.0177, 0.0255, 0.121, 0.0516]",0.0,0.0
2026-07-15_18-26-25.mp4,0.0,0.1948,1.0,"[0.1679, 0.3041, 0.2003, 0.1742, 0.2829, 0.064]",0.0,0.0
2026-07-06_23-25-05.mp4,0.0,0.0566,0.375,"[0.2825, 0.1557, 0.474, 0.0043, 0.0021, 0.0043, 0.0011, 0.0]",0.0,0.0
2026-07-04_09-43-10.mp4,0.0,0.0825,0.833,"[0.0619, 0.0294, 0.059, 0.0986, 0.0873, 0.1149]",0.0,0.0
2026-07-26_09-14-02.mp4,0.0,0.0647,0.375,"[0.0271, 0.0523, 0.0587, 0.1825, 0.0281, 0.0257, 0.025, 0.0124]",0.525,0.075
2026-07-05_04-35-13.mp4,0.0,0.1726,1.0,"[0.0658, 0.1322, 0.0439, 0.0837, 0.1257, 0.0501, 0.1319, 0.7222]",0.0,0.0
2026-07-25_20-21-58.mp4,0.0,0.0468,1.0,"[0.0352, 0.06, 0.0787, 0.0356, 0.0523, 0.0437, 0.0349, 0.0306]",0.0,0.0
2026-07-12_20-46-03.mp4,0.0,0.1167,0.429,"[0.0062, 0.0093, 0.0108, 0.0192, 0.2129, 0.0695, 0.1595]",0.025,0.025
2026-07-05_05-33-05.mp4,0.0,0.2093,0.875,"[0.1381, 0.1961, 0.0292, 0.3003, 0.3239, 0.1622, 0.3524, 0.1626]",0.025,0.025
2026-07-08_03-44-54.mp4,0.075,0.2048,1.0,"[0.2662, 0.3209, 0.1367, 0.159]",0.0,0.0
2026-07-10_17-21-57.mp4,0.0,0.0117,0.0,"[0.0261, 0.0055, 0.0092, 0.0057, 0.0141]",0.0,0.0
2026-07-05_10-10-27.mp4,0.0,0.2075,0.667,"[0.509, 0.0305, 0.0077]",0.0,0.0
2026-07-09_20-01-21.mp4,0.525,0.0941,1.0,"[0.1743, 0.0834, 0.0338, 0.107, 0.066, 0.1367, 0.0871, 0.0663]",0.0,0.0
2026-07-23_20-08-58.mp4,0.05,0.059,0.875,"[0.0391, 0.0305, 0.0441, 0.0432, 0.0216, 0.1158, 0.1012, 0.0811]",0.025,0.025
2026-07-15_07-30-26.mp4,0.2,0.0962,0.875,"[0.0362, 0.0457, 0.0084, 0.2381, 0.1413, 0.1351, 0.1202, 0.1331]",0.025,0.025
2026-07-18_05-09-08.mp4,0.0,0.1674,0.875,"[0.0843, 0.2014, 0.2802, 0.06, 0.1597, 0.0626, 0.4027, 0.0073]",0.0,0.0
2026-07-20_00-45-53.mp4,0.0,0.044,0.375,"[0.12, 0.0266, 0.0609, 0.028, 0.0184, 0.0518, 0.0151, 0.0274]",0.0,0.0
2026-07-26_02-38-12.mp4,0.25,0.1786,1.0,"[0.0526, 0.1319, 0.1252, 0.0987, 0.3325, 0.5059, 0.0793, 0.0603]",0.05,0.0
2026-07-19_09-46-20.mp4,0.0,0.0577,0.5,"[0.0, 0.0, 0.1236, 0.1202, 0.1591, 0.0407, 0.0157, 0.0023]",0.0,0.0
2026-07-14_17-53-08.mp4,0.025,0.1867,1.0,"[0.2388, 0.4285, 0.1587, 0.0646, 0.0332]",0.0,0.0
2026-07-19_14-40-13.mp4,0.425,0.049,0.625,"[0.0048, 0.0857, 0.1104, 0.0552, 0.0609, 0.0339, 0.028, 0.0229]",0.0,0.0
2026-07-17_15-30-51.mp4,0.0,0.0642,0.625,"[0.0032, 0.0125, 0.1289, 0.0585, 0.0153, 0.064, 0.1351, 0.0865]",0.0,0.0
2026-07-03_13-43-12.mp4,0.0,0.0247,0.375,"[0.0542, 0.0264, 0.0066, 0.0343, 0.0207, 0.0126, 0.0323, 0.0068]",0.0,0.0
2026-07-07_09-54-18.mp4,0.075,0.1149,0.8,"[0.1645, 0.2856, 0.0748, 0.0354, 0.0137]",0.0,0.0
2026-07-22_02-10-40.mp4,0.0,0.0165,0.167,"[0.027, 0.0149, 0.0095, 0.004, 0.0135, 0.0326]",0.0,0.0
2026-07-04_09-48-52.mp4,0.0,0.1028,1.0,"[0.0521, 0.0825, 0.0395, 0.0665, 0.1093, 0.1828, 0.168, 0.1566]",0.0,0.0
2026-07-16_20-57-15.mp4,0.175,0.2113,1.0,"[0.2071, 0.2165]",0.0,0.0
2026-07-04_18-05-45.mp4,0.0,0.0805,0.714,"[0.0677, 0.014, 0.0328, 0.0956, 0.084, 0.2263, 0.0205]",0.0,0.0
2026-07-06_05-57-02.mp4,0.0,0.1623,1.0,"[0.1264, 0.1327, 0.1691, 0.1576, 0.2268]",0.0,0.0
2026-07-22_13-21-45.mp4,0.0,0.0768,1.0,"[0.0726, 0.0597, 0.0587, 0.0651, 0.0824, 0.0818, 0.1157]",0.0,0.0
2026-07-08_19-02-33.mp4,0.0,nan,,[],0.0,0.0
2026-07-12_14-50-24.mp4,0.35,0.1173,0.875,"[0.0526, 0.0573, 0.1058, 0.3076, 0.0172, 0.0855, 0.1762, 0.1406]",0.0,0.0
2026-07-14_11-12-28.mp4,0.0,0.1526,0.8,"[0.531, 0.0631, 0.1555, 0.0761, 0.0293]",0.025,0.025
2026-07-07_16-17-08.mp4,0.025,0.1343,1.0,"[0.0797, 0.0533, 0.2673, 0.1792, 0.0892, 0.0338]",0.0,0.0
2026-07-20_19-58-59.mp4,0.1,0.075,0.25,"[0.2455, 0.3545, 0.009, 0.0056, 0.0127, 0.0129, 0.005, 0.0007]",0.0,0.0
2026-07-08_00-55-05.mp4,0.0,0.2047,0.75,"[0.0883, 0.2637, 0.6666, 0.1585, 0.2015, 0.1819, 0.0217, 0.0177]",0.0,0.0
2026-07-04_06-35-13.mp4,0.0,0.0584,0.625,"[0.0538, 0.0994, 0.0079, 0.0244, 0.0826, 0.0816, 0.0825, 0.024]",0.0,0.0
2026-07-09_20-09-33.mp4,0.0,nan,,[],0.0,0.0
2026-07-02_14-09-04.mp4,0.0,0.0891,0.875,"[0.191, 0.155, 0.0487, 0.03, 0.0419, 0.204, 0.0437, 0.0586]",0.0,0.0
2026-07-26_09-43-08.mp4,0.0,0.0748,1.0,"[0.1015, 0.0762, 0.081, 0.0343, 0.1035, 0.0749, 0.0688]",0.15,0.1
2026-07-04_03-04-31.mp4,0.0,0.0972,0.6,"[0.1357, 0.398, 0.2101, 0.0158, 0.0192]",0.0,0.0
2026-07-22_12-07-45.mp4,0.0,0.1178,1.0,"[0.0642, 0.1699, 0.1101, 0.2094, 0.0738]",0.0,0.0
2026-07-10_16-40-05.mp4,0.0,0.023,0.333,"[0.061, 0.0108, 0.0161]",0.0,0.0
2026-07-06_18-07-36.mp4,0.0,0.0642,0.75,"[0.0458, 0.045, 0.0738, 0.0402, 0.0955, 0.0202, 0.0174, 0.2036]",0.0,0.0
2026-07-10_14-27-31.mp4,0.0,0.153,0.875,"[0.1014, 0.0572, 0.1026, 0.3837, 0.0173, 0.5462, 0.036, 0.0711]",0.0,0.0
2026-07-23_16-59-58.mp4,0.025,0.0592,0.333,"[0.0234, 0.1094, 0.0017]",0.0,0.0
2026-07-02_12-46-53.mp4,0.0,0.0731,0.625,"[0.0453, 0.0663, 0.0739, 0.1111, 0.2262, 0.015, 0.0201, 0.005]",0.0,0.0
2026-07-23_16-59-22.mp4,0.0,0.0416,0.5,"[0.0264, 0.072]",0.0,0.0
2026-07-08_01-42-22.mp4,0.05,0.0479,1.0,"[0.0371, 0.0378, 0.0378, 0.0732, 0.0532]",0.0,0.0
2026-07-17_13-21-52.mp4,0.0,0.0687,0.625,"[0.0811, 0.1455, 0.4006, 0.2367, 0.0445, 0.0227, 0.0238, 0.0045]",0.0,0.0
2026-07-17_07-57-38.mp4,0.0,0.1059,0.833,"[0.0985, 0.083, 0.0624, 0.223, 0.0644, 0.0129]",0.0,0.0
2026-07-09_05-50-42.mp4,0.0,0.1164,1.0,"[0.0674, 0.0727, 0.0882, 0.1042, 0.2011, 0.3727, 0.1089]",0.0,0.0
2026-07-09_21-36-32.mp4,0.1,0.0349,0.125,"[0.2418, 0.0235, 0.0217, 0.0131, 0.0093, 0.0116, 0.0177, 0.0129]",0.0,0.0
2026-07-04_05-33-46.mp4,0.225,0.0702,0.75,"[0.0268, 0.025, 0.0589, 0.0679, 0.0455, 0.1313, 0.1324, 0.0744]",0.0,0.0
2026-07-02_20-38-07.mp4,0.0,0.0301,0.5,"[0.0391, 0.0188]",0.0,0.0
2026-07-06_18-05-54.mp4,0.286,0.0686,1.0,"[0.0757, 0.0332]",0.0,0.0
2026-07-04_12-01-21.mp4,0.0,0.0921,0.875,"[0.0022, 0.1014, 0.3339, 0.0673, 0.0886, 0.0559, 0.1579, 0.1035]",0.25,0.025
2026-06-30_14-53-02.mp4,0.0,0.0347,0.5,"[0.0432, 0.005, 0.0503, 0.0116, 0.091, 0.0]",0.0,0.0
2026-07-11_08-52-23.mp4,0.0,0.0328,1.0,[0.0328],0.0,0.0
2026-07-10_18-24-20.mp4,0.075,0.0697,0.625,"[0.0333, 0.024, 0.0491, 0.0627, 0.1536, 0.0144, 0.0117, 0.186]",0.0,0.0
2026-07-06_19-07-29.mp4,0.375,0.1028,0.75,"[0.1432, 0.0223, 0.133, 0.0192, 0.2317, 0.1509, 0.0779, 0.1818]",0.0,0.0
2026-07-12_02-45-24.mp4,0.0,0.3215,1.0,"[0.808, 0.0315, 0.0486, 0.1163, 0.0899]",0.0,0.0
2026-07-04_04-39-44.mp4,0.0,0.0207,0.0,[0.0207],0.0,0.0
2026-07-14_15-02-25.mp4,0.0,0.0479,0.429,"[0.0148, 0.0051, 0.0411, 0.0118, 0.0197, 0.0405, 0.5638]",0.0,0.0
2026-07-23_21-03-15.mp4,0.0,0.1298,1.0,"[0.0424, 0.4282, 0.189, 0.1197, 0.0766, 0.0677, 0.0653, 0.0817]",0.0,0.0
2026-07-10_16-40-17.mp4,0.0,0.0846,1.0,"[0.0516, 0.0589, 0.1965, 0.0571, 0.064, 0.1422, 0.0432, 0.0577]",0.0,0.0
2026-07-04_06-38-19.mp4,0.05,0.0648,0.875,"[0.1803, 0.0657, 0.0634, 0.0476, 0.0275, 0.0361, 0.0475, 0.0465]",0.0,0.0
2026-07-26_08-10-10.mp4,0.0,0.0863,1.0,"[0.288, 0.0807, 0.1008, 0.0824, 0.0385, 0.0338, 0.0513]",0.0,0.0
2026-07-03_15-52-17.mp4,1.0,0.0197,0.25,"[0.0237, 0.0098, 0.0051, 0.01, 0.0108, 0.032, 0.0298, 0.0407]",0.0,0.0
2026-07-12_22-55-37.mp4,0.0,0.2211,1.0,"[0.2908, 0.1859, 0.1532]",0.0,0.0
2026-07-10_14-07-38.mp4,0.05,0.192,1.0,"[0.1614, 0.1602, 0.1304, 0.3424, 0.3723, 0.1465, 0.1355, 0.0882]",0.0,0.0
2026-07-04_22-41-46.mp4,0.0,0.0338,0.375,"[0.0338, 0.0097, 0.1007, 0.0077, 0.0193, 0.0401, 0.0263, 0.0269]",0.0,0.0
2026-07-10_14-10-50.mp4,0.0,0.2184,0.875,"[0.0268, 0.1256, 0.1908, 0.8793, 0.0644, 0.1868, 0.133, 0.0431]",0.0,0.0
2026-07-18_17-53-00.mp4,0.0,0.0432,0.125,"[0.2706, 0.0108, 0.009, 0.0123, 0.0191, 0.0215, 0.0251, 0.0177]",0.0,0.0
2026-07-17_00-32-48.mp4,0.0,0.0653,1.0,"[0.0391, 0.0497, 0.1175]",0.0,0.0
2026-07-22_13-18-33.mp4,0.0,0.1381,1.0,"[0.1194, 0.0774, 0.2237]",0.025,0.0
2026-07-24_10-51-25.mp4,0.0,0.508,1.0,"[0.256, 0.3805, 0.1053, 0.8459, 1.1092, 0.0847, 0.6124, 0.7102]",0.0,0.0
2026-07-19_19-16-39.mp4,0.025,0.2048,1.0,"[0.1631, 0.2803, 0.1198, 0.2216, 0.2163]",0.0,0.0
2026-07-10_16-31-59.mp4,0.0,0.1381,0.714,"[0.5006, 0.0306, 0.0616, 0.083, 0.0159, 0.0478, 0.0112]",0.0,0.0
2026-07-12_17-20-12.mp4,0.0,0.0998,1.0,"[0.1483, 0.0952, 0.1868, 0.0931, 0.0448, 0.0691, 0.0771, 0.0774]",0.225,0.025
2026-07-04_06-59-06.mp4,0.0,0.0161,0.0,"[0.0255, 0.0238, 0.0045, 0.0023]",0.0,0.0
2026-07-06_23-21-29.mp4,0.0,0.1144,0.5,"[0.0015, 0.003, 0.0107, 0.0263, 0.1462, 0.3018, 0.1118, 0.1926]",0.025,0.0
2026-07-06_23-21-53.mp4,0.025,0.3378,0.857,"[0.3864, 0.087, 0.2457, 0.4591, 0.7405, 0.0714, 0.0165]",0.075,0.05
2026-07-21_06-13-53.mp4,0.25,0.0956,1.0,"[0.1057, 0.1458, 0.1119, 0.1098, 0.0342, 0.0524, 0.0581, 0.3504]",0.0,0.0
2026-07-14_18-57-25.mp4,0.0,0.0586,1.0,"[0.0889, 0.0593, 0.0587, 0.0349]",0.05,0.05
2026-07-05_08-24-28.mp4,0.0,0.0643,0.625,"[0.0282, 0.0285, 0.0693, 0.0327, 0.0245, 0.1846, 0.0579, 0.0752]",0.0,0.0
2026-07-24_01-23-13.mp4,0.025,0.0409,0.625,"[0.0375, 0.0416, 0.049, 0.0549, 0.0089, 0.004, 0.009, 0.3507]",0.0,0.0
2026-07-10_14-19-31.mp4,0.0,0.0096,0.0,"[0.0152, 0.0116, 0.0072, 0.0048, 0.0134, 0.0052, 0.0094, 0.0103]",0.0,0.0
2026-07-23_16-55-34.mp4,0.0,0.0923,0.857,"[0.1062, 0.3493, 0.1389, 0.0551, 0.0805, 0.0487, 0.0207]",0.1,0.0
2026-07-23_19-22-20.mp4,0.025,0.0627,0.75,"[0.105, 0.024, 0.0424, 0.0219, 0.0388, 0.0816, 0.088, 0.1046]",0.0,0.0
2026-07-04_11-16-21.mp4,0.075,0.2692,1.0,"[0.4044, 0.1812, 0.1117, 0.7725, 0.1092, 0.1136, 0.2558, 0.1051]",0.075,0.075
2026-07-02_21-21-35.mp4,0.4,0.072,0.875,"[0.0413, 0.0868, 0.0297, 0.0661, 0.1131, 0.1549, 0.0471, 0.0663]",0.125,0.05
2026-07-04_09-18-34.mp4,0.0,0.0838,1.0,[0.0838],0.0,0.0
2026-07-10_04-38-56.mp4,0.0,0.3078,1.0,"[0.049, 0.0483, 0.424, 0.0617, 0.6642]",0.0,0.0
2026-07-23_16-56-34.mp4,0.0,0.0385,0.6,"[0.016, 0.0253, 0.13, 0.0387, 0.0526]",0.05,0.0
2026-07-12_18-54-35.mp4,0.0,0.2423,0.667,"[0.0247, 0.318, 0.3086]",0.05,0.05
2026-07-08_01-41-58.mp4,0.25,0.2321,0.875,"[0.2458, 0.342, 0.0461, 0.194, 0.732, 0.137, 0.0359, 0.0184]",0.15,0.125
2026-07-11_17-41-36.mp4,0.0,0.1898,0.5,"[0.0134, 0.0019, 0.0048, 0.7828, 0.1953, 0.1189]",0.025,0.0
2026-07-10_01-41-27.mp4,0.0,0.1676,1.0,"[0.0345, 0.3945, 0.0867, 0.1291]",0.0,0.0
2026-07-23_17-08-58.mp4,0.0,0.1826,0.857,"[0.0272, 0.736, 0.0432, 0.1577, 0.0609, 0.0884, 0.1103]",0.025,0.025
2026-07-06_21-31-04.mp4,0.4,0.0432,0.875,"[0.0334, 0.0419, 0.0569, 0.0521, 0.0429, 0.0366, 0.0296, 0.0548]",0.0,0.0
2026-07-11_04-12-15.mp4,0.0,0.1412,1.0,"[0.2609, 0.1476, 0.055]",0.025,0.0
2026-07-05_18-56-25.mp4,0.0,0.124,0.625,"[0.2699, 0.1247, 0.0884, 0.3774, 0.0533, 0.0144, 0.0032, 0.0012]",0.075,0.0
2026-07-20_14-07-54.mp4,0.0,0.1038,1.0,"[0.1098, 0.187, 0.0348]",0.0,0.0
2026-07-23_13-02-31.mp4,0.0,0.0577,0.875,"[0.032, 0.0249, 0.0682, 0.1167, 0.0619, 0.0779, 0.0571, 0.0302]",0.0,0.0
2026-07-21_01-41-44.mp4,0.25,0.1568,1.0,"[0.0916, 0.071, 0.3617, 0.067]",0.0,0.0
2026-07-10_17-50-09.mp4,0.0,0.0945,0.875,"[0.1879, 0.0679, 0.0806, 0.0431, 0.0804, 0.2306, 0.0325, 0.0174]",0.05,0.025
2026-07-04_03-13-55.mp4,0.0,0.0114,0.0,"[0.0007, 0.0226, 0.0071, 0.0154, 0.0182, 0.0173, 0.0075, 0.0005]",0.0,0.0
2026-07-24_07-28-57.mp4,0.0,0.5893,1.0,"[3.6913, 0.2298, 0.253, 1.8885, 0.1991, 0.196]",0.0,0.0
2026-07-25_03-51-32.mp4,0.0,0.026,0.25,"[0.0098, 0.0174, 0.0635, 0.0202, 0.0173, 0.0166, 0.036, 0.0277]",0.0,0.0
2026-07-20_09-58-51.mp4,0.0,0.0722,0.571,"[0.0347, 0.0264, 0.0255, 0.2066, 0.0185, 0.0445, 0.3037]",0.025,0.0
2026-07-10_16-25-42.mp4,0.05,0.2512,1.0,"[0.5057, 0.1411, 0.0683, 0.1771, 0.2412, 0.2447, 0.3686, 0.1657]",0.05,0.05
2026-07-09_21-34-08.mp4,0.0,0.1483,0.8,"[0.0111, 0.2202, 0.0514, 0.1839, 0.262]",0.025,0.0
2026-07-16_23-44-01.mp4,0.0,0.0468,0.375,"[0.0019, 0.0031, 0.0013, 0.2423, 0.0624, 0.0298, 0.0264, 0.0672]",0.0,0.0
2026-07-11_11-10-52.mp4,0.0,0.4164,1.0,"[0.1536, 0.2454, 0.8075]",0.0,0.0
2026-07-11_15-48-40.mp4,0.025,0.1865,1.0,"[0.112, 0.0884, 0.1555, 0.5579, 0.3376, 0.1007, 0.0829, 0.1429]",0.025,0.0
2026-07-13_22-42-35.mp4,0.025,0.1528,0.875,"[0.076, 0.5222, 0.0607, 0.1423, 0.14, 0.2418, 0.0773, 0.0107]",0.0,0.0
2026-07-05_00-46-42.mp4,0.0,0.0256,0.4,"[0.0301, 0.0079, 0.0475, 0.0219, 0.0]",0.0,0.0
2026-07-23_17-07-46.mp4,0.0,0.1673,1.0,"[0.2289, 0.2492, 0.0674, 0.0542, 0.2634, 0.0866, 0.3848]",0.0,0.0
2026-07-17_03-18-47.mp4,0.0,0.1619,1.0,"[0.517, 0.0639, 0.1147, 0.0679]",0.0,0.0
2026-07-05_13-10-44.mp4,0.0,0.9379,1.0,[0.9379],0.0,0.0
2026-07-05_07-50-28.mp4,0.0,0.0509,0.5,"[0.0015, 0.0113, 0.0308, 0.0173, 0.1048, 0.162]",0.0,0.0
2026-07-07_00-41-35.mp4,0.0,0.1888,0.714,"[0.0, 0.0029, 0.402, 0.1987, 0.1389, 0.3399, 0.3889]",0.0,0.0
2026-07-14_19-40-43.mp4,0.0,0.1289,1.0,"[0.0807, 0.0664, 0.1466, 0.4496]",0.0,0.0
2026-07-01_08-21-25.mp4,0.125,0.0415,1.0,"[0.038, 0.0407, 0.0526]",0.125,0.125
2026-07-10_18-31-32.mp4,0.0,0.1488,1.0,"[0.1464, 0.2195, 0.0805]",0.0,0.0
2026-07-15_23-34-07.mp4,0.05,0.0274,0.429,"[0.004, 0.0072, 0.0018, 0.0067, 0.0694, 0.0392, 0.1181]",0.05,0.0
2026-07-10_05-41-49.mp4,0.0,nan,,[],0.0,0.0
2026-07-25_04-52-55.mp4,0.0,0.1391,1.0,"[0.112, 0.0876, 0.0554, 0.1091, 0.0341, 0.1337, 0.5095]",0.05,0.0
2026-07-19_00-25-14.mp4,0.0,0.0993,1.0,"[0.0547, 0.0552, 0.068, 0.0565, 0.3188, 0.0766, 0.0717, 0.0908]",0.0,0.0
2026-07-08_20-16-56.mp4,0.0,0.0515,0.429,"[0.0111, 0.0585, 0.1033, 0.176, 0.0231, 0.0118, 0.006]",0.025,0.0
2026-07-04_11-44-03.mp4,0.05,0.549,0.8,"[0.0088, 0.1721, 0.0915, 1.8092, 0.2856]",0.025,0.0
2026-07-24_13-17-47.mp4,0.0,0.0552,1.0,"[0.0742, 0.0386, 0.062, 0.0472, 0.0451, 0.0595]",0.025,0.0
2026-07-10_17-20-09.mp4,0.0,0.0449,0.5,"[0.0145, 0.0229, 0.0101, 0.0056, 0.0657, 0.0414, 0.1004, 0.162]",0.0,0.0
2026-07-23_16-22-41.mp4,0.0,0.3075,0.5,"[0.1375, 1.5831, 0.0256, 0.0086]",0.025,0.025
2026-07-03_13-07-31.mp4,0.025,0.0837,1.0,"[0.0894, 0.0615, 0.0802, 0.0462, 0.1532, 0.082, 0.1159, 0.0304]",0.0,0.0
2026-07-04_19-24-18.mp4,0.0,0.0603,0.5,"[0.0059, 0.0039, 0.0022, 0.0014, 0.1875, 0.043, 0.0402, 0.2051]",0.0,0.0
2026-07-07_22-35-06.mp4,0.0,0.0664,0.714,"[0.0259, 0.0388, 0.0385, 0.0268, 0.3088, 0.1214, 0.0425]",0.0,0.0
2026-07-12_14-34-26.mp4,0.175,0.0768,0.75,"[0.0971, 0.0431, 0.0156, 0.0135, 0.0307, 0.2463, 0.094, 0.0729]",0.075,0.0
2026-07-06_18-04-42.mp4,0.425,0.0848,0.875,"[0.0292, 0.0601, 0.0684, 0.0605, 0.0512, 0.2509, 0.0327, 0.1351]",0.15,0.0
2026-07-20_00-03-24.mp4,0.0,0.1604,1.0,"[0.2138, 0.1318, 0.1449, 0.1177, 0.0772, 0.3347, 0.1727]",0.0,0.0
2026-07-06_19-12-11.mp4,0.275,0.0979,0.833,"[0.1479, 0.0214, 0.0452, 0.0747, 0.1757, 0.1553]",0.0,0.0
2026-07-14_18-09-25.mp4,0.025,0.1534,1.0,"[0.3042, 0.0842, 0.0728, 0.3811]",0.025,0.025
2026-07-23_17-05-22.mp4,0.025,0.1407,1.0,"[0.1474, 0.0669, 0.2125, 0.0876, 0.1138, 0.2735, 0.1328]",0.1,0.1
2026-07-18_11-47-28.mp4,0.0,0.2055,1.0,"[0.2667, 0.8035, 0.0699, 0.259, 0.0833, 0.1795, 0.1421]",0.0,0.0
2026-07-18_11-36-28.mp4,0.0,0.1095,1.0,"[0.2174, 0.1308, 0.0958, 0.0847, 0.0931, 0.0539, 0.0324, 0.1889]",0.025,0.0
2026-07-12_13-50-01.mp4,0.075,0.4178,0.875,"[0.0248, 0.0755, 0.1534, 0.1792, 0.4471, 1.512, 0.0716, 0.1627]",0.175,0.075
2026-07-18_07-20-31.mp4,0.05,0.0993,0.857,"[0.0564, 0.0573, 0.0484, 0.0287, 0.1893, 0.1519, 0.1186]",0.0,0.0
2026-07-06_21-04-58.mp4,0.15,0.1124,1.0,"[0.2798, 0.1098, 0.1143, 0.0928, 0.0566, 0.1459, 0.04, 0.042]",0.0,0.0
2026-07-04_14-34-18.mp4,0.0,0.0802,0.875,"[0.0827, 0.0875, 0.121, 0.1132, 0.0746, 0.1227, 0.0384, 0.0239]",0.05,0.0
2026-07-10_17-19-57.mp4,0.0,0.0403,0.875,"[0.047, 0.0452, 0.0339, 0.0358, 0.0398, 0.0295, 0.0407, 0.0523]",0.0,0.0
2026-07-01_11-15-11.mp4,0.1,0.1664,0.857,"[0.0542, 0.0525, 0.0148, 0.4552, 0.1739, 0.0965, 0.2508]",0.025,0.025
2026-07-11_04-55-56.mp4,0.0,0.1622,1.0,"[0.3828, 0.1177, 0.1907, 0.2497, 0.2792, 0.0943, 0.0674, 0.1187]",0.0,0.0
2026-07-21_03-40-48.mp4,0.175,0.0815,1.0,"[0.0495, 0.118, 0.108, 0.037, 0.0669, 0.0924]",0.025,0.0
2026-07-06_21-20-46.mp4,0.0,0.1115,1.0,"[0.045, 0.2493, 0.0764, 0.041, 0.1594, 0.1377, 0.0607, 0.1299]",0.0,0.0
2026-07-10_18-32-56.mp4,0.0,0.105,0.833,"[0.04, 0.0286, 0.1153, 0.3515, 0.0917, 0.2264]",0.025,0.025
2026-07-08_00-06-17.mp4,0.1,0.5573,1.0,"[0.3613, 1.2677, 0.3571, 2.468, 0.6263, 0.3385, 0.209, 0.3437]",0.025,0.025
2026-07-06_18-12-24.mp4,0.7,0.0906,1.0,"[0.0563, 0.184, 0.0481, 0.0516, 0.0406]",0.3,0.0
2026-07-26_05-58-22.mp4,0.0,0.0388,0.25,"[0.2668, 0.1351, 0.0149, 0.006, 0.0116, 0.0012, 0.0029, 0.0011]",0.0,0.0
2026-07-11_15-49-52.mp4,0.0,0.6184,0.5,"[0.0042, 0.9732, 0.0156, 0.7707]",0.0,0.0
2026-07-11_01-22-22.mp4,0.0,0.178,1.0,"[0.4378, 0.1221, 0.2519, 0.1489, 0.0912, 0.0727, 0.1262, 0.1737]",0.0,0.0
2026-07-10_17-23-33.mp4,0.0,0.0558,0.714,"[0.0305, 0.0267, 0.0175, 0.0875, 0.1533, 0.0343, 0.1338]",0.0,0.0
2026-06-30_21-38-57.mp4,0.0,1.0805,1.0,"[1.5264, 0.6346]",0.1,0.0
2026-06-30_09-54-45.mp4,0.0,0.1345,1.0,"[0.1705, 0.0807, 0.1499, 0.2863, 0.0427, 0.1035]",0.1,0.0
2026-07-04_05-21-19.mp4,0.0,0.2278,1.0,"[0.1098, 0.6924, 0.0815, 0.0374, 0.2038, 0.2231, 0.0576]",0.0,0.0
2026-07-06_19-08-05.mp4,0.325,0.0607,0.5,"[0.1163, 0.0272, 0.0155, 0.0278, 0.0477, 0.1748, 0.0564, 0.0102]",0.025,0.025
2026-07-24_07-27-33.mp4,0.0,0.6477,1.0,"[0.9848, 0.1708, 0.5956, 0.8268, 0.4023, 0.0431, 1.5574]",0.0,0.0
2026-07-05_04-19-06.mp4,0.0,0.0445,1.0,[0.0445],0.0,0.0
2026-07-14_05-54-31.mp4,0.0,0.5196,0.5,"[2.0071, 0.0618, 0.0046, 0.0191]",0.05,0.0
2026-07-06_23-35-24.mp4,0.0,0.0679,0.286,"[0.0219, 0.0057, 0.0091, 0.1121, 0.0256, 0.0245, 0.5938]",0.2,0.0
2026-07-23_23-21-56.mp4,0.0,0.0337,0.333,"[0.0505, 0.021, 0.0285]",0.025,0.0
2026-07-15_18-26-01.mp4,0.05,0.1091,1.0,"[0.0753, 0.2164, 0.0794, 0.0395, 0.0796, 0.1172]",0.025,0.025
2026-07-25_19-45-52.mp4,0.3,0.0858,0.875,"[0.0143, 0.0723, 0.1086, 0.0849, 0.1564, 0.1439, 0.0698, 0.0562]",0.0,0.0
2026-07-24_09-05-02.mp4,0.0,0.1929,0.75,"[0.0072, 0.0613, 0.1714, 0.3642]",0.0,0.0
2026-07-01_12-03-57.mp4,0.0,nan,,[],0.0,0.0
2026-07-13_13-35-11.mp4,0.025,0.0847,0.75,"[0.0428, 0.0396, 0.1051, 0.1556, 0.3344, 0.3133, 0.0091, 0.0134]",0.0,0.0
2026-07-22_00-27-53.mp4,0.0,0.0382,0.625,"[0.0047, 0.0338, 0.0938, 0.0254, 0.0181, 0.05, 0.0341, 0.047]",0.0,0.0
2026-07-08_17-02-59.mp4,0.025,0.1418,0.714,"[0.0017, 0.0095, 0.6299, 0.1566, 0.1602, 0.1067, 0.0838]",0.025,0.025
2026-07-01_12-03-21.mp4,0.0,0.1387,1.0,"[0.2495, 0.0775, 0.0517, 0.149, 0.1927]",0.0,0.0
2026-07-23_16-56-22.mp4,0.0,0.072,1.0,"[0.0454, 0.1184, 0.0591]",0.0,0.0
2026-07-24_10-51-49.mp4,0.0,0.9464,1.0,"[3.0729, 0.2352, 0.3364, 0.0902, 0.3316, 0.6947, 0.1018]",0.0,0.0
2026-07-10_14-17-13.mp4,0.0,0.0408,1.0,[0.0408],0.0,0.0
2026-07-12_01-16-13.mp4,0.075,0.2533,1.0,"[0.2334, 0.2069, 0.2679, 0.2801, 0.0961, 0.1745, 0.2922, 0.3307]",0.025,0.0
2026-07-19_18-40-33.mp4,0.0,0.1615,0.833,"[0.032, 0.2168, 0.0792, 0.3431, 0.0871, 0.0]",0.05,0.0
2026-07-17_13-17-10.mp4,0.0,0.3126,1.0,"[0.2737, 0.343, 0.4933, 0.4205, 0.0782, 0.417, 0.1741, 0.3137]",0.0,0.0
2026-07-15_23-41-03.mp4,0.65,0.2699,1.0,"[0.2263, 0.2189, 0.2536, 0.3062, 0.4876, 0.0772, 0.328, 0.3032]",0.675,0.675
2026-07-01_12-28-39.mp4,0.0,0.0972,1.0,"[0.068, 0.1728, 0.1078, 0.0694]",0.15,0.025
2026-07-01_12-08-45.mp4,0.0,0.0801,0.5,"[0.0508, 0.0365, 0.2044, 0.0274, 0.0269, 0.0135, 0.0174, 0.0612]",0.0,0.0
2026-07-02_00-32-19.mp4,0.0,0.0392,0.625,"[0.0709, 0.233, 0.0444, 0.0445, 0.0499, 0.025, 0.0116, 0.0081]",0.0,0.0
2026-07-13_14-18-29.mp4,0.0,0.2591,0.75,"[0.0212, 0.0203, 0.2336, 0.8708, 0.4269, 0.0673, 0.0605, 0.3501]",0.0,0.0
2026-07-05_21-49-08.mp4,0.05,0.322,1.0,"[0.1014, 0.4617, 0.7735, 0.6687, 0.0704, 0.1374]",0.2,0.0
2026-07-06_16-25-11.mp4,0.0,0.0972,0.875,"[0.049, 0.0469, 0.1441, 0.1677, 0.1709, 0.0221, 0.0635, 0.0683]",0.0,0.0
2026-07-05_04-56-25.mp4,0.0,0.0576,0.833,"[0.0414, 0.0397, 0.1255, 0.1129, 0.0149, 0.0376]",0.05,0.0
2026-07-10_14-08-14.mp4,0.6,0.3918,0.875,"[0.2656, 0.0392, 0.0142, 0.1896, 0.0695, 0.3204, 0.4071, 2.1881]",0.025,0.0
2026-07-11_01-22-34.mp4,0.175,0.1376,1.0,"[0.0505, 0.0912, 0.2176, 0.2212, 0.075, 0.0526, 0.3553, 0.23]",0.1,0.0
2026-07-15_20-24-06.mp4,0.025,0.1848,1.0,"[0.332, 0.2099, 0.0488, 0.2029, 0.1359]",0.05,0.0
2026-06-30_12-45-43.mp4,0.0,0.0905,0.75,"[0.0256, 0.0807, 0.1115, 0.0256, 0.111, 0.04, 0.0615, 0.313]",0.025,0.0
2026-07-09_20-06-57.mp4,0.0,nan,,[],0.0,0.0
2026-07-16_20-14-24.mp4,0.2,0.1344,0.75,"[0.0195, 0.0041, 0.0356, 0.1892, 0.3537, 0.3231, 0.0841, 0.0652]",0.05,0.0
2026-06-30_15-39-28.mp4,0.1,0.1619,0.8,"[0.0223, 0.2449, 0.1076, 0.1684, 0.2204]",0.25,0.1
2026-07-14_22-53-32.mp4,0.0,0.1459,1.0,"[0.0681, 0.3226, 0.1098, 0.2113, 0.0511, 0.0575, 0.2235, 0.1895]",0.025,0.0
2026-07-22_16-56-27.mp4,0.075,0.1101,1.0,"[0.0809, 0.0808, 0.1055, 0.0718, 0.0777, 0.1416, 0.2288, 0.0875]",0.025,0.0
2026-07-11_08-46-11.mp4,0.0,0.2087,1.0,"[0.0845, 0.0848, 0.0504, 0.036, 0.3683, 0.4848]",0.0,0.0
2026-07-09_18-50-41.mp4,0.0,0.087,0.75,"[0.246, 0.0242, 0.091, 0.0389, 0.0898, 0.1289, 0.034, 0.0251]",0.0,0.0
