file,onset,p_cry,g_pre,g_base,delta,clip_pre,clip_base,face_frac,label,auto
2026-07-04_18-13-07.mp4,,,,,,,0.7443599104881287,0.0,no_pre_cry,uncertain
2026-07-13_13-34-11.mp4,,,,,,,0.857561469078064,0.0,no_pre_cry,uncertain
2026-07-15_22-35-07.mp4,7.0,0.0116500733420252,,,,0.3707699477672577,0.406277984380722,0.0,uncertain,uncertain
2026-07-16_22-13-50.mp4,7.0,0.0016034081345424,0.0719044646737081,0.0729458616121177,-0.0010413969384095,0.4947944581508636,0.5836981534957886,0.4166666666666667,uncertain,uncertain
2026-07-10_00-38-22.mp4,4.4,0.1192387044429779,,0.1651432248735632,,0.2623364925384521,0.4299418926239013,0.0833333333333333,uncertain,uncertain
2026-07-10_14-17-37.mp4,,,,0.1830936821256765,,,0.7098026275634766,0.3333333333333333,uncertain,uncertain
2026-07-15_09-08-31.mp4,5.2,0.0181183870881795,0.0991387092685408,0.0790536928641679,0.0200850164043728,0.5729291439056396,0.5225511789321899,0.4166666666666667,uncertain,uncertain
2026-07-23_16-44-40.mp4,3.6,0.0019513440784066,,,,0.5378118753433228,0.5829873085021973,0.0,uncertain,uncertain
2026-07-10_14-02-44.mp4,5.0,0.0058988537639379,0.1670282594942994,,,0.5915924310684204,0.5822025537490845,0.25,uncertain,uncertain
2026-07-25_23-50-38.mp4,,,,0.0701349511425029,,,0.4024919867515564,0.3333333333333333,uncertain,uncertain
2026-07-24_07-26-09.mp4,3.4,0.0398271046578884,,,,0.5215350389480591,0.6509617567062378,0.0,uncertain,uncertain
2026-07-01_21-46-40.mp4,2.2,0.0056482627987861,0.0550822364660757,,,0.3821613788604736,0.4903192520141601,0.1666666666666666,uncertain,uncertain
2026-07-12_10-35-31.mp4,,,,,,,0.8188680410385132,0.0,no_pre_cry,uncertain
2026-06-30_19-13-00.mp4,2.8,0.0007026634993962,,,,0.2807574868202209,0.3333254754543304,0.0,uncertain,uncertain
2026-07-25_03-50-56.mp4,4.2,0.0115854302421212,,0.1642572011860417,,0.4573061466217041,0.4631191194057464,0.1666666666666666,uncertain,uncertain
2026-07-16_00-47-06.mp4,1.6,0.0106687508523464,,,,0.1048207804560661,0.1309507936239242,0.0,uncertain,uncertain
2026-07-06_09-28-54.mp4,,,,,,,0.5821638107299805,0.0,no_pre_cry,uncertain
2026-07-12_21-43-14.mp4,,,,0.0585299172847255,,,0.6840280294418335,0.5,uncertain,uncertain
2026-07-01_18-52-07.mp4,5.2,0.0152145558968186,,,,0.396808385848999,0.3463505208492279,0.0,uncertain,uncertain
2026-07-10_15-52-49.mp4,,,,,,,0.7930487394332886,0.0,uncertain,uncertain
2026-07-03_03-36-00.mp4,1.8,0.0016314540989696,,,,0.4618371725082397,0.5399282574653625,0.0,uncertain,uncertain
2026-07-22_00-48-05.mp4,,,,,,,0.7252883911132812,0.0,uncertain,uncertain
2026-07-21_00-34-14.mp4,1.4,0.0943451002240181,0.1697279218188614,0.1561060041129365,0.0136219177059249,0.7217825651168823,0.8020524978637695,0.7777777777777778,uncertain,uncertain
2026-07-17_07-17-14.mp4,1.4,0.0111157158389687,0.2417759192307616,0.2036840677820948,0.0380918514486668,0.4332643151283264,0.358236163854599,1.0,uncertain,uncertain
2026-06-30_13-03-31.mp4,,,,,,,0.4436431527137756,0.0,no_pre_cry,uncertain
2026-07-25_01-17-04.mp4,2.4,0.0019820821471512,0.1529481815758463,0.1270010921773429,0.0259470893985034,0.4945876598358154,0.5739045143127441,0.5833333333333334,uncertain,uncertain
2026-07-11_22-51-37.mp4,,,,,,,0.3649159371852875,0.0,uncertain,uncertain
2026-07-11_11-09-28.mp4,,,,,,,0.8338748812675476,0.0,uncertain,uncertain
2026-07-10_09-24-47.mp4,,,,,,,0.5212911367416382,0.0,no_pre_cry,uncertain
2026-07-04_05-29-43.mp4,4.8,0.0012357562081888,,,,0.4286640584468841,0.4341638088226318,0.0,uncertain,uncertain
2026-07-05_12-54-08.mp4,,,,,,,0.5680372714996338,0.0,uncertain,uncertain
2026-07-08_13-16-55.mp4,,,,,,,0.2387856692075729,0.0,no_pre_cry,uncertain
2026-07-07_14-10-57.mp4,3.4,0.0005727332900278,0.0798648814038379,0.0775246538850699,0.002340227518768,0.4295617043972015,0.560818612575531,0.4166666666666667,uncertain,uncertain
2026-07-04_09-12-58.mp4,,,,,,,0.4199816584587097,0.0,no_pre_cry,uncertain
2026-07-02_21-22-35.mp4,6.4,0.0252787452191114,0.0457399550405573,,,0.3704405725002289,0.3478750884532928,0.0833333333333333,uncertain,uncertain
2026-07-10_06-38-12.mp4,,,,,,,0.6971380114555359,0.0,no_pre_cry,uncertain
2026-07-01_17-52-17.mp4,,,,0.0820344928276493,,,0.3630473017692566,0.1666666666666666,no_pre_cry,uncertain
2026-07-15_20-36-35.mp4,2.8,0.0016220633406192,0.1255944510956004,0.1750861793529197,-0.0494917282573192,0.2091537117958068,0.2166831940412521,0.25,uncertain,no_pre_cry
2026-07-16_10-21-03.mp4,,,,0.0740654737913294,,,0.5880862474441528,0.1666666666666666,no_pre_cry,uncertain
2026-07-21_14-06-06.mp4,6.4,0.0051273517310619,0.0717319505186531,0.1028387759796573,-0.0311068254610041,0.6174307465553284,0.5477962493896484,0.9166666666666666,uncertain,no_pre_cry
2026-07-01_00-56-41.mp4,3.8,0.0031721340492367,0.0881009918599048,0.0634365248808288,0.024664466979076,0.6739394664764404,0.6311004161834717,0.25,uncertain,uncertain
2026-07-20_18-57-29.mp4,1.2,0.0084482748061418,,0.0400122160863018,,0.6587240695953369,0.6216336488723755,0.2222222222222222,uncertain,uncertain
2026-07-09_16-03-59.mp4,6.2,0.0035562666598707,0.2623018714900837,0.2483591392525014,0.0139427322375823,0.3446516990661621,0.4316238760948181,0.9166666666666666,uncertain,uncertain
2026-07-01_17-54-17.mp4,6.4,0.0014388696290552,0.0803752299386518,0.0652365524567645,0.0151386774818873,0.4695634543895721,0.3913036286830902,0.3333333333333333,uncertain,uncertain
2026-07-10_21-56-07.mp4,3.4,0.0252568256109952,0.1186976681227092,0.1251719338764039,-0.0064742657536946,0.6064958572387695,0.5684197545051575,0.5833333333333334,uncertain,no_pre_cry
2026-07-05_07-56-22.mp4,,,,0.1256010554669951,,,0.402052640914917,0.5,no_pre_cry,uncertain
2026-07-08_19-30-56.mp4,,,,0.1476188530798916,,,0.472834825515747,0.5,no_pre_cry,uncertain
2026-07-18_20-03-35.mp4,,,,0.1631663564588819,,,0.2789030075073242,0.8333333333333334,uncertain,uncertain
2026-07-18_15-41-20.mp4,6.2,0.0127498339861631,0.2121618555864333,0.2374864646061516,-0.0253246090197183,0.4522908627986908,0.4692458510398865,0.8333333333333334,uncertain,no_pre_cry
2026-07-26_09-33-38.mp4,1.6,0.0267112851142883,0.1001470607903853,0.1052174056600479,-0.0050703448696625,0.7306917905807495,0.6535051465034485,1.0,uncertain,uncertain
2026-07-11_13-39-18.mp4,6.8,0.0056210462935268,,0.1772404017912294,,0.519668698310852,0.6350492835044861,0.0833333333333333,uncertain,uncertain
2026-07-09_12-22-56.mp4,6.8,0.0017753797583281,0.1519540401991033,,,0.4953629672527313,0.6471983790397644,0.1666666666666666,uncertain,uncertain
2026-07-06_12-31-28.mp4,4.0,0.0099946139380335,,,,0.5543166995048523,0.5453372001647949,0.0,uncertain,uncertain
2026-07-05_16-18-46.mp4,4.6,0.0017769074765965,,,,0.4443820118904114,0.484748363494873,0.0,uncertain,uncertain
2026-07-26_09-44-32.mp4,,,,,,,0.6057191491127014,0.0,no_pre_cry,uncertain
2026-07-18_15-18-44.mp4,2.6,0.0004971668240614,0.1892094049195134,0.1344989736338072,0.0547104312857061,0.5457260012626648,0.4339927136898041,0.25,uncertain,uncertain
2026-07-25_14-25-07.mp4,,,,0.0882985531530716,,,0.532008171081543,1.0,uncertain,uncertain
2026-07-07_14-21-09.mp4,6.4,0.0012520577292889,0.0742212350238663,0.0695494080663742,0.0046718269574921,0.531670868396759,0.6270245909690857,0.1666666666666666,uncertain,uncertain
2026-07-19_14-58-37.mp4,,,,0.1513863789069169,,,0.5707768201828003,0.5,uncertain,uncertain
2026-07-14_22-16-26.mp4,4.8,0.0013807787327095,0.1316102723157141,0.1233072391548569,0.0083030331608572,0.4859212338924408,0.4174492359161377,0.6666666666666666,uncertain,uncertain
2026-06-30_15-24-47.mp4,1.8,0.0111563000828027,,,,0.0265515111386775,0.0240343380719423,0.0,uncertain,uncertain
2026-07-01_17-39-26.mp4,,,,0.1025428343708466,,,0.3859144151210785,0.5,uncertain,uncertain
2026-07-18_02-13-46.mp4,5.2,0.0019637567456811,,0.1299536827793191,,0.3377200961112976,0.4426349401473999,0.0833333333333333,uncertain,uncertain
2026-07-13_12-59-00.mp4,4.4,0.0040944907814264,0.0992168414588036,,,0.6994023323059082,0.7264811992645264,0.1666666666666666,uncertain,uncertain
2026-07-03_23-11-46.mp4,7.0,0.0039505860768258,0.0314501750603199,0.0391212571506056,-0.0076710820902856,0.5856903195381165,0.5717906951904297,0.25,uncertain,no_pre_cry
2026-07-05_19-56-59.mp4,2.6,0.0007458786130882,,,,0.44678395986557,0.5115662217140198,0.0,uncertain,uncertain
2026-07-23_07-56-40.mp4,5.0,0.0013165333075448,0.0372160675167928,0.0518166820396442,-0.0146006145228513,0.5983644723892212,0.6607972979545593,0.1666666666666666,uncertain,no_pre_cry
2026-07-23_17-09-34.mp4,2.2,0.0023345516528934,0.0411072161241485,0.0744051649767405,-0.033297948852592,0.882743239402771,0.8623189330101013,0.5833333333333334,uncertain,no_pre_cry
2026-07-25_12-48-02.mp4,6.0,0.0002926381421275,,0.1168068311753176,,0.5409683585166931,0.5903137922286987,0.1666666666666666,uncertain,uncertain
2026-07-25_07-46-06.mp4,3.6,0.0034190528094768,0.2077093735239872,0.1661925562537212,0.0415168172702659,0.485358327627182,0.4650854766368866,0.5,uncertain,uncertain
2026-07-12_23-15-43.mp4,,,,,,,0.5310180187225342,0.0,no_pre_cry,uncertain
2026-07-15_13-14-47.mp4,5.6,0.0016290900530293,0.1098180441941929,0.0929814034027405,0.0168366407914523,0.3973592221736908,0.4382466971874237,0.5,uncertain,uncertain
2026-07-05_18-16-42.mp4,,,,0.2460037731832673,,,0.352699339389801,0.5,no_pre_cry,uncertain
2026-07-17_20-27-51.mp4,6.4,0.0182121451944112,0.0291962141865662,0.1355110274302953,-0.1063148132437291,0.2640777826309204,0.3417077958583832,0.3333333333333333,uncertain,no_pre_cry
2026-07-11_12-47-45.mp4,,,,0.0499269276939687,,,0.5714470148086548,0.1666666666666666,no_pre_cry,uncertain
2026-07-01_18-58-13.mp4,1.6,0.0059934630990028,,,,0.5433900356292725,0.446420669555664,0.0,uncertain,uncertain
2026-07-06_18-31-59.mp4,3.6,0.0036031561903655,,0.0206170940728124,,0.5485712289810181,0.500731885433197,0.0833333333333333,uncertain,uncertain
2026-06-30_16-10-56.mp4,,,,,,,0.6178884506225586,0.0,no_pre_cry,uncertain
2026-07-14_05-56-19.mp4,7.6,0.0124248908832669,0.180118703029201,,,0.6326099634170532,0.6787852048873901,0.0833333333333333,uncertain,uncertain
2026-07-25_07-36-06.mp4,2.6,0.0063032233156263,0.168642461351014,0.124319372027276,0.0443230893237379,0.4629456996917724,0.5616843104362488,0.3333333333333333,uncertain,uncertain
2026-07-01_20-19-01.mp4,1.8,0.0012246980331838,,,,0.2100816965103149,0.2719103097915649,0.0,uncertain,uncertain
2026-07-11_02-08-28.mp4,7.2,0.0008697534794919,0.1411961629018626,0.0885942167956446,0.052601946106218,0.7681235074996948,0.7777172327041626,0.25,uncertain,uncertain
2026-07-15_07-35-56.mp4,5.6,0.0136987073346972,0.0826937566983933,0.0801094171767773,0.0025843395216159,0.5427721738815308,0.541290283203125,0.25,uncertain,uncertain
2026-07-05_05-55-53.mp4,,,,0.0858283550404492,,,0.5535939931869507,0.1666666666666666,uncertain,uncertain
2026-07-10_18-20-38.mp4,,,,,,,0.5031797885894775,0.0,uncertain,uncertain
2026-07-22_15-10-55.mp4,7.4,0.0005579364369623,0.1188963004639203,,,0.6824440360069275,0.4237445294857025,0.0833333333333333,uncertain,uncertain
2026-07-11_16-58-54.mp4,6.0,0.0038076543714851,,,,0.6172078251838684,0.7396823167800903,0.0,uncertain,uncertain
2026-07-12_15-51-19.mp4,2.8,0.0007095544133335,,,,0.0428712889552116,0.0639396235346794,0.0,uncertain,uncertain
2026-06-30_18-25-25.mp4,,,,,,,0.3757307529449463,0.0,uncertain,uncertain
2026-07-07_12-14-22.mp4,,,,,,,0.2652193307876587,0.0,no_pre_cry,uncertain
2026-07-06_21-07-46.mp4,5.2,0.0010081946384161,,,,0.5359483957290649,0.5082607269287109,0.0,uncertain,uncertain
2026-07-04_19-59-12.mp4,1.0,0.0019069531699642,,,,0.6419485211372375,0.6616820693016052,0.0,uncertain,uncertain
2026-07-21_12-20-37.mp4,,,,0.0685614649328941,,,0.6986358165740967,0.3333333333333333,no_pre_cry,uncertain
2026-07-08_09-06-45.mp4,1.0,0.0012605716474354,0.1354219701285874,0.1355682297290843,-0.0001462596004968,0.4920893907546997,0.5773239731788635,0.5555555555555556,uncertain,uncertain
2026-07-01_18-51-31.mp4,2.2,0.0071370936930179,,0.0447528107656131,,0.4887170195579529,0.400117814540863,0.1666666666666666,uncertain,uncertain
2026-07-12_12-16-18.mp4,3.8,0.0012771574547514,,,,0.6307399272918701,0.5863438844680786,0.0,uncertain,uncertain
2026-07-15_22-34-55.mp4,,,,,,,0.3695707321166992,0.0,uncertain,uncertain
2026-07-24_13-26-05.mp4,5.6,9.021816367749123e-05,0.1428248229165696,0.1563889760587789,-0.0135641531422093,0.5243270397186279,0.4870512187480926,0.5833333333333334,uncertain,no_pre_cry
2026-07-12_18-07-38.mp4,3.0,0.0022079139016568,,,,0.459062784910202,0.357327938079834,0.0,uncertain,uncertain
2026-07-24_23-31-59.mp4,3.8,0.000883346714545,0.0789309771040937,0.0782504533265228,0.0006805237775709,0.5299357175827026,0.5304946899414062,1.0,uncertain,uncertain
2026-07-08_21-52-29.mp4,,,,,,,0.5837500095367432,0.0,no_pre_cry,uncertain
2026-07-24_18-26-02.mp4,,,,0.0801265760138974,,,0.601000189781189,0.6666666666666666,no_pre_cry,uncertain
2026-07-01_00-54-53.mp4,4.0,0.0006516978610306,,,,0.6593872308731079,0.673914909362793,0.0,uncertain,uncertain
2026-07-07_04-26-33.mp4,,,,0.0685658332252206,,,0.6706554889678955,0.3333333333333333,uncertain,uncertain
2026-07-22_23-22-15.mp4,6.6,0.0006392617942765,0.1279523368489366,0.0904303665123455,0.037521970336591,0.6943337917327881,0.749198317527771,0.3333333333333333,uncertain,uncertain
2026-06-30_15-21-15.mp4,6.8,0.0109807988628745,,,,0.2958370149135589,0.2804466485977173,0.0,uncertain,uncertain
2026-07-02_14-16-16.mp4,6.6,0.0116397002711892,,,,0.4735879302024841,0.4170538783073425,0.0,uncertain,uncertain
2026-07-19_09-48-08.mp4,,,,,,,0.2175328433513641,0.0,uncertain,uncertain
2026-07-05_13-10-44.mp4,,,,0.0547805731011208,,,0.6135056614875793,0.3333333333333333,no_pre_cry,uncertain
2026-07-13_09-24-08.mp4,5.8,0.0210542939603328,,,,0.502025306224823,0.5600188970565796,0.0,uncertain,uncertain
2026-07-07_14-03-57.mp4,2.0,0.0004596446815412,0.0688441293246095,,,0.4876212775707245,0.4312158823013305,0.0833333333333333,uncertain,uncertain
2026-07-06_21-08-22.mp4,,,,0.074446038401901,,,0.6633607745170593,0.1666666666666666,uncertain,uncertain
2026-07-01_20-54-28.mp4,2.0,0.0113106071949005,,,,0.4468772411346435,0.6268759965896606,0.0,uncertain,uncertain
2026-07-21_13-03-18.mp4,4.8,0.0050052804872393,,0.0408743272578729,,0.8234871625900269,0.7905096411705017,0.0833333333333333,uncertain,uncertain
2026-07-08_21-34-41.mp4,,,,,,,0.6081926822662354,0.0,uncertain,uncertain
2026-07-07_15-24-32.mp4,,,,,,,0.4582266807556152,0.0,uncertain,uncertain
2026-07-08_11-07-20.mp4,7.0,0.0003236847987864,,,,0.4264203011989593,0.5203596353530884,0.0,uncertain,uncertain
2026-07-18_17-47-24.mp4,2.2,0.0382880829274654,0.2707617676523547,0.2640006984148952,0.0067610692374594,0.4803050458431244,0.4121851921081543,0.9166666666666666,uncertain,uncertain
2026-07-07_14-20-45.mp4,3.4,0.0009593733702786,,,,0.5628793239593506,0.5676693320274353,0.0,uncertain,uncertain
2026-07-19_18-39-45.mp4,5.6,0.0027889010962098,,,,0.7212796211242676,0.674797534942627,0.0,uncertain,uncertain
2026-07-06_04-23-51.mp4,,,,,,,0.5252758264541626,0.0,no_pre_cry,uncertain
2026-07-17_12-08-29.mp4,,,,0.1204495141122921,,,0.6307815313339233,0.5,no_pre_cry,uncertain
2026-07-10_06-37-12.mp4,,,,,,,0.7204960584640503,0.0,uncertain,uncertain
2026-07-03_12-04-13.mp4,,,,,,,0.4946482181549072,0.0,no_pre_cry,uncertain
2026-07-21_15-22-53.mp4,3.2,0.0002875772479455,,,,0.6902710795402527,0.663740336894989,0.0,uncertain,uncertain
2026-07-25_19-42-52.mp4,6.6,0.0068872370757162,0.1662672631303915,,,0.6181503534317017,0.5456661581993103,0.0833333333333333,uncertain,uncertain
2026-07-12_02-45-36.mp4,3.6,0.0144778806716203,,,,0.2848343849182129,0.220365971326828,0.0,uncertain,uncertain
2026-07-09_20-04-45.mp4,4.4,0.0040298392996191,,,,0.7061600685119629,0.6447045803070068,0.0,uncertain,uncertain
2026-07-22_10-52-04.mp4,,,,0.1059720139197937,,,0.757623553276062,0.5,uncertain,uncertain
2026-07-03_04-39-56.mp4,6.4,0.0180932320654392,,,,0.306985080242157,0.430145800113678,0.0,uncertain,uncertain
2026-07-11_22-37-36.mp4,2.8,0.0006753798807039,0.2085943454681184,,,0.5255976915359497,0.3570387363433838,0.3333333333333333,uncertain,uncertain
2026-07-18_17-58-54.mp4,6.6,0.0230684299021959,0.1512165225876491,0.1674366351259562,-0.0162201125383071,0.3512579798698425,0.4016117453575134,0.3333333333333333,uncertain,no_pre_cry
2026-07-25_14-26-25.mp4,3.4,0.1090524569153785,0.0726871549801824,0.0787438493205655,-0.0060566943403831,0.5550261735916138,0.5446845889091492,1.0,uncertain,uncertain
2026-07-02_15-58-21.mp4,,,,,,,0.6922497749328613,0.0,no_pre_cry,uncertain
2026-07-10_05-20-25.mp4,,,,,,,0.4345781803131103,0.0,no_pre_cry,uncertain
2026-07-06_23-34-00.mp4,4.0,0.0066899862140417,,,,0.5287121534347534,0.4916428923606872,0.0,uncertain,uncertain
2026-07-05_18-21-48.mp4,1.8,0.0095877666026353,0.2402930999903506,0.2299900170398224,0.0103030829505282,0.4852226674556732,0.5072407126426697,0.8181818181818182,uncertain,uncertain
2026-07-04_14-45-36.mp4,7.4,0.0141164986416697,,0.1262200734895957,,0.6601724028587341,0.6150714159011841,0.25,uncertain,uncertain
2026-07-07_01-40-23.mp4,4.4,0.0011192577658221,,,,0.6626556515693665,0.7854680418968201,0.0,uncertain,uncertain
2026-07-03_07-37-10.mp4,,,,,,,0.6048986315727234,0.0,no_pre_cry,uncertain
2026-07-10_21-41-31.mp4,6.0,0.0101114464923739,,,,0.726970374584198,0.7389582395553589,0.0,uncertain,uncertain
2026-07-07_18-38-37.mp4,3.0,0.0011454145424067,,0.1496151395987331,,0.5373964309692383,0.4472641348838806,0.25,uncertain,uncertain
2026-07-07_14-19-21.mp4,2.4,0.0019573858007788,,,,0.7423393130302429,0.6662501692771912,0.0,uncertain,uncertain
2026-07-25_19-45-16.mp4,3.6,0.0343917943537235,0.1581253389163585,0.1943478649120236,-0.036222525995665,0.6300844550132751,0.5196707248687744,0.6666666666666666,uncertain,no_pre_cry
2026-07-22_04-11-21.mp4,3.2,0.0045286896638572,,,,0.6916601061820984,0.7204685211181641,0.0,uncertain,uncertain
2026-07-10_16-28-47.mp4,,,,,,,0.4176649451255798,0.0,uncertain,uncertain
2026-07-13_20-18-54.mp4,5.8,0.0029181963764131,,,,0.4776968955993652,0.39494189620018,0.0,uncertain,uncertain
2026-07-10_17-03-27.mp4,2.0,0.0093441633507609,,,,0.5853815078735352,0.6363073587417603,0.0,uncertain,uncertain
2026-07-18_04-53-08.mp4,7.0,0.0011086361482739,0.250575529959296,0.2711041395208614,-0.0205286095615653,0.4807978570461273,0.4629779756069183,0.75,uncertain,no_pre_cry
2026-07-10_13-40-02.mp4,3.2,0.0042087319307029,0.1099057453796589,0.2477493545642462,-0.1378436091845873,0.540439248085022,0.5368009209632874,0.1666666666666666,uncertain,no_pre_cry
2026-07-22_00-28-41.mp4,5.2,0.0078899087384343,,0.0529983318035503,,0.5229800939559937,0.5112496614456177,0.0833333333333333,uncertain,uncertain
2026-07-11_11-07-40.mp4,3.2,0.0008421390084549,,,,0.869377076625824,0.9004092216491699,0.0,uncertain,uncertain
2026-07-13_09-31-38.mp4,4.0,0.0118380673229694,0.1064449868468932,,,0.534298300743103,0.5446252822875977,0.0833333333333333,uncertain,uncertain
2026-07-05_13-16-44.mp4,,,,,,,0.5363295078277588,0.0,no_pre_cry,uncertain
2026-07-23_15-44-29.mp4,,,,0.0791267714924664,,,0.7788133025169373,1.0,uncertain,uncertain
2026-07-07_02-57-58.mp4,,,,0.1261658437931291,,,0.5243736505508423,0.1666666666666666,no_pre_cry,uncertain
2026-07-02_22-51-50.mp4,6.8,0.0025252767372876,0.0580147889248739,,,0.4971656501293182,0.6073293089866638,0.0833333333333333,uncertain,uncertain
2026-07-04_03-13-55.mp4,4.0,0.001567032886669,,,,0.3623524308204651,0.3362957239151001,0.0,uncertain,uncertain
2026-07-07_04-50-27.mp4,,,,,,,0.5836653113365173,0.0,uncertain,uncertain
2026-07-01_15-51-04.mp4,,,,,,,0.7903224229812622,0.0,uncertain,uncertain
2026-07-11_23-37-30.mp4,1.0,0.0020064760465174,,,,0.5236941576004028,0.4966948628425598,0.0,uncertain,uncertain
2026-07-06_18-05-54.mp4,,,,,,,0.4037888050079345,0.0,no_pre_cry,uncertain
2026-07-17_09-12-01.mp4,4.2,0.000659980578348,0.0606988312202092,0.0504073570279732,0.010291474192236,0.6454421877861023,0.5869612693786621,0.75,uncertain,uncertain
2026-07-08_10-35-09.mp4,,,,,,,0.6053304076194763,0.0,uncertain,uncertain
2026-07-09_21-52-38.mp4,,,,,,,0.9236693382263184,0.0,no_pre_cry,uncertain
2026-07-09_21-36-08.mp4,6.2,0.0028507160022854,0.0263663453066287,0.0790900284386226,-0.0527236831319938,0.8664774894714355,0.7917293906211853,0.3333333333333333,uncertain,no_pre_cry
2026-07-01_02-47-58.mp4,5.0,0.0018374158535152,,,,0.6068174839019775,0.6035137176513672,0.0,uncertain,uncertain
2026-07-11_13-24-12.mp4,,,,,,,0.6558107137680054,0.0,no_pre_cry,uncertain
2026-07-21_18-16-22.mp4,4.8,0.0029827025718986,,,,0.0539069101214408,0.084067702293396,0.0,uncertain,uncertain
2026-07-04_05-31-19.mp4,,,,,,,0.4804341197013855,0.0,uncertain,uncertain
2026-07-12_10-40-01.mp4,,,,0.0958680790105963,,,0.6137586832046509,0.6666666666666666,no_pre_cry,uncertain
2026-07-21_08-23-51.mp4,,,,0.0998794275208598,,,0.6255145072937012,0.3333333333333333,no_pre_cry,uncertain
2026-07-10_22-19-18.mp4,7.6,0.0006857435218989,0.0628966602472154,0.1760191799894262,-0.1131225197422108,0.686963677406311,0.6367664337158203,0.3333333333333333,uncertain,no_pre_cry
2026-07-09_11-45-38.mp4,,,,,,,0.7540054321289062,0.0,no_pre_cry,uncertain
2026-07-06_18-05-42.mp4,3.6,0.0006707371212542,,,,0.5234792232513428,0.5053534507751465,0.0,uncertain,uncertain
2026-07-06_00-37-30.mp4,,,,0.1869078538195885,,,0.5674809217453003,1.0,no_pre_cry,uncertain
2026-07-18_11-16-28.mp4,4.0,0.0138518856838345,0.0496820762670483,0.1108334944750821,-0.0611514182080337,0.730634868144989,0.6855988502502441,0.75,uncertain,no_pre_cry
2026-07-20_23-48-21.mp4,2.8,0.037155732512474,,,,0.2261956185102462,0.4404970109462738,0.0,uncertain,uncertain
2026-07-07_00-15-24.mp4,,,,,,,0.6745612025260925,0.0,no_pre_cry,uncertain
2026-07-02_17-42-56.mp4,2.6,0.0093925148248672,,,,0.6893751621246338,0.7174932956695557,0.0,uncertain,uncertain
2026-07-17_15-33-39.mp4,,,,,,,0.6465644240379333,0.0,no_pre_cry,uncertain
2026-07-08_09-55-09.mp4,,,,,,,0.5402034521102905,0.0,uncertain,uncertain
2026-07-11_17-22-30.mp4,,,,,,,0.613909900188446,0.0,uncertain,uncertain
2026-07-05_18-18-40.mp4,1.8,0.0126995490863919,,,,0.1982441246509552,0.2142679691314697,0.0,uncertain,uncertain
2026-07-19_17-41-34.mp4,,,,,,,0.5646070241928101,0.0,no_pre_cry,uncertain
2026-07-25_02-00-33.mp4,,,,0.0448411692180047,,,0.7229222059249878,1.0,no_pre_cry,uncertain
2026-07-04_16-02-42.mp4,,,,,,,0.7759952545166016,0.0,no_pre_cry,uncertain
2026-07-20_00-43-05.mp4,6.4,0.0013639241224154,0.1935066656460134,0.2213222680321931,-0.0278156023861796,0.6288908123970032,0.5795184373855591,0.9166666666666666,uncertain,no_pre_cry
2026-07-02_02-33-16.mp4,,,,,,,0.6567981243133545,0.0,no_pre_cry,uncertain
2026-07-23_19-23-06.mp4,,,,,,,0.2538286447525024,0.0,uncertain,uncertain
2026-07-14_11-49-39.mp4,,,,0.2342307603761332,,,0.4746137261390686,0.1666666666666666,no_pre_cry,uncertain
2026-07-09_05-48-00.mp4,,,,0.1299147897158418,,,0.6377451419830322,0.8333333333333334,no_pre_cry,uncertain
2026-07-10_15-54-49.mp4,,,,,,,0.5942365527153015,0.0,uncertain,uncertain
2026-07-25_23-35-38.mp4,,,,0.0940123389554607,,,0.3112664520740509,1.0,uncertain,uncertain
2026-07-10_12-46-08.mp4,,,,,,,0.6390942931175232,0.0,no_pre_cry,uncertain
2026-07-24_14-55-46.mp4,,,,0.1736409268186864,,,0.5901577472686768,1.0,uncertain,uncertain
2026-07-10_11-03-04.mp4,,,,,,,0.8443831205368042,0.0,no_pre_cry,uncertain
2026-07-12_14-40-12.mp4,3.6,0.0037725293077528,0.2162405851648741,0.2494421768136606,-0.0332015916487865,0.4776236414909363,0.5026785135269165,0.8333333333333334,uncertain,no_pre_cry
2026-07-01_00-37-52.mp4,,,,0.028650646502377,,,0.215284451842308,0.5,uncertain,uncertain
2026-07-07_01-16-35.mp4,2.8,0.0115046668797731,,,,0.6842982769012451,0.7222382426261902,0.0,uncertain,uncertain
2026-07-11_08-44-47.mp4,6.4,0.001049646642059,0.0865817826644629,0.0900388013321533,-0.0034570186676904,0.5146125555038452,0.5505148768424988,0.3333333333333333,uncertain,uncertain
2026-07-24_14-55-22.mp4,2.8,0.0016906341770663,0.230830065228583,0.2373342571338619,-0.0065041919052789,0.7148539423942566,0.6305490732192993,1.0,uncertain,no_pre_cry
2026-07-01_18-46-13.mp4,1.8,0.0267533455044031,0.0569354376143678,,,0.4481367766857147,0.5843533873558044,0.4545454545454545,uncertain,uncertain
2026-07-08_14-12-24.mp4,,,,,,,0.4472848176956177,0.0,no_pre_cry,uncertain
2026-07-15_10-12-55.mp4,,,,0.1148816616033011,,,0.5579276084899902,0.3333333333333333,no_pre_cry,uncertain
2026-07-11_18-06-13.mp4,,,,,,,0.3944041728973388,0.0,uncertain,uncertain
2026-07-25_20-16-28.mp4,,,,,,,0.2877272367477417,0.0,no_pre_cry,uncertain
2026-06-30_16-22-44.mp4,5.4,0.0013718955451622,0.0601795258508165,,,0.492215633392334,0.4676731526851654,0.0833333333333333,uncertain,uncertain
2026-07-22_12-07-57.mp4,2.8,0.0124577526003122,0.1141317986651089,,,0.6081940531730652,0.6592699885368347,0.1666666666666666,uncertain,uncertain
2026-07-02_02-53-28.mp4,,,,,,,0.5474860668182373,0.0,no_pre_cry,uncertain
2026-07-04_17-58-51.mp4,6.0,0.002956194570288,,0.0549367017722986,,0.3933650851249695,0.5366562604904175,0.0833333333333333,uncertain,uncertain
2026-06-30_15-22-11.mp4,1.2,0.0032433266751468,,,,0.0379461571574211,0.0266394168138504,0.0,uncertain,uncertain
2026-07-25_16-00-48.mp4,3.8,0.0036183625925332,0.2066364712516979,0.1780958856688443,0.0285405855828535,0.5956841707229614,0.6482651233673096,0.9166666666666666,uncertain,uncertain
2026-07-08_10-49-02.mp4,,,,,,,0.5090497136116028,0.0,no_pre_cry,uncertain
2026-07-09_14-53-30.mp4,,,,0.0643268799329553,,,0.6475300192832947,0.1666666666666666,uncertain,uncertain
2026-07-04_08-20-47.mp4,5.8,0.0018063146853819,,0.0802952893622785,,0.2959495186805725,0.4862275123596191,0.1666666666666666,uncertain,uncertain
2026-07-07_07-31-43.mp4,,,,,,,0.7250229716300964,0.0,uncertain,uncertain
2026-07-01_09-46-06.mp4,,,,,,,0.6641361713409424,0.0,uncertain,uncertain
2026-07-05_12-53-08.mp4,1.2,0.0011912846239283,,,,0.5204304456710815,0.4924755692481994,0.0,uncertain,uncertain
2026-07-14_16-38-30.mp4,3.8,0.0013599783414974,0.095305098819897,0.1011469252106788,-0.0058418263907818,0.3837223649024963,0.3134618699550628,0.6666666666666666,uncertain,uncertain
2026-07-23_03-03-13.mp4,,,,0.1239476157528135,,,0.6245765686035156,0.3333333333333333,no_pre_cry,uncertain
2026-07-05_04-36-13.mp4,3.4,0.0003891048254445,0.0638981352750022,0.0934810251593915,-0.0295828898843893,0.5171640515327454,0.5537225008010864,1.0,uncertain,no_pre_cry
2026-07-04_12-37-03.mp4,,,,,,,0.3805850148200989,0.0,no_pre_cry,uncertain
2026-07-02_19-18-37.mp4,1.2,0.0018065752228721,,,,0.551712691783905,0.6198196411132812,0.0,uncertain,uncertain
2026-07-17_23-07-54.mp4,3.4,0.0376831255853176,0.1611598072890532,0.2092126193657099,-0.0480528120766567,0.4198858141899109,0.4972278773784637,0.4166666666666667,uncertain,no_pre_cry
2026-07-18_10-05-11.mp4,4.8,0.0012127483496442,0.1079999194418754,0.1185511964735308,-0.0105512770316553,0.538741946220398,0.4448974132537842,0.5833333333333334,uncertain,no_pre_cry
2026-07-23_03-22-31.mp4,,,,0.1110502454396905,,,0.7246912717819214,0.1666666666666666,uncertain,uncertain
2026-07-02_18-28-32.mp4,3.0,0.0007505298708565,,,,0.4030895233154297,0.4357118010520935,0.0,uncertain,uncertain
2026-07-02_07-51-11.mp4,5.6,0.0154048958793282,0.0746889008988034,0.0633475803075852,0.0113413205912181,0.6346989870071411,0.5954083204269409,0.4166666666666667,uncertain,uncertain
2026-07-06_21-04-58.mp4,6.8,0.0059278062544763,0.1605802082993737,0.1375039194972235,0.0230762888021502,0.5636753439903259,0.6293757557868958,0.4166666666666667,uncertain,uncertain
2026-07-15_13-14-23.mp4,5.2,0.0055163241922855,0.1188205572656845,0.1032825514611932,0.0155380058044913,0.399370402097702,0.4301941990852356,0.25,uncertain,uncertain
2026-07-01_01-30-53.mp4,1.2,0.0037451377138495,0.1099773523418145,,,0.5650860667228699,0.5569407343864441,0.1111111111111111,uncertain,uncertain
2026-07-19_17-54-27.mp4,6.4,0.0035142975393682,,,,0.414282739162445,0.5061919093132019,0.0,uncertain,uncertain
2026-07-09_11-37-32.mp4,,,,,,,0.7331832647323608,0.0,no_pre_cry,uncertain
2026-07-07_17-24-49.mp4,2.2,0.0320309698581695,,,,0.6023120880126953,0.5195198655128479,0.0,uncertain,uncertain
2026-07-24_03-44-53.mp4,3.8,0.0062524485401809,0.1153016084223207,0.1434204244398669,-0.0281188160175461,0.5030694007873535,0.5198756456375122,0.25,uncertain,no_pre_cry
2026-06-30_20-49-47.mp4,3.6,0.0031945654191076,,,,0.3373554646968841,0.4465833306312561,0.0,uncertain,uncertain
2026-06-30_13-02-31.mp4,6.6,0.0247550345957279,0.1076289460221004,0.0971542101462527,0.0104747358758477,0.4512526392936706,0.4588823318481445,0.75,uncertain,uncertain
2026-07-25_16-01-24.mp4,,,,0.164207159690572,,,0.5613784193992615,1.0,no_pre_cry,uncertain
2026-07-02_07-55-35.mp4,,,,,,,0.7052764296531677,0.0,uncertain,uncertain
2026-07-13_19-39-37.mp4,,,,,,,0.5189322829246521,0.0,uncertain,uncertain
2026-07-06_00-45-30.mp4,1.4,0.003597866743803,0.2141832288046602,0.1896575313836943,0.0245256974209658,0.3876731395721435,0.3996519744396209,0.4444444444444444,uncertain,uncertain
2026-07-04_03-52-32.mp4,2.4,0.0036080761346966,0.0879719596353817,,,0.5824977159500122,0.6478163599967957,0.0833333333333333,uncertain,uncertain
2026-07-08_17-03-23.mp4,3.6,0.0008138681878335,0.1984954604846553,0.189741747105081,0.0087537133795743,0.5243356227874756,0.6625972986221313,0.9166666666666666,uncertain,uncertain
2026-07-02_03-14-58.mp4,,,,0.0493555543832644,,,0.4137081503868103,0.3333333333333333,no_pre_cry,uncertain
2026-07-03_22-48-40.mp4,5.6,0.0009273421019315,,,,0.6296772360801697,0.6040784120559692,0.0,uncertain,uncertain
2026-07-13_07-22-54.mp4,,,,,,,0.2328902333974838,0.0,uncertain,uncertain
2026-07-11_18-12-57.mp4,2.6,0.0030943793244659,,,,0.4650239944458008,0.4969199597835541,0.0,uncertain,uncertain
2026-07-01_21-17-29.mp4,3.4,0.0106338178738951,,,,0.4500136971473694,0.3271090388298034,0.0,uncertain,uncertain
2026-07-20_23-46-09.mp4,,,,0.1035053572195364,,,0.5040724873542786,0.8333333333333334,uncertain,uncertain
2026-07-13_23-17-58.mp4,5.2,0.0023822770453989,0.1067382684961128,0.0451041544215671,0.0616341140745456,0.3788827359676361,0.5007067322731018,0.25,uncertain,uncertain
2026-07-24_23-31-47.mp4,2.0,0.0444798022508621,0.0646361657973507,0.0749188730274089,-0.0102827072300582,0.5774599313735962,0.671650767326355,1.0,uncertain,no_pre_cry
2026-07-03_03-56-05.mp4,4.8,0.0040014088153839,,,,0.7016932368278503,0.6805593371391296,0.0,uncertain,uncertain
2026-07-11_12-18-45.mp4,,,,,,,0.5873438715934753,0.0,no_pre_cry,uncertain
2026-07-10_14-03-20.mp4,2.0,0.0008633831748738,0.3001635353113514,,,0.5130424499511719,0.6140545606613159,0.0833333333333333,uncertain,uncertain
2026-07-09_10-41-03.mp4,,,,0.1951477975471371,,,0.6918052434921265,0.1666666666666666,no_pre_cry,uncertain
2026-07-25_14-22-55.mp4,2.8,0.0953821241855621,0.0767702331256774,0.0762114741644446,0.0005587589612327,0.5448240637779236,0.6164379119873047,0.9166666666666666,uncertain,uncertain
2026-07-06_21-22-22.mp4,,,,,,,0.6963292956352234,0.0,uncertain,uncertain
2026-07-24_11-45-06.mp4,,,,,,,0.6345651745796204,0.0,no_pre_cry,uncertain
2026-07-06_16-29-11.mp4,,,,,,,0.6700875163078308,0.0,uncertain,uncertain
2026-07-23_17-06-46.mp4,,,,0.0525365681531954,,,0.8188427686691284,0.6666666666666666,uncertain,uncertain
2026-07-05_18-56-13.mp4,,,,,,,0.1065685972571373,0.0,no_pre_cry,uncertain
2026-07-01_21-56-46.mp4,5.6,0.0024971826933324,,,,0.3796730041503906,0.3855485916137695,0.0,uncertain,uncertain
2026-07-23_16-40-29.mp4,1.4,0.0014851940795779,0.0646472177571055,,,0.7543648481369019,0.7174794673919678,0.2222222222222222,uncertain,uncertain
2026-07-12_03-59-47.mp4,,,,,,,0.7948031425476074,0.0,no_pre_cry,uncertain
2026-07-15_21-44-38.mp4,3.8,0.0076344101689755,,,,0.410459041595459,0.3678541779518127,0.0,uncertain,uncertain
2026-07-02_18-35-50.mp4,,,,,,,0.4380515515804291,0.0,uncertain,uncertain
2026-07-23_00-47-14.mp4,6.6,0.0429723262786865,0.228196147478724,0.1894518999899739,0.03874424748875,0.5351163148880005,0.5650753378868103,1.0,uncertain,uncertain
2026-07-19_19-22-03.mp4,1.4,0.0010144235566258,0.1722304381592356,0.1210316463710391,0.0511987917881964,0.5959783792495728,0.5256807208061218,1.0,uncertain,uncertain
2026-07-24_14-13-23.mp4,6.4,0.030665073543787,,0.1018807681834441,,0.5836081504821777,0.6157076358795166,0.25,uncertain,uncertain
2026-07-05_11-13-21.mp4,,,,,,,0.5644609928131104,0.0,no_pre_cry,uncertain
2026-07-03_22-53-34.mp4,2.8,0.0013123219832777,,,,0.5871601104736328,0.7290776968002319,0.0,uncertain,uncertain
2026-07-13_13-34-47.mp4,1.4,0.0073213186115026,0.1661627866306721,0.1764279503652606,-0.0102651637345885,0.7329381704330444,0.6965691447257996,0.5555555555555556,uncertain,no_pre_cry
2026-07-16_16-13-04.mp4,4.0,0.0003787375462707,0.1207094378418532,0.2204465427703155,-0.0997371049284622,0.3826619386672973,0.4167300164699554,0.3333333333333333,uncertain,no_pre_cry
2026-07-03_19-56-06.mp4,,,,,,,0.4046685695648193,0.0,uncertain,uncertain
2026-07-18_04-52-56.mp4,3.0,0.0007739186403341,0.1713979823056815,0.1791803522953031,-0.0077823699896215,0.3556330800056457,0.577386736869812,0.5833333333333334,uncertain,no_pre_cry
2026-07-01_13-36-59.mp4,,,,,,,0.1012262105941772,0.0,no_pre_cry,uncertain
2026-07-12_14-45-48.mp4,1.0,0.0065844734199345,0.2588470333142634,0.2522339881150663,0.0066130451991971,0.4864959120750427,0.4832863509654999,1.0,uncertain,uncertain
2026-07-06_23-21-41.mp4,1.0,0.0087253460660576,,,,0.6696078181266785,0.6860184669494629,0.0,uncertain,uncertain
2026-07-24_04-33-41.mp4,2.0,0.0016041686758399,0.1568158517127585,0.1630335844212039,-0.0062177327084454,0.8051022291183472,0.4880320429801941,0.4166666666666667,uncertain,uncertain
2026-07-02_14-35-40.mp4,,,,0.0826714978843592,,,0.4345925748348236,0.8333333333333334,no_pre_cry,uncertain
2026-07-07_11-19-29.mp4,1.6,0.0179480817168951,,,,0.66376793384552,0.7055777311325073,0.0,uncertain,uncertain
2026-07-09_04-09-07.mp4,6.4,0.002545591443777,0.2021074957421614,0.1993051901204565,0.0028023056217048,0.8579114675521851,0.713262677192688,0.9166666666666666,uncertain,uncertain
2026-07-08_15-56-47.mp4,,,,,,,0.5548743605613708,0.0,no_pre_cry,uncertain
2026-07-09_21-53-26.mp4,,,,,,,0.93010413646698,0.0,no_pre_cry,uncertain
2026-07-14_13-59-38.mp4,,,,0.0636701817554871,,,0.3781480193138122,0.5,uncertain,uncertain
2026-07-05_16-31-39.mp4,,,,,,,0.7231225371360779,0.0,uncertain,uncertain
2026-07-07_09-31-06.mp4,,,,,,,0.6305807828903198,0.0,no_pre_cry,uncertain
2026-07-14_12-07-03.mp4,2.4,0.000798717373982,0.0844801114434629,0.0827177975720583,0.0017623138714046,0.4733142852783203,0.3528933525085449,0.5,uncertain,uncertain
2026-07-23_20-09-34.mp4,3.8,0.102277934551239,,0.0707468404833464,,0.5217328071594238,0.5712255239486694,0.1666666666666666,uncertain,uncertain
2026-07-14_07-03-24.mp4,,,,,,,0.6165632605552673,0.0,uncertain,uncertain
2026-07-19_23-42-48.mp4,,,,,,,0.4908337593078613,0.0,uncertain,uncertain
2026-07-09_21-31-02.mp4,,,,0.07695829588162,,,0.6133798956871033,1.0,no_pre_cry,uncertain
2026-07-05_05-53-41.mp4,,,,,,,0.3905687928199768,0.0,no_pre_cry,uncertain
2026-07-09_04-01-43.mp4,,,,0.0667564858524388,,,0.6829710006713867,0.6666666666666666,uncertain,uncertain
2026-07-07_07-27-49.mp4,6.2,0.0006918318686075,,0.1051773293839977,,0.7304560542106628,0.7315125465393066,0.0833333333333333,uncertain,uncertain
2026-07-23_19-57-08.mp4,,,,,,,0.2930520176887512,0.0,no_pre_cry,uncertain
2026-07-04_12-42-09.mp4,,,,,,,0.5702434778213501,0.0,no_pre_cry,uncertain
2026-07-06_23-30-47.mp4,4.0,0.0099570425227284,,,,0.45070880651474,0.5009007453918457,0.0,uncertain,uncertain
2026-07-03_03-55-29.mp4,,,,0.1774456874494285,,,0.4284793734550476,0.1666666666666666,uncertain,uncertain
2026-06-30_16-32-20.mp4,4.0,0.0004255182866472,,,,0.6503748297691345,0.6797059774398804,0.0,uncertain,uncertain
2026-07-02_18-28-56.mp4,5.6,0.0006721740937791,,,,0.359672486782074,0.3729031085968017,0.0,uncertain,uncertain
2026-07-15_12-38-41.mp4,,,,0.1901951709307173,,,0.3268510103225708,0.1666666666666666,uncertain,uncertain
2026-07-04_01-43-23.mp4,1.6,0.0081665627658367,0.0432223070144238,0.0538934335306701,-0.0106711265162462,0.360339343547821,0.459128201007843,0.3,uncertain,no_pre_cry
2026-07-17_09-11-49.mp4,,,,0.0489309516026884,,,0.6034375429153442,0.5,uncertain,uncertain
2026-07-01_15-58-34.mp4,,,,0.1146102008064065,,,0.5059930086135864,0.3333333333333333,uncertain,uncertain
2026-07-10_04-23-38.mp4,,,,,,,0.3491250872611999,0.0,no_pre_cry,uncertain
2026-07-03_13-43-12.mp4,,,,,,,0.7498377561569214,0.0,no_pre_cry,uncertain
2026-07-17_20-41-15.mp4,6.6,0.0079554552212357,0.178151111206628,0.0944663457000301,0.0836847655065979,0.6297799348831177,0.5804336071014404,0.25,uncertain,uncertain
2026-07-20_00-44-41.mp4,,,,0.180060239585325,,,0.7011443972587585,0.1666666666666666,no_pre_cry,uncertain
2026-07-03_09-52-21.mp4,,,,,,,0.6633528470993042,0.0,no_pre_cry,uncertain
2026-07-10_01-39-39.mp4,,,,0.1616244687314313,,,0.5255207419395447,0.3333333333333333,no_pre_cry,uncertain
2026-07-18_17-59-54.mp4,3.2,0.0384844429790973,,0.1465906291008562,,0.1117341145873069,0.5489351749420166,0.0833333333333333,uncertain,uncertain
2026-07-03_03-28-24.mp4,4.0,0.0024862575810402,,0.1371932251772519,,0.4616181850433349,0.5260316729545593,0.0833333333333333,uncertain,uncertain
2026-07-20_23-49-21.mp4,,,,,,,0.2767991423606872,0.0,no_pre_cry,uncertain
2026-07-26_01-00-19.mp4,4.2,0.0139784580096602,0.0802796722396398,0.0834574049806274,-0.0031777327409876,0.6851023435592651,0.7290231585502625,0.6666666666666666,uncertain,uncertain
2026-07-04_12-45-45.mp4,1.4,0.002876401413232,,,,0.5730676651000977,0.5808717608451843,0.0,uncertain,uncertain
2026-07-03_23-01-16.mp4,5.8,0.0015298242215067,,0.0187258127814857,,0.719570517539978,0.577643632888794,0.0833333333333333,uncertain,uncertain
2026-07-02_20-32-55.mp4,2.8,0.0031612361781299,0.1548098838226849,0.2149923237575838,-0.0601824399348989,0.3742776811122894,0.4728800654411316,0.1666666666666666,uncertain,no_pre_cry
2026-07-06_20-15-47.mp4,,,,,,,0.4255977869033813,0.0,uncertain,uncertain
2026-07-16_22-59-19.mp4,2.6,0.0004138250660616,0.1003031134459006,0.1284873330236529,-0.0281842195777523,0.6491383910179138,0.560339629650116,0.25,uncertain,no_pre_cry
2026-07-02_00-53-19.mp4,3.8,0.0015509894583374,,,,0.50019770860672,0.5148030519485474,0.0,uncertain,uncertain
2026-07-21_15-06-35.mp4,,,,0.1238844878934209,,,0.5051155090332031,0.6666666666666666,uncertain,uncertain
2026-07-22_23-21-03.mp4,2.6,0.0003198396298103,0.081132200506887,0.0998790662461183,-0.0187468657392312,0.6670402884483337,0.6221307516098022,0.25,uncertain,no_pre_cry
2026-07-21_23-58-54.mp4,2.4,0.0810499861836433,0.1087918133356036,0.0977289290576878,0.0110628842779158,0.5076046586036682,0.4831631183624267,0.75,uncertain,uncertain
2026-07-04_23-45-09.mp4,4.2,0.0006313237827271,,,,0.6086667776107788,0.5902047157287598,0.0,uncertain,uncertain
2026-07-22_04-05-03.mp4,4.2,0.0021636288147419,0.0872977120243425,0.0474621183427101,0.0398355936816324,0.6383612751960754,0.6399626731872559,0.5833333333333334,uncertain,uncertain
2026-07-09_19-01-28.mp4,,,,0.1404220868301932,,,0.4955470263957977,0.5,uncertain,uncertain
2026-07-09_05-52-30.mp4,5.2,0.0038258901331573,,,,0.598775327205658,0.6833810806274414,0.0,uncertain,uncertain
2026-07-22_13-33-09.mp4,,,,,,,0.6591591238975525,0.0,uncertain,uncertain
2026-07-12_03-18-47.mp4,,,,0.0678444209136068,,,0.7157362699508667,0.5,no_pre_cry,uncertain
2026-07-07_04-31-03.mp4,,,,0.0628882356250845,,,0.5640197992324829,0.5,uncertain,uncertain
2026-07-20_00-48-41.mp4,2.0,0.034983642399311,0.1599097292232962,,,0.4583536982536316,0.6274487972259521,0.1666666666666666,uncertain,uncertain
2026-07-03_01-44-13.mp4,,,,0.0694392008455999,,,0.5335996150970459,0.1666666666666666,no_pre_cry,uncertain
2026-07-11_10-53-10.mp4,5.8,0.0051844916306436,0.0615908112295181,0.0799030294234847,-0.0183122181939665,0.553138792514801,0.613822340965271,0.25,uncertain,no_pre_cry
2026-07-21_01-03-14.mp4,7.0,0.0049938447773456,0.0863972920938612,0.0795486866548263,0.0068486054390349,0.6221684813499451,0.7013305425643921,0.3636363636363636,uncertain,uncertain
2026-07-25_12-47-02.mp4,5.8,0.037080880254507,0.0439875805208646,0.0802335146838443,-0.0362459341629797,0.616186261177063,0.6031237244606018,0.75,uncertain,no_pre_cry
2026-07-24_05-11-22.mp4,7.2,0.0276230070739984,0.1470554937848315,0.148083618361775,-0.0010281245769434,0.7170379161834717,0.6828585863113403,0.25,uncertain,uncertain
2026-07-16_20-17-15.mp4,5.6,0.0089118080213665,0.0880100115327546,0.0991690837466535,-0.0111590722138989,0.604253351688385,0.8047105669975281,0.3333333333333333,uncertain,no_pre_cry
2026-07-06_15-46-12.mp4,,,,0.0366030760993962,,,0.6694248914718628,0.3333333333333333,no_pre_cry,uncertain
2026-07-21_23-55-36.mp4,,,,,,,0.5379951000213623,0.0,no_pre_cry,uncertain
2026-07-01_07-36-29.mp4,2.0,0.0487493500113487,,0.0812276667578258,,0.3983230292797088,0.2848177552223205,0.3333333333333333,uncertain,uncertain
2026-07-14_05-45-10.mp4,5.6,0.0034580097999423,,,,0.6576765179634094,0.4717282950878143,0.0,uncertain,uncertain
2026-07-02_12-38-35.mp4,1.0,0.0023776893503963,,,,0.3251237869262695,0.331657737493515,0.0,uncertain,uncertain
2026-07-13_19-42-54.mp4,2.2,0.0007993794861249,,,,0.5158328413963318,0.5887665748596191,0.0,uncertain,uncertain
2026-07-24_01-23-01.mp4,4.8,0.0017171883955597,0.2019501481866225,0.181379069647926,0.0205710785386964,0.4863344132900238,0.5470839738845825,1.0,uncertain,uncertain
2026-07-23_19-18-44.mp4,1.6,0.0025367734488099,0.0749768140088,0.068129738540279,0.006847075468521,0.6879695653915405,0.7111655473709106,1.0,uncertain,uncertain
2026-07-08_14-17-12.mp4,2.2,0.0110404137521982,0.0349521087149342,0.1370289001491513,-0.102076791434217,0.6032499074935913,0.7007268667221069,0.1666666666666666,uncertain,no_pre_cry
2026-07-05_16-31-27.mp4,4.0,0.0003565411025192,,,,0.6653003096580505,0.7251615524291992,0.0,uncertain,uncertain
2026-07-13_08-40-15.mp4,2.6,0.0351396575570106,,,,0.4262807071208954,0.6119674444198608,0.0,uncertain,uncertain
2026-07-16_20-57-15.mp4,6.8,0.0078853713348507,,0.1714052919562233,,0.4329823851585388,0.411199539899826,0.0833333333333333,uncertain,uncertain
2026-07-17_11-07-48.mp4,5.0,0.002784677548334,0.0450536590548645,0.0313075348149304,0.013746124239934,0.6107087135314941,0.5139793157577515,0.25,uncertain,uncertain
2026-07-07_11-26-11.mp4,3.4,0.0012526481878012,,,,0.5684258341789246,0.587446928024292,0.0,uncertain,uncertain
2026-07-12_12-13-00.mp4,,,,,,,0.5811699032783508,0.0,no_pre_cry,uncertain
2026-07-23_16-02-59.mp4,,,,0.070270145915308,,,0.908549964427948,1.0,uncertain,uncertain
2026-07-10_14-25-19.mp4,2.4,0.0043399129062891,,,,0.7037981748580933,0.6719174385070801,0.0,uncertain,uncertain
2026-07-05_05-50-29.mp4,,,,,,,0.6231766939163208,0.0,uncertain,uncertain
2026-07-18_11-10-04.mp4,,,,0.0897641083232222,,,0.6801118850708008,0.3333333333333333,no_pre_cry,uncertain
2026-07-13_10-46-19.mp4,,,,0.1462861127386035,,,0.5577990412712097,0.1666666666666666,no_pre_cry,uncertain
2026-07-04_23-44-21.mp4,6.2,0.0006890945369377,,,,0.6344401240348816,0.596746563911438,0.0,uncertain,uncertain
2026-07-26_00-13-25.mp4,4.4,0.0642365217208862,0.1412717813926496,0.2312690587254186,-0.0899972773327689,0.6989138126373291,0.7050198316574097,0.8333333333333334,uncertain,no_pre_cry
2026-07-02_02-33-04.mp4,4.2,0.0047503914684057,,0.2169912726043743,,0.5260598063468933,0.4296016097068786,0.1666666666666666,uncertain,uncertain
2026-07-04_09-38-46.mp4,,,,,,,0.4315622448921203,0.0,uncertain,uncertain
2026-06-30_21-53-26.mp4,4.6,0.0146050350740551,,,,0.3682835102081299,0.3181811869144439,0.0,uncertain,uncertain
2026-07-21_15-20-59.mp4,4.8,0.0081408331170678,0.1123971976745584,0.1518171519627732,-0.0394199542882148,0.7041251063346863,0.4957234263420105,0.3333333333333333,uncertain,no_pre_cry
2026-07-16_10-22-27.mp4,2.2,0.0140056814998388,,0.0953200325389122,,0.5078119039535522,0.5975997447967529,0.3333333333333333,uncertain,uncertain
2026-07-05_02-31-11.mp4,,,,,,,0.7178112864494324,0.0,no_pre_cry,uncertain
2026-07-24_07-26-21.mp4,,,,,,,0.6116104125976562,0.0,uncertain,uncertain
2026-07-14_01-06-09.mp4,,,,0.0423881089660482,,,0.5332157015800476,0.1666666666666666,uncertain,uncertain
2026-07-07_07-31-31.mp4,2.8,0.0060791498981416,,,,0.7929408550262451,0.6901551485061646,0.0,uncertain,uncertain
2026-07-10_13-24-44.mp4,,,,0.1244546006664405,,,0.5747812986373901,0.3333333333333333,uncertain,uncertain
2026-06-30_15-24-11.mp4,5.2,0.0035607642494142,,,,0.0295003056526184,0.0416503138840198,0.0,uncertain,uncertain
2026-07-18_05-06-14.mp4,4.4,0.0087093086913228,,0.1885359451872841,,0.5313622951507568,0.4514077305793762,0.25,uncertain,uncertain
2026-07-14_14-14-02.mp4,,,,0.0673083056555707,,,0.3897753953933716,0.8333333333333334,no_pre_cry,uncertain
2026-07-06_17-44-30.mp4,,,,0.0454142591897576,,,0.505104660987854,0.3333333333333333,uncertain,uncertain
2026-07-08_20-29-44.mp4,,,,,,,0.5993933081626892,0.0,uncertain,uncertain
2026-07-05_02-49-59.mp4,,,,,,,0.518740713596344,0.0,uncertain,uncertain
2026-07-15_20-37-47.mp4,5.0,0.0067581860348582,,0.1059424949118862,,0.2202723920345306,0.3562144935131073,0.1666666666666666,uncertain,uncertain
2026-07-14_14-06-44.mp4,,,,0.0315940753326881,,,0.4518950581550598,0.1666666666666666,uncertain,uncertain
2026-07-08_02-25-04.mp4,6.0,0.0545149110257625,0.1005727880797541,0.2739335050339448,-0.1733607169541906,0.6802777647972107,0.4978669881820678,0.3333333333333333,uncertain,no_pre_cry
2026-07-24_01-19-25.mp4,4.4,0.0060444646514952,0.1622869351891414,0.122834870747378,0.0394520644417633,0.6142661571502686,0.5829513072967529,0.6666666666666666,uncertain,uncertain
2026-07-09_01-51-08.mp4,2.8,0.000697960902471,0.0973290762086616,0.1299310415600859,-0.0326019653514242,0.494739294052124,0.5687361359596252,0.75,uncertain,no_pre_cry
2026-07-02_14-15-52.mp4,2.6,0.008433423936367,0.0704428350636249,0.049997527388433,0.0204453076751919,0.4134798943996429,0.3725248277187347,0.4166666666666667,uncertain,uncertain
2026-07-08_21-43-41.mp4,,,,,,,0.5085692405700684,0.0,no_pre_cry,uncertain
2026-07-12_06-46-09.mp4,4.6,0.0030096650589257,,,,0.5835312604904175,0.5569502115249634,0.0,uncertain,uncertain
2026-07-03_20-23-48.mp4,,,,0.0475431161584824,,,0.7384121417999268,0.1666666666666666,uncertain,uncertain
2026-07-24_02-27-00.mp4,5.6,0.0003471620730124,0.1150262050853849,0.1209779970209805,-0.0059517919355956,0.5322922468185425,0.5022822022438049,0.9166666666666666,uncertain,uncertain
2026-07-19_19-16-39.mp4,5.4,0.0003185785317327,0.107081169431757,,,0.5166258811950684,0.373060792684555,0.4166666666666667,uncertain,uncertain
2026-07-17_20-25-51.mp4,2.6,0.0148937655612826,0.150547820716157,0.118610554877012,0.0319372658391449,0.3771809041500091,0.5242512226104736,0.6666666666666666,uncertain,uncertain
2026-07-10_15-10-25.mp4,,,,,,,0.6554669737815857,0.0,no_pre_cry,uncertain
2026-07-02_14-42-40.mp4,,,,,,,0.400181382894516,0.0,no_pre_cry,uncertain
2026-07-23_09-09-15.mp4,,,,0.1408510102569473,,,0.4176832139492035,1.0,uncertain,uncertain
2026-07-04_16-55-48.mp4,1.4,0.0061618336476385,0.2324332823971708,0.2408484816717616,-0.0084151992745908,0.3996980190277099,0.4933484494686126,0.8888888888888888,uncertain,no_pre_cry
2026-07-01_21-34-10.mp4,5.6,0.0028490480035543,,,,0.5362083911895752,0.5504071712493896,0.0,uncertain,uncertain
2026-07-16_12-30-44.mp4,2.2,0.0470479577779769,0.1935202367237665,,,0.5631052255630493,0.6286091804504395,0.1666666666666666,uncertain,uncertain
2026-07-23_00-51-32.mp4,5.6,0.0047295782715082,0.1957146348358559,0.2020976243028435,-0.0063829894669875,0.5016168355941772,0.4525991678237915,0.75,uncertain,uncertain
2026-07-18_17-59-42.mp4,5.2,0.176041379570961,0.1382134505396599,0.1024339279330154,0.0357795226066444,0.373187780380249,0.2746087908744812,0.3333333333333333,uncertain,uncertain
2026-07-21_12-46-37.mp4,2.6,0.0014450391754508,0.1255945680669931,0.0723334329336967,0.0532611351332963,0.692110538482666,0.7500645518302917,0.5833333333333334,uncertain,uncertain
2026-07-22_15-16-13.mp4,,,,0.2142103430598093,,,0.7306350469589233,1.0,no_pre_cry,uncertain
2026-07-26_00-13-37.mp4,6.0,0.1460159420967102,0.1788106522235313,0.1688246641838645,0.0099859880396667,0.7415279150009155,0.7172038555145264,0.9166666666666666,uncertain,uncertain
2026-07-25_13-51-44.mp4,,,,0.1175122413514228,,,0.6085977554321289,0.5,uncertain,uncertain
2026-07-09_20-04-33.mp4,2.8,0.0005500685074366,,0.1037011619251428,,0.8338490724563599,0.7825320959091187,0.0833333333333333,uncertain,uncertain
2026-07-22_01-44-16.mp4,1.4,0.0478394329547882,0.1049545499341944,0.1392886958210709,-0.0343341458868765,0.5236856937408447,0.6831931471824646,0.3333333333333333,uncertain,no_pre_cry
2026-07-01_21-21-29.mp4,4.8,0.0357586331665515,,,,0.5131346583366394,0.4324607849121094,0.0,uncertain,uncertain
2026-07-01_18-55-01.mp4,2.0,0.0037203282117843,,,,0.3332400321960449,0.377398818731308,0.0,uncertain,uncertain
2026-07-08_17-27-29.mp4,,,,,,,0.6039673089981079,0.0,uncertain,uncertain
2026-07-07_02-08-22.mp4,2.8,0.0035367347300052,,,,0.653902530670166,0.6873912811279297,0.0,uncertain,uncertain
2026-07-16_22-17-08.mp4,,,,0.1041232713634721,,,0.4791533946990967,0.5,uncertain,uncertain
2026-07-06_15-33-00.mp4,5.8,0.002588523318991,,,,0.3532649874687195,0.4524979591369629,0.0,uncertain,uncertain
2026-07-13_14-19-05.mp4,,,,0.1244765990079309,,,0.6019424200057983,0.1666666666666666,uncertain,uncertain
2026-07-17_20-39-03.mp4,,,,0.0366957024907692,,,0.3822081983089447,0.1666666666666666,uncertain,uncertain
2026-06-30_18-52-59.mp4,,,,,,,0.0633373856544494,0.0,uncertain,uncertain
2026-07-22_12-08-21.mp4,1.2,0.0073246327228844,0.1140996567765518,0.1129382134905288,0.001161443286023,0.7732722759246826,0.8461400866508484,0.8888888888888888,uncertain,uncertain
2026-07-03_01-14-07.mp4,,,,,,,0.5516219139099121,0.0,no_pre_cry,uncertain
2026-07-09_16-17-47.mp4,4.2,0.0027094651013612,0.2196820795001142,0.2424057515791915,-0.0227236720790773,0.3633943498134613,0.2883281707763672,1.0,uncertain,no_pre_cry
2026-07-26_00-09-07.mp4,2.4,0.0009782637935131,0.1748284567664432,0.1936091140337622,-0.018780657267319,0.6414393782615662,0.6693612933158875,0.5833333333333334,uncertain,no_pre_cry
2026-07-14_17-57-56.mp4,1.8,0.0020507406443357,0.0697862619476404,0.0753414845889238,-0.0055552226412834,0.7217566967010498,0.6824750900268555,0.3636363636363636,uncertain,uncertain
2026-07-09_19-00-04.mp4,1.0,0.0191661175340414,0.0652404671534162,0.0601186365704303,0.0051218305829859,0.5153688192367554,0.5848738551139832,0.7777777777777778,uncertain,uncertain
2026-07-02_19-08-01.mp4,5.0,0.0011844299733638,,0.2501941524025378,,0.4354097247123718,0.4733191728591919,0.0833333333333333,uncertain,uncertain
2026-07-18_15-40-44.mp4,1.0,0.0207933634519577,0.1811238017395483,0.1564432737968712,0.024680527942677,0.3483419418334961,0.4054737687110901,1.0,uncertain,uncertain
2026-07-19_17-59-15.mp4,,,,0.1132079996307163,,,0.6309411525726318,0.5,uncertain,uncertain
2026-07-07_07-21-55.mp4,,,,,,,0.6953239440917969,0.0,no_pre_cry,uncertain
2026-07-09_23-40-11.mp4,1.4,0.0108487093821167,,,,0.3125118613243103,0.2142302989959716,0.0,uncertain,uncertain
2026-07-02_09-00-00.mp4,,,,0.0623488059421201,,,0.5450983047485352,0.1666666666666666,no_pre_cry,uncertain
2026-07-18_15-23-02.mp4,,,,0.1268131473050341,,,0.7308465242385864,0.5,uncertain,uncertain
2026-07-19_17-23-40.mp4,,,,,,,0.5484167337417603,0.0,uncertain,uncertain
2026-07-06_18-30-24.mp4,,,,,,,0.5684906840324402,0.0,uncertain,uncertain
2026-07-14_22-14-14.mp4,4.6,0.014394324272871,,0.0447473825614776,,0.6878113746643066,0.7544842958450317,0.1666666666666666,uncertain,uncertain
2026-07-10_12-34-39.mp4,2.2,0.0053877043537795,,0.0129306998217885,,0.60282301902771,0.6623844504356384,0.0833333333333333,uncertain,uncertain
2026-07-10_22-26-00.mp4,,,,0.2355973028600144,,,0.4635513722896576,0.6666666666666666,uncertain,uncertain
2026-07-03_23-11-22.mp4,,,,,,,0.5758782625198364,0.0,no_pre_cry,uncertain
2026-07-21_01-14-50.mp4,2.0,0.0046025021001696,0.1421054095955727,0.1458902285261381,-0.0037848189305653,0.5799858570098877,0.6610291600227356,0.75,uncertain,uncertain
2026-07-25_20-25-22.mp4,2.2,0.0223238077014684,0.1458878504745216,0.0711542469399588,0.0747336035345628,0.6299797296524048,0.6058653593063354,1.0,uncertain,uncertain
2026-07-05_16-58-24.mp4,,,,,,,0.6613613963127136,0.0,no_pre_cry,uncertain
2026-07-08_00-53-53.mp4,,,,,,,0.4899728298187256,0.0,uncertain,uncertain
2026-07-16_16-25-22.mp4,2.8,0.0108734108507633,0.1767433672605775,0.1671421056474747,0.0096012616131027,0.4119753837585449,0.5098980665206909,0.3333333333333333,uncertain,uncertain
2026-07-02_02-11-04.mp4,6.4,0.0026274332776665,,0.0537020744907168,,0.6542544960975647,0.5172707438468933,0.0833333333333333,uncertain,uncertain
2026-07-18_17-56-18.mp4,2.6,0.0173484850674867,0.103379023238613,0.0656850427421013,0.0376939804965117,0.3268088102340698,0.3690169751644134,0.8333333333333334,uncertain,uncertain
2026-07-14_20-36-12.mp4,,,,0.0622508190498076,,,0.612512469291687,0.1666666666666666,no_pre_cry,uncertain
2026-07-17_23-08-18.mp4,7.0,0.1057675704360008,,,,0.4246182143688202,0.4805498123168945,0.0,uncertain,uncertain
2026-07-13_01-43-39.mp4,3.8,0.0049325241707265,,0.0692563011282027,,0.7932882308959961,0.8795064687728882,0.25,uncertain,uncertain
2026-07-18_11-47-52.mp4,6.6,0.000258200103417,,0.0871012326750391,,0.4786393642425537,0.7796986103057861,0.1666666666666666,uncertain,uncertain
2026-07-26_00-08-43.mp4,,,,,,,0.6959419250488281,0.0,uncertain,uncertain
2026-07-23_17-58-28.mp4,5.6,0.0021122521720826,,0.106710673157638,,0.1218884587287902,0.2021170854568481,0.0833333333333333,uncertain,uncertain
2026-07-03_03-35-12.mp4,7.4,0.0029711173847317,,0.1098478591684948,,0.7445761561393738,0.7296018600463867,0.0833333333333333,uncertain,uncertain
2026-07-15_13-07-41.mp4,,,,0.1063595405687246,,,0.344325840473175,0.3333333333333333,no_pre_cry,uncertain
2026-07-17_20-40-39.mp4,1.0,0.0379550233483314,0.1836306455310415,0.1434583543514544,0.040172291179587,0.4273424744606018,0.4125379025936126,0.5555555555555556,uncertain,uncertain
2026-07-15_15-58-56.mp4,2.2,0.0038802057970315,,,,0.4335634708404541,0.4479157626628876,0.0,uncertain,uncertain
2026-07-05_08-50-28.mp4,2.4,0.0014376600738614,,,,0.5419198274612427,0.5778481364250183,0.0,uncertain,uncertain
2026-07-03_03-39-24.mp4,2.2,0.0008168529602698,0.0474088549641259,,,0.6542037129402161,0.6668059825897217,0.0833333333333333,uncertain,uncertain
2026-07-11_10-00-22.mp4,,,,,,,0.4736917912960052,0.0,no_pre_cry,uncertain
2026-07-14_13-37-38.mp4,,,,,,,0.2868446707725525,0.0,uncertain,uncertain
2026-06-30_18-30-25.mp4,3.4,0.0004799359012395,,,,0.098365806043148,0.356825441122055,0.0,uncertain,uncertain
2026-07-11_04-44-38.mp4,,,,,,,0.5458414554595947,0.0,no_pre_cry,uncertain
2026-07-12_14-47-24.mp4,,,,0.2322760788979538,,,0.5901943445205688,1.0,uncertain,uncertain
2026-07-01_18-53-37.mp4,4.2,0.0024370793253183,,,,0.4377159476280212,0.4214459359645843,0.0,uncertain,uncertain
2026-07-08_14-12-00.mp4,,,,,,,0.4477388858795166,0.0,no_pre_cry,uncertain
2026-07-18_05-08-44.mp4,4.4,0.0733991712331771,0.1732085607719646,0.1678585577367627,0.0053500030352019,0.4880454540252685,0.3828834891319275,0.3333333333333333,uncertain,uncertain
2026-07-04_02-22-10.mp4,5.4,0.0020763552747666,,,,0.559958815574646,0.6281452178955078,0.0,uncertain,uncertain
2026-07-03_07-15-10.mp4,,,,,,,0.5124358534812927,0.0,no_pre_cry,uncertain
2026-06-30_16-17-56.mp4,,,,,,,0.3852927386760711,0.0,no_pre_cry,uncertain
2026-07-06_21-33-04.mp4,1.0,0.0092896148562431,,,,0.6528437733650208,0.6864407658576965,0.0,uncertain,uncertain
2026-07-11_01-22-34.mp4,,,,0.0735050624773784,,,0.6867159605026245,0.1666666666666666,uncertain,uncertain
2026-07-05_04-52-37.mp4,6.4,0.029086286202073,,,,0.4768032729625702,0.5162026286125183,0.0,uncertain,uncertain
2026-07-03_01-36-37.mp4,,,,0.1106527505822927,,,0.6872457265853882,0.1666666666666666,no_pre_cry,uncertain
2026-07-12_16-07-11.mp4,4.4,0.0129601107910275,,,,0.0742094069719314,0.0827753618359565,0.0,uncertain,uncertain
2026-07-13_10-57-19.mp4,,,,0.0790392443933871,,,0.6699647903442383,0.1666666666666666,uncertain,uncertain
2026-07-12_03-16-29.mp4,5.8,0.0100098373368382,,,,0.6216971278190613,0.7049574255943298,0.0,uncertain,uncertain
2026-07-03_08-55-57.mp4,5.0,0.0014478601515293,,,,0.6380781531333923,0.4996101856231689,0.0,uncertain,uncertain
2026-07-17_22-04-36.mp4,,,,0.1410550287459642,,,0.6529931426048279,0.5,uncertain,uncertain
2026-07-13_08-44-02.mp4,,,,,,,0.4490339457988739,0.0,uncertain,uncertain
2026-07-01_01-48-17.mp4,6.6,0.0072352229617536,0.0449162274699604,0.0439541526981798,0.0009620747717806,0.5021321773529053,0.5062416791915894,0.75,uncertain,uncertain
2026-07-26_04-09-23.mp4,5.0,0.0052883797325193,0.1656375220300919,0.1125089855257435,0.0531285365043483,0.7367304563522339,0.7424170970916748,0.8333333333333334,uncertain,uncertain
2026-07-01_06-40-17.mp4,4.4,0.0008261001785285,0.0948808990228419,,,0.2810194492340088,0.6139497756958008,0.1666666666666666,uncertain,uncertain
2026-06-30_15-23-35.mp4,4.8,0.0040051350370049,,,,0.0250432267785072,0.0328432694077491,0.0,uncertain,uncertain
2026-07-13_23-17-34.mp4,,,,0.0699475720621754,,,0.4178287386894226,0.5,uncertain,uncertain
2026-07-20_12-28-25.mp4,,,,0.164066266533286,,,0.6788061857223511,1.0,uncertain,uncertain
2026-06-30_20-46-11.mp4,1.2,0.0052875243127346,,,,0.5101276636123657,0.5391479134559631,0.0,uncertain,uncertain
2026-07-11_21-09-37.mp4,2.4,0.0159775298088789,,0.0490061236297494,,0.6655492782592773,0.666101336479187,0.25,uncertain,uncertain
2026-07-20_12-33-37.mp4,4.0,0.0061495234258472,0.2199393785385125,0.2265758807528169,-0.0066365022143043,0.6048636436462402,0.6421725749969482,1.0,uncertain,no_pre_cry
2026-07-20_04-50-51.mp4,3.6,0.0003313696070108,,0.0644631060398721,,0.4514204859733581,0.3412736654281616,0.0833333333333333,uncertain,uncertain
2026-07-23_16-02-35.mp4,2.0,0.0048754750750958,0.039904174327695,0.0693116311657949,-0.0294074568380999,0.7675557136535645,0.7905895113945007,0.25,uncertain,no_pre_cry
2026-07-03_12-14-55.mp4,,,,,,,0.4767431914806366,0.0,uncertain,uncertain
2026-07-06_21-30-28.mp4,,,,0.1737240972820986,,,0.6782746315002441,0.3333333333333333,uncertain,uncertain
2026-07-07_14-17-09.mp4,3.0,0.0013985483674332,,,,0.6929303407669067,0.5788350105285645,0.0,uncertain,uncertain
2026-07-17_15-54-51.mp4,,,,0.0772214504820855,,,0.6818718910217285,0.8333333333333334,uncertain,uncertain
2026-07-13_13-31-36.mp4,3.2,0.037183154374361,0.1270751026935638,0.1107267158424007,0.016348386851163,0.7676281929016113,0.6885943412780762,0.6666666666666666,uncertain,uncertain
2026-07-08_16-37-17.mp4,,,,,,,0.1919662058353424,0.0,uncertain,uncertain
2026-07-05_15-21-04.mp4,,,,0.2298731803685613,,,0.448885053396225,0.3333333333333333,no_pre_cry,uncertain
2026-07-26_03-57-17.mp4,,,,0.1757035479517615,,,0.732768714427948,0.6666666666666666,uncertain,uncertain
2026-07-07_14-13-57.mp4,4.4,0.0011376120382919,,,,0.7056135535240173,0.5874121189117432,0.0,uncertain,uncertain
2026-07-05_15-39-34.mp4,,,,,,,0.4050630033016205,0.0,no_pre_cry,uncertain
2026-07-10_14-03-56.mp4,,,,0.2557346356005847,,,0.4494566321372986,0.6666666666666666,no_pre_cry,uncertain
2026-07-18_07-28-25.mp4,2.8,0.0076094297692179,,,,0.6923847198486328,0.678121030330658,0.0,uncertain,uncertain
2026-07-07_21-16-18.mp4,4.0,0.0002722405188251,,,,0.6280364394187927,0.478886604309082,0.0,uncertain,uncertain
2026-07-17_22-12-51.mp4,2.6,0.007555607240647,0.101837052283094,0.1090067370708617,-0.0071696847877677,0.1554060727357864,0.2005204856395721,0.75,uncertain,no_pre_cry
2026-07-17_02-44-17.mp4,6.8,0.0084420656785368,0.1802174782002004,0.1616306636810423,0.0185868145191581,0.4068452715873718,0.4084498882293701,0.4166666666666667,uncertain,uncertain
2026-07-13_07-22-30.mp4,2.2,0.0006785512086935,0.2235938495135144,0.0932942118198295,0.1302996376936848,0.0605453103780746,0.0855967029929161,0.25,uncertain,uncertain
2026-07-12_02-06-24.mp4,3.8,0.006561305373907,,0.2266915582913362,,0.5217600464820862,0.4967169165611267,0.1666666666666666,uncertain,uncertain
2026-07-23_15-44-53.mp4,1.8,0.0023296135477721,0.0852615510305303,0.10322440613968,-0.0179628551091497,0.8024274706840515,0.8313493132591248,0.7272727272727273,uncertain,no_pre_cry
2026-07-04_06-38-31.mp4,,,,,,,0.366463840007782,0.0,uncertain,uncertain
2026-07-03_19-52-06.mp4,,,,,,,0.3673636317253113,0.0,uncertain,uncertain
2026-07-03_03-31-12.mp4,,,,,,,0.6516354084014893,0.0,no_pre_cry,uncertain
2026-07-06_07-11-37.mp4,,,,,,,0.6452672481536865,0.0,uncertain,uncertain
2026-07-15_23-38-39.mp4,6.8,0.0038441049400717,,0.08500986669238,,0.496221661567688,0.4755229353904724,0.0833333333333333,uncertain,uncertain
2026-07-22_10-45-46.mp4,4.8,0.0064444625750184,0.0717666057604625,,,0.7665993571281433,0.7390149831771851,0.25,uncertain,uncertain
2026-07-23_13-03-19.mp4,,,,0.172132971842275,,,0.7248591184616089,0.8333333333333334,uncertain,uncertain
2026-07-24_19-30-31.mp4,5.4,0.0010073690209537,0.0478865032067992,0.058366438017076,-0.0104799348102768,0.8529345393180847,0.8216772079467773,0.6666666666666666,uncertain,no_pre_cry
2026-07-12_14-35-30.mp4,7.4,0.0028957752510905,0.230009765522007,0.2074097921954753,0.0225999733265316,0.4056596159934997,0.5424319505691528,0.8333333333333334,uncertain,uncertain
2026-07-06_21-31-52.mp4,5.6,0.0019150440348312,0.1223226067154253,0.2506048503804506,-0.1282822436650253,0.5529632568359375,0.5555179119110107,0.5,uncertain,no_pre_cry
2026-07-11_13-29-12.mp4,2.8,0.0017324265791103,,,,0.6949115991592407,0.7068473696708679,0.0,uncertain,uncertain
2026-06-30_18-27-25.mp4,6.0,0.0027609604876488,,,,0.4951473176479339,0.4326510429382324,0.0,uncertain,uncertain
2026-07-13_18-39-25.mp4,3.8,0.0245091747492551,0.0602585344128979,0.0427900748289871,0.0174684595839107,0.3959488272666931,0.4224518239498138,0.5833333333333334,uncertain,uncertain
2026-07-26_00-10-31.mp4,1.8,0.0018061477458104,0.2262688189658352,0.2290540190888462,-0.002785200123011,0.8513870239257812,0.8360395431518555,1.0,uncertain,uncertain
2026-07-06_23-36-24.mp4,1.8,0.0022180194500833,,0.0521035356254319,,0.3308298289775848,0.3903701901435852,0.0909090909090909,uncertain,uncertain
2026-07-12_12-13-12.mp4,,,,,,,0.6791338920593262,0.0,no_pre_cry,uncertain
2026-07-03_06-03-17.mp4,,,,,,,0.499664306640625,0.0,no_pre_cry,uncertain
2026-07-11_15-43-11.mp4,4.2,0.002491314895451,0.1554024481107176,0.1903351035682411,-0.0349326554575235,0.706822395324707,0.7334639430046082,0.8333333333333334,uncertain,no_pre_cry
2026-07-15_07-30-38.mp4,2.4,0.0005922212149016,,,,0.5311142206192017,0.6481150388717651,0.0,uncertain,uncertain
2026-07-17_13-07-05.mp4,,,,0.0523574503459893,,,0.3700204789638519,0.3333333333333333,uncertain,uncertain
2026-07-02_16-59-45.mp4,2.6,0.0162179134786129,0.0749169541746781,0.0918529065253026,-0.0169359523506245,0.3686546087265014,0.376647412776947,0.5833333333333334,uncertain,no_pre_cry
2026-07-13_02-09-27.mp4,5.6,8.085807348834351e-05,,,,0.8714825510978699,0.8380883932113647,0.0,uncertain,uncertain
2026-07-07_14-04-09.mp4,3.2,0.0013170406455174,,0.1294107150282086,,0.6919094920158386,0.5871343612670898,0.1666666666666666,uncertain,uncertain
2026-07-01_18-49-55.mp4,3.0,0.0004151226312387,,,,0.2516389489173889,0.2403567731380462,0.0,uncertain,uncertain
2026-07-09_20-15-51.mp4,4.6,0.0010101464577019,,,,0.741978645324707,0.7594673037528992,0.0,uncertain,uncertain
2026-07-23_12-35-13.mp4,5.8,0.0008170747314579,0.1980037296432337,0.1892745209213466,0.008729208721887,0.5900089144706726,0.6302772760391235,1.0,uncertain,uncertain
2026-07-17_00-20-43.mp4,5.4,0.0006033079116605,0.0588222227398681,,,0.5640951991081238,0.6015154719352722,0.0833333333333333,uncertain,uncertain
2026-07-16_18-30-23.mp4,3.0,0.0030868733301758,0.0801928451684726,0.1270056245180979,-0.0468127793496252,0.2983472347259521,0.3248997926712036,0.1666666666666666,uncertain,no_pre_cry
2026-07-02_07-03-45.mp4,2.0,0.0011766707757487,0.2208065845585675,0.1078077249645669,0.1129988595940005,0.3418775498867035,0.2304010093212127,0.5,uncertain,uncertain
2026-07-20_22-59-03.mp4,2.0,0.001410013413988,0.1671858243661474,0.1296339917593418,0.0375518326068056,0.5446125268936157,0.5334474444389343,0.5,uncertain,uncertain
2026-07-10_18-26-44.mp4,,,,0.0529932833328078,,,0.5059217810630798,0.3333333333333333,uncertain,uncertain
2026-07-15_22-32-31.mp4,4.2,0.0118988649919629,,0.0362866005830919,,0.376378059387207,0.4993610382080078,0.1666666666666666,uncertain,uncertain
2026-07-04_23-40-57.mp4,,,,,,,0.6144052743911743,0.0,uncertain,uncertain
2026-07-18_19-55-35.mp4,,,,0.2130610370559017,,,0.4244001805782318,1.0,uncertain,uncertain
2026-07-10_13-28-44.mp4,2.4,0.0067760474048554,,,,0.6265557408332825,0.627643346786499,0.0,uncertain,uncertain
2026-07-18_22-01-22.mp4,,,,0.0805784910201609,,,0.6344775557518005,0.3333333333333333,no_pre_cry,uncertain
2026-07-01_18-47-14.mp4,7.4,0.0039268708787858,,,,0.2810888886451721,0.3179923892021179,0.0,uncertain,uncertain
2026-07-04_00-57-17.mp4,4.4,0.0015328901354223,0.078273260652235,,,0.6882802844047546,0.696352481842041,0.3333333333333333,uncertain,uncertain
2026-07-26_02-34-48.mp4,2.2,0.0007311032968573,0.2291127545400515,,,0.5531411170959473,0.6034301519393921,0.0833333333333333,uncertain,uncertain
2026-07-01_21-15-23.mp4,1.8,0.0044207936152815,0.0724490597804264,0.0699377259707932,0.0025113338096331,0.3212714493274688,0.3674856126308441,0.2727272727272727,uncertain,uncertain
2026-07-18_21-51-58.mp4,3.4,0.0002967001346405,0.1372979359621483,,,0.5274122357368469,0.3386422991752624,0.1666666666666666,uncertain,uncertain
2026-07-05_04-55-37.mp4,,,,,,,0.3636560440063476,0.0,uncertain,uncertain
2026-07-16_20-53-09.mp4,2.6,0.0021095995325595,0.1061702095407653,0.0874142562424195,0.0187559532983458,0.5190349817276001,0.6075774431228638,0.9166666666666666,uncertain,uncertain
2026-07-05_11-00-03.mp4,,,,,,,0.6611694097518921,0.0,no_pre_cry,uncertain
2026-07-01_17-31-02.mp4,3.0,0.0063663842156529,0.0591929690554886,0.0770843797476728,-0.0178914106921841,0.5467216372489929,0.5984677672386169,0.3333333333333333,uncertain,no_pre_cry
2026-07-07_07-01-31.mp4,,,,,,,0.6662541627883911,0.0,uncertain,uncertain
2026-07-23_16-28-05.mp4,4.2,0.0013173918705433,0.0784047292692142,0.1022039374636684,-0.0237992081944542,0.6549612283706665,0.6640628576278687,1.0,uncertain,no_pre_cry
2026-07-02_07-54-17.mp4,,,,,,,0.6849545836448669,0.0,uncertain,uncertain
2026-07-19_14-51-07.mp4,,,,0.1095707570295064,,,0.5738896727561951,0.8333333333333334,uncertain,uncertain
2026-07-12_04-10-53.mp4,,,,,,,0.8120483160018921,0.0,no_pre_cry,uncertain
2026-07-10_05-12-43.mp4,,,,,,,0.6748234629631042,0.0,uncertain,uncertain
2026-07-01_20-10-01.mp4,2.0,0.0045710210688412,,,,0.2856761217117309,0.3647515177726745,0.0,uncertain,uncertain
2026-07-14_05-51-25.mp4,1.8,0.0180340651422739,,,,0.6550310850143433,0.6614394187927246,0.0,uncertain,uncertain
2026-07-15_22-29-31.mp4,5.4,0.0018596134614199,0.0760709945891422,,,0.6228055953979492,0.4159330725669861,0.25,uncertain,uncertain
2026-07-05_04-36-01.mp4,,,,0.0961008308910447,,,0.5352150797843933,1.0,uncertain,uncertain
2026-07-19_12-38-50.mp4,,,,,,,0.1309227794408798,0.0,no_pre_cry,uncertain
2026-07-05_19-59-35.mp4,,,,0.2255875480756,,,0.5174896121025085,0.1666666666666666,no_pre_cry,uncertain
2026-07-14_20-32-42.mp4,6.6,0.0103733344003558,0.0462408914570741,0.0735129547996562,-0.0272720633425821,0.5860128998756409,0.5837011337280273,1.0,uncertain,no_pre_cry
2026-07-09_21-47-14.mp4,,,,,,,0.8428552150726318,0.0,no_pre_cry,uncertain
2026-07-23_16-44-16.mp4,,,,,,,0.6707144975662231,0.0,uncertain,uncertain
2026-07-22_13-22-21.mp4,,,,0.1006252439355775,,,0.752955436706543,0.5,uncertain,uncertain
2026-07-09_03-08-07.mp4,5.4,0.08397027105093,,,,0.7586603164672852,0.7267841100692749,0.0,uncertain,uncertain
2026-07-25_20-20-22.mp4,3.2,0.0276982393115758,0.1389337833647373,0.1803840183729313,-0.0414502350081939,0.4761184453964233,0.5457393527030945,0.75,uncertain,no_pre_cry
2026-07-15_19-37-36.mp4,1.0,0.0105923544615507,,,,0.4507037401199341,0.4642021358013153,0.0,uncertain,uncertain
2026-07-09_20-01-45.mp4,,,,0.242549204271363,,,0.5991201996803284,0.1666666666666666,uncertain,uncertain
2026-07-22_11-43-22.mp4,,,,0.1290167610807309,,,0.5594910979270935,0.1666666666666666,uncertain,uncertain
2026-07-09_20-02-57.mp4,,,,0.2327137514652151,,,0.536238431930542,0.8333333333333334,uncertain,uncertain
2026-07-04_03-22-25.mp4,,,,,,,0.4495768547058105,0.0,uncertain,uncertain
2026-07-02_15-31-57.mp4,2.2,0.0014473707415163,,,,0.4581131637096405,0.4825857579708099,0.0,uncertain,uncertain
2026-07-14_13-36-26.mp4,,,,,,,0.3777177333831787,0.0,no_pre_cry,uncertain
2026-07-09_21-36-20.mp4,,,,0.0716022213072144,,,0.752069354057312,0.3333333333333333,uncertain,uncertain
2026-07-16_10-22-03.mp4,5.6,0.0047582336701452,,0.1237604761273166,,0.4848086833953857,0.4367961287498474,0.4166666666666667,uncertain,uncertain
2026-07-06_02-56-10.mp4,1.2,0.0009141279733739,,,,0.6172888278961182,0.581710934638977,0.0,uncertain,uncertain
2026-07-09_17-21-46.mp4,,,,0.0735739412975169,,,0.7427839040756226,0.5,uncertain,uncertain
2026-07-19_01-51-55.mp4,2.0,0.010761059820652,,0.1271513228775572,,0.3120450377464294,0.3201970160007477,0.0833333333333333,uncertain,uncertain
2026-07-02_20-42-13.mp4,6.8,0.0032756763976067,0.0899183535272073,,,0.7287706136703491,0.4936846196651459,0.1666666666666666,uncertain,uncertain
2026-07-04_03-25-20.mp4,1.6,0.0214155949652194,,0.0540788287988953,,0.5509982109069824,0.428014725446701,0.1,uncertain,uncertain
2026-07-20_04-27-15.mp4,,,,,,,0.7938851118087769,0.0,no_pre_cry,uncertain
2026-07-12_12-19-54.mp4,,,,0.0775538793157018,,,0.4583443105220794,0.3333333333333333,no_pre_cry,uncertain
2026-07-25_19-46-16.mp4,1.2,0.0105269001796841,0.1795272616646438,,,0.6888833045959473,0.6720199584960938,0.1111111111111111,uncertain,uncertain
2026-07-09_19-57-21.mp4,1.2,0.0028937852475792,0.1145744059190405,0.0911398894536298,0.0234345164654107,0.632632851600647,0.7339961528778076,0.5555555555555556,uncertain,uncertain
2026-07-19_11-28-51.mp4,6.2,0.0761486068367958,0.0587897330759203,0.0671871056118058,-0.0083973725358854,0.5998257398605347,0.6131240129470825,0.6666666666666666,uncertain,no_pre_cry
2026-07-02_08-35-48.mp4,,,,,,,0.6034462451934814,0.0,no_pre_cry,uncertain
2026-07-13_16-37-51.mp4,,,,,,,0.5410007834434509,0.0,no_pre_cry,uncertain
2026-07-08_07-21-17.mp4,,,,,,,0.7546514272689819,0.0,no_pre_cry,uncertain
2026-07-26_04-40-05.mp4,6.8,0.0039183059707283,0.0803614298522457,0.2150927634353206,-0.1347313335830748,0.6116392612457275,0.7181501388549805,0.5833333333333334,uncertain,no_pre_cry
2026-07-25_12-45-38.mp4,,,,0.0750233560695144,,,0.601388692855835,0.8333333333333334,uncertain,uncertain
2026-07-04_23-49-57.mp4,3.8,0.0017498001689091,,,,0.5775922536849976,0.5631084442138672,0.0,uncertain,uncertain
2026-07-26_04-02-53.mp4,4.2,0.0031388318166136,0.1259288379837717,0.1446706871125681,-0.0187418491287964,0.6926349997520447,0.7316979169845581,0.5,uncertain,no_pre_cry
2026-07-14_16-32-12.mp4,6.0,0.0024459662381559,0.094318158050687,0.0893268213296019,0.004991336721085,0.4474781155586242,0.4250543713569641,1.0,uncertain,uncertain
2026-07-19_10-02-14.mp4,5.6,0.1002141311764717,0.0977960370983304,0.09786024929935,-6.421220101954228e-05,0.4541893005371094,0.4653024673461914,0.3333333333333333,uncertain,uncertain
2026-07-12_08-46-38.mp4,,,,0.1408002657700063,,,0.7262818217277527,0.5,uncertain,uncertain
2026-07-22_02-04-28.mp4,,,,0.2258680142712533,,,0.6952225565910339,1.0,no_pre_cry,uncertain
2026-07-26_02-27-30.mp4,,,,0.237933480780783,,,0.6001231670379639,0.3333333333333333,no_pre_cry,uncertain
2026-07-04_18-00-51.mp4,,,,,,,0.6944345235824585,0.0,no_pre_cry,uncertain
2026-07-17_12-48-23.mp4,4.6,0.0022918558679521,,0.0665845677782733,,0.7855733633041382,0.742372989654541,0.1666666666666666,uncertain,uncertain
2026-07-26_04-31-17.mp4,7.0,0.0043657426722347,0.1670690944675044,0.1333349800903699,0.0337341143771344,0.6748072504997253,0.7529306411743164,0.4166666666666667,uncertain,uncertain
2026-07-06_11-44-53.mp4,6.8,0.0264046024531126,,,,0.536384105682373,0.474177598953247,0.0,uncertain,uncertain
2026-07-09_06-37-35.mp4,,,,0.1828362733877657,,,0.6234580278396606,0.5,uncertain,uncertain
2026-07-14_18-09-25.mp4,6.4,0.0090536633506417,0.0487968413384876,,,0.6578161716461182,0.6506034135818481,0.1666666666666666,uncertain,uncertain
2026-07-22_00-11-59.mp4,5.6,0.0026943935081362,,0.0798958305044378,,0.6419088244438171,0.5639482140541077,0.0833333333333333,uncertain,uncertain
2026-07-05_10-30-19.mp4,5.0,0.0017063411651179,,,,0.5311983227729797,0.5841182470321655,0.0,uncertain,uncertain
2026-07-04_01-31-11.mp4,3.6,0.0031916303560137,,,,0.671424150466919,0.6500651240348816,0.0,uncertain,uncertain
2026-07-08_07-26-34.mp4,,,,,,,0.7172235250473022,0.0,no_pre_cry,uncertain
2026-07-25_03-42-50.mp4,6.6,0.0060202456079423,0.2214965017360676,0.2449135665528741,-0.0234170648168065,0.650688886642456,0.5911563634872437,1.0,uncertain,no_pre_cry
2026-07-22_21-05-30.mp4,,,,,,,0.5745612978935242,0.0,no_pre_cry,uncertain
2026-06-30_13-03-07.mp4,6.2,0.003076194319874,0.0515579503014963,0.0938104358341697,-0.0422524855326734,0.5921016931533813,0.3642988801002502,0.4166666666666667,uncertain,no_pre_cry
2026-07-20_19-58-35.mp4,1.0,0.0037621743977069,0.0326869851525186,,,0.5808407664299011,0.5562015771865845,0.2222222222222222,uncertain,uncertain
2026-07-18_07-27-37.mp4,6.6,0.0020213162060827,0.0678978350188683,0.0897741931772767,-0.0218763581584083,0.4015128314495086,0.3769857287406921,0.3333333333333333,uncertain,no_pre_cry
2026-07-23_13-02-07.mp4,7.0,0.0049470914527773,0.1978640524262408,0.212683024819261,-0.0148189723930202,0.5369586944580078,0.5281518697738647,0.8333333333333334,uncertain,no_pre_cry
2026-07-06_00-20-48.mp4,6.2,0.0045039863325655,0.0955334764527062,0.1466745628080388,-0.0511410863553326,0.4585405588150024,0.5699753761291504,0.5,uncertain,no_pre_cry
2026-07-04_01-34-11.mp4,5.6,0.0023579292465001,0.1709200423216522,,,0.4332201182842254,0.437551349401474,0.0833333333333333,uncertain,uncertain
2026-07-04_03-53-20.mp4,2.4,0.0048905266448855,,,,0.6533316969871521,0.647894024848938,0.0,uncertain,uncertain
2026-07-07_12-36-04.mp4,,,,,,,0.2156158536672592,0.0,no_pre_cry,uncertain
2026-07-06_22-01-45.mp4,,,,,,,0.531079113483429,0.0,no_pre_cry,uncertain
2026-07-06_00-46-42.mp4,6.4,0.0253062769770622,,,,0.4806018769741058,0.57121741771698,0.0,uncertain,uncertain
2026-07-14_20-35-36.mp4,,,,0.0559051327489383,,,0.5945484638214111,0.1666666666666666,no_pre_cry,uncertain
2026-07-10_21-59-07.mp4,2.0,0.0017908954760059,0.1427497297424749,0.1878660315320522,-0.0451163017895773,0.4135780036449432,0.5098170638084412,0.3333333333333333,uncertain,no_pre_cry
2026-07-01_10-19-35.mp4,,,,0.0760049200556952,,,0.7678985595703125,0.3333333333333333,no_pre_cry,uncertain
2026-07-23_16-49-52.mp4,4.8,0.0036904432345181,,,,0.7266238927841187,0.7667426466941833,0.0,uncertain,uncertain
2026-07-08_20-39-44.mp4,1.6,0.0022882486227899,,,,0.4948275983333587,0.5067816972732544,0.0,uncertain,uncertain
2026-07-23_15-13-59.mp4,,,,0.0584944925319103,,,0.8585176467895508,0.8333333333333334,no_pre_cry,uncertain
2026-07-10_05-01-25.mp4,,,,,,,0.6263622641563416,0.0,uncertain,uncertain
2026-07-16_08-55-52.mp4,,,,0.0853084881103464,,,0.5129390954971313,0.3333333333333333,uncertain,uncertain
2026-07-09_00-19-09.mp4,3.4,0.0034145878162235,,,,0.6708816289901733,0.57430100440979,0.0,uncertain,uncertain
2026-06-30_12-45-31.mp4,5.2,0.0030007599852979,,,,0.5058531761169434,0.3026654124259949,0.0,uncertain,uncertain
2026-07-18_17-58-06.mp4,1.0,0.2858029305934906,,0.1220527846360869,,0.4493083357810974,0.5008623003959656,0.1111111111111111,uncertain,uncertain
2026-07-01_13-44-53.mp4,,,,,,,0.3875077664852142,0.0,uncertain,uncertain
2026-07-23_16-22-29.mp4,6.2,0.0031295712105929,0.0781884397414922,0.0569543611041503,0.0212340786373418,0.7544424533843994,0.7748019099235535,0.4166666666666667,uncertain,uncertain
2026-07-06_00-11-48.mp4,3.0,0.0142590207979083,0.1416720105807869,0.1615349516415567,-0.0198629410607698,0.6093387007713318,0.6004895567893982,0.5833333333333334,uncertain,no_pre_cry
2026-07-03_07-19-22.mp4,,,,0.0298584631329201,,,0.6668860912322998,0.1666666666666666,uncertain,uncertain
2026-07-08_14-21-06.mp4,5.2,0.0011664818739518,0.0857718125071606,0.0806880251067695,0.0050837874003911,0.6472873687744141,0.5767907500267029,0.4166666666666667,uncertain,uncertain
2026-07-14_11-46-39.mp4,,,,0.1329157658595503,,,0.3935465216636657,0.5,no_pre_cry,uncertain
2026-07-12_00-12-09.mp4,2.8,0.0010274882661178,,,,0.055556483566761,0.0598487854003906,0.0,uncertain,uncertain
2026-07-23_16-31-53.mp4,,,,0.1303351994700771,,,0.7716652750968933,0.1666666666666666,no_pre_cry,uncertain
2026-07-02_20-42-37.mp4,4.6,0.0183614250272512,,,,0.5621577501296997,0.537440299987793,0.0,uncertain,uncertain
2026-07-01_21-19-29.mp4,6.4,0.0015108715742826,,,,0.4459754228591919,0.472453773021698,0.0,uncertain,uncertain
2026-07-12_17-22-02.mp4,,,,,,,0.3852459788322449,0.0,no_pre_cry,uncertain
2026-07-22_23-07-27.mp4,,,,0.0939155620017266,,,0.6188609600067139,0.5,uncertain,uncertain
2026-07-14_23-16-55.mp4,6.4,0.0007478023762814,0.1482846258293819,0.1360076926180637,0.0122769332113182,0.6492111682891846,0.6984289884567261,0.5833333333333334,uncertain,uncertain
2026-07-21_13-51-24.mp4,,,,0.0835077272014859,,,0.4790586829185486,1.0,no_pre_cry,uncertain
2026-07-22_11-06-28.mp4,6.0,0.0010682009160518,0.1139607211954841,0.1070580553851999,0.0069026658102842,0.7212260961532593,0.7115969657897949,0.5833333333333334,uncertain,uncertain
2026-07-05_19-54-53.mp4,5.6,0.0702597126364708,,,,0.7195464968681335,0.7607311606407166,0.0,uncertain,uncertain
2026-07-25_19-39-58.mp4,5.6,0.049490500241518,0.1399009167382428,0.1564995636163649,-0.016598646878122,0.6353524923324585,0.5771708488464355,0.5833333333333334,uncertain,no_pre_cry
2026-07-09_01-49-32.mp4,1.2,0.0078438632190227,0.0818708752771784,0.084962370138125,-0.0030914948609465,0.749607503414154,0.8068141937255859,0.6666666666666666,uncertain,uncertain
2026-07-05_21-46-02.mp4,,,,,,,0.7914444208145142,0.0,uncertain,uncertain
2026-07-19_22-22-55.mp4,4.4,0.0075930198654532,,,,0.5571205019950867,0.6003199219703674,0.0,uncertain,uncertain
2026-07-11_04-50-44.mp4,3.2,0.0072351200506091,,,,0.4618341326713562,0.5004935264587402,0.0,uncertain,uncertain
2026-07-09_09-03-10.mp4,,,,0.2259660071967536,,,0.4912154078483581,0.8333333333333334,no_pre_cry,uncertain
2026-07-01_15-57-10.mp4,4.0,0.0631059110164642,,0.1842921795423332,,0.5030186176300049,0.4290172755718231,0.0833333333333333,uncertain,uncertain
2026-07-06_23-40-00.mp4,6.6,0.0024504633620381,0.0774700104748531,0.0543263222725488,0.0231436882023043,0.2349544018507003,0.4414340257644653,0.25,uncertain,uncertain
2026-07-26_08-10-22.mp4,2.4,0.0626882091164588,0.1457089205936355,0.1584543357265941,-0.0127454151329585,0.7321707010269165,0.6682360172271729,0.8333333333333334,uncertain,no_pre_cry
2026-07-16_03-53-49.mp4,6.8,0.0110726775601506,0.1242868102060698,0.1055526132559744,0.0187341969500953,0.7234625816345215,0.6213357448577881,0.6666666666666666,uncertain,uncertain
2026-07-10_00-36-34.mp4,,,,,,,0.5535765886306763,0.0,uncertain,uncertain
2026-07-02_07-51-23.mp4,6.0,0.0026482781395316,,0.0887747494819701,,0.649944543838501,0.5934534072875977,0.25,uncertain,uncertain
2026-07-17_12-09-17.mp4,,,,0.1323828747110602,,,0.551703155040741,0.3333333333333333,uncertain,uncertain
2026-07-05_10-10-15.mp4,,,,0.0780398458175438,,,0.5822649002075195,0.3333333333333333,uncertain,uncertain
2026-07-15_10-14-49.mp4,,,,0.1236109097476175,,,0.5378605127334595,0.6666666666666666,no_pre_cry,uncertain
2026-07-07_13-26-51.mp4,,,,,,,0.4636158943176269,0.0,no_pre_cry,uncertain
2026-07-08_00-56-53.mp4,4.4,0.0011180088622495,0.2415779448255911,0.235271207414582,0.006306737411009,0.4386527240276336,0.5047942399978638,0.3333333333333333,uncertain,uncertain
2026-07-15_08-54-25.mp4,1.2,0.0039008287712931,0.0849149426650049,0.0941207507485895,-0.0092058080835845,0.4219513833522796,0.6357943415641785,0.5555555555555556,uncertain,no_pre_cry
2026-07-02_15-34-03.mp4,6.4,0.0024110383819788,,,,0.5232381820678711,0.4284397959709167,0.0,uncertain,uncertain
2026-07-15_20-17-12.mp4,4.6,0.0082341665402054,0.1299223891247733,0.1227695537264778,0.0071528353982955,0.2090954482555389,0.2805990576744079,0.9166666666666666,uncertain,uncertain
2026-07-09_09-05-46.mp4,,,,0.2855460539862425,,,0.6392979621887207,0.1666666666666666,no_pre_cry,uncertain
2026-07-19_03-59-12.mp4,,,,0.1104004928603622,,,0.4778549373149872,0.1666666666666666,uncertain,uncertain
2026-07-19_22-29-43.mp4,4.2,0.0099185528233647,,,,0.5273217558860779,0.5831390619277954,0.0,uncertain,uncertain
2026-07-05_05-11-45.mp4,1.6,0.0015888459747657,,,,0.5313520431518555,0.586399495601654,0.0,uncertain,uncertain
2026-07-01_21-15-35.mp4,3.8,0.0116664133965969,,,,0.3390718400478363,0.409521222114563,0.0,uncertain,uncertain
2026-07-24_00-39-49.mp4,,,,0.1616686762585766,,,0.685935378074646,1.0,no_pre_cry,uncertain
2026-07-22_15-13-19.mp4,,,,0.2388291818596143,,,0.728305995464325,0.8333333333333334,no_pre_cry,uncertain
2026-07-23_16-19-05.mp4,2.6,0.0006973419222049,,0.0500141640621993,,0.6840759515762329,0.7419680953025818,0.25,uncertain,uncertain
2026-07-16_10-22-39.mp4,,,,0.0908385204399552,,,0.5820963382720947,0.5,uncertain,uncertain
2026-07-04_11-16-33.mp4,,,,0.1031899117976178,,,0.7241953611373901,0.3333333333333333,uncertain,uncertain
2026-07-10_19-51-02.mp4,6.2,0.0028037866577506,0.1527782077619911,0.1582261832072324,-0.0054479754452413,0.5102704167366028,0.5514718890190125,1.0,uncertain,uncertain
2026-07-10_15-58-12.mp4,5.4,0.0001823513157432,,,,0.6702384948730469,0.6822272539138794,0.0,uncertain,uncertain
2026-07-14_17-57-32.mp4,7.0,0.0084148589521646,,0.0924354522033161,,0.5168546438217163,0.5799168944358826,0.1666666666666666,uncertain,uncertain
2026-07-22_13-31-21.mp4,,,,,,,0.4539088904857635,0.0,no_pre_cry,uncertain
2026-07-06_02-40-35.mp4,6.4,0.0003281628596596,,,,0.8239196538925171,0.8099552989006042,0.0,uncertain,uncertain
2026-07-04_16-57-06.mp4,4.8,0.0075908792205154,,,,0.720302939414978,0.6986111402511597,0.0,uncertain,uncertain
2026-07-10_13-16-20.mp4,1.2,0.0008028766606003,0.0903396883553113,0.0907092007634044,-0.000369512408093,0.6405397653579712,0.6265808343887329,0.7777777777777778,uncertain,uncertain
2026-07-19_08-24-45.mp4,,,,0.117281475879366,,,0.4382840991020202,0.1666666666666666,uncertain,uncertain
2026-07-05_21-42-44.mp4,,,,,,,0.7124048471450806,0.0,no_pre_cry,uncertain
2026-07-15_15-54-14.mp4,3.6,0.0461576469242572,,,,0.4777450561523437,0.521471381187439,0.0,uncertain,uncertain
2026-07-15_16-04-14.mp4,2.0,0.0232666134834289,,,,0.460162490606308,0.4435163140296936,0.0,uncertain,uncertain
2026-07-22_02-53-46.mp4,6.4,0.0011573557276278,0.2183828887307111,0.1862454581058049,0.0321374306249062,0.8183115124702454,0.6641272306442261,0.8333333333333334,uncertain,uncertain
2026-07-22_00-00-05.mp4,,,,,,,0.6092612743377686,0.0,no_pre_cry,uncertain
2026-07-03_23-23-52.mp4,,,,0.1406068414525873,,,0.6024090051651001,0.1666666666666666,no_pre_cry,uncertain
2026-07-17_17-38-23.mp4,,,,,,,0.4522840976715088,0.0,no_pre_cry,uncertain
2026-07-22_02-17-16.mp4,,,,0.0389433992185468,,,0.7607500553131104,0.8333333333333334,no_pre_cry,uncertain
2026-07-05_13-29-13.mp4,,,,,,,0.5306463837623596,0.0,uncertain,uncertain
2026-07-03_03-31-42.mp4,4.0,0.0190608594566583,0.0862608058610121,0.0736264215485363,0.0126343843124758,0.665560245513916,0.637213945388794,0.5833333333333334,uncertain,uncertain
2026-07-07_14-05-33.mp4,3.2,0.0015509239165112,,0.224346067829275,,0.2748468220233917,0.2762636840343475,0.0833333333333333,uncertain,uncertain
2026-07-20_19-14-17.mp4,2.4,0.0045598782598972,0.1551248069741775,0.1357547106110133,0.0193700963631641,0.516416072845459,0.3566259741783142,0.8333333333333334,uncertain,uncertain
2026-07-16_18-55-28.mp4,3.6,0.0024084500037133,0.0980837716504545,0.103024987522072,-0.0049412158716175,0.2184709012508392,0.3191419243812561,0.25,uncertain,uncertain
2026-07-04_00-56-05.mp4,7.6,0.0264536868780851,0.0963423316213684,0.0644112794470892,0.0319310521742791,0.5521652102470398,0.5549589395523071,0.25,uncertain,uncertain
2026-07-15_20-35-11.mp4,6.2,0.1407758593559265,0.1411650222712211,0.1054528211455303,0.0357122011256907,0.3492399156093597,0.4129433631896972,0.8333333333333334,uncertain,uncertain
2026-07-16_00-57-26.mp4,5.2,0.000726535974536,,,,0.5993895530700684,0.3392744064331054,0.0,uncertain,uncertain
2026-07-05_05-27-45.mp4,,,,,,,0.7578241229057312,0.0,uncertain,uncertain
2026-07-01_06-24-50.mp4,,,,0.0375808486982364,,,0.5120090246200562,0.1666666666666666,no_pre_cry,uncertain
2026-07-17_07-15-56.mp4,1.2,0.0260835345834493,0.2648894285375624,0.2813290627349165,-0.0164396341973541,0.5954723954200745,0.6761463284492493,0.5555555555555556,uncertain,no_pre_cry
2026-07-19_00-21-56.mp4,1.8,0.0138038396835327,0.1576692026218702,,,0.3981569707393646,0.578662633895874,0.0909090909090909,uncertain,uncertain
2026-07-03_23-04-10.mp4,7.0,0.00026769892429,,0.0626924620307627,,0.4820519685745239,0.5023998022079468,0.25,uncertain,uncertain
2026-07-08_17-07-53.mp4,4.4,0.0259990990161895,,,,0.528918445110321,0.554828405380249,0.0,uncertain,uncertain
2026-07-04_08-14-59.mp4,3.0,0.0026306628715246,,,,0.2837361991405487,0.2472938299179077,0.0,uncertain,uncertain
2026-07-22_07-42-01.mp4,,,,0.2243056865785641,,,0.5391201376914978,0.3333333333333333,uncertain,uncertain
2026-07-18_21-09-46.mp4,,,,0.1588422051757686,,,0.3654124438762665,0.5,uncertain,uncertain
2026-07-16_20-18-39.mp4,3.0,0.0059289159253239,0.0880030410740527,0.0533189368428879,0.0346841042311647,0.6794769167900085,0.6995019316673279,0.9166666666666666,uncertain,uncertain
2026-07-26_01-32-48.mp4,7.0,0.0045808902941644,,,,0.5690011978149414,0.5820606350898743,0.0,uncertain,uncertain
2026-07-26_04-28-05.mp4,,,,0.157674967390201,,,0.7587770223617554,0.6666666666666666,uncertain,uncertain
2026-07-05_17-13-42.mp4,5.8,0.0080240620300173,0.1377996078092438,0.1103613561502367,0.027438251659007,0.5953390598297119,0.6420532464981079,0.1666666666666666,uncertain,uncertain
2026-07-23_08-39-04.mp4,,,,0.0635569268743946,,,0.788399875164032,1.0,uncertain,uncertain
2026-07-08_20-16-56.mp4,,,,,,,0.4609604477882385,0.0,no_pre_cry,uncertain
2026-07-21_10-04-02.mp4,,,,0.0648605501282272,,,0.5373968482017517,0.6666666666666666,uncertain,uncertain
2026-07-04_05-39-40.mp4,,,,,,,0.3139903545379638,0.0,no_pre_cry,uncertain
2026-07-19_17-46-51.mp4,6.8,0.0029859631322324,,,,0.5848821401596069,0.4989131391048431,0.0,uncertain,uncertain
2026-07-19_17-49-15.mp4,3.4,0.0019543345551937,,,,0.5617445707321167,0.6304082274436951,0.0,uncertain,uncertain
2026-07-15_19-28-12.mp4,5.4,0.0002651271643117,0.1153563762830225,0.1280387378736972,-0.0126823615906746,0.4369356632232666,0.4062976241111755,0.1666666666666666,uncertain,no_pre_cry
2026-07-14_07-04-48.mp4,,,,0.2211130263502868,,,0.3894815444946289,0.8333333333333334,no_pre_cry,uncertain
2026-07-03_12-17-25.mp4,7.4,0.001386666088365,,,,0.5402361750602722,0.5911128520965576,0.0,uncertain,uncertain
2026-07-23_17-09-46.mp4,,,,0.0478997243210614,,,0.8467981815338135,1.0,no_pre_cry,uncertain
2026-07-04_22-50-10.mp4,,,,,,,0.3925554752349853,0.0,uncertain,uncertain
2026-07-20_15-33-11.mp4,,,,,,,0.1674759835004806,0.0,no_pre_cry,uncertain
2026-07-08_02-23-52.mp4,,,,0.1781979299480987,,,0.3890431821346283,1.0,no_pre_cry,uncertain
2026-06-30_22-36-31.mp4,6.2,0.0009562242776155,0.0986768041329187,0.0959229388368598,0.0027538652960588,0.3914763927459717,0.335172027349472,0.4166666666666667,uncertain,uncertain
2026-07-04_11-24-03.mp4,3.4,0.0198694616556167,,,,0.5632727146148682,0.6085183024406433,0.0,uncertain,uncertain
2026-07-11_05-03-32.mp4,6.4,0.0159321930259466,,,,0.5934901833534241,0.665161669254303,0.0,uncertain,uncertain
2026-07-11_01-22-10.mp4,,,,,,,0.752466082572937,0.0,uncertain,uncertain
2026-07-05_20-03-16.mp4,2.2,0.0014834894100204,,,,0.2167904078960418,0.0992648005485534,0.0,uncertain,uncertain
2026-07-25_11-28-21.mp4,2.2,0.0241011716425418,,,,0.5362794995307922,0.6112673282623291,0.0,uncertain,uncertain
2026-07-10_12-30-45.mp4,4.2,0.0152664817869663,,,,0.5074808597564697,0.4489802122116089,0.0,uncertain,uncertain
2026-06-30_13-08-31.mp4,,,,0.0538566971963074,,,0.3245660066604614,0.3333333333333333,uncertain,uncertain
2026-07-23_17-10-10.mp4,3.6,0.0179596990346908,0.0380078254671479,0.0688664883724246,-0.0308586629052766,0.8346685171127319,0.855833888053894,0.75,uncertain,no_pre_cry
2026-07-06_18-29-00.mp4,1.2,0.0017132635693997,0.1536490301641406,0.1536490301641406,0.0,0.5252863168716431,0.4677210748195648,0.1111111111111111,uncertain,uncertain
2026-07-26_02-18-30.mp4,,,,0.1547909719841903,,,0.71976637840271,0.3333333333333333,no_pre_cry,uncertain
2026-07-23_19-03-56.mp4,6.0,0.0012450627982616,0.1077887335234024,0.1191596371222204,-0.011370903598818,0.4447656571865082,0.4430155158042907,1.0,uncertain,no_pre_cry
2026-07-07_07-22-31.mp4,,,,,,,0.7158467173576355,0.0,no_pre_cry,uncertain
2026-07-15_15-59-20.mp4,5.6,0.0105543918907642,,,,0.4629148244857788,0.4687245786190033,0.0,uncertain,uncertain
2026-07-21_06-46-04.mp4,6.0,0.0005173293757252,,,,0.3668555617332458,0.2870248556137085,0.0,uncertain,uncertain
2026-07-12_06-39-45.mp4,6.8,0.0053544333204627,0.1481109160295048,0.097534562394052,0.0505763536354528,0.5012430548667908,0.5893133282661438,0.5,uncertain,uncertain
2026-07-05_18-22-00.mp4,4.8,0.0292186588048934,0.2497039906433548,0.2672952279669099,-0.0175912373235551,0.4348135888576507,0.4849634170532226,0.9166666666666666,uncertain,no_pre_cry
2026-07-20_12-32-49.mp4,3.0,0.0062685296870768,0.2275641954529263,0.1923441697216195,0.0352200257313068,0.5557574033737183,0.494844377040863,1.0,uncertain,uncertain
2026-07-12_22-04-25.mp4,3.2,0.0237958617508411,0.1312904340193385,0.1019051705991535,0.029385263420185,0.5494250655174255,0.5749006271362305,0.5,uncertain,uncertain
2026-07-07_18-13-14.mp4,,,,0.1227503641124964,,,0.5375886559486389,0.3333333333333333,no_pre_cry,uncertain
2026-07-12_01-40-18.mp4,1.8,0.0022474569268524,,,,0.4257469773292541,0.3773247301578522,0.0,uncertain,uncertain
2026-07-02_02-23-04.mp4,,,,0.1871052365965986,,,0.4450349807739258,1.0,no_pre_cry,uncertain
2026-07-22_20-02-55.mp4,3.4,0.0012596426531672,,0.1385742137119427,,0.6824876666069031,0.6355006694793701,0.0833333333333333,uncertain,uncertain
2026-07-20_15-00-00.mp4,,,,0.1059027035678987,,,0.5161511301994324,0.1666666666666666,uncertain,uncertain
2026-07-19_17-46-03.mp4,3.0,0.0070658759213984,0.1304832045116254,0.1402070582545945,-0.009723853742969,0.4918532073497772,0.4590828418731689,0.5,uncertain,no_pre_cry
2026-07-12_19-39-46.mp4,,,,,,,0.3493766188621521,0.0,no_pre_cry,uncertain
2026-07-01_02-15-34.mp4,6.4,0.0019900184124708,0.0608212369612462,0.0598873963394094,0.0009338406218367,0.6275122761726379,0.5490476489067078,0.3333333333333333,uncertain,uncertain
2026-07-15_16-02-38.mp4,3.0,0.0008770244312472,,,,0.4184617400169372,0.3926665484905243,0.0,uncertain,uncertain
2026-07-05_15-09-28.mp4,,,,,,,0.5459350943565369,0.0,uncertain,uncertain
2026-07-26_10-28-37.mp4,1.6,0.0311836376786232,0.0865716296435706,0.0508474840280347,0.0357241456155359,0.6452702283859253,0.7078680396080017,0.7,uncertain,uncertain
2026-07-01_21-21-17.mp4,5.4,0.0027197573799639,,0.0723402566616526,,0.5032088160514832,0.4212866723537445,0.0833333333333333,uncertain,uncertain
2026-07-19_10-04-50.mp4,,,,0.1260893806209391,,,0.4184693694114685,0.3333333333333333,uncertain,uncertain
2026-07-07_22-31-30.mp4,3.2,0.0077356989495456,,0.0924518903980649,,0.4454291760921478,0.4359143674373626,0.0833333333333333,uncertain,uncertain
2026-07-25_17-49-35.mp4,,,,,,,0.3755861222743988,0.0,uncertain,uncertain
2026-07-10_08-36-11.mp4,,,,,,,0.4995070397853851,0.0,no_pre_cry,uncertain
2026-07-09_04-10-07.mp4,,,,,,,0.7394169569015503,0.0,no_pre_cry,uncertain
2026-07-15_08-57-25.mp4,6.2,0.0091140335425734,0.0939082818492709,0.0739346115368195,0.0199736703124513,0.5211989879608154,0.4925622344017029,0.25,uncertain,uncertain
2026-07-16_17-14-23.mp4,,,,,,,0.3038138747215271,0.0,no_pre_cry,uncertain
2026-07-13_22-43-35.mp4,,,,,,,0.5179745554924011,0.0,no_pre_cry,uncertain
2026-07-07_23-59-23.mp4,,,,0.0945868316834458,,,0.5692180395126343,0.5,no_pre_cry,uncertain
2026-07-02_08-54-12.mp4,,,,,,,0.6335833072662354,0.0,no_pre_cry,uncertain
2026-07-02_14-37-58.mp4,,,,0.0542574004796443,,,0.389884203672409,0.6666666666666666,no_pre_cry,uncertain
2026-07-05_11-12-03.mp4,,,,,,,0.4823382794857025,0.0,no_pre_cry,uncertain
2026-07-11_17-47-11.mp4,5.6,0.0043172184377908,0.0796268045632065,,,0.7661053538322449,0.7731460332870483,0.0833333333333333,uncertain,uncertain
2026-07-15_20-34-35.mp4,5.8,0.0064269728027284,0.110964577438807,0.137175223653022,-0.0262106462142149,0.2774824202060699,0.1811052560806274,0.3333333333333333,uncertain,no_pre_cry
2026-07-22_10-43-52.mp4,,,,0.0765259220515032,,,0.682869553565979,0.3333333333333333,uncertain,uncertain
2026-07-14_13-32-56.mp4,7.6,0.0009461832814849,,0.0379239567525014,,0.373333066701889,0.4453459680080414,0.0833333333333333,uncertain,uncertain
2026-07-10_12-38-15.mp4,2.4,0.0041123442351818,0.0560558672443802,0.0613664795224858,-0.0053106122781056,0.7012854814529419,0.7608022689819336,0.5833333333333334,uncertain,uncertain
2026-07-13_12-41-24.mp4,,,,0.1084272947808584,,,0.7936133146286011,0.3333333333333333,no_pre_cry,uncertain
2026-07-22_13-21-57.mp4,6.4,0.023301612585783,0.0547502635691197,0.0536820428724582,0.0010682206966615,0.7548733949661255,0.7389607429504395,0.75,uncertain,uncertain
2026-07-23_22-16-09.mp4,3.4,0.0065534892491996,0.1623203427723944,0.1660090148999558,-0.0036886721275613,0.6721751093864441,0.6766742467880249,0.6666666666666666,uncertain,uncertain
2026-07-12_21-39-00.mp4,6.2,0.0006768577732145,,,,0.1256646960973739,0.0360916629433631,0.0,uncertain,uncertain
2026-07-25_15-54-06.mp4,,,,0.0714469651658177,,,0.4530081152915954,0.8333333333333334,uncertain,uncertain
2026-07-19_17-59-39.mp4,7.2,0.0085502415895462,,0.1033667479165833,,0.4292854070663452,0.5668370127677917,0.0833333333333333,uncertain,uncertain
2026-07-05_04-32-13.mp4,3.6,0.0018006894970312,0.1007234546724262,,,0.7694344520568848,0.7319612503051758,0.0833333333333333,uncertain,uncertain
2026-07-10_20-02-32.mp4,6.8,0.0010778588475659,0.1478539577659309,0.1387848498635103,0.0090691079024205,0.4626504778861999,0.6555920839309692,0.9166666666666666,uncertain,uncertain
2026-07-12_04-24-29.mp4,7.2,0.0107093369588255,,,,0.7847191691398621,0.8447554111480713,0.0,uncertain,uncertain
2026-07-22_21-00-00.mp4,,,,,,,0.5112898349761963,0.0,no_pre_cry,uncertain
2026-07-07_14-20-33.mp4,3.4,0.0019846616778522,,,,0.5434219241142273,0.6073879599571228,0.0,uncertain,uncertain
2026-07-03_21-26-05.mp4,,,,0.0582578726053528,,,0.5401191711425781,0.3333333333333333,uncertain,uncertain
2026-07-22_13-26-15.mp4,,,,0.145486753141681,,,0.6610150337219238,0.5,no_pre_cry,uncertain
2026-07-25_04-52-31.mp4,5.6,0.0212285984307527,0.0956216885419885,0.1218506374622174,-0.0262289489202288,0.4243661761283874,0.5108214616775513,0.3333333333333333,uncertain,no_pre_cry
2026-07-24_21-21-54.mp4,3.2,0.0013339960714802,0.0810367007415727,0.0811598099951147,-0.000123109253542,0.6068262457847595,0.6169305443763733,0.75,uncertain,uncertain
2026-07-10_22-26-54.mp4,,,,0.1296910535592079,,,0.4201645255088806,0.1666666666666666,uncertain,uncertain
2026-07-18_15-17-56.mp4,4.6,0.0032548124436289,0.0519623989143181,0.1909883071055237,-0.1390259081912056,0.5835431218147278,0.5635136365890503,0.1666666666666666,uncertain,no_pre_cry
2026-07-22_20-57-06.mp4,7.0,0.0329769290983676,0.0752465069387831,0.0233070550005642,0.0519394519382188,0.7744178771972656,0.734165370464325,0.25,uncertain,uncertain
2026-07-01_21-18-17.mp4,,,,,,,0.3795196413993835,0.0,no_pre_cry,uncertain
2026-07-23_16-45-16.mp4,5.4,0.0010392090771347,,,,0.4630558490753174,0.4725032746791839,0.0,uncertain,uncertain
2026-07-07_20-08-07.mp4,1.2,0.0011758644832298,,,,0.3907544016838074,0.403905838727951,0.0,uncertain,uncertain
2026-07-25_23-52-14.mp4,4.8,0.1544815003871917,0.0660012826911353,0.0807729264843551,-0.0147716437932198,0.6868807077407837,0.6869796514511108,0.3333333333333333,uncertain,uncertain
2026-07-23_19-12-26.mp4,,,,0.0343068006019323,,,0.6781314611434937,0.3333333333333333,uncertain,uncertain
2026-07-03_00-42-49.mp4,3.8,0.0031755703967064,,,,0.4714388847351074,0.5733150243759155,0.0,uncertain,uncertain
2026-07-01_20-10-37.mp4,4.4,0.0020110071636736,,,,0.4020555913448334,0.2948071956634521,0.0,uncertain,uncertain
2026-07-09_21-35-32.mp4,2.6,0.0008818237693049,,,,0.8781516551971436,0.8902159929275513,0.0,uncertain,uncertain
2026-07-10_21-42-55.mp4,4.8,0.0007105399854481,,,,0.6031703352928162,0.6457850933074951,0.0,uncertain,uncertain
2026-07-07_14-04-45.mp4,3.8,0.0003654699539765,0.156483477610232,,,0.3591676652431488,0.2798117995262146,0.0833333333333333,uncertain,uncertain
2026-07-17_22-04-24.mp4,4.4,0.0194386523216962,0.1786198821717728,0.1995173650831203,-0.0208974829113474,0.420192688703537,0.4154776930809021,0.1666666666666666,uncertain,no_pre_cry
2026-07-26_00-07-55.mp4,5.8,0.0039121839217841,,,,0.5500978827476501,0.2959741950035095,0.0,uncertain,uncertain
2026-07-12_19-44-10.mp4,2.8,0.0183118265122175,,,,0.6088327765464783,0.5881231427192688,0.0,uncertain,uncertain
2026-07-10_00-30-04.mp4,1.8,0.0112248612567782,,,,0.4679602980613708,0.4482892155647278,0.0,uncertain,uncertain
2026-07-01_15-58-22.mp4,7.4,0.0010267875622957,,0.1607031078015946,,0.6321030855178833,0.5864100456237793,0.3333333333333333,uncertain,uncertain
2026-07-20_19-13-29.mp4,,,,0.1194037044960241,,,0.5397967100143433,0.5,uncertain,uncertain
2026-07-11_04-09-51.mp4,7.0,0.0050318147987127,,,,0.5930643677711487,0.5365524291992188,0.0,uncertain,uncertain
2026-07-22_02-24-10.mp4,4.0,0.0581045374274253,0.1882625355582058,0.2003881737818755,-0.0121256382236696,0.6643107533454895,0.6797105669975281,0.6666666666666666,uncertain,no_pre_cry
2026-07-25_11-38-03.mp4,,,,0.1342164738252353,,,0.5555965304374695,0.5,uncertain,uncertain
2026-07-04_08-56-46.mp4,7.4,0.0039636930450797,,,,0.397967517375946,0.381063163280487,0.0,uncertain,uncertain
2026-07-03_14-36-18.mp4,,,,0.0815742075124001,,,0.4516259431838989,0.1666666666666666,no_pre_cry,uncertain
2026-07-17_13-26-04.mp4,6.4,0.0290604755282402,0.1169524527638213,0.0673263971864719,0.0496260555773493,0.5143600702285767,0.3904297351837158,0.6666666666666666,uncertain,uncertain
2026-07-04_09-11-46.mp4,,,,,,,0.4646819531917572,0.0,uncertain,uncertain
2026-07-09_21-34-56.mp4,,,,,,,0.7884027361869812,0.0,uncertain,uncertain
2026-07-05_15-42-10.mp4,6.8,0.0004494073218666,,,,0.545691967010498,0.4773790240287781,0.0,uncertain,uncertain
2026-06-30_19-04-00.mp4,2.6,0.0034949535038322,0.1786778381563475,0.1489959893019289,0.0296818488544185,0.1522322595119476,0.1737860739231109,0.5,uncertain,uncertain
2026-07-25_18-10-47.mp4,2.8,0.0017451512394472,0.1097633482827825,,,0.6985167860984802,0.7038089632987976,0.0833333333333333,uncertain,uncertain
2026-07-13_10-45-43.mp4,6.0,0.0126933213323354,0.1568411116080547,0.1634040504546915,-0.0065629388466367,0.5286523103713989,0.5741337537765503,0.1666666666666666,uncertain,no_pre_cry
2026-07-07_14-08-45.mp4,,,,,,,0.609632670879364,0.0,uncertain,uncertain
2026-07-15_04-27-10.mp4,1.6,0.0218636505305767,0.1215704561638956,,,0.6647972464561462,0.674858808517456,0.2,uncertain,uncertain
2026-07-10_21-57-31.mp4,3.8,0.0015227730618789,0.2804690251288572,0.2622938652013356,0.0181751599275215,0.6082078814506531,0.7379783391952515,0.9166666666666666,uncertain,uncertain
2026-07-23_16-56-46.mp4,6.2,0.0015598819591104,0.0884366564876544,0.1005787276940567,-0.0121420712064023,0.798856258392334,0.7985936999320984,0.4166666666666667,uncertain,no_pre_cry
2026-07-15_23-41-15.mp4,4.8,0.0156247746199369,0.0515905236676104,0.0572363578898185,-0.0056458342222081,0.3875028491020202,0.4009788632392883,0.1666666666666666,uncertain,uncertain
2026-07-04_03-48-08.mp4,6.4,0.0078123472630977,,,,0.4518694281578064,0.3972758650779724,0.0,uncertain,uncertain
2026-07-11_12-22-51.mp4,,,,0.0195516868979401,,,0.5639562606811523,0.5,no_pre_cry,uncertain
2026-07-26_02-40-00.mp4,6.8,0.0057306215167045,0.2220910132687313,0.2116788696331398,0.0104121436355914,0.7550387382507324,0.4753215312957763,0.8333333333333334,uncertain,uncertain
2026-07-14_13-51-38.mp4,3.2,0.0060098762623965,0.0675755252828084,,,0.4318486154079437,0.5951783061027527,0.25,uncertain,uncertain
2026-07-15_17-53-49.mp4,,,,0.0524908531454828,,,0.5615783333778381,0.1666666666666666,uncertain,uncertain
2026-07-19_00-03-14.mp4,,,,0.0895621989148507,,,0.4619331359863281,1.0,uncertain,uncertain
2026-07-07_02-59-52.mp4,,,,,,,0.6918586492538452,0.0,no_pre_cry,uncertain
2026-07-02_02-12-28.mp4,,,,,,,0.4057922065258026,0.0,uncertain,uncertain
2026-07-09_19-01-40.mp4,,,,0.1032018558656452,,,0.4402816295623779,0.8333333333333334,uncertain,uncertain
2026-07-10_13-16-08.mp4,,,,0.0602854445774179,,,0.6302890777587891,0.3333333333333333,uncertain,uncertain
2026-07-26_05-24-28.mp4,,,,,,,0.2729321718215942,0.0,no_pre_cry,uncertain
2026-07-09_19-55-33.mp4,,,,0.095639472011347,,,0.6127142310142517,0.8333333333333334,uncertain,uncertain
2026-07-24_04-34-53.mp4,,,,,,,0.5711107850074768,0.0,uncertain,uncertain
2026-07-14_16-32-36.mp4,,,,0.0909292447973328,,,0.3286262452602386,0.8333333333333334,uncertain,uncertain
2026-07-04_08-08-23.mp4,,,,0.1851883841853268,,,0.5501751899719238,0.1666666666666666,uncertain,uncertain
2026-07-23_12-36-01.mp4,6.0,0.0002893483906518,0.134825728286259,0.1406764540689765,-0.0058507257827175,0.6891093254089355,0.6538587212562561,1.0,uncertain,uncertain
2026-07-09_14-40-00.mp4,2.8,0.0011687374208122,,,,0.6049142479896545,0.6094636917114258,0.0,uncertain,uncertain
2026-07-05_21-45-50.mp4,3.0,0.0037865657359361,,,,0.7852408289909363,0.7988282442092896,0.0,uncertain,uncertain
2026-07-06_00-45-54.mp4,2.8,0.013906130567193,,0.2257596804829409,,0.4781080186367035,0.4900861382484436,0.0833333333333333,uncertain,uncertain
2026-07-09_10-06-45.mp4,,,,,,,0.4960914254188537,0.0,no_pre_cry,uncertain
2026-07-14_06-18-07.mp4,3.6,0.0011191965313628,0.1594494807323072,0.1404352347421575,0.0190142459901497,0.5938839912414551,0.5681948661804199,0.4166666666666667,uncertain,uncertain
2026-07-03_16-16-59.mp4,1.4,0.0003072602266911,,,,0.4581027626991272,0.4070825576782226,0.0,uncertain,uncertain
2026-07-09_18-55-46.mp4,5.2,0.0119320545345544,0.2257558682958539,0.1697062328054667,0.0560496354903871,0.5713085532188416,0.6064666509628296,1.0,uncertain,uncertain
2026-07-22_08-35-18.mp4,,,,,,,0.538836658000946,0.0,no_pre_cry,uncertain
2026-07-04_03-48-20.mp4,2.4,0.0079591665416955,,,,0.4553844630718231,0.3699798583984375,0.0,uncertain,uncertain
2026-07-08_02-19-28.mp4,,,,0.1045028493055856,,,0.4824028611183166,0.3333333333333333,no_pre_cry,uncertain
2026-07-08_20-21-08.mp4,1.6,0.002199837937951,,,,0.4547882974147796,0.3847234845161438,0.0,uncertain,uncertain
2026-07-10_17-08-57.mp4,,,,,,,0.5560710430145264,0.0,uncertain,uncertain
2026-07-07_00-42-23.mp4,,,,,,,0.5574760437011719,0.0,no_pre_cry,uncertain
2026-07-16_21-36-50.mp4,1.6,0.0032279908191412,0.1025980969035097,,,0.318963885307312,0.492347240447998,0.1,uncertain,uncertain
2026-07-26_01-40-18.mp4,5.6,0.0041132192127406,,,,0.6509006023406982,0.7018987536430359,0.0,uncertain,uncertain
2026-07-22_16-59-27.mp4,,,,,,,0.4001806676387787,0.0,uncertain,uncertain
2026-07-07_11-29-17.mp4,2.2,0.0026437011547386,,0.0948759076835235,,0.803314208984375,0.4865202307701111,0.3333333333333333,uncertain,uncertain
2026-07-04_15-54-48.mp4,,,,,,,0.7568435668945312,0.0,no_pre_cry,uncertain
2026-07-16_21-09-33.mp4,,,,,,,0.4335622191429138,0.0,uncertain,uncertain
2026-07-04_03-04-43.mp4,1.6,0.0093419607728719,,,,0.4014825224876404,0.4640285670757293,0.0,uncertain,uncertain
2026-07-25_07-45-06.mp4,,,,0.1735448949891541,,,0.5254353880882263,0.5,no_pre_cry,uncertain
2026-07-02_14-34-40.mp4,,,,0.0707827074414944,,,0.4484918713569641,0.8333333333333334,uncertain,uncertain
2026-07-24_16-41-15.mp4,2.4,0.0825179293751716,,,,0.5988930463790894,0.6613085269927979,0.0,uncertain,uncertain
2026-07-12_15-01-42.mp4,3.4,0.0007441835477948,0.2139645091464045,0.1147763689415543,0.0991881402048502,0.7138338088989258,0.8027884364128113,0.4166666666666667,uncertain,uncertain
2026-07-23_22-20-09.mp4,6.2,0.020053582265973,0.1383079582610089,,,0.5754199028015137,0.6687531471252441,0.3333333333333333,uncertain,uncertain
2026-07-05_09-22-21.mp4,1.0,0.0005294101429171,,,,0.6425349712371826,0.6220012903213501,0.0,uncertain,uncertain
2026-07-12_15-01-30.mp4,6.6,0.0012508603977039,0.2421045035755597,,,0.7165615558624268,0.4761824011802673,0.0833333333333333,uncertain,uncertain
2026-07-03_12-47-43.mp4,,,,,,,0.622454047203064,0.0,no_pre_cry,uncertain
2026-07-07_00-25-35.mp4,2.4,0.0014276398578658,,,,0.6688238382339478,0.6417199969291687,0.0,uncertain,uncertain
2026-07-04_14-44-48.mp4,1.8,0.0003133268619421,0.1685149016856493,,,0.5293231010437012,0.4828550517559051,0.1818181818181818,uncertain,uncertain
2026-07-03_07-14-58.mp4,3.0,0.0015576037112623,0.0454008140901944,0.0697731095389909,-0.0243722954487964,0.5070719718933105,0.5558094382286072,0.4166666666666667,uncertain,no_pre_cry
2026-07-16_11-56-20.mp4,5.8,0.0177773255854845,0.1231907348377913,0.1470492472221058,-0.0238585123843145,0.301530122756958,0.3539465069770813,0.25,uncertain,no_pre_cry
2026-07-09_06-58-17.mp4,2.6,0.0013122038217261,0.1671773164770476,0.1868382755530219,-0.0196609590759743,0.6186415553092957,0.6479848623275757,0.25,uncertain,no_pre_cry
2026-07-23_00-57-14.mp4,,,,0.134611077772985,,,0.645343542098999,0.1666666666666666,uncertain,uncertain
2026-07-01_17-58-35.mp4,5.4,0.0149998189881443,0.0490904677124506,,,0.2684180438518524,0.1927769631147384,0.0833333333333333,uncertain,uncertain
2026-07-04_02-30-46.mp4,4.2,0.0048975842073559,,,,0.550780713558197,0.5644246339797974,0.0,uncertain,uncertain
2026-07-03_19-48-54.mp4,5.4,0.001318102935329,,,,0.4504007697105407,0.4789482355117798,0.0,uncertain,uncertain
2026-07-08_15-51-23.mp4,,,,,,,0.5452629923820496,0.0,uncertain,uncertain
2026-07-08_14-00-07.mp4,,,,0.1243171261008863,,,0.458601176738739,0.1666666666666666,no_pre_cry,uncertain
2026-07-04_06-39-19.mp4,6.0,0.0004339592123869,,,,0.4195354580879211,0.4949091672897339,0.0,uncertain,uncertain
2026-07-19_09-47-56.mp4,5.4,0.004975636024028,,0.1189330708868485,,0.361301988363266,0.3335554003715515,0.25,uncertain,uncertain
2026-07-01_23-19-22.mp4,3.4,0.0014127417234703,,,,0.4272847175598144,0.4150457382202148,0.0,uncertain,uncertain
2026-07-14_05-46-07.mp4,1.2,0.0170889291912317,0.0807737916406028,,,0.4092954099178314,0.4441311061382293,0.1111111111111111,uncertain,uncertain
2026-07-05_13-29-49.mp4,4.2,0.0008413329487666,,,,0.5204162001609802,0.5438098311424255,0.0,uncertain,uncertain
2026-07-03_20-17-18.mp4,,,,,,,0.5749156475067139,0.0,uncertain,uncertain
2026-07-08_08-22-10.mp4,,,,,,,0.8179687857627869,0.0,no_pre_cry,uncertain
2026-07-14_04-51-43.mp4,,,,0.0630293323392355,,,0.6707168817520142,0.5,no_pre_cry,uncertain
2026-07-10_02-21-27.mp4,5.0,0.1243119463324546,,,,0.5475806593894958,0.5892325639724731,0.0,uncertain,uncertain
2026-07-02_19-18-49.mp4,6.0,0.001092616119422,,0.1151856048857859,,0.5377030372619629,0.5561866164207458,0.0833333333333333,uncertain,uncertain
2026-07-01_12-47-12.mp4,7.4,0.0088338674977421,,,,0.534290611743927,0.3885533809661865,0.0,uncertain,uncertain
2026-07-23_15-26-59.mp4,1.4,0.0061846314929425,0.0704599749282418,,,0.6543117761611938,0.5070427060127258,0.1111111111111111,uncertain,uncertain
2026-07-10_12-42-50.mp4,,,,,,,0.5419496297836304,0.0,no_pre_cry,uncertain
2026-07-02_20-37-31.mp4,6.8,0.0026747416704893,,0.0421349829056901,,0.4374395608901977,0.4040834307670593,0.1666666666666666,uncertain,uncertain
2026-07-09_10-48-33.mp4,,,,0.2027814933515352,,,0.4900294542312622,0.1666666666666666,uncertain,uncertain
2026-07-24_12-35-30.mp4,,,,,,,0.5287809371948242,0.0,no_pre_cry,uncertain
2026-07-14_23-54-19.mp4,3.4,0.0001450805139029,0.1710412114229589,0.0753261201669593,0.0957150912559995,0.5254732370376587,0.4323911070823669,0.1666666666666666,uncertain,uncertain
2026-07-25_17-42-29.mp4,3.0,0.001408050302416,,,,0.5447067022323608,0.5455251932144165,0.0,uncertain,uncertain
2026-07-12_21-21-33.mp4,4.6,0.0020577956456691,,,,0.4453935027122497,0.5617886781692505,0.0,uncertain,uncertain
2026-07-04_08-14-35.mp4,,,,,,,0.3651817739009857,0.0,uncertain,uncertain
2026-07-01_20-12-07.mp4,4.4,0.0055303452536463,,,,0.5076029300689697,0.4193668365478515,0.0,uncertain,uncertain
2026-07-10_10-22-28.mp4,,,,,,,0.765215277671814,0.0,no_pre_cry,uncertain
2026-07-09_16-28-41.mp4,,,,0.1652095890164726,,,0.6215406656265259,0.1666666666666666,uncertain,uncertain
2026-07-19_17-50-57.mp4,,,,0.1062865836756324,,,0.4571872651576996,0.5,no_pre_cry,uncertain
2026-07-12_15-51-29.mp4,,,,,,,0.0492171868681907,0.0,uncertain,uncertain
2026-07-08_13-47-37.mp4,5.8,0.0036570497322827,,,,0.572025716304779,0.5465922355651855,0.0,uncertain,uncertain
2026-07-07_08-12-55.mp4,1.0,0.0023444113321602,0.1373432670123252,,,0.6199973821640015,0.610859215259552,0.2222222222222222,uncertain,uncertain
2026-07-23_20-56-51.mp4,2.4,0.012047704309225,,0.0400138357692625,,0.7021503448486328,0.7881187796592712,0.25,uncertain,uncertain
2026-07-23_21-03-51.mp4,6.4,0.0278227962553501,0.1038010876410583,0.0951833314673097,0.0086177561737485,0.6707987785339355,0.6102924942970276,0.9166666666666666,uncertain,uncertain
2026-07-11_02-11-16.mp4,,,,,,,0.906718134880066,0.0,uncertain,uncertain
2026-07-24_01-11-31.mp4,1.0,0.0010861259652301,0.1243778076688908,0.1395344733681932,-0.0151566656993024,0.5529834628105164,0.5009473562240601,0.4444444444444444,uncertain,no_pre_cry
2026-07-10_05-19-37.mp4,5.2,0.0015628939727321,0.1507985054124477,,,0.6393150687217712,0.7364158630371094,0.0833333333333333,uncertain,uncertain
2026-07-06_18-34-53.mp4,5.0,0.0004391717666294,,0.1488630758129472,,0.4241820275783539,0.4459125995635986,0.0833333333333333,uncertain,uncertain
2026-07-18_15-16-56.mp4,,,,0.1142442275400637,,,0.5928206443786621,0.5,uncertain,uncertain
2026-07-02_18-07-08.mp4,2.0,0.0006671106675639,0.1261016419973617,0.0596535167047203,0.0664481252926413,0.6244513988494873,0.4265638291835785,0.75,uncertain,uncertain
2026-07-07_14-07-21.mp4,2.4,0.0186001937836408,,,,0.6674394607543945,0.5868258476257324,0.0,uncertain,uncertain
2026-07-08_15-49-35.mp4,5.0,0.0013590822927653,0.1752746723723851,0.1922793155812633,-0.0170046432088781,0.3873910307884216,0.401850551366806,0.5833333333333334,uncertain,no_pre_cry
2026-07-08_01-04-22.mp4,,,,0.2671470497463356,,,0.4803329706192016,0.8333333333333334,no_pre_cry,uncertain
2026-07-20_22-58-15.mp4,3.8,0.016718840226531,0.0902800707754698,0.1181945853601387,-0.0279145145846689,0.4213077425956726,0.5666300058364868,0.8333333333333334,uncertain,no_pre_cry
2026-07-10_17-16-57.mp4,,,,,,,0.5901917219161987,0.0,no_pre_cry,uncertain
2026-07-07_19-27-13.mp4,2.4,0.0013884387444704,,,,0.6114349365234375,0.6326354742050171,0.0,uncertain,uncertain
2026-07-20_18-56-53.mp4,,,,,,,0.5899330377578735,0.0,uncertain,uncertain
2026-07-26_04-22-11.mp4,7.6,0.0098719941452145,0.1898328193493786,0.1377873171961301,0.0520455021532485,0.7622448205947876,0.8394421339035034,0.5,uncertain,uncertain
2026-07-08_14-47-36.mp4,6.0,0.0502558201551437,,,,0.6855086088180542,0.6244034171104431,0.0,uncertain,uncertain
2026-07-05_16-28-57.mp4,,,,,,,0.5477175712585449,0.0,no_pre_cry,uncertain
2026-07-22_15-14-37.mp4,,,,0.1875998348365025,,,0.7313981056213379,0.8333333333333334,no_pre_cry,uncertain
2026-07-05_15-08-16.mp4,1.4,0.0021746763959527,,,,0.5380379557609558,0.596241295337677,0.0,uncertain,uncertain
2026-07-12_01-00-14.mp4,6.0,0.0007471007411368,0.0369737613668424,,,0.2066064327955246,0.4801021516323089,0.0833333333333333,uncertain,uncertain
2026-07-07_17-44-31.mp4,,,,,,,0.5416133999824524,0.0,uncertain,uncertain
2026-07-11_17-26-12.mp4,2.0,0.0033409723546355,0.1433457671903964,0.1430896888142663,0.00025607837613,0.4398048818111419,0.5917522311210632,0.8333333333333334,uncertain,uncertain
2026-07-19_11-29-39.mp4,,,,0.0821508395189427,,,0.6319064497947693,1.0,uncertain,uncertain
2026-07-10_13-44-38.mp4,4.6,0.0165590159595012,0.1198390723752832,0.2021428555325883,-0.082303783157305,0.5761542320251465,0.4767452180385589,0.5833333333333334,uncertain,no_pre_cry
2026-07-04_22-49-34.mp4,,,,0.1877389756518866,,,0.3509007394313812,0.1666666666666666,no_pre_cry,uncertain
2026-07-13_07-43-51.mp4,3.8,0.0005899693933315,,,,0.7269748449325562,0.7694727778434753,0.0,uncertain,uncertain
2026-07-01_18-41-50.mp4,3.0,0.0022784208413213,0.0467532413541771,,,0.3584815859794616,0.5270819664001465,0.1666666666666666,uncertain,uncertain
2026-07-22_02-13-34.mp4,,,,0.0595088400909173,,,0.7345505952835083,1.0,no_pre_cry,uncertain
2026-07-02_00-39-31.mp4,6.4,0.0023705901112407,0.1124718585069816,0.1113333129931704,0.0011385455138112,0.3803476691246032,0.4524459540843963,0.3333333333333333,uncertain,uncertain
2026-07-15_14-39-34.mp4,,,,,,,0.5973483324050903,0.0,no_pre_cry,uncertain
2026-07-11_10-14-40.mp4,,,,,,,0.5433779358863831,0.0,no_pre_cry,uncertain
2026-07-16_22-13-26.mp4,4.6,0.0057061426341533,0.0362584361979177,0.0755539557279066,-0.0392955195299888,0.6672686338424683,0.6568870544433594,0.1666666666666666,uncertain,no_pre_cry
2026-07-05_05-51-29.mp4,6.8,0.0008160807192325,0.1173744706178654,0.1626304808613485,-0.0452560102434831,0.5973028540611267,0.659075915813446,0.5,uncertain,no_pre_cry
2026-07-05_01-02-18.mp4,5.8,0.0010897299507632,,,,0.5746943950653076,0.5712523460388184,0.0,uncertain,uncertain
2026-07-21_23-58-42.mp4,1.0,0.0030282095540314,0.0648532614600125,0.0461928559471251,0.0186604055128874,0.7095100283622742,0.6725123524665833,0.7777777777777778,uncertain,uncertain
2026-07-19_00-12-56.mp4,,,,0.073320336487025,,,0.4849618375301361,0.6666666666666666,uncertain,uncertain
2026-07-01_03-34-57.mp4,,,,0.089014834657535,,,0.4215906858444214,0.1666666666666666,uncertain,uncertain
2026-07-12_06-44-33.mp4,7.6,0.0035434174351394,,0.079257799121241,,0.6755549311637878,0.5752432942390442,0.0833333333333333,uncertain,uncertain
2026-07-14_17-57-44.mp4,2.2,0.0019153348403051,,0.1813850915331198,,0.6141992807388306,0.5669761896133423,0.0833333333333333,uncertain,uncertain
2026-07-24_09-02-38.mp4,6.8,0.0110338758677244,0.1533993401265269,0.1018909412156306,0.0515083989108962,0.5803625583648682,0.6104914546012878,0.3333333333333333,uncertain,uncertain
2026-07-07_01-17-11.mp4,6.0,0.0131430169567465,0.1714999194010289,,,0.6242066025733948,0.7560672760009766,0.0833333333333333,uncertain,uncertain
2026-07-01_21-23-59.mp4,,,,,,,0.3835548758506775,0.0,no_pre_cry,uncertain
2026-07-02_14-09-04.mp4,4.8,0.0006064192275516,,0.1067302169010857,,0.5664161443710327,0.5894284248352051,0.1666666666666666,uncertain,uncertain
2026-07-22_15-12-19.mp4,3.4,0.0016223846469074,0.2527306669104844,0.2538154907644051,-0.0010848238539206,0.6814926862716675,0.6727617979049683,0.9166666666666666,uncertain,uncertain
2026-07-17_23-11-18.mp4,3.6,0.0332630649209022,0.1480044142241099,0.0965208120848762,0.0514836021392336,0.5256940126419067,0.5027318596839905,0.1666666666666666,uncertain,uncertain
2026-07-09_14-22-24.mp4,5.0,0.0121985394507646,,,,0.751055121421814,0.7493774890899658,0.0,uncertain,uncertain
2026-07-03_16-21-17.mp4,3.8,0.0088325943797826,,,,0.6056320667266846,0.6430264711380005,0.0,uncertain,uncertain
2026-07-03_23-21-16.mp4,5.2,0.0008889722521416,0.0743862425546479,0.0268550397539489,0.047531202800699,0.6840564608573914,0.5341464281082153,0.25,uncertain,uncertain
2026-07-18_17-59-30.mp4,3.8,0.2059150785207748,,0.1153045545920048,,0.2130224555730819,0.347907155752182,0.25,uncertain,uncertain
2026-07-11_15-45-52.mp4,,,,0.0788234537288152,,,0.6389207243919373,0.5,uncertain,uncertain
2026-07-05_12-53-56.mp4,5.0,0.002784798387438,,,,0.4434462487697601,0.5028324127197266,0.0,uncertain,uncertain
2026-07-11_21-07-07.mp4,,,,0.0837817691548487,,,0.570867657661438,0.1666666666666666,uncertain,uncertain
2026-07-03_14-30-42.mp4,,,,,,,0.4977482259273529,0.0,no_pre_cry,uncertain
2026-07-04_12-40-33.mp4,,,,,,,0.3855868279933929,0.0,no_pre_cry,uncertain
2026-07-08_14-11-12.mp4,7.4,0.006416440475732,,,,0.5693523287773132,0.5703772902488708,0.0,uncertain,uncertain
2026-07-07_16-17-44.mp4,3.8,0.0061811744235455,0.1755250401280973,,,0.8244544863700867,0.5514646172523499,0.0833333333333333,uncertain,uncertain
2026-07-11_05-00-56.mp4,,,,,,,0.6524553298950195,0.0,no_pre_cry,uncertain
2026-07-04_22-41-34.mp4,1.6,0.0015134252607822,,,,0.6121501326560974,0.5271662473678589,0.0,uncertain,uncertain
2026-07-12_12-23-41.mp4,3.2,0.0086679188534617,0.0481674708835727,0.0516705097132236,-0.0035030388296508,0.4864245653152466,0.5898224115371704,0.25,uncertain,uncertain
2026-07-02_04-00-09.mp4,,,,,,,0.4566524028778076,0.0,uncertain,uncertain
2026-07-14_12-02-57.mp4,,,,0.0975871998201798,,,0.4274919629096985,0.1666666666666666,no_pre_cry,uncertain
2026-07-08_08-56-04.mp4,,,,,,,0.7296177744865417,0.0,no_pre_cry,uncertain
2026-07-04_16-55-00.mp4,5.6,0.0072927144356071,0.1835158914447371,0.1875353718661143,-0.0040194804213772,0.3650519549846649,0.3844990730285644,0.6666666666666666,uncertain,uncertain
2026-07-08_20-20-32.mp4,,,,0.0795990600363649,,,0.4910298585891723,0.1666666666666666,no_pre_cry,uncertain
2026-07-01_01-16-53.mp4,,,,0.0502479891181635,,,0.6279953718185425,0.6666666666666666,uncertain,uncertain
2026-07-07_14-00-09.mp4,5.6,0.0016244627768173,,,,0.4902603030204773,0.3816035687923431,0.0,uncertain,uncertain
2026-07-07_09-27-48.mp4,,,,0.0811955486882991,,,0.6914131045341492,0.1666666666666666,no_pre_cry,uncertain
2026-07-17_09-11-13.mp4,,,,0.0434271360963855,,,0.5650343894958496,0.1666666666666666,uncertain,uncertain
2026-07-12_23-42-06.mp4,5.2,0.0044760140590369,0.0707300062105511,0.1213379505704063,-0.0506079443598551,0.7318536639213562,0.5733842849731445,0.4166666666666667,uncertain,no_pre_cry
2026-07-05_10-25-25.mp4,,,,0.2102219806981062,,,0.383290946483612,0.3333333333333333,no_pre_cry,uncertain
2026-07-12_13-46-25.mp4,,,,0.1194127779974555,,,0.2974883615970611,0.5,no_pre_cry,uncertain
2026-07-22_10-56-40.mp4,6.4,0.0100168613716959,0.0620650985067569,0.0492766222580025,0.0127884762487544,0.7754985094070435,0.6832218170166016,0.8333333333333334,uncertain,uncertain
2026-07-13_03-19-50.mp4,1.6,0.0011342073557898,0.0513393802753606,,,0.8015243411064148,0.7762802243232727,0.1,uncertain,uncertain
2026-07-15_15-40-20.mp4,7.0,0.0055719879455864,,,,0.4665242433547973,0.5174240469932556,0.0,uncertain,uncertain
2026-07-14_18-08-31.mp4,,,,0.0614099116876575,,,0.579576849937439,0.5,uncertain,uncertain
2026-07-20_21-50-22.mp4,,,,0.1682948055447789,,,0.5268392562866211,0.1666666666666666,no_pre_cry,uncertain
2026-06-30_12-46-19.mp4,3.0,0.0007734004757367,,,,0.4701085984706878,0.4255512654781341,0.0,uncertain,uncertain
2026-07-04_02-37-22.mp4,7.6,0.0008780545904301,,0.1024120212087285,,0.5353588461875916,0.5397359728813171,0.0833333333333333,uncertain,uncertain
2026-07-10_18-06-56.mp4,2.8,0.0044135926291346,0.1357185612830806,0.1290168146316029,0.0067017466514777,0.2353574484586715,0.242459699511528,0.5,uncertain,uncertain
2026-07-17_07-50-20.mp4,6.2,0.0022737039253115,0.1664859847576176,0.1360633328203157,0.0304226519373018,0.6121054887771606,0.5555047392845154,0.5833333333333334,uncertain,uncertain
2026-07-12_18-19-41.mp4,1.6,0.0039265477098524,,,,0.5355082154273987,0.4492906033992767,0.0,uncertain,uncertain
2026-07-18_11-26-58.mp4,7.4,0.0032962628174573,,0.0772293107220521,,0.4634267687797546,0.4147288203239441,0.0833333333333333,uncertain,uncertain
2026-07-04_08-05-17.mp4,,,,,,,0.5385146737098694,0.0,no_pre_cry,uncertain
2026-07-02_15-42-21.mp4,,,,,,,0.5157286524772644,0.0,uncertain,uncertain
2026-07-06_23-30-35.mp4,4.0,0.0023601714055985,,,,0.6254415512084961,0.6283401250839233,0.0,uncertain,uncertain
2026-07-19_03-06-07.mp4,,,,0.0779827421830459,,,0.3547685742378235,0.1666666666666666,no_pre_cry,uncertain
2026-07-01_18-42-02.mp4,5.6,0.0966097638010978,0.0120308058492294,0.0500616807131731,-0.0380308748639436,0.3541533946990967,0.3987434804439544,0.25,uncertain,no_pre_cry
2026-07-24_07-29-45.mp4,5.2,0.0060120043344795,,0.129206019838088,,0.6587221026420593,0.5583085417747498,0.3333333333333333,uncertain,uncertain
2026-07-13_02-13-15.mp4,,,,,,,0.7453927993774414,0.0,no_pre_cry,uncertain
2026-07-03_11-05-32.mp4,,,,,,,0.774911642074585,0.0,uncertain,uncertain
2026-07-25_11-20-33.mp4,,,,,,,0.7443686723709106,0.0,no_pre_cry,uncertain
2026-06-30_20-53-23.mp4,4.0,0.0005351200816221,,,,0.6245827674865723,0.6263056397438049,0.0,uncertain,uncertain
2026-07-04_16-54-00.mp4,5.2,0.0040841363370418,0.2349105255015544,0.2597802656236138,-0.0248697401220593,0.4741672277450561,0.4525268077850342,0.8333333333333334,uncertain,no_pre_cry
2026-07-04_14-48-12.mp4,4.0,0.0005445357528515,0.1268306482656901,0.1464046841824706,-0.0195740359167804,0.6029466390609741,0.6391689777374268,0.1666666666666666,uncertain,no_pre_cry
2026-07-01_22-23-51.mp4,1.6,0.0053940522484481,,,,0.2090147137641906,0.2157012671232223,0.0,uncertain,uncertain
