file,n_frames,face_frac,nose_lapvar,p_covered,p_visible,p_away,nose_covered_score,label_nose_covered,error
2026-07-18_03-15-51.mp4,12,0.0,,0.26361283659935,0.6107484698295593,0.1256386935710907,0.26361283659935,1,
2026-07-21_23-59-05.mp4,12,0.0,,0.1770152449607849,0.7043023705482483,0.11868242919445038,0.1770152449607849,0,
2026-07-07_20-52-18.mp4,12,0.0,,0.47860807180404663,0.46090590953826904,0.06048603728413582,0.47860807180404663,1,
2026-07-11_10-46-16.mp4,12,0.0,,0.4499658942222595,0.48962271213531494,0.060411401093006134,0.4499658942222595,1,
2026-07-02_18-28-08.mp4,12,0.0,,0.22958235442638397,0.6329206824302673,0.1374969631433487,0.22958235442638397,0,
2026-07-04_15-25-25.mp4,12,0.0,,0.335208922624588,0.627147912979126,0.0376431979238987,0.335208922624588,1,
2026-07-06_11-18-17.mp4,12,0.0,,0.2694784998893738,0.6298354268074036,0.10068611800670624,0.2694784998893738,1,
2026-07-13_10-44-07.mp4,12,0.0,,0.27034443616867065,0.6210973858833313,0.10855822265148163,0.27034443616867065,1,
2026-07-15_18-43-49.mp4,12,0.0,,0.3173476457595825,0.6461703777313232,0.03648198023438454,0.3173476457595825,1,
2026-07-03_20-05-24.mp4,12,0.0,,0.34257376194000244,0.622511088848114,0.03491508960723877,0.34257376194000244,1,
2026-07-02_14-21-40.mp4,12,0.0,,0.25307899713516235,0.48396167159080505,0.2629593312740326,0.25307899713516235,1,
2026-07-24_09-05-02.mp4,12,0.0,,0.3184795379638672,0.5578643083572388,0.12365616858005524,0.3184795379638672,1,
2026-07-04_11-27-03.mp4,12,0.0,,0.1999180167913437,0.7257039546966553,0.07437803596258163,0.1999180167913437,0,
2026-07-03_21-39-11.mp4,12,0.0,,0.3361227214336395,0.6215565800666809,0.042320720851421356,0.3361227214336395,1,
2026-07-09_07-36-17.mp4,12,0.3333333333333333,2.3139617726890407,0.25241774320602417,0.6491115093231201,0.0984707698225975,0.1682784954706828,0,
2026-07-08_07-36-22.mp4,12,0.0,,0.24999630451202393,0.5808139443397522,0.16918976604938507,0.24999630451202393,0,
2026-07-11_10-58-46.mp4,12,0.0,,0.35861825942993164,0.5769367218017578,0.06444507837295532,0.35861825942993164,1,
2026-07-14_14-57-37.mp4,12,0.0,,0.24871838092803955,0.5689587593078613,0.18232285976409912,0.24871838092803955,0,
2026-07-06_18-30-24.mp4,12,0.0,,0.3753424882888794,0.51924729347229,0.10541018098592758,0.3753424882888794,1,
2026-07-04_08-43-52.mp4,12,0.0,,0.43427786231040955,0.4757891595363617,0.08993300795555115,0.43427786231040955,1,
2026-07-01_13-47-17.mp4,12,0.0,,0.2010677009820938,0.35819387435913086,0.4407384693622589,0.2010677009820938,0,
2026-07-04_14-38-54.mp4,12,0.0,,0.23481780290603638,0.7191275358200073,0.046054720878601074,0.23481780290603638,0,
2026-07-05_11-14-39.mp4,12,0.08333333333333333,6.4569921875,0.31158578395843506,0.5430813431739807,0.14533288776874542,0.2856203019618988,1,
2026-07-21_14-07-06.mp4,12,0.0,,0.3032132089138031,0.48424193263053894,0.21254485845565796,0.3032132089138031,1,
2026-07-02_18-39-38.mp4,12,0.0,,0.22441300749778748,0.6393921971321106,0.1361948549747467,0.22441300749778748,0,
2026-07-08_19-30-32.mp4,12,0.0,,0.5744922161102295,0.35882309079170227,0.06668465584516525,0.5744922161102295,1,
2026-07-21_15-21-23.mp4,12,0.0,,0.20443958044052124,0.6893309950828552,0.10622946172952652,0.20443958044052124,0,
2026-07-14_13-43-38.mp4,12,0.3333333333333333,4.113380309949882,0.26004233956336975,0.5420041084289551,0.19795359671115875,0.17336155970891318,0,
2026-07-04_11-24-27.mp4,12,0.0,,0.2800288200378418,0.6150782108306885,0.1048930361866951,0.2800288200378418,1,
2026-07-08_00-02-05.mp4,12,0.0,,0.36590006947517395,0.5685328245162964,0.06556717306375504,0.36590006947517395,1,
2026-07-15_13-47-22.mp4,12,0.0,,0.29771894216537476,0.48740923404693604,0.21487188339233398,0.29771894216537476,1,
2026-07-09_14-16-30.mp4,12,0.0,,0.7111129760742188,0.24511638283729553,0.04377064108848572,0.7111129760742188,1,
2026-07-03_23-37-58.mp4,12,0.0,,0.38850709795951843,0.5107299089431763,0.10076300799846649,0.38850709795951843,1,
2026-07-26_04-03-05.mp4,12,0.0,,0.40828049182891846,0.5434929132461548,0.04822657257318497,0.40828049182891846,1,
2026-07-09_16-29-05.mp4,12,0.0,,0.29305148124694824,0.5205375552177429,0.18641100823879242,0.29305148124694824,1,
2026-07-21_10-11-08.mp4,12,0.0,,0.23866896331310272,0.6181687116622925,0.14316238462924957,0.23866896331310272,0,
2026-07-03_15-19-59.mp4,12,0.0,,0.23753400146961212,0.6077940464019775,0.15467198193073273,0.23753400146961212,0,
2026-07-21_11-15-56.mp4,12,0.0,,0.20136438310146332,0.5935746431350708,0.20506101846694946,0.20136438310146332,0,
2026-07-14_11-13-40.mp4,12,0.0,,0.22066795825958252,0.5862441658973694,0.19308790564537048,0.22066795825958252,0,
2026-07-18_15-37-50.mp4,12,0.3333333333333333,2.2593538706935767,0.2861834764480591,0.550017237663269,0.16379930078983307,0.19078898429870608,0,
2026-07-07_23-43-53.mp4,12,0.0,,0.3447793126106262,0.46847498416900635,0.18674573302268982,0.3447793126106262,1,
2026-07-03_03-29-48.mp4,12,0.0,,0.2269137054681778,0.6868183016777039,0.08626800775527954,0.2269137054681778,0,
2026-07-07_02-58-34.mp4,12,0.0,,0.2656553387641907,0.6092851161956787,0.125059574842453,0.2656553387641907,1,
2026-07-24_22-36-41.mp4,12,0.0,,0.32259756326675415,0.49094682931900024,0.1864555925130844,0.32259756326675415,1,
2026-07-02_07-07-33.mp4,12,0.0,,0.2240997552871704,0.6379851698875427,0.13791507482528687,0.2240997552871704,0,
2026-07-21_01-27-08.mp4,12,0.0,,0.27888089418411255,0.5857639312744141,0.13535526394844055,0.27888089418411255,1,
2026-07-09_23-39-23.mp4,12,0.0,,0.1710597574710846,0.7362555265426636,0.09268482029438019,0.1710597574710846,0,
2026-07-03_17-30-29.mp4,12,0.0,,0.32405930757522583,0.5327552556991577,0.14318542182445526,0.32405930757522583,1,
2026-07-07_05-36-56.mp4,12,0.0,,0.1727595329284668,0.754834771156311,0.07240568846464157,0.1727595329284668,0,
2026-07-06_00-38-42.mp4,12,0.6666666666666666,2.6108546626320854,0.24989235401153564,0.631820559501648,0.1182871162891388,0.08329745133717856,0,
2026-07-19_14-44-25.mp4,12,0.0,,0.1910233348608017,0.6830165386199951,0.125960111618042,0.1910233348608017,0,
2026-07-05_19-03-42.mp4,12,0.0,,0.32619667053222656,0.6239802241325378,0.04982314258813858,0.32619667053222656,1,
2026-06-30_22-30-55.mp4,12,0.0,,0.2656910717487335,0.5868607759475708,0.14744821190834045,0.2656910717487335,1,
2026-07-22_15-11-20.mp4,12,0.0,,0.4348911643028259,0.5070529580116272,0.05805589631199837,0.4348911643028259,1,
2026-07-09_10-54-20.mp4,12,0.0,,0.29489660263061523,0.5783933997154236,0.12671001255512238,0.29489660263061523,1,
2026-07-03_05-08-42.mp4,12,0.0,,0.13710471987724304,0.7897015810012817,0.0731937512755394,0.13710471987724304,0,
2026-07-14_19-39-43.mp4,12,0.0,,0.384865403175354,0.5490018725395203,0.06613273173570633,0.384865403175354,1,
2026-07-08_01-41-58.mp4,12,0.0,,0.1143036037683487,0.8285057544708252,0.0571906752884388,0.1143036037683487,0,
2026-07-05_04-39-07.mp4,12,0.0,,0.24827083945274353,0.7176460027694702,0.03408316522836685,0.24827083945274353,0,
2026-07-10_08-25-17.mp4,12,0.0,,0.3805326223373413,0.5225920081138611,0.09687540680170059,0.3805326223373413,1,
2026-07-10_13-43-02.mp4,12,0.08333333333333333,0.9933570186738955,0.2562629282474518,0.6434362530708313,0.10030082613229752,0.23490768422683078,0,
2026-07-03_12-57-19.mp4,12,0.0,,0.2645111083984375,0.6737783551216125,0.06171063706278801,0.2645111083984375,1,
2026-07-10_17-41-21.mp4,12,0.0,,0.29105815291404724,0.5127520561218262,0.19618985056877136,0.29105815291404724,1,
2026-07-01_23-44-26.mp4,12,0.0,,0.18067914247512817,0.626185953617096,0.19313490390777588,0.18067914247512817,0,
2026-07-09_20-02-45.mp4,12,0.08333333333333333,1.5624968364197533,0.21915636956691742,0.6432632207870483,0.13758043944835663,0.2008933387696743,0,
2026-07-04_21-37-53.mp4,12,0.0,,0.47824880480766296,0.4338930547237396,0.08785822987556458,0.47824880480766296,1,
2026-07-21_12-26-37.mp4,12,0.0,,0.3155655264854431,0.6512349247932434,0.03319954872131348,0.3155655264854431,1,
2026-07-05_08-50-28.mp4,12,0.0,,0.2557803690433502,0.6608178615570068,0.08340176194906235,0.2557803690433502,1,
2026-07-20_22-59-51.mp4,12,0.0,,0.2860311269760132,0.5285785794258118,0.18539036810398102,0.2860311269760132,1,
2026-07-23_16-30-17.mp4,12,0.0,,0.18750101327896118,0.7830479145050049,0.029451120644807816,0.18750101327896118,0,
2026-07-08_14-17-00.mp4,12,0.0,,0.19061985611915588,0.6655678749084473,0.14381228387355804,0.19061985611915588,0,
2026-07-11_22-47-47.mp4,12,0.0,,0.23717588186264038,0.6418851017951965,0.12093900889158249,0.23717588186264038,0,
2026-07-05_12-53-32.mp4,12,0.0,,0.2495967447757721,0.6257686018943787,0.12463468313217163,0.2495967447757721,0,
2026-07-04_03-14-07.mp4,12,0.0,,0.4360831677913666,0.4529951810836792,0.11092165857553482,0.4360831677913666,1,
2026-07-22_21-21-30.mp4,12,0.0,,0.3119717538356781,0.6007495522499084,0.08727870881557465,0.3119717538356781,1,
2026-07-11_02-08-52.mp4,12,0.0,,0.25994014739990234,0.6652530431747437,0.07480684667825699,0.25994014739990234,1,
2026-07-24_11-44-30.mp4,12,0.0,,0.2800392508506775,0.6620264649391174,0.05793430283665657,0.2800392508506775,1,
2026-07-04_01-28-59.mp4,12,0.0,,0.47857409715652466,0.4900086522102356,0.03141729533672333,0.47857409715652466,1,
2026-07-23_16-33-41.mp4,12,0.0,,0.31765055656433105,0.5977591276168823,0.08459039032459259,0.31765055656433105,1,
2026-07-02_03-28-28.mp4,12,0.0,,0.2368530035018921,0.5203339457511902,0.2428130805492401,0.2368530035018921,0,
2026-07-10_07-19-36.mp4,12,0.0,,0.3132990002632141,0.49412405490875244,0.19257692992687225,0.3132990002632141,1,
2026-07-03_13-42-00.mp4,12,0.0,,0.393155574798584,0.5558148622512817,0.05102956295013428,0.393155574798584,1,
2026-07-08_20-28-32.mp4,12,0.0,,0.4849553406238556,0.438093364238739,0.0769512876868248,0.4849553406238556,1,
2026-07-05_13-24-32.mp4,12,0.0,,0.18100395798683167,0.7456904053688049,0.07330566644668579,0.18100395798683167,0,
2026-07-02_22-02-44.mp4,12,0.0,,0.31753432750701904,0.5695499777793884,0.11291574686765671,0.31753432750701904,1,
2026-07-03_19-51-30.mp4,12,0.0,,0.20936205983161926,0.656589925289154,0.13404810428619385,0.20936205983161926,0,
2026-07-02_00-33-19.mp4,12,0.0,,0.1473398208618164,0.5759334564208984,0.27672672271728516,0.1473398208618164,0,
2026-07-14_04-52-43.mp4,12,0.0,,0.3542657494544983,0.5701667070388794,0.07556764036417007,0.3542657494544983,1,
2026-07-07_07-21-55.mp4,12,0.0,,0.39575454592704773,0.5599088072776794,0.04433673247694969,0.39575454592704773,1,
2026-07-05_02-32-35.mp4,12,0.0,,0.2517774701118469,0.6347203254699707,0.11350220441818237,0.2517774701118469,1,
2026-07-12_15-51-19.mp4,12,0.0,,0.44408270716667175,0.07175403833389282,0.48416322469711304,0.44408270716667175,1,
2026-07-05_02-22-41.mp4,12,0.0,,0.188741534948349,0.7010206580162048,0.11023786664009094,0.188741534948349,0,
2026-07-09_16-19-35.mp4,12,0.16666666666666666,2.7862355942515387,0.23683463037014008,0.5837328433990479,0.17943252623081207,0.19736219197511673,0,
2026-07-08_00-06-41.mp4,12,0.0,,0.4311336874961853,0.4533311426639557,0.1155351847410202,0.4311336874961853,1,
2026-07-17_12-08-29.mp4,12,0.0,,0.509964108467102,0.44334131479263306,0.046694617718458176,0.509964108467102,1,
2026-07-02_07-06-57.mp4,12,0.0,,0.2034214586019516,0.6375328302383423,0.15904578566551208,0.2034214586019516,0,
2026-07-14_19-34-19.mp4,12,0.0,,0.39483797550201416,0.5198022723197937,0.08535978943109512,0.39483797550201416,1,
2026-07-01_18-55-25.mp4,12,0.0,,0.2969643473625183,0.4916081428527832,0.2114275097846985,0.2969643473625183,1,
2026-07-03_22-51-04.mp4,12,0.0,,0.18398353457450867,0.7220718860626221,0.09394463151693344,0.18398353457450867,0,
2026-07-04_08-57-10.mp4,12,0.0,,0.3326283097267151,0.5919846892356873,0.07538703083992004,0.3326283097267151,1,
2026-07-19_18-28-09.mp4,12,0.0,,0.22184035181999207,0.6623623967170715,0.1157972514629364,0.22184035181999207,0,
2026-07-25_11-11-51.mp4,12,0.0,,0.4502803087234497,0.49370408058166504,0.05601569265127182,0.4502803087234497,1,
2026-07-05_11-45-33.mp4,12,0.0,,0.36938515305519104,0.501090407371521,0.12952446937561035,0.36938515305519104,1,
2026-07-05_12-00-14.mp4,12,0.0,,0.2811020016670227,0.5412672758102417,0.17763076722621918,0.2811020016670227,1,
2026-07-12_14-49-12.mp4,12,0.3333333333333333,6.952367104923732,0.16059933602809906,0.7161815762519836,0.12321902811527252,0.10706622401873273,0,
2026-07-18_21-03-34.mp4,12,0.0,,0.20443511009216309,0.6038274765014648,0.19173747301101685,0.20443511009216309,0,
2026-07-17_07-51-32.mp4,12,0.0,,0.23552334308624268,0.544380247592926,0.2200963944196701,0.23552334308624268,0,
2026-07-15_08-54-13.mp4,12,0.0,,0.2418714165687561,0.5664916038513184,0.19163702428340912,0.2418714165687561,0,
2026-07-10_10-11-58.mp4,12,0.0,,0.272800087928772,0.6483704447746277,0.07882951945066452,0.272800087928772,1,
2026-07-18_11-21-10.mp4,12,0.0,,0.24529427289962769,0.6329373121261597,0.12176842987537384,0.24529427289962769,0,
2026-07-02_04-18-21.mp4,12,0.0,,0.21349146962165833,0.605600118637085,0.1809084266424179,0.21349146962165833,0,
2026-07-07_12-03-04.mp4,12,0.0,,0.2886621356010437,0.6037812232971191,0.10755663365125656,0.2886621356010437,1,
2026-07-12_05-31-52.mp4,12,0.0,,0.3004170358181,0.330866277217865,0.3687167465686798,0.3004170358181,1,
2026-07-10_16-41-17.mp4,12,0.0,,0.23584415018558502,0.6019068360328674,0.16224904358386993,0.23584415018558502,0,
2026-07-08_22-03-34.mp4,12,0.0,,0.2110547125339508,0.6331540942192078,0.1557912528514862,0.2110547125339508,0,
2026-07-02_22-51-50.mp4,12,0.0,,0.3431122899055481,0.5214170813560486,0.13547058403491974,0.3431122899055481,1,
2026-07-14_14-55-25.mp4,12,0.0,,0.2568055987358093,0.5904923677444458,0.15270210802555084,0.2568055987358093,1,
2026-07-09_14-06-48.mp4,12,0.0,,0.5800068974494934,0.3897608518600464,0.030232325196266174,0.5800068974494934,1,
2026-07-05_11-44-27.mp4,12,0.0,,0.3771747648715973,0.5189700126647949,0.10385530441999435,0.3771747648715973,1,
2026-07-07_09-29-42.mp4,12,0.0,,0.3161419928073883,0.5700302124023438,0.11382779479026794,0.3161419928073883,1,
2026-07-04_05-06-13.mp4,12,0.0,,0.1984405219554901,0.6481959223747253,0.15336357057094574,0.1984405219554901,0,
2026-07-25_13-45-14.mp4,12,0.0,,0.30113786458969116,0.51087886095047,0.18798336386680603,0.30113786458969116,1,
2026-07-20_11-29-50.mp4,12,0.0,,0.21470609307289124,0.6843149662017822,0.10097897052764893,0.21470609307289124,0,
2026-07-23_07-55-46.mp4,12,0.0,,0.25991249084472656,0.6583707332611084,0.0817168802022934,0.25991249084472656,1,
2026-07-05_03-45-40.mp4,12,0.0,,0.3430871367454529,0.5232261419296265,0.13368673622608185,0.3430871367454529,1,
2026-07-11_10-50-10.mp4,12,0.0,,0.37741610407829285,0.5168930888175964,0.10569079965353012,0.37741610407829285,1,
2026-07-06_11-38-17.mp4,12,0.0,,0.3184396028518677,0.5874399542808533,0.09412044286727905,0.3184396028518677,1,
2026-07-10_11-16-33.mp4,12,0.0,,0.4286474287509918,0.5042407512664795,0.06711186468601227,0.4286474287509918,1,
2026-07-21_15-33-11.mp4,12,0.0,,0.2717939615249634,0.5736372470855713,0.15456879138946533,0.2717939615249634,1,
2026-07-01_07-34-41.mp4,12,0.0,,0.2949637472629547,0.49068358540534973,0.21435268223285675,0.2949637472629547,1,
2026-07-09_20-06-33.mp4,12,0.0,,0.2598218321800232,0.6823035478591919,0.05787460505962372,0.2598218321800232,1,
2026-07-05_08-54-34.mp4,12,0.0,,0.25884270668029785,0.6399737596511841,0.10118352621793747,0.25884270668029785,1,
2026-07-13_07-11-03.mp4,12,0.0,,0.22970226407051086,0.7558050155639648,0.01449273806065321,0.22970226407051086,0,
2026-06-30_22-36-31.mp4,12,0.0,,0.283853679895401,0.5596596598625183,0.15648669004440308,0.283853679895401,1,
2026-07-02_02-26-28.mp4,12,0.75,8.343887703581768,0.2202751636505127,0.4717840850353241,0.3079407811164856,0.055068790912628174,0,
2026-07-16_06-47-41.mp4,12,0.0,,0.34092360734939575,0.464530348777771,0.19454604387283325,0.34092360734939575,1,
2026-07-09_14-43-24.mp4,12,0.0,,0.6785423755645752,0.2716148793697357,0.04984268546104431,0.6785423755645752,1,
2026-07-08_07-39-46.mp4,12,0.08333333333333333,6.685484732758961,0.22887033224105835,0.5953074097633362,0.17582225799560547,0.20979780455430347,0,
2026-07-01_21-39-52.mp4,12,0.0,,0.26077234745025635,0.547356367111206,0.19187134504318237,0.26077234745025635,1,
2026-07-03_00-43-25.mp4,12,0.0,,0.1436360776424408,0.7130783796310425,0.14328551292419434,0.1436360776424408,0,
2026-07-07_13-09-16.mp4,12,0.0,,0.3057589828968048,0.5258462429046631,0.16839484870433807,0.3057589828968048,1,
2026-07-06_21-21-10.mp4,12,0.0,,0.2504824995994568,0.7039951682090759,0.04552233964204788,0.2504824995994568,1,
2026-07-19_09-47-20.mp4,12,0.0,,0.48425570130348206,0.4401041269302368,0.07564026862382889,0.48425570130348206,1,
2026-07-06_17-55-18.mp4,12,0.0,,0.39050495624542236,0.4913448989391327,0.11815014481544495,0.39050495624542236,1,
2026-07-04_00-54-53.mp4,12,0.0,,0.31301409006118774,0.5819771885871887,0.10500870645046234,0.31301409006118774,1,
2026-07-06_00-12-00.mp4,12,0.0,,0.43975818157196045,0.5331621766090393,0.02707967534661293,0.43975818157196045,1,
2026-07-10_22-16-06.mp4,12,0.0,,0.1929490715265274,0.5577495098114014,0.24930144846439362,0.1929490715265274,0,
2026-07-17_18-55-40.mp4,12,0.0,,0.35615184903144836,0.45281654596328735,0.19103166460990906,0.35615184903144836,1,
2026-07-10_14-08-38.mp4,12,0.0,,0.3875408172607422,0.5687545537948608,0.043704673647880554,0.3875408172607422,1,
2026-07-14_13-50-14.mp4,12,0.0,,0.21238747239112854,0.6430232524871826,0.14458923041820526,0.21238747239112854,0,
2026-07-13_14-19-17.mp4,12,0.0,,0.3969902992248535,0.5453989505767822,0.05761082470417023,0.3969902992248535,1,
2026-07-11_17-01-06.mp4,12,0.08333333333333333,4.9724369833717805,0.3923982083797455,0.5721716284751892,0.035430196672677994,0.3596983576814333,1,
2026-07-15_07-45-14.mp4,12,0.0,,0.38075584173202515,0.42556431889533997,0.19367986917495728,0.38075584173202515,1,
2026-07-17_02-48-17.mp4,12,0.0,,0.16813671588897705,0.6962852478027344,0.13557815551757812,0.16813671588897705,0,
2026-07-11_01-54-22.mp4,12,0.0,,0.2933084964752197,0.6435654163360596,0.0631260797381401,0.2933084964752197,1,
2026-07-07_11-13-41.mp4,12,0.0,,0.2712022364139557,0.5753854513168335,0.153412327170372,0.2712022364139557,1,
2026-07-09_20-30-03.mp4,12,0.0,,0.24940355122089386,0.6957514882087708,0.054844941943883896,0.24940355122089386,0,
2026-07-04_06-44-10.mp4,12,0.0,,0.21891723573207855,0.7226237654685974,0.058459021151065826,0.21891723573207855,0,
2026-07-06_00-40-30.mp4,12,0.8333333333333334,22.98211292803133,0.3280646800994873,0.5890719294548035,0.08286339789628983,0.05467744668324787,0,
2026-07-26_04-39-41.mp4,12,0.0,,0.3679504692554474,0.5875341296195984,0.044515449553728104,0.3679504692554474,1,
2026-07-07_04-51-03.mp4,12,0.0,,0.27081695199012756,0.6432141065597534,0.08596900850534439,0.27081695199012756,1,
2026-07-18_15-16-56.mp4,12,0.0,,0.3020876348018646,0.5675944089889526,0.13031797111034393,0.3020876348018646,1,
2026-07-05_13-05-20.mp4,12,0.0,,0.20513495802879333,0.627781867980957,0.16708320379257202,0.20513495802879333,0,
2026-07-08_01-03-52.mp4,12,0.3333333333333333,4.209723436768645,0.32018154859542847,0.521275520324707,0.1585429608821869,0.21345436573028567,0,
2026-07-12_18-22-53.mp4,12,0.08333333333333333,2.8467433230029804,0.35041069984436035,0.4918549060821533,0.15773437917232513,0.32120980819066364,1,
2026-07-04_08-29-11.mp4,12,0.0,,0.411355584859848,0.4852099120616913,0.10343451797962189,0.411355584859848,1,
2026-06-30_14-24-25.mp4,12,0.0,,0.26964154839515686,0.20139169692993164,0.5289667248725891,0.26964154839515686,1,
2026-06-30_18-22-13.mp4,12,0.0,,0.33548688888549805,0.3401355743408203,0.3243776261806488,0.33548688888549805,1,
2026-07-25_01-14-46.mp4,12,0.0,,0.2730596363544464,0.5656049847602844,0.16133540868759155,0.2730596363544464,1,
2026-07-04_02-40-16.mp4,12,0.0,,0.4701140820980072,0.4893244802951813,0.04056146368384361,0.4701140820980072,1,
2026-07-01_09-36-54.mp4,12,0.0,,0.5906296968460083,0.3680874705314636,0.04128284007310867,0.5906296968460083,1,
2026-07-17_07-23-14.mp4,12,0.0,,0.2486882358789444,0.62467360496521,0.1266382336616516,0.2486882358789444,0,
2026-07-13_10-50-01.mp4,12,0.0,,0.23509450256824493,0.6128778457641602,0.15202777087688446,0.23509450256824493,0,
2026-07-22_03-10-40.mp4,12,0.0,,0.4912671744823456,0.3926480710506439,0.11608478426933289,0.4912671744823456,1,
2026-07-06_00-19-30.mp4,12,0.9166666666666666,17.220427607458397,0.27506881952285767,0.5631293058395386,0.16180190443992615,0.022922401626904815,0,
2026-07-25_19-45-28.mp4,12,0.0,,0.2749786376953125,0.5319700837135315,0.1930512934923172,0.2749786376953125,1,
2026-07-07_04-57-45.mp4,12,0.0,,0.2550266981124878,0.6446395516395569,0.10033382475376129,0.2550266981124878,1,
2026-07-02_02-31-16.mp4,12,0.0,,0.2247844636440277,0.5840754508972168,0.1911400854587555,0.2247844636440277,0,
2026-07-21_10-13-44.mp4,12,0.0,,0.18109485507011414,0.6954442858695984,0.12346094101667404,0.18109485507011414,0,
2026-07-06_15-22-42.mp4,12,0.0,,0.36591219902038574,0.5473573803901672,0.08673049509525299,0.36591219902038574,1,
2026-07-05_13-04-02.mp4,12,0.0,,0.2807410657405853,0.5744659900665283,0.14479297399520874,0.2807410657405853,1,
2026-07-11_17-57-30.mp4,12,0.0,,0.5070419907569885,0.352180153131485,0.1407778561115265,0.5070419907569885,1,
2026-07-06_13-28-15.mp4,12,0.0,,0.34430360794067383,0.5506833791732788,0.10501301288604736,0.34430360794067383,1,
2026-07-22_08-55-23.mp4,12,0.0,,0.4003171920776367,0.5101172924041748,0.08956554532051086,0.4003171920776367,1,
2026-07-14_11-50-03.mp4,12,0.0,,0.29694876074790955,0.5318912863731384,0.17115995287895203,0.29694876074790955,1,
2026-07-05_04-36-37.mp4,12,1.0,6.631308464279568,0.4668976962566376,0.3696262836456299,0.16347600519657135,0.0,0,
2026-07-18_15-12-44.mp4,12,0.0,,0.2519819438457489,0.6187433004379272,0.12927475571632385,0.2519819438457489,1,
2026-07-05_11-30-27.mp4,12,0.16666666666666666,6.674238304411732,0.3917160630226135,0.48316431045532227,0.1251196414232254,0.3264300525188446,1,
2026-07-09_19-59-21.mp4,12,0.0,,0.2101769745349884,0.644533634185791,0.1452893763780594,0.2101769745349884,0,
2026-07-08_23-17-10.mp4,12,0.0,,0.4085717797279358,0.5182973146438599,0.07313095778226852,0.4085717797279358,1,
2026-07-11_02-05-10.mp4,12,0.0,,0.34607362747192383,0.5709632039070129,0.08296321332454681,0.34607362747192383,1,
2026-07-18_17-58-18.mp4,12,0.0,,0.17351603507995605,0.5719412565231323,0.2545427680015564,0.17351603507995605,0,
2026-07-26_02-22-06.mp4,12,0.0,,0.4093441069126129,0.5039043426513672,0.08675161004066467,0.4093441069126129,1,
2026-07-25_23-50-02.mp4,12,0.0,,0.423088014125824,0.505428671836853,0.07148333638906479,0.423088014125824,1,
2026-07-15_18-36-07.mp4,12,0.0,,0.29813122749328613,0.6580864191055298,0.04378240182995796,0.29813122749328613,1,
2026-07-05_19-02-30.mp4,12,0.0,,0.5371673107147217,0.4323045611381531,0.03052815981209278,0.5371673107147217,1,
2026-07-02_14-21-52.mp4,12,0.0,,0.2919424772262573,0.46896278858184814,0.2390947788953781,0.2919424772262573,1,
2026-07-10_13-30-56.mp4,12,0.08333333333333333,1.2350855830235177,0.24826614558696747,0.6345087289810181,0.11722505837678909,0.22757730012138683,0,
2026-07-19_10-43-50.mp4,12,0.08333333333333333,1.6017529374581714,0.24334155023097992,0.5180891156196594,0.23856939375400543,0.22306308771173158,0,
2026-07-22_08-55-11.mp4,12,0.0,,0.3503883183002472,0.5677158832550049,0.08189582079648972,0.3503883183002472,1,
2026-07-11_14-51-59.mp4,12,0.0,,0.3197668790817261,0.5646408200263977,0.11559233069419861,0.3197668790817261,1,
2026-07-14_13-36-50.mp4,12,0.0,,0.27174079418182373,0.5451952815055847,0.18306395411491394,0.27174079418182373,1,
2026-07-09_05-41-42.mp4,12,0.0,,0.2768346071243286,0.6202986240386963,0.10286680608987808,0.2768346071243286,1,
2026-07-13_19-47-54.mp4,12,0.0,,0.4743742048740387,0.49824756383895874,0.027378296479582787,0.4743742048740387,1,
2026-07-04_08-07-23.mp4,12,0.0,,0.3576812446117401,0.5702013373374939,0.07211741805076599,0.3576812446117401,1,
2026-07-12_06-40-09.mp4,12,0.0,,0.17289578914642334,0.6569905877113342,0.1701136976480484,0.17289578914642334,0,
2026-07-20_22-00-40.mp4,12,0.0,,0.19990238547325134,0.6216286420822144,0.1784689873456955,0.19990238547325134,0,
2026-07-09_14-09-54.mp4,12,0.0,,0.735049307346344,0.2192731648683548,0.04567757993936539,0.735049307346344,1,
2026-07-11_17-16-00.mp4,12,0.25,1.4593342997171408,0.29492759704589844,0.5899834036827087,0.1150890439748764,0.22119569778442383,0,
2026-07-22_11-06-16.mp4,12,0.0,,0.5453532934188843,0.35449522733688354,0.10015150159597397,0.5453532934188843,1,
2026-07-11_18-03-59.mp4,12,0.0,,0.5272474884986877,0.2956877052783966,0.17706488072872162,0.5272474884986877,1,
2026-07-07_02-08-58.mp4,12,0.0,,0.3173033595085144,0.559272825717926,0.12342379242181778,0.3173033595085144,1,
2026-07-05_08-50-04.mp4,12,0.0,,0.23176291584968567,0.666418731212616,0.10181837528944016,0.23176291584968567,0,
2026-07-12_13-49-37.mp4,12,0.0,,0.13579149544239044,0.5413193106651306,0.32288920879364014,0.13579149544239044,0,
2026-07-05_16-17-58.mp4,12,0.0,,0.3873592019081116,0.5420407652854919,0.0706000030040741,0.3873592019081116,1,
2026-07-18_14-15-57.mp4,12,0.0,,0.2347928285598755,0.627743661403656,0.1374635100364685,0.2347928285598755,0,
2026-07-07_08-40-54.mp4,12,0.0,,0.27692610025405884,0.567932665348053,0.15514127910137177,0.27692610025405884,1,
2026-07-14_07-22-30.mp4,12,0.0,,0.378833144903183,0.45900291204452515,0.16216395795345306,0.378833144903183,1,
2026-07-02_03-37-04.mp4,12,0.0,,0.27107542753219604,0.5556029081344604,0.1733216941356659,0.27107542753219604,1,
2026-07-18_07-25-37.mp4,12,0.0,,0.1848471760749817,0.5938239097595215,0.2213289588689804,0.1848471760749817,0,
2026-07-09_16-03-11.mp4,12,0.0,,0.2489248514175415,0.6387723684310913,0.11230281740427017,0.2489248514175415,0,
2026-07-07_00-25-47.mp4,12,0.0,,0.2699353098869324,0.5738605856895447,0.15620413422584534,0.2699353098869324,1,
2026-07-08_15-52-23.mp4,12,0.0,,0.25792935490608215,0.6318640112876892,0.11020661890506744,0.25792935490608215,1,
2026-07-07_18-54-31.mp4,12,0.0,,0.3472655713558197,0.5271996855735779,0.1255347579717636,0.3472655713558197,1,
2026-07-08_22-28-52.mp4,12,0.0,,0.2971227169036865,0.4568384289741516,0.24603888392448425,0.2971227169036865,1,
2026-07-10_06-38-12.mp4,12,0.0,,0.328815221786499,0.6067611575126648,0.06442367285490036,0.328815221786499,1,
2026-07-06_00-06-48.mp4,12,0.0,,0.32384341955184937,0.6479328274726868,0.028223823755979538,0.32384341955184937,1,
2026-06-30_21-42-49.mp4,12,0.0,,0.7631411552429199,0.08582231402397156,0.15103651583194733,0.7631411552429199,1,
2026-07-09_17-06-41.mp4,12,0.0,,0.2378399670124054,0.621108889579773,0.14105112850666046,0.2378399670124054,0,
2026-07-10_14-14-32.mp4,12,0.0,,0.28868424892425537,0.661152184009552,0.05016356334090233,0.28868424892425537,1,
2026-07-17_22-41-12.mp4,12,0.0,,0.2206939458847046,0.5883011221885681,0.1910049468278885,0.2206939458847046,0,
2026-07-07_09-21-30.mp4,12,0.0,,0.28952497243881226,0.5786256194114685,0.13184942305088043,0.28952497243881226,1,
2026-07-23_23-23-20.mp4,12,0.0,,0.3910505473613739,0.4255782663822174,0.18337126076221466,0.3910505473613739,1,
2026-07-01_23-34-02.mp4,12,0.0,,0.18438249826431274,0.6099376678466797,0.20567990839481354,0.18438249826431274,0,
2026-07-02_10-03-43.mp4,12,0.0,,0.3755169212818146,0.546893835067749,0.07758922874927521,0.3755169212818146,1,
2026-07-23_16-34-53.mp4,12,0.0,,0.3246462345123291,0.5941622853279114,0.08119149506092072,0.3246462345123291,1,
2026-07-05_09-24-45.mp4,12,0.0,,0.3041958212852478,0.6216242909431458,0.07417990267276764,0.3041958212852478,1,
2026-07-08_14-14-06.mp4,12,0.0,,0.18007397651672363,0.688207745552063,0.13171833753585815,0.18007397651672363,0,
2026-07-15_19-51-18.mp4,12,0.0,,0.3223695158958435,0.43840473890304565,0.23922580480575562,0.3223695158958435,1,
2026-07-07_20-22-24.mp4,12,0.0,,0.4963051676750183,0.44412583112716675,0.059568967670202255,0.4963051676750183,1,
2026-07-02_04-20-51.mp4,12,0.0,,0.262651652097702,0.5767650604248047,0.16058330237865448,0.262651652097702,1,
2026-07-06_21-32-40.mp4,12,0.0,,0.3417474627494812,0.6089875102043152,0.04926507547497749,0.3417474627494812,1,
2026-07-01_21-39-40.mp4,12,0.0,,0.26991063356399536,0.5363156199455261,0.1937738060951233,0.26991063356399536,1,
2026-07-08_14-04-43.mp4,12,0.0,,0.19057369232177734,0.680527925491333,0.12889842689037323,0.19057369232177734,0,
2026-07-25_10-54-16.mp4,12,0.0,,0.3468722403049469,0.5878797173500061,0.06524809449911118,0.3468722403049469,1,
2026-07-22_00-40-41.mp4,12,0.0,,0.35650575160980225,0.4703253507614136,0.17316892743110657,0.35650575160980225,1,
2026-07-08_21-47-05.mp4,12,0.0,,0.17625774443149567,0.5707991719245911,0.25294312834739685,0.17625774443149567,0,
2026-07-06_10-36-35.mp4,12,0.0,,0.25643184781074524,0.6159225702285767,0.12764553725719452,0.25643184781074524,1,
2026-07-11_01-38-52.mp4,12,0.0,,0.36389803886413574,0.5769879817962646,0.059113968163728714,0.36389803886413574,1,
2026-07-16_03-54-01.mp4,12,0.0,,0.31580471992492676,0.5735411643981934,0.11065410822629929,0.31580471992492676,1,
2026-07-24_07-27-45.mp4,12,0.0,,0.18799243867397308,0.7158357501029968,0.09617181867361069,0.18799243867397308,0,
2026-07-21_12-03-43.mp4,12,0.0,,0.37429872155189514,0.5638683438301086,0.061832986772060394,0.37429872155189514,1,
2026-07-25_17-53-47.mp4,12,0.0,,0.5381802320480347,0.2625063955783844,0.19931338727474213,0.5381802320480347,1,
2026-07-15_23-38-39.mp4,12,0.0,,0.12025599181652069,0.3985608220100403,0.4811832010746002,0.12025599181652069,0,
2026-07-17_02-45-53.mp4,12,0.0,,0.26177823543548584,0.5652258396148682,0.17299598455429077,0.26177823543548584,1,
2026-07-01_08-20-13.mp4,12,0.0,,0.5669288635253906,0.389284610748291,0.04378661513328552,0.5669288635253906,1,
2026-07-14_14-23-08.mp4,12,0.0,,0.2372412085533142,0.6150674819946289,0.14769135415554047,0.2372412085533142,0,
2026-07-01_18-03-11.mp4,12,0.0,,0.34862977266311646,0.3785175681114197,0.27285271883010864,0.34862977266311646,1,
2026-07-22_15-16-25.mp4,12,0.08333333333333333,1.1153400960021773,0.40442854166030884,0.5307235717773438,0.06484786421060562,0.3707261631886164,1,
2026-07-21_15-30-17.mp4,12,0.0,,0.20444944500923157,0.6361021995544434,0.15944841504096985,0.20444944500923157,0,
2026-07-15_10-09-37.mp4,12,0.0,,0.22612085938453674,0.6493826508522034,0.12449648231267929,0.22612085938453674,0,
2026-07-13_09-23-56.mp4,12,0.0,,0.29375380277633667,0.561124861240387,0.14512138068675995,0.29375380277633667,1,
2026-07-26_02-38-12.mp4,12,0.08333333333333333,1.6976682757153927,0.33919087052345276,0.5653395056724548,0.09546969830989838,0.3109249646464983,1,
2026-07-06_18-28-18.mp4,12,0.0,,0.35548675060272217,0.503872811794281,0.14064042270183563,0.35548675060272217,1,
2026-07-20_22-58-39.mp4,12,0.0,,0.1793532818555832,0.6449368000030518,0.17570996284484863,0.1793532818555832,0,
2026-07-08_20-45-44.mp4,12,0.0,,0.6148617267608643,0.3214668333530426,0.06367145478725433,0.6148617267608643,1,
2026-07-07_06-17-32.mp4,12,0.0,,0.39048123359680176,0.5326154232025146,0.0769033432006836,0.39048123359680176,1,
2026-07-20_19-56-17.mp4,12,0.0,,0.23063121736049652,0.4845747947692871,0.28479403257369995,0.23063121736049652,0,
2026-07-07_17-24-13.mp4,12,0.0,,0.20625951886177063,0.5706689357757568,0.22307156026363373,0.20625951886177063,0,
2026-07-01_21-46-28.mp4,12,0.0,,0.24958474934101105,0.5693057179450989,0.18110959231853485,0.24958474934101105,0,
2026-07-04_10-20-39.mp4,12,0.0,,0.3449130356311798,0.533393144607544,0.12169381231069565,0.3449130356311798,1,
2026-07-03_06-02-05.mp4,12,0.0,,0.2619171142578125,0.6292204856872559,0.10886245220899582,0.2619171142578125,1,
2026-07-21_08-35-09.mp4,12,0.5833333333333334,2.3467352991903883,0.5490785837173462,0.386504590511322,0.06441681832075119,0.22878274321556089,0,
2026-07-07_11-21-29.mp4,12,0.0,,0.2650851011276245,0.6141529083251953,0.12076198309659958,0.2650851011276245,1,
2026-07-10_17-56-38.mp4,12,0.0,,0.21200038492679596,0.6429122090339661,0.14508745074272156,0.21200038492679596,0,
2026-07-01_06-22-02.mp4,12,0.08333333333333333,9.379866709116383,0.2505267560482025,0.5412724018096924,0.2082008421421051,0.22964952637751895,0,
2026-07-07_22-36-30.mp4,12,0.0,,0.2834511399269104,0.4913107752799988,0.22523804008960724,0.2834511399269104,1,
2026-07-14_18-58-55.mp4,12,0.0,,0.2113013118505478,0.709101140499115,0.07959762215614319,0.2113013118505478,0,
2026-07-05_10-26-43.mp4,12,0.0,,0.3423364758491516,0.5557738542556763,0.10188965499401093,0.3423364758491516,1,
2026-07-06_20-46-10.mp4,12,0.0,,0.34679558873176575,0.5051078200340271,0.14809666574001312,0.34679558873176575,1,
2026-07-03_20-40-42.mp4,12,0.0,,0.5146256685256958,0.4337465167045593,0.05162785202264786,0.5146256685256958,1,
2026-07-09_09-56-15.mp4,12,0.0,,0.29540327191352844,0.5511775016784668,0.15341924130916595,0.29540327191352844,1,
2026-07-07_11-22-23.mp4,12,0.0,,0.24438084661960602,0.6292175054550171,0.12640167772769928,0.24438084661960602,0,
2026-07-21_06-13-05.mp4,12,0.0,,0.22736519575119019,0.5139470100402832,0.2586877942085266,0.22736519575119019,0,
2026-07-02_06-23-27.mp4,12,0.0,,0.20326155424118042,0.5709081888198853,0.2258303314447403,0.20326155424118042,0,
2026-07-18_13-11-33.mp4,12,0.0,,0.1759498417377472,0.7025099992752075,0.12154021114110947,0.1759498417377472,0,
2026-07-20_15-33-11.mp4,12,0.0,,0.29866376519203186,0.5546833276748657,0.146652951836586,0.29866376519203186,1,
2026-07-03_20-17-06.mp4,12,0.0,,0.351603627204895,0.5150880813598633,0.13330824673175812,0.351603627204895,1,
2026-07-25_02-51-45.mp4,12,0.0,,0.3153524696826935,0.5865995287895203,0.09804806113243103,0.3153524696826935,1,
2026-07-10_00-33-58.mp4,12,0.0,,0.2230600267648697,0.6550519466400146,0.12188810855150223,0.2230600267648697,0,
2026-07-14_22-37-56.mp4,12,0.0,,0.17458941042423248,0.4643339216709137,0.3610767424106598,0.17458941042423248,0,
2026-07-11_22-47-35.mp4,12,0.0,,0.22460013628005981,0.6637771129608154,0.11162275820970535,0.22460013628005981,0,
2026-07-25_03-50-44.mp4,12,0.0,,0.5071334838867188,0.4194898009300232,0.07337672263383865,0.5071334838867188,1,
2026-07-18_22-02-58.mp4,12,0.0,,0.2751953601837158,0.5842607021331787,0.14054396748542786,0.2751953601837158,1,
2026-07-03_12-08-55.mp4,12,0.0,,0.30753111839294434,0.6389446258544922,0.05352425575256348,0.30753111839294434,1,
2026-07-09_11-22-26.mp4,12,0.0,,0.2918992042541504,0.5814136266708374,0.1266871690750122,0.2918992042541504,1,
2026-07-08_20-45-56.mp4,12,0.0,,0.6560496687889099,0.2923879027366638,0.051562391221523285,0.6560496687889099,1,
2026-07-25_14-19-55.mp4,12,0.0,,0.37047815322875977,0.4927302300930023,0.1367916464805603,0.37047815322875977,1,
2026-07-02_12-47-41.mp4,12,0.0,,0.5897123217582703,0.34538355469703674,0.06490416824817657,0.5897123217582703,1,
2026-07-22_13-37-14.mp4,12,0.0,,0.42001694440841675,0.5475652813911438,0.03241783007979393,0.42001694440841675,1,
2026-07-02_17-24-03.mp4,12,0.0,,0.2641032934188843,0.6166999340057373,0.1191968023777008,0.2641032934188843,1,
2026-07-05_13-30-13.mp4,12,0.0,,0.349783331155777,0.5979483127593994,0.052268385887145996,0.349783331155777,1,
2026-07-25_23-28-20.mp4,12,0.0,,0.3884398341178894,0.5660401582717896,0.04552001878619194,0.3884398341178894,1,
2026-07-20_19-49-41.mp4,12,0.0,,0.19245018064975739,0.6457322835922241,0.16181756556034088,0.19245018064975739,0,
2026-07-04_07-10-35.mp4,12,0.0,,0.29590851068496704,0.6567074656486511,0.047384005039930344,0.29590851068496704,1,
2026-07-18_15-37-26.mp4,12,0.16666666666666666,17.579555323701516,0.26363447308540344,0.5714073181152344,0.16495823860168457,0.2196953942378362,0,
2026-07-05_03-38-10.mp4,12,0.0,,0.2239307016134262,0.638492226600647,0.1375771015882492,0.2239307016134262,0,
2026-07-11_05-08-14.mp4,12,0.0,,0.44053542613983154,0.46050572395324707,0.09895890206098557,0.44053542613983154,1,
2026-07-12_17-42-44.mp4,12,0.0,,0.261147677898407,0.5301647782325745,0.2086876481771469,0.261147677898407,1,
2026-07-06_12-48-04.mp4,12,0.0,,0.33322250843048096,0.5601491928100586,0.10662834346294403,0.33322250843048096,1,
2026-07-02_10-13-13.mp4,12,0.0,,0.32482296228408813,0.6390666961669922,0.03611046448349953,0.32482296228408813,1,
2026-07-04_06-33-19.mp4,12,0.0,,0.30159610509872437,0.6061878800392151,0.09221599996089935,0.30159610509872437,1,
2026-07-01_08-19-22.mp4,12,0.0,,0.24868440628051758,0.5802505016326904,0.1710650771856308,0.24868440628051758,0,
2026-07-03_16-17-47.mp4,12,0.0,,0.29056569933891296,0.5794529914855957,0.12998130917549133,0.29056569933891296,1,
2026-07-04_08-06-05.mp4,12,0.0,,0.35222363471984863,0.5725540518760681,0.07522232830524445,0.35222363471984863,1,
2026-07-08_12-00-50.mp4,12,0.0,,0.35593146085739136,0.4384366273880005,0.20563191175460815,0.35593146085739136,1,
2026-07-04_02-22-22.mp4,12,0.0,,0.2654666304588318,0.5657657980918884,0.16876766085624695,0.2654666304588318,1,
2026-07-08_20-46-32.mp4,12,0.0,,0.5337024331092834,0.41251763701438904,0.05377989634871483,0.5337024331092834,1,
2026-07-09_11-46-02.mp4,12,0.0,,0.33675646781921387,0.5461667776107788,0.11707675457000732,0.33675646781921387,1,
2026-07-02_00-53-31.mp4,12,0.0,,0.1672595739364624,0.6001635789871216,0.2325768917798996,0.1672595739364624,0,
2026-07-21_11-17-55.mp4,12,0.0,,0.17525428533554077,0.5820693969726562,0.24267631769180298,0.17525428533554077,0,
2026-07-02_15-36-51.mp4,12,0.0,,0.32778966426849365,0.5086485743522644,0.16356176137924194,0.32778966426849365,1,
2026-07-10_14-21-31.mp4,12,0.0,,0.3569262623786926,0.5992364883422852,0.04383726418018341,0.3569262623786926,1,
2026-07-09_14-39-36.mp4,12,0.0,,0.6710985898971558,0.28397515416145325,0.04492625594139099,0.6710985898971558,1,
2026-07-06_23-41-24.mp4,12,0.0,,0.21887017786502838,0.5835655331611633,0.19756434857845306,0.21887017786502838,0,
2026-07-19_11-29-03.mp4,12,0.25,11.38191128004443,0.2209252566099167,0.5988225936889648,0.18025222420692444,0.16569394245743752,0,
2026-07-01_18-41-38.mp4,12,0.0,,0.3679872155189514,0.4441513419151306,0.18786150217056274,0.3679872155189514,1,
2026-07-07_02-06-58.mp4,12,0.0,,0.2416965514421463,0.6278524398803711,0.13045106828212738,0.2416965514421463,0,
2026-07-03_21-26-05.mp4,12,0.0,,0.3301014006137848,0.5491943359375,0.12070433050394058,0.3301014006137848,1,
2026-07-05_15-50-46.mp4,12,0.0,,0.429690957069397,0.5552457571029663,0.015063328668475151,0.429690957069397,1,
2026-07-14_22-46-20.mp4,12,0.8333333333333334,4.628458822709785,0.2185540646314621,0.6880921721458435,0.09335378557443619,0.03642567743857701,0,
2026-07-03_11-05-56.mp4,12,0.0,,0.14914262294769287,0.7891778349876404,0.06167960166931152,0.14914262294769287,0,
2026-07-03_06-39-47.mp4,12,0.0,,0.22569936513900757,0.6662426590919495,0.10805797576904297,0.22569936513900757,0,
2026-07-04_23-49-45.mp4,12,0.0,,0.3605732321739197,0.5474836826324463,0.09194312989711761,0.3605732321739197,1,
2026-07-09_06-00-42.mp4,12,0.0,,0.4114733338356018,0.523779034614563,0.064747653901577,0.4114733338356018,1,
2026-07-09_16-02-35.mp4,12,0.08333333333333333,1.5804685502977982,0.23467211425304413,0.6095193028450012,0.15580859780311584,0.2151161047319571,0,
2026-07-07_01-16-47.mp4,12,0.08333333333333333,7.157945321208348,0.319244921207428,0.5994699597358704,0.08128510415554047,0.29264117777347565,1,
2026-07-01_12-42-18.mp4,12,0.0,,0.20840781927108765,0.420818954706192,0.3707732558250427,0.20840781927108765,0,
2026-07-06_18-02-30.mp4,12,0.0,,0.31581491231918335,0.5394545793533325,0.14473050832748413,0.31581491231918335,1,
2026-07-21_13-04-06.mp4,12,0.0,,0.3187456429004669,0.6003818511962891,0.08087249845266342,0.3187456429004669,1,
2026-07-03_12-54-31.mp4,12,0.0,,0.32665544748306274,0.5897012948989868,0.08364325761795044,0.32665544748306274,1,
2026-07-07_19-13-01.mp4,12,0.0,,0.3046293258666992,0.5524541735649109,0.14291654527187347,0.3046293258666992,1,
2026-07-06_18-34-41.mp4,12,0.0,,0.3503072261810303,0.511205792427063,0.1384870558977127,0.3503072261810303,1,
2026-07-22_00-10-05.mp4,12,0.0,,0.2005036473274231,0.6793258786201477,0.12017051875591278,0.2005036473274231,0,
2026-07-05_22-00-32.mp4,12,0.0,,0.27965986728668213,0.657472550868988,0.06286758184432983,0.27965986728668213,1,
2026-07-04_06-38-19.mp4,12,0.0,,0.28835487365722656,0.6223882436752319,0.08925698697566986,0.28835487365722656,1,
2026-07-15_17-49-49.mp4,12,0.0,,0.35795384645462036,0.604820966720581,0.03722522780299187,0.35795384645462036,1,
2026-07-03_00-17-57.mp4,12,0.0,,0.1773437261581421,0.7187837958335876,0.10387258231639862,0.1773437261581421,0,
2026-07-10_13-31-08.mp4,12,0.0,,0.2130407691001892,0.6287755370140076,0.1581837683916092,0.2130407691001892,0,
2026-07-05_05-32-41.mp4,12,0.0,,0.25492629408836365,0.6606561541557312,0.08441761136054993,0.25492629408836365,1,
2026-07-06_03-20-46.mp4,12,0.0,,0.36663851141929626,0.5432602167129517,0.09010128676891327,0.36663851141929626,1,
2026-07-03_09-52-33.mp4,12,0.0,,0.31284236907958984,0.616968035697937,0.07018961012363434,0.31284236907958984,1,
2026-07-19_23-44-12.mp4,12,0.0,,0.28034427762031555,0.5481481552124023,0.17150753736495972,0.28034427762031555,1,
2026-07-06_08-08-19.mp4,12,0.0,,0.3579533100128174,0.5797402858734131,0.0623064748942852,0.3579533100128174,1,
2026-07-09_17-33-59.mp4,12,0.0,,0.5007116794586182,0.20946460962295532,0.2898237705230713,0.5007116794586182,1,
2026-07-19_01-49-19.mp4,12,0.0,,0.15020689368247986,0.5850151777267456,0.2647780478000641,0.15020689368247986,0,
2026-07-06_00-38-06.mp4,12,0.8333333333333334,2.5209330940521593,0.2636404037475586,0.6119269132614136,0.12443271279335022,0.04394006729125976,0,
2026-07-09_06-58-17.mp4,12,0.0,,0.22329595685005188,0.6339410543441772,0.14276301860809326,0.22329595685005188,0,
2026-07-05_03-38-35.mp4,12,0.0,,0.2857665419578552,0.5857583284378052,0.128475159406662,0.2857665419578552,1,
2026-07-23_00-50-32.mp4,12,0.0,,0.2812701463699341,0.5934199094772339,0.125310018658638,0.2812701463699341,1,
2026-07-02_10-35-18.mp4,12,0.0,,0.3219860792160034,0.4864731431007385,0.19154083728790283,0.3219860792160034,1,
2026-07-26_09-36-50.mp4,12,0.0,,0.34199756383895874,0.6221811771392822,0.0358213447034359,0.34199756383895874,1,
2026-07-05_07-56-22.mp4,12,0.0,,0.39730966091156006,0.51909339427948,0.08359692990779877,0.39730966091156006,1,
2026-07-24_02-31-24.mp4,12,0.0,,0.35511887073516846,0.4645233154296875,0.18035784363746643,0.35511887073516846,1,
2026-07-22_02-35-10.mp4,12,0.0,,0.3175889253616333,0.5911868214607239,0.0912242904305458,0.3175889253616333,1,
2026-07-15_04-26-46.mp4,12,0.0,,0.30187317728996277,0.40761902928352356,0.29050779342651367,0.30187317728996277,1,
2026-07-08_18-53-51.mp4,12,0.0,,0.5992255806922913,0.34804466366767883,0.05272980034351349,0.5992255806922913,1,
2026-07-09_05-52-06.mp4,12,0.0,,0.27019354701042175,0.6426482200622559,0.08715826272964478,0.27019354701042175,1,
2026-07-05_12-13-44.mp4,12,0.0,,0.2735080420970917,0.5551259517669678,0.17136599123477936,0.2735080420970917,1,
2026-07-04_01-44-23.mp4,12,0.0,,0.21015164256095886,0.6844823360443115,0.10536607354879379,0.21015164256095886,0,
2026-07-18_07-18-19.mp4,12,0.0,,0.2040036916732788,0.5430644154548645,0.2529318630695343,0.2040036916732788,0,
2026-07-14_14-58-01.mp4,12,0.0,,0.23604142665863037,0.6257489919662476,0.13820965588092804,0.23604142665863037,0,
2026-07-26_04-10-11.mp4,12,0.0,,0.4234927296638489,0.5346956253051758,0.041811686009168625,0.4234927296638489,1,
2026-07-09_18-51-05.mp4,12,0.0,,0.27513930201530457,0.6012485027313232,0.12361227720975876,0.27513930201530457,1,
2026-07-07_10-49-23.mp4,12,0.0,,0.31640270352363586,0.5544002056121826,0.1291971206665039,0.31640270352363586,1,
2026-07-24_21-13-12.mp4,12,0.0,,0.3005024492740631,0.6136319041252136,0.08586571365594864,0.3005024492740631,1,
2026-07-21_14-07-30.mp4,12,0.0,,0.34500187635421753,0.4518721401691437,0.2031259983778,0.34500187635421753,1,
2026-07-25_02-48-09.mp4,12,0.0,,0.29674282670021057,0.5972725749015808,0.10598456114530563,0.29674282670021057,1,
2026-06-30_16-10-44.mp4,12,0.08333333333333333,3.7246763908826717,0.49584823846817017,0.4335048496723175,0.0706469863653183,0.45452755192915595,1,
2026-07-09_17-03-23.mp4,12,0.0,,0.312587708234787,0.4731239974498749,0.21428829431533813,0.312587708234787,1,
2026-07-12_14-51-36.mp4,12,0.0,,0.28289636969566345,0.5338488221168518,0.18325482308864594,0.28289636969566345,1,
2026-07-12_08-11-32.mp4,12,0.0,,0.28028619289398193,0.664321780204773,0.05539211630821228,0.28028619289398193,1,
2026-07-15_17-42-13.mp4,12,0.0,,0.3141883313655853,0.6293233633041382,0.05648833140730858,0.3141883313655853,1,
2026-07-11_18-51-27.mp4,12,0.0,,0.46727120876312256,0.39280223846435547,0.13992665708065033,0.46727120876312256,1,
2026-07-04_10-40-16.mp4,12,0.0,,0.22609297931194305,0.7011551856994629,0.07275188714265823,0.22609297931194305,0,
2026-07-01_06-16-14.mp4,12,0.0,,0.25548213720321655,0.5278386473655701,0.2166791558265686,0.25548213720321655,1,
2026-07-06_14-35-42.mp4,12,0.0,,0.4492129385471344,0.4492952525615692,0.10149186849594116,0.4492129385471344,1,
2026-07-16_22-31-38.mp4,12,0.0,,0.347814679145813,0.5650210380554199,0.08716434240341187,0.347814679145813,1,
2026-07-03_07-32-40.mp4,12,0.0,,0.2286348044872284,0.6857002377510071,0.08566499501466751,0.2286348044872284,0,
2026-07-13_09-31-02.mp4,12,0.0,,0.25059109926223755,0.6145074367523193,0.13490155339241028,0.25059109926223755,1,
2026-07-03_12-15-31.mp4,12,0.25,2.03316888699981,0.1633756011724472,0.7538025379180908,0.08282195776700974,0.1225317008793354,0,
2026-07-17_03-23-23.mp4,12,0.0,,0.22216202318668365,0.6514096856117249,0.12642832100391388,0.22216202318668365,0,
2026-07-03_13-22-00.mp4,12,0.0,,0.25856611132621765,0.6578157544136047,0.08361818641424179,0.25856611132621765,1,
2026-07-10_15-18-43.mp4,12,0.0,,0.31855154037475586,0.6187347173690796,0.06271368265151978,0.31855154037475586,1,
2026-07-10_02-11-09.mp4,12,0.0,,0.2111053764820099,0.6232242584228516,0.1656704694032669,0.2111053764820099,0,
2026-07-14_14-22-20.mp4,12,0.0,,0.2160252332687378,0.6588807702064514,0.12509405612945557,0.2160252332687378,0,
2026-07-08_01-04-34.mp4,12,0.25,3.854790361842752,0.27383172512054443,0.5585958957672119,0.16757237911224365,0.20537379384040833,0,
2026-07-21_12-03-07.mp4,12,0.0,,0.39373013377189636,0.5480586290359497,0.05821124464273453,0.39373013377189636,1,
2026-07-19_03-56-54.mp4,12,0.0,,0.184320867061615,0.67549729347229,0.14018192887306213,0.184320867061615,0,
2026-07-05_14-34-19.mp4,12,0.0,,0.2531050741672516,0.5967275500297546,0.15016743540763855,0.2531050741672516,1,
2026-07-16_09-07-34.mp4,12,0.0,,0.3547966480255127,0.5244303345680237,0.12077299505472183,0.3547966480255127,1,
2026-07-05_04-34-49.mp4,12,0.0,,0.32623547315597534,0.4869515299797058,0.18681305646896362,0.32623547315597534,1,
2026-07-18_23-58-45.mp4,12,0.0,,0.2025006264448166,0.5660730004310608,0.23142646253108978,0.2025006264448166,0,
2026-07-11_04-10-27.mp4,12,0.0,,0.25337010622024536,0.5664904117584229,0.18013949692249298,0.25337010622024536,1,
2026-07-06_20-15-34.mp4,12,0.0,,0.3856953978538513,0.5101419687271118,0.10416261851787567,0.3856953978538513,1,
2026-06-30_18-52-59.mp4,12,0.0,,0.2516435384750366,0.0600009523332119,0.6883555054664612,0.2516435384750366,1,
2026-07-15_14-54-40.mp4,12,0.0,,0.2922235429286957,0.551102876663208,0.15667368471622467,0.2922235429286957,1,
2026-07-10_15-05-07.mp4,12,0.0,,0.3419875502586365,0.588600218296051,0.0694122314453125,0.3419875502586365,1,
2026-07-22_23-18-27.mp4,12,0.0,,0.40154704451560974,0.4534904658794403,0.14496256411075592,0.40154704451560974,1,
2026-07-12_14-35-06.mp4,12,0.08333333333333333,3.912432600268534,0.21825642883777618,0.6238080263137817,0.15793563425540924,0.20006839310129482,0,
2026-07-01_18-49-19.mp4,12,0.0,,0.2703424096107483,0.5287011861801147,0.20095646381378174,0.2703424096107483,1,
2026-07-26_03-27-59.mp4,12,0.0,,0.30835580825805664,0.6224969029426575,0.06914734095335007,0.30835580825805664,1,
2026-07-25_23-40-26.mp4,12,0.0,,0.4004974961280823,0.526485800743103,0.0730166956782341,0.4004974961280823,1,
2026-07-03_03-37-18.mp4,12,0.0,,0.33676677942276,0.5823979377746582,0.08083526045084,0.33676677942276,1,
2026-07-09_00-17-33.mp4,12,0.0,,0.1989174783229828,0.7115591168403625,0.08952344954013824,0.1989174783229828,0,
2026-07-13_18-34-49.mp4,12,0.0,,0.19535759091377258,0.6394107341766357,0.16523170471191406,0.19535759091377258,0,
2026-07-03_15-12-23.mp4,12,0.0,,0.2212904989719391,0.6522882580757141,0.1264212727546692,0.2212904989719391,0,
2026-07-10_15-13-43.mp4,12,0.0,,0.3101901412010193,0.6396786570549011,0.05013130232691765,0.3101901412010193,1,
2026-07-03_22-44-40.mp4,12,0.0,,0.24422436952590942,0.6644898056983948,0.09128584712743759,0.24422436952590942,0,
2026-07-10_16-20-06.mp4,12,0.0,,0.39996299147605896,0.42671290040016174,0.17332418262958527,0.39996299147605896,1,
2026-07-11_10-54-22.mp4,12,0.0,,0.4089415371417999,0.5164896249771118,0.07456883043050766,0.4089415371417999,1,
2026-07-15_09-44-07.mp4,12,0.0,,0.30321037769317627,0.49020665884017944,0.20658300817012787,0.30321037769317627,1,
2026-07-03_22-52-58.mp4,12,0.0,,0.2722148597240448,0.6389557123184204,0.08882947266101837,0.2722148597240448,1,
2026-07-06_18-03-42.mp4,12,0.0,,0.35960131883621216,0.4950564503669739,0.14534224569797516,0.35960131883621216,1,
2026-07-18_11-26-46.mp4,12,0.0,,0.24909910559654236,0.5752548575401306,0.17564606666564941,0.24909910559654236,0,
2026-07-13_17-22-14.mp4,12,0.0,,0.4680556654930115,0.36890774965286255,0.16303659975528717,0.4680556654930115,1,
2026-07-04_08-38-35.mp4,12,0.0,,0.4370964467525482,0.44899797439575195,0.11390566825866699,0.4370964467525482,1,
2026-07-08_20-17-20.mp4,12,0.0,,0.5114133954048157,0.41956496238708496,0.06902167201042175,0.5114133954048157,1,
2026-07-19_14-45-49.mp4,12,0.0,,0.20426717400550842,0.6287493109703064,0.16698357462882996,0.20426717400550842,0,
2026-07-15_09-11-55.mp4,12,0.0,,0.3183196783065796,0.4677963852882385,0.21388399600982666,0.3183196783065796,1,
2026-07-06_00-40-06.mp4,12,0.8333333333333334,3.3670771162599644,0.27643829584121704,0.6433756351470947,0.08018606901168823,0.0460730493068695,0,
2026-07-06_08-19-01.mp4,12,0.0,,0.2228827178478241,0.6641770005226135,0.11294032633304596,0.2228827178478241,0,
2026-07-09_18-50-29.mp4,12,0.0,,0.2116657793521881,0.6765210032463074,0.11181329935789108,0.2116657793521881,0,
2026-07-09_03-05-13.mp4,12,0.0,,0.2265092432498932,0.6400676965713501,0.13342313468456268,0.2265092432498932,0,
2026-07-23_20-50-03.mp4,12,0.0,,0.32287874817848206,0.5553642511367798,0.12175704538822174,0.32287874817848206,1,
2026-07-26_01-40-06.mp4,12,0.0,,0.2583535313606262,0.6092545986175537,0.13239185512065887,0.2583535313606262,1,
2026-07-03_13-07-43.mp4,12,0.0,,0.28715020418167114,0.6278212666511536,0.08502852916717529,0.28715020418167114,1,
2026-07-08_18-48-45.mp4,12,0.0,,0.6518471240997314,0.29685062170028687,0.0513022355735302,0.6518471240997314,1,
2026-07-04_04-38-44.mp4,12,0.0,,0.2918524146080017,0.6271337866783142,0.08101379871368408,0.2918524146080017,1,
2026-07-05_04-31-49.mp4,12,0.0,,0.22616297006607056,0.6318251490592957,0.14201192557811737,0.22616297006607056,0,
2026-07-05_16-29-33.mp4,12,0.0,,0.6231263279914856,0.3034101128578186,0.07346360385417938,0.6231263279914856,1,
2026-07-15_04-22-58.mp4,12,0.0,,0.32845914363861084,0.4467177987098694,0.22482310235500336,0.32845914363861084,1,
2026-07-15_15-51-50.mp4,12,0.0,,0.28796666860580444,0.5177993774414062,0.19423390924930573,0.28796666860580444,1,
2026-07-14_18-08-43.mp4,12,0.0,,0.30560433864593506,0.5781543850898743,0.11624130606651306,0.30560433864593506,1,
2026-07-24_19-20-43.mp4,12,0.0,,0.36321210861206055,0.5197457671165466,0.11704214662313461,0.36321210861206055,1,
2026-07-23_20-10-58.mp4,12,0.08333333333333333,1.1524812068160009,0.46239137649536133,0.42101651430130005,0.11659219115972519,0.42385876178741455,1,
2026-07-03_13-08-31.mp4,12,0.0,,0.298678457736969,0.6036380529403687,0.09768348187208176,0.298678457736969,1,
2026-07-04_10-39-52.mp4,12,0.0,,0.21552492678165436,0.7076819539070129,0.07679315656423569,0.21552492678165436,0,
2026-07-17_13-16-22.mp4,12,0.0,,0.5657249093055725,0.39492887258529663,0.03934616595506668,0.5657249093055725,1,
2026-07-17_04-58-40.mp4,12,0.0,,0.211654931306839,0.6543424725532532,0.13400262594223022,0.211654931306839,0,
2026-07-11_04-49-08.mp4,12,0.0,,0.2538338899612427,0.6130422353744507,0.1331239491701126,0.2538338899612427,1,
2026-07-23_18-39-57.mp4,12,0.0,,0.2698873281478882,0.48989197611808777,0.24022075533866882,0.2698873281478882,1,
2026-07-04_01-46-05.mp4,12,0.0,,0.22880993783473969,0.6747175455093384,0.09647254645824432,0.22880993783473969,0,
2026-07-18_10-44-29.mp4,12,0.0,,0.1791742444038391,0.6143165230751038,0.20650924742221832,0.1791742444038391,0,
2026-07-04_09-32-52.mp4,12,0.0,,0.36254382133483887,0.5778400897979736,0.05961618572473526,0.36254382133483887,1,
2026-07-09_23-39-11.mp4,12,0.0,,0.1649421900510788,0.7369431853294373,0.09811471402645111,0.1649421900510788,0,
2026-07-18_22-03-34.mp4,12,0.0,,0.3999229669570923,0.42213141918182373,0.17794564366340637,0.3999229669570923,1,
2026-07-03_20-40-18.mp4,12,0.0,,0.48392254114151,0.4707185626029968,0.04535891115665436,0.48392254114151,1,
2026-07-14_16-26-43.mp4,12,0.0,,0.26385852694511414,0.5806121826171875,0.15552930533885956,0.26385852694511414,1,
2026-07-08_20-36-08.mp4,12,0.0,,0.6477014422416687,0.2965267300605774,0.055771779268980026,0.6477014422416687,1,
2026-07-17_11-07-00.mp4,12,0.0,,0.23629902303218842,0.6502701044082642,0.11343085765838623,0.23629902303218842,0,
2026-07-22_07-45-31.mp4,12,0.0,,0.3105952739715576,0.5348539352416992,0.15455083549022675,0.3105952739715576,1,
2026-07-06_00-21-24.mp4,12,0.0,,0.294933944940567,0.5823297500610352,0.12273634225130081,0.294933944940567,1,
2026-07-22_23-21-15.mp4,12,0.0,,0.2692709267139435,0.539525032043457,0.1912040114402771,0.2692709267139435,1,
2026-07-03_06-38-59.mp4,12,0.0,,0.21163825690746307,0.6640495657920837,0.12431223690509796,0.21163825690746307,0,
2026-07-11_13-41-12.mp4,12,0.0,,0.30120477080345154,0.605712354183197,0.09308291971683502,0.30120477080345154,1,
2026-07-11_08-41-23.mp4,12,0.0,,0.14255589246749878,0.72685307264328,0.13059113919734955,0.14255589246749878,0,
2026-07-23_03-03-13.mp4,12,0.0,,0.23225811123847961,0.5532684326171875,0.21447354555130005,0.23225811123847961,0,
2026-07-17_09-15-13.mp4,12,0.0,,0.25486689805984497,0.5865851044654846,0.1585480123758316,0.25486689805984497,1,
2026-07-15_10-15-01.mp4,12,0.0,,0.35562989115715027,0.5704594254493713,0.0739106759428978,0.35562989115715027,1,
2026-07-22_04-06-39.mp4,12,0.0,,0.24840205907821655,0.6749880313873291,0.07660993933677673,0.24840205907821655,0,
2026-07-10_05-12-43.mp4,12,0.0,,0.21007922291755676,0.6738437414169312,0.11607706546783447,0.21007922291755676,0,
2026-07-10_01-37-04.mp4,12,0.0,,0.1467302441596985,0.7819967269897461,0.07127302139997482,0.1467302441596985,0,
2026-07-03_14-24-48.mp4,12,0.0,,0.2320922315120697,0.6020060777664185,0.16590170562267303,0.2320922315120697,0,
2026-07-18_21-02-04.mp4,12,0.0,,0.2370350956916809,0.585403323173523,0.17756164073944092,0.2370350956916809,0,
2026-07-07_21-48-43.mp4,12,0.0,,0.3382614552974701,0.46157950162887573,0.20015907287597656,0.3382614552974701,1,
2026-07-19_00-04-02.mp4,12,0.0,,0.25321727991104126,0.4747069180011749,0.2720758318901062,0.25321727991104126,1,
2026-07-20_22-57-45.mp4,12,0.0,,0.19317267835140228,0.6067452430725098,0.20008215308189392,0.19317267835140228,0,
2026-07-13_10-39-37.mp4,12,0.08333333333333333,2.1770628212519565,0.26878416538238525,0.6350574493408203,0.09615849703550339,0.24638548493385315,0,
2026-07-10_08-25-53.mp4,12,0.0,,0.41588670015335083,0.49149128794670105,0.09262201935052872,0.41588670015335083,1,
2026-07-12_21-43-14.mp4,12,0.0,,0.21963204443454742,0.6726471185684204,0.10772088915109634,0.21963204443454742,0,
2026-07-10_05-36-19.mp4,12,0.0,,0.24529854953289032,0.6494547724723816,0.10524673014879227,0.24529854953289032,0,
2026-07-18_11-17-40.mp4,12,0.0,,0.2703871428966522,0.6348317265510559,0.09478121250867844,0.2703871428966522,1,
2026-07-17_11-05-12.mp4,12,0.0,,0.2730231285095215,0.5683974623680115,0.15857937932014465,0.2730231285095215,1,
2026-07-04_12-31-03.mp4,12,0.0,,0.2809266448020935,0.5350614786148071,0.18401192128658295,0.2809266448020935,1,
2026-07-11_13-47-18.mp4,12,0.08333333333333333,1.0383497854600097,0.26629480719566345,0.64478600025177,0.08891928941011429,0.2441035732626915,0,
2026-07-12_20-03-59.mp4,12,0.0,,0.2079208642244339,0.45432591438293457,0.3377532958984375,0.2079208642244339,0,
2026-07-19_06-44-40.mp4,12,0.0,,0.18656691908836365,0.630247175693512,0.18318594992160797,0.18656691908836365,0,
2026-07-18_15-08-08.mp4,12,0.0,,0.21490654349327087,0.7240259647369385,0.061067476868629456,0.21490654349327087,0,
2026-07-20_21-42-22.mp4,12,0.0,,0.19778335094451904,0.6431413888931274,0.1590752750635147,0.19778335094451904,0,
2026-07-21_01-05-44.mp4,12,0.0,,0.20563748478889465,0.6037131547927856,0.1906493753194809,0.20563748478889465,0,
2026-07-11_10-15-04.mp4,12,0.0,,0.40196463465690613,0.5332404971122742,0.0647948682308197,0.40196463465690613,1,
2026-07-08_07-12-47.mp4,12,0.0,,0.17408046126365662,0.7542043924331665,0.07171518355607986,0.17408046126365662,0,
2026-07-10_18-12-44.mp4,12,0.0,,0.16850082576274872,0.6569271087646484,0.1745721846818924,0.16850082576274872,0,
2026-07-09_21-34-56.mp4,12,0.0,,0.3488905429840088,0.5834267139434814,0.06768271327018738,0.3488905429840088,1,
2026-07-22_10-56-40.mp4,12,0.0,,0.33081457018852234,0.6189939379692078,0.05019150674343109,0.33081457018852234,1,
2026-07-08_13-55-43.mp4,12,0.0,,0.21885430812835693,0.6325613260269165,0.14858439564704895,0.21885430812835693,0,
2026-07-19_17-40-46.mp4,12,0.0,,0.2035761922597885,0.6686754822731018,0.12774834036827087,0.2035761922597885,0,
2026-07-06_18-01-54.mp4,12,0.0,,0.3484621047973633,0.5336215496063232,0.11791636794805527,0.3484621047973633,1,
2026-07-01_21-24-47.mp4,12,0.0,,0.2700701355934143,0.5414081811904907,0.18852166831493378,0.2700701355934143,1,
2026-07-20_00-45-17.mp4,12,0.0,,0.1635434329509735,0.7404128313064575,0.09604371339082718,0.1635434329509735,0,
2026-07-10_16-43-05.mp4,12,0.0,,0.24112984538078308,0.5799765586853027,0.17889362573623657,0.24112984538078308,0,
2026-07-21_08-30-21.mp4,12,0.0,,0.20289452373981476,0.7404397130012512,0.056665778160095215,0.20289452373981476,0,
2026-07-08_12-37-25.mp4,12,0.0,,0.47369614243507385,0.45269539952278137,0.07360851019620895,0.47369614243507385,1,
2026-07-23_19-06-32.mp4,12,0.0,,0.30389469861984253,0.5602253675460815,0.1358800232410431,0.30389469861984253,1,
2026-07-23_19-08-44.mp4,12,0.0,,0.3058132529258728,0.5421076416969299,0.15207916498184204,0.3058132529258728,1,
2026-07-06_07-08-13.mp4,12,0.0,,0.4015333354473114,0.4978235960006714,0.10064312815666199,0.4015333354473114,1,
2026-07-22_16-58-39.mp4,12,0.0,,0.24875184893608093,0.5482580661773682,0.20299014449119568,0.24875184893608093,0,
2026-07-20_12-32-49.mp4,12,0.0,,0.2307160347700119,0.7191184759140015,0.050165534019470215,0.2307160347700119,0,
2026-07-26_02-27-30.mp4,12,0.0,,0.3994564116001129,0.5115094184875488,0.08903422951698303,0.3994564116001129,1,
2026-07-11_09-00-35.mp4,12,0.0,,0.2652839422225952,0.6390383243560791,0.09567776322364807,0.2652839422225952,1,
2026-07-18_22-02-34.mp4,12,0.0,,0.2024768590927124,0.651806652545929,0.14571653306484222,0.2024768590927124,0,
2026-07-12_12-22-41.mp4,12,0.0,,0.10403290390968323,0.6896872520446777,0.20627985894680023,0.10403290390968323,0,
2026-07-10_11-41-03.mp4,12,0.0,,0.425224244594574,0.5169400572776794,0.05783568322658539,0.425224244594574,1,
2026-07-05_03-52-22.mp4,12,0.0,,0.32427817583084106,0.5338003635406494,0.1419215053319931,0.32427817583084106,1,
2026-07-18_13-28-51.mp4,12,0.0,,0.20146112143993378,0.6651354432106018,0.1334034651517868,0.20146112143993378,0,
2026-07-07_17-15-49.mp4,12,0.0,,0.2784559428691864,0.5817404985427856,0.13980363309383392,0.2784559428691864,1,
2026-07-12_19-09-05.mp4,12,0.0,,0.32969382405281067,0.4382442831993103,0.23206189274787903,0.32969382405281067,1,
2026-07-03_14-19-24.mp4,12,0.0,,0.19624589383602142,0.670245885848999,0.13350827991962433,0.19624589383602142,0,
2026-07-06_14-37-18.mp4,12,0.0,,0.4018148183822632,0.49202725291252136,0.10615793615579605,0.4018148183822632,1,
2026-07-22_02-04-16.mp4,12,0.0,,0.40437567234039307,0.4956192672252655,0.10000506043434143,0.40437567234039307,1,
2026-07-08_08-28-16.mp4,12,0.0,,0.20994555950164795,0.5945162773132324,0.1955382078886032,0.20994555950164795,0,
2026-07-12_03-59-23.mp4,12,0.0,,0.303689569234848,0.6385238170623779,0.057786617428064346,0.303689569234848,1,
2026-07-20_22-51-51.mp4,12,0.0,,0.22843343019485474,0.5807854533195496,0.19078108668327332,0.22843343019485474,0,
2026-07-02_18-41-56.mp4,12,0.0,,0.2194906324148178,0.6578057408332825,0.12270364910364151,0.2194906324148178,0,
2026-07-18_15-15-56.mp4,12,0.0,,0.29768162965774536,0.5955635905265808,0.1067548468708992,0.29768162965774536,1,
2026-07-24_10-47-25.mp4,12,0.0,,0.14019109308719635,0.8371180891990662,0.022690780460834503,0.14019109308719635,0,
2026-07-09_15-29-00.mp4,12,0.0,,0.5565558075904846,0.40654680132865906,0.036897409707307816,0.5565558075904846,1,
2026-07-22_04-04-51.mp4,12,0.0,,0.2923787832260132,0.6237525343894958,0.08386867493391037,0.2923787832260132,1,
2026-07-18_03-15-27.mp4,12,0.08333333333333333,2.8710158360178726,0.22314247488975525,0.5807335376739502,0.19612400233745575,0.2045472686489423,0,
2026-07-17_04-55-28.mp4,12,0.0,,0.22000865638256073,0.6715852618217468,0.10840610414743423,0.22000865638256073,0,
2026-07-08_21-47-29.mp4,12,0.0,,0.19404250383377075,0.5287255048751831,0.27723199129104614,0.19404250383377075,0,
2026-07-05_16-27-04.mp4,12,0.0,,0.4811953604221344,0.44808658957481384,0.07071811705827713,0.4811953604221344,1,
2026-07-06_17-03-00.mp4,12,0.0,,0.3877190351486206,0.46444204449653625,0.14783893525600433,0.3877190351486206,1,
2026-07-07_02-10-22.mp4,12,0.0,,0.3888424038887024,0.561848521232605,0.04930909350514412,0.3888424038887024,1,
2026-07-21_00-39-20.mp4,12,0.0,,0.2328082025051117,0.6825963258743286,0.08459550887346268,0.2328082025051117,0,
2026-07-12_20-08-29.mp4,12,0.0,,0.42719733715057373,0.38830211758613586,0.184500589966774,0.42719733715057373,1,
2026-07-19_10-19-26.mp4,12,0.75,11.320186614990234,0.260536253452301,0.5810437798500061,0.15841995179653168,0.06513406336307526,0,
2026-07-15_20-36-59.mp4,12,0.0,,0.2780376970767975,0.5242438912391663,0.19771842658519745,0.2780376970767975,1,
2026-07-15_09-52-49.mp4,12,0.0,,0.29398077726364136,0.4767301082611084,0.22928914427757263,0.29398077726364136,1,
2026-07-06_11-30-53.mp4,12,0.08333333333333333,3.191794140247488,0.36689457297325134,0.5078226327896118,0.12528277933597565,0.3363200252254804,1,
2026-07-03_07-36-58.mp4,12,0.0,,0.19790810346603394,0.6781924366950989,0.12389950454235077,0.19790810346603394,0,
2026-07-11_01-25-52.mp4,12,0.0,,0.3372097909450531,0.5701940059661865,0.09259628504514694,0.3372097909450531,1,
2026-07-03_19-49-42.mp4,12,0.0,,0.21734338998794556,0.6155058145523071,0.1671508252620697,0.21734338998794556,0,
2026-07-10_07-20-48.mp4,12,0.16666666666666666,1.7684028114236652,0.2853033244609833,0.48765528202056885,0.22704143822193146,0.23775277038415274,0,
2026-07-02_15-02-34.mp4,12,0.0,,0.357107937335968,0.5596343874931335,0.08325770497322083,0.357107937335968,1,
2026-07-02_10-40-48.mp4,12,0.0,,0.22746606171131134,0.5115319490432739,0.26100197434425354,0.22746606171131134,0,
2026-07-07_01-16-59.mp4,12,0.0,,0.3201014995574951,0.5883112549781799,0.09158725291490555,0.3201014995574951,1,
2026-07-20_19-14-29.mp4,12,0.0,,0.15048302710056305,0.7617901563644409,0.08772679418325424,0.15048302710056305,0,
2026-07-03_07-34-34.mp4,12,0.16666666666666666,7.012254313850041,0.20558702945709229,0.7002564668655396,0.09415648132562637,0.1713225245475769,0,
2026-07-16_17-14-23.mp4,12,0.0,,0.22404970228672028,0.6150985360145569,0.16085182130336761,0.22404970228672028,0,
2026-07-07_18-56-31.mp4,12,0.0,,0.4721153676509857,0.4350816607475281,0.09280303865671158,0.4721153676509857,1,
2026-07-07_17-45-19.mp4,12,0.0,,0.33604079484939575,0.40274620056152344,0.2612130343914032,0.33604079484939575,1,
2026-07-03_12-43-25.mp4,12,0.0,,0.32806384563446045,0.5278672575950623,0.14406895637512207,0.32806384563446045,1,
2026-07-14_12-00-33.mp4,12,0.0,,0.2894098460674286,0.5503992438316345,0.16019095480442047,0.2894098460674286,1,
2026-07-15_07-36-32.mp4,12,0.08333333333333333,1.553051061168191,0.2881411612033844,0.5597667694091797,0.1520921289920807,0.264129397769769,1,
2026-07-21_15-37-35.mp4,12,0.0,,0.23994894325733185,0.6175519824028015,0.14249910414218903,0.23994894325733185,0,
2026-07-12_19-29-10.mp4,12,0.0,,0.23918846249580383,0.5710682272911072,0.189743310213089,0.23918846249580383,0,
2026-07-06_14-23-55.mp4,12,0.0,,0.3832463026046753,0.5282895565032959,0.08846411854028702,0.3832463026046753,1,
2026-07-03_11-19-20.mp4,12,0.0,,0.14683537185192108,0.7969618439674377,0.056202877312898636,0.14683537185192108,0,
2026-07-11_15-48-16.mp4,12,0.0,,0.4465206265449524,0.5103902816772461,0.043089136481285095,0.4465206265449524,1,
2026-07-19_14-54-07.mp4,12,0.0,,0.17729291319847107,0.716684877872467,0.10602222383022308,0.17729291319847107,0,
2026-07-21_23-56-12.mp4,12,0.0,,0.2927362322807312,0.595696747303009,0.11156709492206573,0.2927362322807312,1,
2026-07-06_21-09-10.mp4,12,0.0,,0.44689038395881653,0.4685351550579071,0.08457440882921219,0.44689038395881653,1,
2026-07-17_11-09-12.mp4,12,0.0,,0.3341115117073059,0.5484966039657593,0.1173919290304184,0.3341115117073059,1,
2026-07-23_08-31-16.mp4,12,0.0,,0.30340832471847534,0.5393475294113159,0.15724419057369232,0.30340832471847534,1,
2026-06-30_18-27-13.mp4,12,0.0,,0.33327674865722656,0.2933172583580017,0.3734060525894165,0.33327674865722656,1,
2026-07-09_19-57-45.mp4,12,0.0,,0.1826552152633667,0.7451035380363464,0.07224124670028687,0.1826552152633667,0,
2026-07-04_02-26-22.mp4,12,0.0,,0.2635740041732788,0.6016535758972168,0.13477249443531036,0.2635740041732788,1,
2026-07-21_01-13-38.mp4,12,0.0,,0.2249903529882431,0.6629090309143066,0.11210069060325623,0.2249903529882431,0,
2026-07-08_13-39-55.mp4,12,0.0,,0.30018317699432373,0.5969187021255493,0.10289820283651352,0.30018317699432373,1,
2026-07-19_10-26-02.mp4,12,0.0,,0.295432984828949,0.5611512660980225,0.14341583847999573,0.295432984828949,1,
2026-07-02_09-49-36.mp4,12,0.0,,0.4019342064857483,0.4881282448768616,0.10993758589029312,0.4019342064857483,1,
2026-07-10_09-28-05.mp4,12,0.0,,0.46080732345581055,0.46667176485061646,0.072520911693573,0.46080732345581055,1,
2026-07-02_23-36-37.mp4,12,0.0,,0.28792938590049744,0.5729296207427979,0.1391410231590271,0.28792938590049744,1,
2026-07-05_15-37-04.mp4,12,0.0,,0.4389539957046509,0.5171579718589783,0.043888043612241745,0.4389539957046509,1,
2026-07-05_02-33-47.mp4,12,0.0,,0.20256100594997406,0.6857306957244873,0.11170835047960281,0.20256100594997406,0,
2026-07-07_23-55-35.mp4,12,0.0,,0.4386569857597351,0.46481481194496155,0.09652818739414215,0.4386569857597351,1,
2026-07-08_07-19-17.mp4,12,0.0,,0.2702609598636627,0.5841853618621826,0.14555369317531586,0.2702609598636627,1,
2026-07-10_13-17-32.mp4,12,0.0,,0.197890505194664,0.6529449224472046,0.14916463196277618,0.197890505194664,0,
2026-07-24_03-44-41.mp4,12,0.0,,0.25200706720352173,0.6261488795280457,0.12184407562017441,0.25200706720352173,1,
2026-07-14_19-35-43.mp4,12,0.0,,0.3247256278991699,0.5688644647598267,0.10640992969274521,0.3247256278991699,1,
2026-07-08_07-39-58.mp4,12,0.0,,0.22710397839546204,0.5745158791542053,0.19838011264801025,0.22710397839546204,0,
2026-07-21_10-11-20.mp4,12,0.0,,0.23971354961395264,0.6396697759628296,0.12061669677495956,0.23971354961395264,0,
2026-07-22_07-45-43.mp4,12,0.0,,0.32598525285720825,0.5265538096427917,0.1474609673023224,0.32598525285720825,1,
2026-07-05_03-46-28.mp4,12,0.0,,0.32664501667022705,0.5424601435661316,0.1308947503566742,0.32664501667022705,1,
2026-07-25_04-17-44.mp4,12,0.0,,0.45764824748039246,0.44165414571762085,0.10069763660430908,0.45764824748039246,1,
2026-07-06_00-40-54.mp4,12,1.0,3.5468359734401766,0.30206233263015747,0.5503487586975098,0.14758898317813873,0.0,0,
2026-07-05_05-39-47.mp4,12,0.0,,0.218849778175354,0.6738923788070679,0.1072578877210617,0.218849778175354,0,
2026-07-23_16-56-34.mp4,12,0.08333333333333333,3.7239827226617352,0.2569940686225891,0.6793953776359558,0.06361054629087448,0.23557789623737335,0,
2026-07-15_16-04-50.mp4,12,0.0,,0.2653582692146301,0.5684436559677124,0.16619805991649628,0.2653582692146301,1,
2026-07-11_12-22-39.mp4,12,0.0,,0.3233642578125,0.5949651002883911,0.08167069405317307,0.3233642578125,1,
2026-07-06_18-53-23.mp4,12,0.08333333333333333,3.952529989419559,0.34191590547561646,0.5330613255500793,0.1250227689743042,0.3134229133526484,1,
2026-07-22_21-11-42.mp4,12,0.0,,0.3722861111164093,0.5059623122215271,0.12175161391496658,0.3722861111164093,1,
2026-07-03_21-26-59.mp4,12,0.0,,0.24328577518463135,0.6989567875862122,0.05775751546025276,0.24328577518463135,0,
2026-07-06_18-12-12.mp4,12,0.0,,0.3971872627735138,0.4794986844062805,0.12331406027078629,0.3971872627735138,1,
2026-07-04_09-31-16.mp4,12,0.0,,0.30987608432769775,0.6062686443328857,0.08385533839464188,0.30987608432769775,1,
2026-07-13_23-50-58.mp4,12,0.0,,0.27064943313598633,0.6028045415878296,0.1265460103750229,0.27064943313598633,1,
2026-07-02_14-44-52.mp4,12,0.0,,0.32226431369781494,0.4362366795539856,0.24149899184703827,0.32226431369781494,1,
2026-07-09_22-32-53.mp4,12,0.0,,0.2474680095911026,0.6410889029502869,0.11144310981035233,0.2474680095911026,0,
2026-07-05_18-24-12.mp4,12,0.8333333333333334,1.8357084925115714,0.33729588985443115,0.5507209300994873,0.11198320984840393,0.05621598164240518,0,
2026-07-03_23-34-58.mp4,12,0.0,,0.4260542094707489,0.48313677310943604,0.09080906212329865,0.4260542094707489,1,
2026-07-22_21-07-00.mp4,12,0.0,,0.2579956352710724,0.6418452858924866,0.10015907883644104,0.2579956352710724,1,
2026-07-09_09-03-58.mp4,12,0.0,,0.3128854036331177,0.6046106815338135,0.08250389993190765,0.3128854036331177,1,
2026-07-21_06-02-41.mp4,12,0.0,,0.21414399147033691,0.6178412437438965,0.168014794588089,0.21414399147033691,0,
2026-07-15_22-26-49.mp4,12,0.0,,0.5760951042175293,0.33999812602996826,0.08390682190656662,0.5760951042175293,1,
2026-07-01_18-37-08.mp4,12,0.0,,0.47126534581184387,0.3859994411468506,0.14273519814014435,0.47126534581184387,1,
2026-07-01_07-33-17.mp4,12,0.0,,0.2857649326324463,0.47191768884658813,0.24231736361980438,0.2857649326324463,1,
2026-07-08_07-41-46.mp4,12,0.0,,0.24715131521224976,0.6010106801986694,0.1518380045890808,0.24715131521224976,0,
2026-07-01_12-47-00.mp4,12,0.08333333333333333,11.27760639066049,0.18176917731761932,0.5170972347259521,0.3011336028575897,0.16662174587448436,0,
2026-07-03_15-22-41.mp4,12,0.0,,0.2580990195274353,0.6242681741714478,0.1176328957080841,0.2580990195274353,1,
2026-07-19_14-43-13.mp4,12,0.0,,0.24152202904224396,0.6126695871353149,0.1458083987236023,0.24152202904224396,0,
2026-07-10_16-27-47.mp4,12,0.0,,0.2319156527519226,0.6337953209877014,0.13428910076618195,0.2319156527519226,0,
2026-07-10_18-26-08.mp4,12,0.0,,0.19443771243095398,0.6761691570281982,0.12939316034317017,0.19443771243095398,0,
2026-07-09_17-19-28.mp4,12,0.08333333333333333,3.4756926058898334,0.24184280633926392,0.6122455596923828,0.14591160416603088,0.22168923914432526,0,
2026-07-25_11-20-33.mp4,12,0.0,,0.4120579957962036,0.425631582736969,0.1623104363679886,0.4120579957962036,1,
2026-07-09_21-59-32.mp4,12,0.0,,0.46210357546806335,0.4736865162849426,0.06420986354351044,0.46210357546806335,1,
2026-07-08_06-37-41.mp4,12,0.0,,0.22325202822685242,0.5552532076835632,0.22149474918842316,0.22325202822685242,0,
2026-06-30_16-12-08.mp4,12,0.0,,0.520277738571167,0.419860303401947,0.05986203998327255,0.520277738571167,1,
2026-07-03_22-46-16.mp4,12,0.0,,0.2580665946006775,0.6479132771492004,0.09402021765708923,0.2580665946006775,1,
2026-07-08_19-29-44.mp4,12,0.0,,0.5735195875167847,0.36540544033050537,0.061074983328580856,0.5735195875167847,1,
2026-07-15_13-41-52.mp4,12,0.0,,0.29930561780929565,0.518071174621582,0.18262328207492828,0.29930561780929565,1,
2026-07-13_18-26-25.mp4,12,0.0,,0.33999812602996826,0.5062884092330933,0.15371352434158325,0.33999812602996826,1,
2026-07-07_10-40-11.mp4,12,0.0,,0.2291518598794937,0.6335395574569702,0.13730858266353607,0.2291518598794937,0,
2026-07-05_16-32-27.mp4,12,0.0,,0.46837833523750305,0.46651315689086914,0.06510856747627258,0.46837833523750305,1,
2026-07-03_22-53-10.mp4,12,0.0,,0.31753072142601013,0.616102397441864,0.06636688858270645,0.31753072142601013,1,
2026-07-10_04-41-20.mp4,12,0.0,,0.19241565465927124,0.6924325823783875,0.1151518002152443,0.19241565465927124,0,
2026-07-09_01-49-56.mp4,12,0.08333333333333333,24.60282565525673,0.3049304485321045,0.6306197643280029,0.0644497498869896,0.27951957782109577,1,
2026-07-10_07-19-24.mp4,12,0.08333333333333333,6.743963591515514,0.3254302740097046,0.5148757100105286,0.15969406068325043,0.2983110845088959,1,
2026-07-07_14-17-33.mp4,12,0.0,,0.16598795354366302,0.7692092061042786,0.0648028701543808,0.16598795354366302,0,
2026-07-24_03-44-17.mp4,12,0.0,,0.2918688654899597,0.6383103728294373,0.06982079893350601,0.2918688654899597,1,
2026-07-09_21-32-02.mp4,12,0.0,,0.3161494731903076,0.6317289471626282,0.052121564745903015,0.3161494731903076,1,
2026-07-17_03-23-47.mp4,12,0.0,,0.22302937507629395,0.6566190719604492,0.12035154551267624,0.22302937507629395,0,
2026-07-20_09-53-51.mp4,12,0.0,,0.19430798292160034,0.6761041879653931,0.12958784401416779,0.19430798292160034,0,
2026-07-13_13-01-06.mp4,12,0.0,,0.3340081572532654,0.5741442441940308,0.09184768050909042,0.3340081572532654,1,
2026-07-10_08-19-41.mp4,12,0.0,,0.4191536605358124,0.49050334095954895,0.0903429463505745,0.4191536605358124,1,
2026-07-12_14-38-00.mp4,12,0.25,1.3175355371702926,0.2426680326461792,0.6085838079452515,0.14874818921089172,0.1820010244846344,0,
2026-07-07_22-36-54.mp4,12,0.0,,0.3256675899028778,0.4827876389026642,0.1915447860956192,0.3256675899028778,1,
2026-07-06_09-33-42.mp4,12,0.0,,0.20977568626403809,0.7283382415771484,0.06188606098294258,0.20977568626403809,0,
2026-07-22_00-12-11.mp4,12,0.0,,0.18047383427619934,0.6990644335746765,0.12046179920434952,0.18047383427619934,0,
2026-07-07_18-15-50.mp4,12,0.0,,0.21458356082439423,0.5776799917221069,0.20773650705814362,0.21458356082439423,0,
2026-07-07_19-24-01.mp4,12,0.0,,0.2644495368003845,0.5692216157913208,0.16632896661758423,0.2644495368003845,1,
2026-07-22_09-03-35.mp4,12,0.0,,0.3586912751197815,0.5814784169197083,0.05983029678463936,0.3586912751197815,1,
2026-07-15_10-47-42.mp4,12,0.0,,0.39584875106811523,0.5320279598236084,0.07212331891059875,0.39584875106811523,1,
2026-07-01_18-43-02.mp4,12,0.0,,0.3464394807815552,0.323679655790329,0.32988089323043823,0.3464394807815552,1,
2026-07-10_22-30-18.mp4,12,0.0,,0.40835464000701904,0.4143311083316803,0.17731428146362305,0.40835464000701904,1,
2026-07-14_13-47-56.mp4,12,0.0,,0.23879720270633698,0.5838684439659119,0.17733430862426758,0.23879720270633698,0,
2026-07-20_19-22-05.mp4,12,0.0,,0.11435682326555252,0.8028715252876282,0.08277169615030289,0.11435682326555252,0,
2026-07-05_08-54-58.mp4,12,0.0,,0.2834666669368744,0.602433443069458,0.11409985274076462,0.2834666669368744,1,
2026-07-11_15-18-47.mp4,12,0.0,,0.42801254987716675,0.51572185754776,0.05626564845442772,0.42801254987716675,1,
2026-07-07_21-43-07.mp4,12,0.0,,0.33248966932296753,0.5107154250144958,0.1567949801683426,0.33248966932296753,1,
2026-07-09_10-55-20.mp4,12,0.0,,0.3148568868637085,0.5703920722007751,0.11475106328725815,0.3148568868637085,1,
2026-07-12_15-05-18.mp4,12,0.0,,0.2981306314468384,0.431808739900589,0.27006059885025024,0.2981306314468384,1,
2026-07-14_07-02-36.mp4,12,0.0,,0.2608613073825836,0.5875005125999451,0.1516381949186325,0.2608613073825836,1,
2026-07-08_08-21-58.mp4,12,0.0,,0.23928925395011902,0.6301283836364746,0.13058239221572876,0.23928925395011902,0,
2026-07-12_00-48-02.mp4,12,0.0,,0.4075039029121399,0.2453291416168213,0.3471669852733612,0.4075039029121399,1,
2026-07-21_11-54-55.mp4,12,0.0,,0.2564344108104706,0.6845921277999878,0.058973561972379684,0.2564344108104706,1,
2026-07-08_17-04-11.mp4,12,0.0,,0.41495904326438904,0.5408294200897217,0.04421154782176018,0.41495904326438904,1,
2026-07-20_21-32-34.mp4,12,0.0,,0.1809719204902649,0.669043242931366,0.14998488128185272,0.1809719204902649,0,
2026-07-25_03-51-56.mp4,12,0.0,,0.41308003664016724,0.44604843854904175,0.1408715546131134,0.41308003664016724,1,
2026-07-25_01-14-34.mp4,12,0.0,,0.27061697840690613,0.5232120752334595,0.20617102086544037,0.27061697840690613,1,
2026-07-10_01-37-51.mp4,12,0.0,,0.1143454760313034,0.8000816106796265,0.08557291328907013,0.1143454760313034,0,
2026-07-21_23-37-36.mp4,12,0.0,,0.3307274580001831,0.5071725845336914,0.16210003197193146,0.3307274580001831,1,
2026-07-14_07-17-30.mp4,12,0.0,,0.2469494342803955,0.6402702331542969,0.11278040707111359,0.2469494342803955,0,
2026-07-15_11-00-00.mp4,12,0.0,,0.3323216736316681,0.32832133769989014,0.33935704827308655,0.3323216736316681,1,
2026-07-22_23-22-15.mp4,12,0.0,,0.23473796248435974,0.6639742255210876,0.1012878343462944,0.23473796248435974,0,
2026-07-20_21-38-40.mp4,12,0.0,,0.17846329510211945,0.5764623284339905,0.24507436156272888,0.17846329510211945,0,
2026-07-03_03-28-48.mp4,12,0.0,,0.23135188221931458,0.6975684762001038,0.07107969373464584,0.23135188221931458,0,
2026-07-14_11-46-03.mp4,12,0.0,,0.25999361276626587,0.5734384059906006,0.16656802594661713,0.25999361276626587,1,
2026-07-09_19-56-09.mp4,12,0.0,,0.15379980206489563,0.7910473346710205,0.05515293404459953,0.15379980206489563,0,
2026-07-22_10-43-52.mp4,12,0.0,,0.34535109996795654,0.5775262117385864,0.07712270319461823,0.34535109996795654,1,
2026-07-02_22-52-26.mp4,12,0.0,,0.34392374753952026,0.5224967002868652,0.1335795670747757,0.34392374753952026,1,
2026-07-01_06-34-38.mp4,12,0.0,,0.25781145691871643,0.46868500113487244,0.27350354194641113,0.25781145691871643,1,
2026-07-02_05-18-16.mp4,12,0.0,,0.31467536091804504,0.5698978304862976,0.11542686820030212,0.31467536091804504,1,
2026-07-02_01-33-25.mp4,12,0.0,,0.34790652990341187,0.588058590888977,0.06403494626283646,0.34790652990341187,1,
2026-07-16_18-29-47.mp4,12,0.0,,0.402271568775177,0.4649888873100281,0.1327395737171173,0.402271568775177,1,
2026-07-05_11-30-51.mp4,12,0.0,,0.39391815662384033,0.47827208042144775,0.12780973315238953,0.39391815662384033,1,
2026-07-02_14-09-04.mp4,12,0.0,,0.2960100769996643,0.6010022163391113,0.10298780351877213,0.2960100769996643,1,
2026-07-15_23-35-51.mp4,12,0.0,,0.09642775356769562,0.47350743412971497,0.4300648272037506,0.09642775356769562,0,
2026-07-02_02-01-46.mp4,12,0.0,,0.3346906900405884,0.5300905704498291,0.1352187544107437,0.3346906900405884,1,
2026-07-01_21-01-43.mp4,12,0.08333333333333333,12.327010373263889,0.40166154503822327,0.33532261848449707,0.26301589608192444,0.3681897496183713,1,
2026-07-08_04-19-47.mp4,12,0.0,,0.4222557246685028,0.48799195885658264,0.08975239843130112,0.4222557246685028,1,
2026-07-11_05-03-56.mp4,12,0.0,,0.4153900146484375,0.4733068645000458,0.11130315065383911,0.4153900146484375,1,
2026-07-07_20-52-06.mp4,12,0.0,,0.45457613468170166,0.4875098168849945,0.05791405960917473,0.45457613468170166,1,
2026-07-17_03-19-59.mp4,12,0.0,,0.19891969859600067,0.6867313981056213,0.1143488734960556,0.19891969859600067,0,
2026-07-01_21-14-37.mp4,12,0.0,,0.43547582626342773,0.2910446226596832,0.2734795808792114,0.43547582626342773,1,
2026-07-07_04-49-15.mp4,12,0.0,,0.3283854126930237,0.5679442882537842,0.10367028415203094,0.3283854126930237,1,
2026-07-04_18-05-45.mp4,12,0.0,,0.37451237440109253,0.4926424026489258,0.1328452229499817,0.37451237440109253,1,
2026-07-24_03-41-35.mp4,12,0.0,,0.3726463317871094,0.5757103562355042,0.05164342001080513,0.3726463317871094,1,
2026-07-11_10-53-10.mp4,12,0.0,,0.38581252098083496,0.5386402606964111,0.07554719597101212,0.38581252098083496,1,
2026-07-19_14-40-13.mp4,12,0.4166666666666667,2.7786974774999997,0.37825915217399597,0.4740644097328186,0.1476764976978302,0.22065117210149762,0,
2026-07-06_09-33-18.mp4,12,0.0,,0.2353830337524414,0.6788226366043091,0.08579432219266891,0.2353830337524414,0,
2026-07-19_17-32-46.mp4,12,0.0,,0.23032966256141663,0.6156859397888184,0.1539844125509262,0.23032966256141663,0,
2026-07-11_23-33-24.mp4,12,0.0,,0.180617094039917,0.7105375528335571,0.10884526371955872,0.180617094039917,0,
2026-07-21_08-29-21.mp4,12,0.0,,0.25865721702575684,0.6801266074180603,0.061216216534376144,0.25865721702575684,1,
2026-07-05_19-55-17.mp4,12,0.0,,0.44639280438423157,0.5146365761756897,0.03897063434123993,0.44639280438423157,1,
2026-07-08_08-33-52.mp4,12,0.0,,0.30103856325149536,0.5386862754821777,0.1602751761674881,0.30103856325149536,1,
2026-07-20_09-29-09.mp4,12,0.0,,0.259934663772583,0.6093997955322266,0.1306656002998352,0.259934663772583,1,
2026-07-24_09-04-14.mp4,12,0.0,,0.12149316817522049,0.8354529738426208,0.04305392503738403,0.12149316817522049,0,
2026-07-14_07-09-24.mp4,12,0.0,,0.4404982030391693,0.3600029945373535,0.19949880242347717,0.4404982030391693,1,
2026-07-04_03-04-31.mp4,12,0.0,,0.41325780749320984,0.4388226866722107,0.14791953563690186,0.41325780749320984,1,
2026-07-24_05-05-52.mp4,12,0.0,,0.3602941930294037,0.521855890750885,0.11784995347261429,0.3602941930294037,1,
2026-07-10_00-32-58.mp4,12,0.08333333333333333,7.453606833089294,0.2088322788476944,0.6746352314949036,0.11653251945972443,0.19142958894371986,0,
2026-07-17_07-50-08.mp4,12,0.0,,0.2738158702850342,0.5906534790992737,0.13553068041801453,0.2738158702850342,1,
2026-07-05_00-09-37.mp4,12,0.0,,0.3214145600795746,0.5745056867599487,0.10407978296279907,0.3214145600795746,1,
2026-06-30_16-26-32.mp4,12,0.0,,0.30129337310791016,0.4437384605407715,0.25496819615364075,0.30129337310791016,1,
2026-07-10_15-54-01.mp4,12,0.0,,0.4332209825515747,0.463641494512558,0.10313757508993149,0.4332209825515747,1,
2026-07-08_00-06-53.mp4,12,0.0,,0.2838067412376404,0.6148751378059387,0.10131815820932388,0.2838067412376404,1,
2026-07-05_04-30-01.mp4,12,0.0,,0.26780828833580017,0.5941120386123657,0.1380796879529953,0.26780828833580017,1,
2026-07-09_16-19-47.mp4,12,0.08333333333333333,3.174829281805602,0.23739197850227356,0.5733883380889893,0.18921974301338196,0.21760931362708408,0,
2026-07-09_14-27-48.mp4,12,0.0,,0.7683417797088623,0.19841502606868744,0.03324328362941742,0.7683417797088623,1,
2026-07-10_08-41-59.mp4,12,0.0,,0.3261622488498688,0.5804657340049744,0.09337212145328522,0.3261622488498688,1,
2026-07-15_18-25-25.mp4,12,0.0,,0.4883289933204651,0.45479804277420044,0.056872978806495667,0.4883289933204651,1,
2026-07-23_00-57-02.mp4,12,0.16666666666666666,4.620027561245393,0.25384509563446045,0.6324415802955627,0.11371340602636337,0.21153757969538373,0,
2026-07-11_04-12-03.mp4,12,0.0,,0.2357005476951599,0.6477384567260742,0.11656107008457184,0.2357005476951599,0,
2026-07-10_10-21-52.mp4,12,0.0,,0.4113081097602844,0.499251127243042,0.08944084495306015,0.4113081097602844,1,
2026-07-06_00-35-00.mp4,12,1.0,2.0116740495864924,0.2459045946598053,0.5932079553604126,0.1608874797821045,0.0,0,
2026-06-30_21-38-57.mp4,12,0.0,,0.47397416830062866,0.15661530196666718,0.36941054463386536,0.47397416830062866,1,
2026-07-13_11-48-43.mp4,12,0.0,,0.27943551540374756,0.6431032419204712,0.07746128737926483,0.27943551540374756,1,
2026-07-22_16-59-39.mp4,12,0.0,,0.35771265625953674,0.3420829176902771,0.30020445585250854,0.35771265625953674,1,
2026-07-06_18-58-23.mp4,12,0.0,,0.3330441117286682,0.5411838889122009,0.12577202916145325,0.3330441117286682,1,
2026-07-02_04-19-09.mp4,12,0.0,,0.23613882064819336,0.5889154672622681,0.17494577169418335,0.23613882064819336,0,
2026-07-21_11-54-31.mp4,12,0.0,,0.2186853289604187,0.732149600982666,0.04916507378220558,0.2186853289604187,0,
2026-07-09_09-20-27.mp4,12,0.0,,0.5396788120269775,0.3954753875732422,0.06484580785036087,0.5396788120269775,1,
2026-07-08_09-01-51.mp4,12,0.0,,0.2485641986131668,0.5420781373977661,0.20935769379138947,0.2485641986131668,0,
2026-07-20_04-38-15.mp4,12,0.0,,0.17046105861663818,0.679125964641571,0.15041296184062958,0.17046105861663818,0,
2026-07-19_00-24-02.mp4,12,0.0,,0.3140963017940521,0.5473891496658325,0.13851460814476013,0.3140963017940521,1,
2026-07-02_12-29-11.mp4,12,0.0,,0.3946298062801361,0.5448409914970398,0.06052927300333977,0.3946298062801361,1,
2026-07-04_02-38-10.mp4,12,0.0,,0.2230987548828125,0.595308244228363,0.18159298598766327,0.2230987548828125,0,
2026-07-12_20-03-47.mp4,12,0.0,,0.18193820118904114,0.4829743206501007,0.33508753776550293,0.18193820118904114,0,
2026-07-04_02-39-52.mp4,12,0.0,,0.4812743067741394,0.4734281897544861,0.04529750347137451,0.4812743067741394,1,
2026-07-11_10-53-58.mp4,12,0.0,,0.4418083727359772,0.47078171372413635,0.08740992099046707,0.4418083727359772,1,
2026-07-06_23-40-24.mp4,12,0.0,,0.33879005908966064,0.44587308168411255,0.2153369039297104,0.33879005908966064,1,
2026-07-19_10-21-02.mp4,12,0.16666666666666666,2.557522497554631,0.2557421922683716,0.6294980049133301,0.11475979536771774,0.21311849355697632,0,
2026-07-22_13-26-15.mp4,12,0.0,,0.3596803843975067,0.6047935485839844,0.035526081919670105,0.3596803843975067,1,
2026-07-03_14-24-00.mp4,12,0.0,,0.1998165249824524,0.6435871720314026,0.156596377491951,0.1998165249824524,0,
2026-07-20_21-41-58.mp4,12,0.0,,0.23549409210681915,0.5963435173034668,0.16816242039203644,0.23549409210681915,0,
2026-07-22_04-04-39.mp4,12,0.0,,0.26285862922668457,0.6848210692405701,0.052320320159196854,0.26285862922668457,1,
2026-07-21_11-18-25.mp4,12,0.0,,0.23710280656814575,0.49134451150894165,0.271552711725235,0.23710280656814575,0,
2026-07-17_07-52-56.mp4,12,0.0,,0.225532665848732,0.6355807185173035,0.13888666033744812,0.225532665848732,0,
2026-07-15_09-02-19.mp4,12,0.0,,0.36291295289993286,0.4599643349647522,0.17712271213531494,0.36291295289993286,1,
2026-07-04_06-54-24.mp4,12,0.0,,0.29985636472702026,0.6458438038825989,0.05429987609386444,0.29985636472702026,1,
2026-07-14_23-54-31.mp4,12,0.0,,0.37675726413726807,0.5240218639373779,0.09922085702419281,0.37675726413726807,1,
2026-07-26_00-13-13.mp4,12,0.16666666666666666,2.3539307678120744,0.39488834142684937,0.5304516553878784,0.07466001063585281,0.3290736178557078,1,
2026-07-10_14-56-37.mp4,12,0.0,,0.3498426377773285,0.5809264183044434,0.06923108547925949,0.3498426377773285,1,
2026-07-12_13-50-13.mp4,12,0.0,,0.12792488932609558,0.3546162545681,0.5174588561058044,0.12792488932609558,0,
2026-07-25_11-24-27.mp4,12,0.0,,0.4055182933807373,0.40826141834259033,0.18622028827667236,0.4055182933807373,1,
2026-07-20_09-16-34.mp4,12,0.0,,0.178879052400589,0.7677803039550781,0.05334075912833214,0.178879052400589,0,
2026-07-07_01-16-11.mp4,12,0.0,,0.28428614139556885,0.6250834465026855,0.09063050895929337,0.28428614139556885,1,
2026-07-06_00-34-00.mp4,12,0.25,2.4188314938061484,0.29365915060043335,0.5940738916397095,0.11226695030927658,0.220244362950325,0,
2026-07-07_22-37-54.mp4,12,0.0,,0.23754683136940002,0.5926615595817566,0.16979162395000458,0.23754683136940002,0,
2026-06-30_16-51-20.mp4,12,0.0,,0.36906272172927856,0.4955797791481018,0.13535749912261963,0.36906272172927856,1,
2026-07-06_22-51-47.mp4,12,0.0,,0.31734076142311096,0.5630927085876465,0.11956657469272614,0.31734076142311096,1,
2026-07-09_17-03-59.mp4,12,0.0,,0.2583659291267395,0.6614274382591248,0.08020669221878052,0.2583659291267395,1,
2026-07-22_22-43-16.mp4,12,0.0,,0.31963711977005005,0.4987484812736511,0.1816144436597824,0.31963711977005005,1,
2026-07-14_07-04-48.mp4,12,0.0,,0.28739556670188904,0.5934811234474182,0.11912330240011215,0.28739556670188904,1,
2026-07-07_20-58-00.mp4,12,0.0,,0.33000025153160095,0.5962282419204712,0.07377153635025024,0.33000025153160095,1,
2026-07-02_03-54-15.mp4,12,0.0,,0.22189417481422424,0.5992529988288879,0.17885282635688782,0.22189417481422424,0,
2026-07-06_22-36-21.mp4,12,0.0,,0.3241870403289795,0.6088114380836487,0.0670015960931778,0.3241870403289795,1,
2026-07-01_07-05-41.mp4,12,0.0,,0.32666078209877014,0.47620269656181335,0.1971365511417389,0.32666078209877014,1,
2026-07-23_17-04-34.mp4,12,0.0,,0.3147601783275604,0.6278666853904724,0.05737321078777313,0.3147601783275604,1,
2026-07-05_05-53-29.mp4,12,0.0,,0.4991567134857178,0.45623254776000977,0.04461079090833664,0.4991567134857178,1,
2026-06-30_21-53-26.mp4,12,0.0,,0.2661627233028412,0.43045884370803833,0.30337846279144287,0.2661627233028412,1,
2026-07-21_12-20-37.mp4,12,0.0,,0.29507976770401,0.675081193447113,0.029839053750038147,0.29507976770401,1,
2026-07-05_03-40-40.mp4,12,0.0,,0.2730373442173004,0.5894870162010193,0.13747571408748627,0.2730373442173004,1,
2026-07-01_20-18-25.mp4,12,0.08333333333333333,1.888148774062222,0.17520907521247864,0.5505920052528381,0.2741989195346832,0.16060831894477207,0,
2026-07-08_03-44-54.mp4,12,0.0,,0.3743923008441925,0.50974440574646,0.11586329340934753,0.3743923008441925,1,
2026-07-11_13-31-06.mp4,12,0.0,,0.21432140469551086,0.6527287364006042,0.13294987380504608,0.21432140469551086,0,
2026-07-20_14-52-18.mp4,12,0.0,,0.2522389590740204,0.6566263437271118,0.09113478660583496,0.2522389590740204,1,
2026-07-20_11-37-14.mp4,12,0.0,,0.42056164145469666,0.3648114800453186,0.21462692320346832,0.42056164145469666,1,
2026-07-13_11-49-31.mp4,12,0.0,,0.22504857182502747,0.6901876330375671,0.08476381003856659,0.22504857182502747,0,
2026-07-10_14-20-07.mp4,12,0.0,,0.40010443329811096,0.5624450445175171,0.03745056688785553,0.40010443329811096,1,
2026-07-08_20-41-44.mp4,12,0.0,,0.5789071917533875,0.34757840633392334,0.07351446151733398,0.5789071917533875,1,
2026-07-15_18-29-25.mp4,12,0.0,,0.3658859431743622,0.5688782930374146,0.06523572653532028,0.3658859431743622,1,
2026-07-13_07-20-43.mp4,12,0.0,,0.2521936893463135,0.6463495492935181,0.10145676881074905,0.2521936893463135,1,
2026-07-09_14-42-12.mp4,12,0.0,,0.6232744455337524,0.32433655858039856,0.05238901451230049,0.6232744455337524,1,
2026-07-11_22-31-00.mp4,12,0.0,,0.3603374660015106,0.4600554406642914,0.17960712313652039,0.3603374660015106,1,
2026-07-05_16-26-40.mp4,12,0.0,,0.46267077326774597,0.4632246494293213,0.07410465180873871,0.46267077326774597,1,
2026-07-02_16-19-51.mp4,12,0.0,,0.3151848018169403,0.5246928930282593,0.1601223200559616,0.3151848018169403,1,
2026-07-24_05-22-58.mp4,12,0.0,,0.3069600462913513,0.5806342363357544,0.11240570992231369,0.3069600462913513,1,
2026-07-10_14-24-01.mp4,12,0.0,,0.33298414945602417,0.6196507811546326,0.047365039587020874,0.33298414945602417,1,
2026-07-02_23-44-07.mp4,12,0.0,,0.1437806487083435,0.7952297925949097,0.0609896257519722,0.1437806487083435,0,
2026-07-23_19-03-56.mp4,12,0.0,,0.3158816993236542,0.5802364349365234,0.10388185828924179,0.3158816993236542,1,
2026-07-03_11-01-26.mp4,12,0.0,,0.13690415024757385,0.8082521557807922,0.05484374612569809,0.13690415024757385,0,
2026-07-06_18-13-42.mp4,12,0.0,,0.35053694248199463,0.5142555236816406,0.13520750403404236,0.35053694248199463,1,
2026-07-06_02-55-58.mp4,12,0.0,,0.3248573839664459,0.5211257338523865,0.15401694178581238,0.3248573839664459,1,
2026-07-20_19-16-41.mp4,12,0.0,,0.1121433675289154,0.7870491743087769,0.10080751776695251,0.1121433675289154,0,
2026-07-04_18-01-03.mp4,12,0.0,,0.28503653407096863,0.6232290267944336,0.09173447638750076,0.28503653407096863,1,
2026-07-11_10-47-40.mp4,12,0.0,,0.440594345331192,0.4983980655670166,0.06100766733288765,0.440594345331192,1,
2026-07-23_16-32-41.mp4,12,0.0,,0.320420503616333,0.6169773936271667,0.06260208040475845,0.320420503616333,1,
2026-07-07_09-29-54.mp4,12,0.0,,0.3185790181159973,0.5391607284545898,0.14226028323173523,0.3185790181159973,1,
2026-07-03_21-27-47.mp4,12,0.0,,0.2838818430900574,0.6862872838973999,0.029830843210220337,0.2838818430900574,1,
2026-07-22_01-54-34.mp4,12,0.0,,0.35061824321746826,0.5475414991378784,0.10184026509523392,0.35061824321746826,1,
2026-07-25_11-31-21.mp4,12,0.0,,0.4390106201171875,0.41031330823898315,0.15067611634731293,0.4390106201171875,1,
2026-07-12_18-19-29.mp4,12,0.08333333333333333,10.111142645872244,0.26516175270080566,0.5082143545150757,0.22662384808063507,0.24306493997573853,0,
2026-07-12_12-21-05.mp4,12,0.0,,0.13631099462509155,0.6123014688491821,0.2513875663280487,0.13631099462509155,0,
2026-07-20_19-34-59.mp4,12,0.0,,0.3215259909629822,0.3446219861507416,0.33385202288627625,0.3215259909629822,1,
2026-07-17_09-13-25.mp4,12,0.0,,0.24949797987937927,0.5656841397285461,0.18481789529323578,0.24949797987937927,0,
2026-07-08_19-34-20.mp4,12,0.0,,0.48352372646331787,0.3870561122894287,0.1294202208518982,0.48352372646331787,1,
2026-07-25_23-35-50.mp4,12,0.0,,0.38205486536026,0.546198308467865,0.07174686342477798,0.38205486536026,1,
2026-07-23_15-44-53.mp4,12,0.0,,0.35168159008026123,0.5669205188751221,0.0813978761434555,0.35168159008026123,1,
2026-07-10_22-24-24.mp4,12,0.0,,0.21369996666908264,0.49988824129104614,0.286411851644516,0.21369996666908264,0,
2026-07-01_21-17-41.mp4,12,0.0,,0.21746070683002472,0.5497462749481201,0.23279310762882233,0.21746070683002472,0,
2026-07-25_20-25-34.mp4,12,0.25,40.42590841984299,0.4073345363140106,0.5036939382553101,0.08897160738706589,0.30550090223550797,1,
2026-07-26_04-29-53.mp4,12,0.0,,0.49680373072624207,0.44868892431259155,0.05450735241174698,0.49680373072624207,1,
2026-07-21_06-13-53.mp4,12,0.0,,0.25054457783699036,0.5674275159835815,0.1820279061794281,0.25054457783699036,1,
2026-07-02_15-32-57.mp4,12,0.0,,0.2781919240951538,0.5426958203315735,0.1791122555732727,0.2781919240951538,1,
2026-07-03_11-00-50.mp4,12,0.0,,0.1524295210838318,0.7647799849510193,0.08279049396514893,0.1524295210838318,0,
2026-07-02_03-23-16.mp4,12,0.0,,0.19985084235668182,0.5659757256507874,0.2341734915971756,0.19985084235668182,0,
2026-07-19_00-00-56.mp4,12,0.0,,0.1765914261341095,0.5422198176383972,0.2811887562274933,0.1765914261341095,0,
2026-07-20_15-08-06.mp4,12,0.0,,0.1463284194469452,0.7838669419288635,0.06980464607477188,0.1463284194469452,0,
2026-07-22_07-49-37.mp4,12,0.0,,0.47567635774612427,0.40637555718421936,0.11794812977313995,0.47567635774612427,1,
2026-07-25_12-46-02.mp4,12,0.08333333333333333,3.4300028615949567,0.24290163815021515,0.5537523627281189,0.20334602892398834,0.22265983497103053,0,
2026-07-14_13-58-02.mp4,12,0.0,,0.2403121143579483,0.6163867115974426,0.14330120384693146,0.2403121143579483,0,
2026-07-05_12-23-14.mp4,12,0.0,,0.2728902995586395,0.5597778558731079,0.16733190417289734,0.2728902995586395,1,
2026-07-20_22-53-51.mp4,12,0.0,,0.16574686765670776,0.6086722016334534,0.22558096051216125,0.16574686765670776,0,
2026-07-17_13-24-40.mp4,12,0.0,,0.5467090010643005,0.37258872389793396,0.08070231974124908,0.5467090010643005,1,
2026-07-10_16-45-53.mp4,12,0.0,,0.23962515592575073,0.5558977723121643,0.20447711646556854,0.23962515592575073,0,
2026-07-16_21-41-14.mp4,12,0.0,,0.2622930407524109,0.5339971780776978,0.20370976626873016,0.2622930407524109,1,
2026-07-14_14-55-01.mp4,12,0.0,,0.24215978384017944,0.5971415042877197,0.16069872677326202,0.24215978384017944,0,
2026-07-18_11-26-34.mp4,12,0.0,,0.28851550817489624,0.5662945508956909,0.14518991112709045,0.28851550817489624,1,
2026-07-03_00-27-08.mp4,12,0.0,,0.14853535592556,0.7597496509552002,0.0917150229215622,0.14853535592556,0,
2026-07-06_01-28-35.mp4,12,0.0,,0.17139515280723572,0.7204655408859253,0.1081392914056778,0.17139515280723572,0,
2026-07-09_16-21-17.mp4,11,0.09090909090909091,1.236609798388526,0.23773722350597382,0.6414536237716675,0.1208091601729393,0.21612474864179437,0,
2026-07-17_23-07-42.mp4,12,0.0,,0.313505619764328,0.5513322949409485,0.1351621448993683,0.313505619764328,1,
2026-07-24_23-31-59.mp4,12,0.0,,0.295866459608078,0.576244592666626,0.1278890073299408,0.295866459608078,1,
2026-07-08_22-17-58.mp4,12,0.0,,0.30752032995224,0.4993675947189331,0.1931120753288269,0.30752032995224,1,
2026-07-08_17-28-41.mp4,12,0.0,,0.2860836386680603,0.5245257019996643,0.1893906593322754,0.2860836386680603,1,
2026-07-03_01-42-25.mp4,12,0.0,,0.19645029306411743,0.6718454957008362,0.13170422613620758,0.19645029306411743,0,
2026-07-10_11-02-52.mp4,12,0.0,,0.33049532771110535,0.6140251159667969,0.0554795041680336,0.33049532771110535,1,
2026-07-09_21-47-26.mp4,12,0.0,,0.32915258407592773,0.598551332950592,0.0722961276769638,0.32915258407592773,1,
2026-07-01_18-41-02.mp4,12,0.0,,0.388477623462677,0.40497851371765137,0.20654386281967163,0.388477623462677,1,
2026-07-08_15-56-47.mp4,12,0.0,,0.28354743123054504,0.5797945261001587,0.13665813207626343,0.28354743123054504,1,
2026-07-10_11-10-21.mp4,12,0.0,,0.4050382077693939,0.5319147706031799,0.06304705142974854,0.4050382077693939,1,
2026-07-02_15-48-45.mp4,12,0.0,,0.30267333984375,0.5957645773887634,0.10156205296516418,0.30267333984375,1,
2026-07-15_08-53-14.mp4,12,0.0,,0.28298720717430115,0.5416184067726135,0.17539437115192413,0.28298720717430115,1,
2026-07-04_19-05-36.mp4,12,0.0,,0.39312511682510376,0.5618497133255005,0.045025281608104706,0.39312511682510376,1,
2026-07-07_14-04-21.mp4,12,0.0,,0.21179576218128204,0.7361960411071777,0.05200828239321709,0.21179576218128204,0,
2026-07-14_03-14-08.mp4,12,0.0,,0.19739912450313568,0.6322944164276123,0.1703065037727356,0.19739912450313568,0,
2026-07-02_03-13-10.mp4,12,0.0,,0.2370602935552597,0.5939081907272339,0.1690315455198288,0.2370602935552597,0,
2026-07-14_16-37-54.mp4,12,0.0,,0.28516924381256104,0.5976753234863281,0.11715546250343323,0.28516924381256104,1,
2026-07-25_11-28-33.mp4,12,0.0,,0.41741645336151123,0.44781360030174255,0.1347699761390686,0.41741645336151123,1,
2026-07-04_00-56-53.mp4,12,0.0,,0.24291637539863586,0.6563283205032349,0.10075534135103226,0.24291637539863586,0,
2026-07-06_20-48-52.mp4,12,0.0,,0.3585197329521179,0.4848950505256653,0.15658526122570038,0.3585197329521179,1,
2026-07-14_19-00-19.mp4,12,0.0,,0.289706826210022,0.6399451494216919,0.07034803926944733,0.289706826210022,1,
2026-07-14_15-02-13.mp4,12,0.0,,0.19992321729660034,0.6139734983444214,0.18610329926013947,0.19992321729660034,0,
2026-07-13_21-27-17.mp4,12,0.0,,0.19647708535194397,0.6930779218673706,0.1104450449347496,0.19647708535194397,0,
2026-07-05_15-23-46.mp4,12,0.0,,0.2371801882982254,0.6940579414367676,0.0687619298696518,0.2371801882982254,0,
2026-07-15_12-57-35.mp4,12,0.0,,0.25349679589271545,0.5521338582038879,0.194369375705719,0.25349679589271545,1,
2026-07-20_09-15-57.mp4,12,0.0,,0.2060704082250595,0.6797581911087036,0.11417137086391449,0.2060704082250595,0,
2026-07-13_10-55-13.mp4,12,0.0,,0.26575684547424316,0.6082150936126709,0.12602806091308594,0.26575684547424316,1,
2026-07-08_22-38-40.mp4,12,0.0,,0.3692609369754791,0.5017030239105225,0.1290360391139984,0.3692609369754791,1,
2026-07-03_01-24-49.mp4,12,0.0,,0.19093790650367737,0.7041746377944946,0.10488750785589218,0.19093790650367737,0,
2026-07-15_13-49-10.mp4,12,0.0,,0.3187234401702881,0.5043254494667053,0.17695112526416779,0.3187234401702881,1,
2026-07-25_07-43-54.mp4,12,0.0,,0.3041346073150635,0.6175369024276733,0.07832855731248856,0.3041346073150635,1,
2026-06-30_13-05-55.mp4,12,0.0,,0.26223939657211304,0.43891239166259766,0.2988482415676117,0.26223939657211304,1,
2026-07-07_06-17-08.mp4,12,0.0,,0.210811048746109,0.667625367641449,0.12156365811824799,0.210811048746109,0,
2026-07-05_05-56-41.mp4,12,0.0,,0.27825117111206055,0.6838257312774658,0.037923045456409454,0.27825117111206055,1,
2026-07-07_02-10-46.mp4,12,0.0,,0.4497934877872467,0.5022486448287964,0.047957923263311386,0.4497934877872467,1,
2026-07-09_14-09-30.mp4,12,0.0,,0.7151203751564026,0.24595792591571808,0.038921717554330826,0.7151203751564026,1,
2026-07-10_12-35-51.mp4,12,0.0,,0.6006526350975037,0.3407473862171173,0.058600008487701416,0.6006526350975037,1,
2026-07-23_06-10-11.mp4,12,0.0,,0.49690890312194824,0.3955279290676117,0.10756319016218185,0.49690890312194824,1,
2026-07-21_09-06-09.mp4,12,0.0,,0.41982632875442505,0.4479627311229706,0.13221102952957153,0.41982632875442505,1,
2026-07-05_10-19-03.mp4,12,0.0,,0.3252599835395813,0.602936863899231,0.07180317491292953,0.3252599835395813,1,
2026-07-12_21-22-33.mp4,12,0.0,,0.3618886172771454,0.432321161031723,0.20579023659229279,0.3618886172771454,1,
2026-07-05_08-25-28.mp4,12,0.0,,0.40065106749534607,0.49808642268180847,0.10126253217458725,0.40065106749534607,1,
2026-07-18_15-45-44.mp4,11,0.0,,0.44731605052948,0.4205898642539978,0.1320941299200058,0.44731605052948,1,
2026-07-13_19-37-31.mp4,12,0.0,,0.46908465027809143,0.5009637475013733,0.029951605945825577,0.46908465027809143,1,
2026-07-05_02-13-53.mp4,12,0.0,,0.2704154849052429,0.6925407648086548,0.03704375773668289,0.2704154849052429,1,
2026-07-08_14-48-36.mp4,12,0.0,,0.438719779253006,0.508865237236023,0.05241497978568077,0.438719779253006,1,
2026-07-11_12-52-26.mp4,12,0.0,,0.2809770405292511,0.6303838491439819,0.08863910287618637,0.2809770405292511,1,
2026-07-03_01-37-01.mp4,12,0.0,,0.18976278603076935,0.7499825954437256,0.06025462597608566,0.18976278603076935,0,
2026-07-20_19-20-29.mp4,12,0.0,,0.13680732250213623,0.7773844003677368,0.08580821752548218,0.13680732250213623,0,
2026-07-15_08-08-44.mp4,12,0.0,,0.36756110191345215,0.47366639971733093,0.1587725728750229,0.36756110191345215,1,
2026-07-12_21-18-39.mp4,12,0.0,,0.24832801520824432,0.4666888117790222,0.28498318791389465,0.24832801520824432,0,
2026-07-04_03-05-31.mp4,12,0.0,,0.42203810811042786,0.4567232131958008,0.12123873829841614,0.42203810811042786,1,
2026-07-03_12-47-43.mp4,12,0.0,,0.31159889698028564,0.5758817791938782,0.11251945793628693,0.31159889698028564,1,
2026-07-22_22-38-22.mp4,12,0.0,,0.2706644833087921,0.42671293020248413,0.30262261629104614,0.2706644833087921,1,
2026-07-07_07-33-49.mp4,12,0.0,,0.21678811311721802,0.7427399754524231,0.04047190025448799,0.21678811311721802,0,
2026-07-24_22-27-11.mp4,12,0.0,,0.3035683333873749,0.5596595406532288,0.13677218556404114,0.3035683333873749,1,
2026-07-10_11-12-27.mp4,12,0.0,,0.40174877643585205,0.523359477519989,0.07489168643951416,0.40174877643585205,1,
2026-07-12_14-37-48.mp4,12,0.08333333333333333,1.6488948269689585,0.18811467289924622,0.6383687257766724,0.1735166758298874,0.17243845015764236,0,
2026-07-02_03-23-04.mp4,12,0.0,,0.19449059665203094,0.601587176322937,0.20392224192619324,0.19449059665203094,0,
2026-07-07_12-29-34.mp4,12,0.0,,0.2442137897014618,0.669012725353241,0.08677345514297485,0.2442137897014618,0,
2026-07-05_13-09-08.mp4,12,0.08333333333333333,4.620684118313701,0.2236882746219635,0.5753139853477478,0.20099776983261108,0.2050475850701332,0,
2026-07-02_03-30-28.mp4,12,0.0,,0.21581026911735535,0.5913841724395752,0.19280561804771423,0.21581026911735535,0,
2026-07-04_02-42-22.mp4,12,0.0,,0.32479915022850037,0.6064593195915222,0.0687415599822998,0.32479915022850037,1,
2026-07-05_19-59-47.mp4,12,0.5833333333333334,2.7062694768941142,0.2264690101146698,0.6647020578384399,0.10882891714572906,0.09436208754777907,0,
2026-07-16_18-58-58.mp4,12,0.0,,0.28561779856681824,0.5601834654808044,0.15419873595237732,0.28561779856681824,1,
2026-07-25_19-46-52.mp4,12,0.0,,0.3103552758693695,0.5946090221405029,0.09503573179244995,0.3103552758693695,1,
2026-07-09_12-16-56.mp4,12,0.0,,0.2753561735153198,0.6140389442443848,0.1106048971414566,0.2753561735153198,1,
2026-07-06_05-58-38.mp4,12,0.0,,0.2914643883705139,0.5765640139579773,0.13197165727615356,0.2914643883705139,1,
2026-07-11_05-51-38.mp4,12,0.0,,0.39833328127861023,0.4485461711883545,0.15312062203884125,0.39833328127861023,1,
2026-07-20_12-30-37.mp4,12,0.0,,0.2594313621520996,0.6855195760726929,0.05504917353391647,0.2594313621520996,1,
2026-07-10_12-27-57.mp4,12,0.0,,0.6263669729232788,0.3497978448867798,0.023835189640522003,0.6263669729232788,1,
2026-07-01_12-38-54.mp4,12,0.0,,0.215762659907341,0.44322842359542847,0.34100890159606934,0.215762659907341,0,
2026-07-22_15-16-01.mp4,12,0.0,,0.40367287397384644,0.5392168164253235,0.05711031332612038,0.40367287397384644,1,
2026-07-22_13-43-38.mp4,12,0.0,,0.6004225015640259,0.2931467592716217,0.10643079876899719,0.6004225015640259,1,
2026-07-23_15-32-11.mp4,12,0.0,,0.3628493547439575,0.5948886871337891,0.042262040078639984,0.3628493547439575,1,
2026-07-05_15-51-34.mp4,12,0.0,,0.28882908821105957,0.6868435740470886,0.02432732656598091,0.28882908821105957,1,
2026-07-02_05-18-40.mp4,12,0.0,,0.28920185565948486,0.5619863867759705,0.14881189167499542,0.28920185565948486,1,
2026-07-08_14-04-31.mp4,12,0.0,,0.19613300263881683,0.6589007377624512,0.1449662446975708,0.19613300263881683,0,
2026-07-05_00-56-00.mp4,12,0.0,,0.294440358877182,0.5961436629295349,0.10941600799560547,0.294440358877182,1,
2026-07-23_12-35-25.mp4,12,0.5,2.8240784679284965,0.22397737205028534,0.6731617450714111,0.1028609499335289,0.11198868602514267,0,
2026-07-02_14-28-58.mp4,12,0.0,,0.33269450068473816,0.5050148367881775,0.16229070723056793,0.33269450068473816,1,
2026-07-22_09-01-23.mp4,12,0.0,,0.3942059278488159,0.5472173094749451,0.058576736599206924,0.3942059278488159,1,
2026-07-06_00-32-12.mp4,12,0.0,,0.2115655541419983,0.7229515314102173,0.06548292934894562,0.2115655541419983,0,
2026-07-10_17-23-21.mp4,12,0.0,,0.20044034719467163,0.6762032508850098,0.12335643917322159,0.20044034719467163,0,
2026-07-12_13-50-49.mp4,12,0.0,,0.20825567841529846,0.4511029124259949,0.34064143896102905,0.20825567841529846,0,
2026-07-04_14-50-12.mp4,12,0.0,,0.24349959194660187,0.6753449440002441,0.08115547150373459,0.24349959194660187,0,
2026-07-24_19-30-31.mp4,12,0.0,,0.340390145778656,0.5474737882614136,0.11213607341051102,0.340390145778656,1,
2026-07-14_23-12-20.mp4,12,0.0,,0.30187374353408813,0.5978862047195435,0.10024002194404602,0.30187374353408813,1,
2026-07-18_11-45-40.mp4,12,0.08333333333333333,52.15198088210733,0.12714582681655884,0.7594943046569824,0.11335982382297516,0.11655034124851227,0,
2026-07-02_03-32-04.mp4,12,0.0,,0.19936279952526093,0.6186594367027283,0.18197782337665558,0.19936279952526093,0,
2026-07-04_09-17-58.mp4,12,0.0,,0.4327366352081299,0.48968401551246643,0.07757940888404846,0.4327366352081299,1,
2026-07-10_10-33-40.mp4,12,0.0,,0.4913140833377838,0.41174519062042236,0.0969407856464386,0.4913140833377838,1,
2026-07-06_13-26-03.mp4,12,0.0,,0.36246684193611145,0.5457813739776611,0.09175184369087219,0.36246684193611145,1,
2026-07-21_11-17-31.mp4,12,0.0,,0.19937099516391754,0.5746195912361145,0.22600944340229034,0.19937099516391754,0,
2026-07-12_10-30-31.mp4,12,0.0,,0.20499123632907867,0.6288448572158813,0.16616399586200714,0.20499123632907867,0,
2026-07-21_05-59-47.mp4,12,0.0,,0.236504465341568,0.5716487169265747,0.19184686243534088,0.236504465341568,0,
2026-07-10_21-42-07.mp4,12,0.0,,0.4211176931858063,0.49985384941101074,0.07902851700782776,0.4211176931858063,1,
2026-07-06_23-43-00.mp4,12,0.0,,0.21624329686164856,0.5854960680007935,0.1982606053352356,0.21624329686164856,0,
2026-07-03_08-56-45.mp4,12,0.0,,0.26271510124206543,0.6852844953536987,0.05200047045946121,0.26271510124206543,1,
2026-07-13_12-36-24.mp4,12,0.0,,0.28477710485458374,0.6525641679763794,0.06265866756439209,0.28477710485458374,1,
2026-07-07_07-18-31.mp4,12,0.0,,0.38870635628700256,0.5460606217384338,0.06523307412862778,0.38870635628700256,1,
2026-07-26_04-37-53.mp4,12,0.08333333333333333,3.5854025849422846,0.43331006169319153,0.5152141451835632,0.051475781947374344,0.39720088988542557,1,
2026-07-23_09-04-57.mp4,12,0.16666666666666666,1.3568421254334868,0.44814059138298035,0.45703157782554626,0.09482784569263458,0.3734504928191503,1,
2026-07-19_11-21-03.mp4,12,0.0,,0.26802390813827515,0.5060698390007019,0.22590626776218414,0.26802390813827515,1,
2026-07-19_23-44-48.mp4,12,0.0,,0.2961657643318176,0.5719768404960632,0.1318574845790863,0.2961657643318176,1,
2026-07-22_14-13-08.mp4,12,0.0,,0.6245924234390259,0.2952539026737213,0.08015375584363937,0.6245924234390259,1,
2026-07-07_21-52-13.mp4,12,0.0,,0.33324527740478516,0.4669681191444397,0.19978663325309753,0.33324527740478516,1,
2026-07-23_20-55-51.mp4,12,0.0,,0.29606157541275024,0.5930191874504089,0.11091931909322739,0.29606157541275024,1,
2026-07-07_04-24-33.mp4,12,0.0,,0.20652636885643005,0.6686186790466309,0.12485501170158386,0.20652636885643005,0,
2026-07-21_12-58-36.mp4,12,0.0,,0.23784580826759338,0.6690955758094788,0.09305867552757263,0.23784580826759338,0,
2026-07-04_20-39-41.mp4,12,0.0,,0.3439830243587494,0.5924219489097595,0.06359504163265228,0.3439830243587494,1,
2026-07-02_20-30-19.mp4,12,0.0,,0.34192293882369995,0.5082653760910034,0.14981169998645782,0.34192293882369995,1,
2026-07-16_19-17-46.mp4,12,0.0,,0.3393218517303467,0.5512466430664062,0.10943154245615005,0.3393218517303467,1,
2026-07-12_14-13-36.mp4,12,0.0,,0.25386059284210205,0.37154725193977356,0.3745921850204468,0.25386059284210205,1,
2026-07-08_12-16-32.mp4,12,0.0,,0.36558330059051514,0.42360055446624756,0.2108161747455597,0.36558330059051514,1,
2026-07-03_03-53-35.mp4,12,0.0,,0.2053433358669281,0.7201084494590759,0.07454822212457657,0.2053433358669281,0,
2026-07-17_07-51-08.mp4,12,0.0,,0.24280379712581635,0.5583498477935791,0.19884639978408813,0.24280379712581635,0,
2026-07-21_15-22-53.mp4,12,0.0,,0.31260472536087036,0.5724814534187317,0.11491384357213974,0.31260472536087036,1,
2026-07-08_20-42-20.mp4,12,0.0,,0.5058843493461609,0.4144175946712494,0.0796981081366539,0.5058843493461609,1,
2026-07-24_07-29-45.mp4,12,0.0,,0.2443675994873047,0.6581518650054932,0.09748055040836334,0.2443675994873047,0,
2026-07-12_11-52-00.mp4,12,0.0,,0.18319708108901978,0.6738494038581848,0.1429535299539566,0.18319708108901978,0,
2026-07-02_04-04-03.mp4,12,0.0,,0.20943239331245422,0.6461376547813416,0.1444300264120102,0.20943239331245422,0,
2026-07-10_07-20-12.mp4,12,0.0,,0.26856544613838196,0.5823673605918884,0.1490672379732132,0.26856544613838196,1,
2026-07-08_04-14-17.mp4,12,0.0,,0.27761921286582947,0.5985106825828552,0.12387010455131531,0.27761921286582947,1,
2026-07-24_01-20-13.mp4,12,0.0,,0.34754666686058044,0.55506432056427,0.09738903492689133,0.34754666686058044,1,
2026-07-06_15-55-18.mp4,12,0.0,,0.34594666957855225,0.48667171597480774,0.1673816442489624,0.34594666957855225,1,
2026-07-22_01-44-28.mp4,12,0.0,,0.49149012565612793,0.3143172860145569,0.19419261813163757,0.49149012565612793,1,
2026-07-07_09-25-42.mp4,12,0.0,,0.24194854497909546,0.6596770882606506,0.09837442636489868,0.24194854497909546,0,
2026-07-12_04-43-10.mp4,12,0.0,,0.18470928072929382,0.6404721736907959,0.17481856048107147,0.18470928072929382,0,
2026-07-14_07-04-24.mp4,12,0.0,,0.31495025753974915,0.5622416138648987,0.12280815839767456,0.31495025753974915,1,
2026-07-09_07-53-04.mp4,12,0.0,,0.2326408326625824,0.6485452651977539,0.1188139095902443,0.2326408326625824,0,
2026-07-08_06-35-41.mp4,12,0.0,,0.2570244371891022,0.5875676274299622,0.15540799498558044,0.2570244371891022,1,
2026-07-03_07-22-40.mp4,12,0.0,,0.2714424729347229,0.606858491897583,0.12169905751943588,0.2714424729347229,1,
2026-07-14_16-35-48.mp4,12,0.0,,0.25726282596588135,0.59620201587677,0.14653518795967102,0.25726282596588135,1,
2026-07-01_23-44-50.mp4,12,0.0,,0.1661510318517685,0.6461105942726135,0.18773837387561798,0.1661510318517685,0,
2026-07-10_14-11-02.mp4,12,0.75,6.050864570903436,0.2836199104785919,0.6620495915412903,0.05433046445250511,0.07090497761964798,0,
2026-07-04_23-40-09.mp4,12,0.0,,0.26836636662483215,0.6557618379592896,0.07587182521820068,0.26836636662483215,1,
2026-07-07_00-14-36.mp4,12,0.0,,0.4518587589263916,0.5139340758323669,0.03420720994472504,0.4518587589263916,1,
2026-07-26_00-56-55.mp4,12,0.0,,0.3833734393119812,0.5232232213020325,0.0934033915400505,0.3833734393119812,1,
2026-07-06_02-54-58.mp4,12,0.0,,0.38216632604599,0.5379576683044434,0.07987600564956665,0.38216632604599,1,
2026-07-06_00-43-18.mp4,12,0.0,,0.5231837630271912,0.4049760401248932,0.07184027135372162,0.5231837630271912,1,
2026-07-10_11-16-45.mp4,12,0.0,,0.4596048891544342,0.4812682569026947,0.05912686139345169,0.4596048891544342,1,
2026-07-11_18-49-21.mp4,12,0.0,,0.4435294270515442,0.4990464150905609,0.05742416903376579,0.4435294270515442,1,
2026-07-05_13-03-38.mp4,12,0.0,,0.27182286977767944,0.5799815654754639,0.14819559454917908,0.27182286977767944,1,
2026-07-22_13-42-38.mp4,12,0.0,,0.4533635973930359,0.4719089865684509,0.07472745329141617,0.4533635973930359,1,
2026-07-09_19-58-45.mp4,12,0.0,,0.2146817445755005,0.6235352158546448,0.16178305447101593,0.2146817445755005,0,
2026-07-03_19-50-54.mp4,12,0.0,,0.20087090134620667,0.6566983461380005,0.14243072271347046,0.20087090134620667,0,
2026-07-02_08-32-24.mp4,12,0.0,,0.23223154246807098,0.6739053130149841,0.09386321902275085,0.23223154246807098,0,
2026-07-14_06-39-55.mp4,12,0.0,,0.29344186186790466,0.5697856545448303,0.13677255809307098,0.29344186186790466,1,
2026-07-02_10-36-42.mp4,12,0.0,,0.2677581310272217,0.5214486718177795,0.21079324185848236,0.2677581310272217,1,
2026-07-11_13-47-42.mp4,12,0.0,,0.25754514336586,0.6646409630775452,0.07781385630369186,0.25754514336586,1,
2026-07-05_21-55-02.mp4,12,0.0,,0.23861064016819,0.690047025680542,0.0713423565030098,0.23861064016819,0,
2026-07-22_07-42-37.mp4,12,0.0,,0.2875032126903534,0.6022341847419739,0.11026255041360855,0.2875032126903534,1,
2026-07-03_07-19-22.mp4,12,0.0,,0.27336180210113525,0.6362578272819519,0.09038040786981583,0.27336180210113525,1,
2026-07-02_22-56-56.mp4,12,0.0,,0.31677451729774475,0.5561090111732483,0.12711647152900696,0.31677451729774475,1,
2026-07-15_09-57-19.mp4,12,0.0,,0.3330833315849304,0.5960795283317566,0.0708371102809906,0.3330833315849304,1,
2026-07-07_00-14-00.mp4,12,0.0,,0.5396522283554077,0.37950950860977173,0.08083828538656235,0.5396522283554077,1,
2026-07-05_16-29-21.mp4,12,0.0,,0.5920425057411194,0.33906805515289307,0.06888949871063232,0.5920425057411194,1,
2026-07-06_19-13-11.mp4,12,0.0,,0.3827349543571472,0.5147720575332642,0.10249294340610504,0.3827349543571472,1,
2026-07-20_15-26-24.mp4,12,0.0,,0.18088243901729584,0.7094758749008179,0.10964172333478928,0.18088243901729584,0,
2026-07-18_21-01-40.mp4,12,0.0,,0.2551059126853943,0.614797830581665,0.13009630143642426,0.2551059126853943,1,
2026-07-12_21-42-21.mp4,12,0.0,,0.3205864727497101,0.5049355030059814,0.17447806894779205,0.3205864727497101,1,
2026-07-10_10-09-28.mp4,12,0.0,,0.35274678468704224,0.5573627352714539,0.08989052474498749,0.35274678468704224,1,
2026-07-04_02-21-04.mp4,12,0.0,,0.2624947726726532,0.5696550607681274,0.16785016655921936,0.2624947726726532,1,
2026-07-11_16-58-06.mp4,12,0.0,,0.3276848793029785,0.6190930604934692,0.05322213098406792,0.3276848793029785,1,
2026-07-03_22-43-04.mp4,12,0.0,,0.17633727192878723,0.7100446820259094,0.11361806094646454,0.17633727192878723,0,
2026-07-06_07-06-07.mp4,12,0.0,,0.3300410807132721,0.5699642896652222,0.09999462217092514,0.3300410807132721,1,
2026-07-09_14-43-12.mp4,12,0.0,,0.6322426795959473,0.31539568305015564,0.0523616299033165,0.6322426795959473,1,
2026-07-09_20-29-15.mp4,12,0.0,,0.23943601548671722,0.7003318071365356,0.06023219972848892,0.23943601548671722,0,
2026-07-18_15-06-44.mp4,12,0.0,,0.18940043449401855,0.7236193418502808,0.08698022365570068,0.18940043449401855,0,
2026-07-10_14-23-01.mp4,12,0.0,,0.3417148292064667,0.6093870997428894,0.04889813810586929,0.3417148292064667,1,
2026-07-10_11-40-51.mp4,12,0.0,,0.453120619058609,0.4912857413291931,0.05559367313981056,0.453120619058609,1,
2026-07-02_14-27-46.mp4,12,0.0,,0.2977430820465088,0.4560202658176422,0.2462366670370102,0.2977430820465088,1,
2026-07-11_13-43-12.mp4,12,0.0,,0.293071985244751,0.6046700477600098,0.10225805640220642,0.293071985244751,1,
2026-07-20_19-59-23.mp4,12,0.0,,0.3358836770057678,0.3726617693901062,0.29145458340644836,0.3358836770057678,1,
2026-07-03_03-53-47.mp4,12,0.0,,0.23626554012298584,0.7066028118133545,0.05713172256946564,0.23626554012298584,0,
