file,ok,n_frames,fps,face_frac,roi_src,mar_bandratio,mar_fpeak,mar_rate,mar_reg,mar_amp,flow_bandratio,flow_fpeak,flow_reg,ctrl_bandratio,contrast,mouth_score,mar_json,flow_json,y_D9
2026-07-17_00-32-36.mp4,1,120.0,15.0,0.008,motion,0.0,0.0,0.0,0.0,0.0,0.3399,2.797,0.114,0.3243,1.779,0.0247,,"[0.0001, -0.0001, 0.0, 0.0003, -0.0001, 0.0001, 0.0006, 0.0003, -0.0, 0.0006, 0.0005, 0.0012, 0.0002, -0.0004, 0.0001, -0.0021, -0.0012, -0.0042, -0.0004, -0.0004, 0.0017, 0.0002, 0.0008, 0.0005, 0.0003, 0.0001, 0.0002, 0.0002, 0.0003, 0.0012, 0.0002, 0.0003, 0.0001, 0.0019, -0.0, -0.0001, 0.0001, -0.0075, 0.0024, 0.0047, 0.0002, 0.0002, -0.0025, -0.0025, 0.0021, 0.0002, 0.0002, -0.0, 0.0007, -0.0002, 0.0026, -0.0042, -0.0025, 0.0003, 0.0011, -0.0004, 0.0005, 0.0006, 0.0001, 0.0002, -0.0001, -0.0008, 0.0, 0.0007, 0.0002, 0.0002, 0.0004, -0.0003, 0.0, -0.0003, 0.0003, 0.0001, -0.001, 0.0002, -0.0, 0.0002, 0.0001, 0.0001, 0.0005, -0.0, 0.0, -0.0002, -0.0001, -0.0, -0.0001, -0.0, 0.0001, 0.0002, 0.0, 0.0004, 0.0001, 0.0002, 0.0002, 0.0009, 0.0003, -0.0013, -0.0006, 0.0017, 0.0001, 0.0, -0.0, 0.0002, 0.0002, -0.0014, -0.003, -0.0002, -0.0028, 0.0004, -0.0001, 0.0014, 0.002, 0.0009, 0.0002, 0.0019, 0.0035, 0.0007, 0.0007, 0.0005, -0.0007]",0.0
2026-07-23_08-48-21.mp4,1,120.0,15.0,0.0,motion,0.0,0.0,0.0,0.0,0.0,0.1943,2.797,0.758,0.4676,2.107,0.0999,,"[0.0001, -0.0, 0.0, 0.0001, -0.0002, -0.0, 0.0, 0.0, -0.0, 0.0001, 0.0, 0.0, -0.0002, -0.0009, 0.0001, 0.0001, -0.0001, -0.0004, 0.0001, 0.0, 0.0, -0.0001, -0.0, 0.0, 0.0, 0.0, 0.0, 0.0, 0.0, -0.0001, 0.0002, 0.0007, -0.0003, 0.0001, -0.0, -0.0, -0.0, -0.0, -0.0001, -0.0, -0.0, -0.0, 0.0, -0.0, -0.0, -0.0, -0.0, 0.0, -0.0, -0.0, -0.0, 0.0, -0.0, -0.0, -0.0, -0.0, -0.0, -0.0, 0.0, -0.0, 0.0, 0.0, 0.0, 0.0, 0.0, 0.0, -0.0, 0.0, 0.0, 0.0, 0.0, 0.0, 0.0, 0.0, -0.0, 0.0, -0.0, 0.0, 0.0, -0.0, 0.0, -0.0, 0.0, 0.0, -0.0, 0.0, 0.0, 0.0, -0.0, -0.0, -0.0, -0.0, -0.0, -0.0, -0.0, -0.0, 0.0, -0.0, -0.0, 0.0, 0.0, 0.0, 0.0, 0.0, 0.0, 0.0, 0.0, -0.0, -0.0, -0.0, -0.0, -0.0, -0.0, -0.0, -0.0, -0.0, -0.0, -0.0, -0.0]",0.0
2026-07-04_09-47-40.mp4,1,120.0,15.0,0.0,motion,0.0,0.0,0.0,0.0,0.0,0.5176,0.763,0.0,0.3589,99.0,0.0,,"[0.0001, -0.0003, 0.0002, 0.0001, -0.0001, -0.0001, -0.0001, -0.0001, -0.0001, -0.0, -0.0, -0.0, -0.0, -0.0001, -0.0, 0.0001, -0.0002, 0.0, -0.0002, -0.0, 0.0001, -0.0, 0.0, 0.0002, -0.0002, 0.0, -0.0, 0.0, 0.0, 0.0, 0.0, 0.0, -0.0, -0.0, 0.0001, -0.0, 0.0, -0.0, -0.0001, -0.0, 0.0, 0.0002, 0.0, 0.0, -0.0, -0.0, 0.0, -0.0, -0.0, -0.0, -0.0, 0.0, -0.0, -0.0, -0.0, -0.0, -0.0, 0.0, -0.0, 0.0, 0.0, 0.0, -0.0, -0.0, 0.0, 0.0001, -0.0, 0.0, -0.0, 0.0, -0.0, -0.0, 0.0, 0.0, -0.0, 0.0001, -0.0001, 0.0, -0.0, -0.0001, 0.0, 0.0, 0.0, -0.0, -0.0, 0.0006, 0.0008, 0.0028, 0.0036, 0.0037, 0.0037, 0.004, 0.0036, 0.0037, 0.0033, 0.003, 0.002, 0.0021, 0.002, -0.0023, -0.0084, -0.0092, -0.0654, -0.0128, -0.006, 0.0016, 0.0018, 0.0018, 0.0018, 0.0109, 0.0116, 0.0322, 0.0108, 0.0037, 0.0018, 0.0019, 0.0016, 0.0012, -0.0014]",0.0
2026-07-06_18-27-30.mp4,1,120.0,15.0,0.0,motion,0.0,0.0,0.0,0.0,0.0,0.3006,1.78,0.33,0.1495,15.145,0.093,,"[-0.0006, -0.0083, 0.0071, -0.0008, 0.0044, -0.0008, -0.0008, 0.0033, -0.0011, -0.0012, -0.0012, -0.0012, -0.0011, -0.0011, -0.0013, 0.0079, 0.0037, -0.0018, -0.0016, -0.0016, -0.0015, -0.0001, -0.0001, 0.0085, 0.0041, 0.0001, 0.0001, -0.003, 0.0001, 0.0055, 0.0002, 0.0092, 0.0025, 0.0005, 0.0005, 0.0034, -0.0424, 0.0002, 0.0009, -0.0025, 0.0008, 0.0007, 0.0009, 0.0008, 0.0013, 0.0007, 0.0013, 0.0013, 0.0012, 0.0014, 0.0011, 0.0107, 0.001, 0.0013, 0.0013, -0.0034, 0.0046, -0.0036, 0.0011, -0.0144, 0.0085, -0.0021, 0.0084, 0.0072, -0.0067, 0.0091, -0.0113, -0.0224, -0.0097, 0.0005, 0.0055, -0.0011, 0.001, 0.0051, 0.0006, -0.021, 0.0343, -0.0009, 0.002, 0.0008, 0.0006, 0.0008, 0.0002, -0.0005, -0.003, -0.0011, -0.0007, -0.0009, -0.0013, -0.0011, -0.0009, -0.0017, 0.0021, -0.0012, -0.001, -0.0013, 0.0008, 0.0053, -0.001, -0.0016, -0.0011, 0.0001, 0.0041, 0.0097, -0.0001, -0.0092, 0.0041, 0.0101, 0.0027, -0.0058, 0.0093, -0.0112, -0.0038, -0.0004, -0.0023, -0.0014, -0.0395, 0.0095, 0.0027]",0.0
2026-07-04_02-43-58.mp4,1,120.0,15.0,0.0,motion,0.0,0.0,0.0,0.0,0.0,0.5222,0.763,0.415,0.5868,0.001,0.0001,,"[0.0024, -0.0016, -0.003, 0.0009, -0.0057, -0.0024, 0.0011, -0.0002, 0.0005, -0.0089, -0.002, -0.0001, -0.0008, 0.0006, -0.005, 0.0006, 0.0009, 0.0009, 0.0022, 0.0015, 0.0008, 0.0006, 0.0005, -0.0004, -0.0029, -0.0021, -0.0007, -0.0002, -0.0013, -0.0006, -0.0009, -0.002, -0.0009, 0.0007, 0.0009, 0.0003, -0.001, 0.0001, 0.0146, 0.0073, 0.0025, -0.0008, -0.0008, -0.0026, 0.0019, -0.0024, -0.0031, -0.0011, -0.0009, -0.0006, -0.0007, -0.0009, -0.0011, -0.0007, 0.0002, -0.0003, -0.0003, 0.0005, 0.0002, -0.0007, 0.0002, 0.0003, 0.0007, -0.0005, -0.0057, 0.0033, 0.0004, 0.0003, 0.0002, 0.0007, 0.0009, -0.0002, 0.0005, 0.0007, 0.0003, 0.0002, 0.0002, -0.0007, 0.0012, -0.0021, -0.0023, -0.0002, -0.0017, -0.0011, 0.0002, 0.0007, -0.0003, -0.0002, -0.0004, -0.0004, -0.0006, 0.0003, 0.0022, 0.0052, 0.0005, -0.0023, -0.0014, -0.0016, -0.001, -0.0051, -0.0011, 0.0049, -0.0008, 0.0032, 0.0018, 0.0044, 0.0002, 0.0031, -0.0011, 0.0004, -0.0011, -0.0011, -0.0009, -0.0004, -0.0003, -0.0013, -0.0014, -0.0012, -0.0002]",0.0
2026-07-21_00-32-50.mp4,1,120.0,15.0,0.0,motion,0.0,0.0,0.0,0.0,0.0,0.2323,0.763,0.171,0.2347,1.373,0.023,,"[0.0, 0.0, 0.0, 0.0, 0.0, 0.0, 0.0, 0.0, -0.0, -0.0, -0.0, -0.0, -0.0, 0.0, 0.0, 0.0, 0.0, 0.0, 0.0, 0.0, -0.0, -0.0, 0.0, 0.0005, -0.0, -0.0, -0.0, -0.0, -0.0007, -0.0, -0.0004, 0.0002, -0.0, -0.0, -0.0, 0.0001, 0.0005, -0.0009, -0.0, 0.001, 0.0003, 0.0001, 0.0001, 0.0004, -0.0003, 0.0001, -0.0002, -0.0002, 0.0001, -0.0001, -0.0001, -0.0, -0.0001, 0.0001, -0.0001, 0.0, -0.0, -0.0, -0.0, 0.0, 0.0, -0.0, -0.0002, 0.0001, 0.0, -0.0, -0.0, -0.0, -0.0, -0.0, 0.0, -0.0, -0.0, 0.0002, -0.0, 0.0, -0.0, -0.0, -0.0, -0.0, -0.0, -0.0, -0.0, -0.0, -0.0, -0.0, 0.0, -0.0, -0.0, 0.0, -0.0, -0.0, -0.0, -0.0, -0.0001, 0.0, -0.0, -0.0, -0.0, -0.0, 0.0, -0.0002, 0.0001, 0.0002, -0.0002, 0.0004, -0.0, -0.0, -0.0, -0.0002, -0.0, -0.0, -0.0, -0.0, 0.0, -0.0, -0.0, -0.0, -0.0]",0.0
2026-07-05_03-44-46.mp4,1,90.0,15.0,0.0,motion,0.0,0.0,0.0,0.0,0.0,0.5051,1.271,0.545,0.1231,0.645,0.1079,,"[0.0001, -0.0002, -0.0002, 0.0001, -0.0, -0.0, -0.0002, -0.0, -0.0, -0.0, -0.0, 0.0002, -0.0, -0.0, -0.0, 0.0, 0.0, -0.0, -0.0, -0.0, -0.0, -0.0, -0.0, -0.0, -0.0, -0.0001, -0.0, -0.0, -0.0, -0.0, -0.0, -0.0001, 0.0001, -0.0, -0.0, -0.0, -0.0, -0.0, -0.0, -0.0, -0.0, -0.0, -0.0, -0.0, -0.0, -0.0, -0.0, -0.0, -0.0, -0.0, 0.0001, -0.0, -0.0, -0.0, -0.0, -0.0, 0.0001, -0.0, 0.0, 0.0003, -0.0, -0.0001, 0.0, -0.0002, -0.0004, -0.0, -0.0, -0.0, 0.0002, 0.0, 0.0001, 0.0003, 0.0, -0.0, 0.0001, -0.0001, 0.0, -0.0, 0.0, -0.0002, -0.0, -0.0, -0.0, -0.0, -0.0, -0.0, -0.0, 0.0, 0.0]",0.0
2026-07-12_12-22-05.mp4,1,120.0,15.0,0.0,motion,0.0,0.0,0.0,0.0,0.0,0.281,0.763,0.478,0.2225,0.428,0.0403,,"[-0.0002, -0.0009, -0.0011, 0.0002, 0.0013, 0.0003, -0.0001, 0.0005, 0.0007, 0.0009, 0.0001, 0.0005, 0.0002, 0.0002, -0.0002, -0.0001, -0.0006, -0.0003, -0.0001, -0.0006, -0.0004, -0.001, 0.0001, 0.0001, -0.0008, 0.001, 0.0001, 0.0003, 0.0004, 0.0003, 0.0003, -0.0002, 0.0004, 0.0012, 0.0002, 0.0002, -0.0, 0.0002, 0.0004, 0.0001, 0.0, -0.0043, -0.0006, -0.0004, -0.0005, -0.0001, 0.0003, 0.001, -0.0005, 0.0002, 0.0002, 0.0005, 0.002, 0.0004, 0.0009, 0.0008, 0.0015, 0.0003, 0.0009, -0.0003, -0.0, -0.0057, 0.0006, 0.0003, -0.0053, -0.0002, 0.0012, 0.0006, 0.0005, -0.0004, 0.0011, 0.0005, 0.0004, 0.0019, 0.0008, 0.0004, 0.0005, 0.0004, -0.0004, 0.0008, -0.0021, 0.0, -0.0007, -0.0016, 0.0002, -0.0008, -0.0002, -0.0002, -0.0001, 0.0002, 0.0001, 0.0001, 0.0004, 0.0002, 0.0004, 0.0002, 0.0011, 0.0004, 0.0007, -0.0, 0.0013, 0.0007, 0.0005, -0.0001, 0.0011, 0.0004, 0.0, 0.0, 0.0002, -0.0011, -0.0024, -0.0037, -0.0027, -0.0033, -0.002, -0.0025, -0.0016, -0.0084, 0.0024]",0.0
2026-06-30_13-06-43.mp4,1,120.0,15.0,0.0,motion,0.0,0.0,0.0,0.0,0.0,0.2531,1.525,0.198,0.5055,0.0,0.0,,"[0.0002, 0.0002, 0.0002, 0.0002, 0.0, 0.0005, 0.0003, 0.0008, -0.0001, -0.0006, -0.0035, -0.0028, 0.0012, 0.0002, 0.0001, -0.0004, 0.0008, 0.0004, -0.0003, 0.0, -0.0002, 0.0001, 0.0002, 0.0002, 0.0002, 0.0002, 0.0001, -0.0, 0.0003, -0.0003, -0.0, -0.0001, 0.0008, 0.0007, 0.0005, -0.0002, -0.0001, -0.0, -0.0, -0.0002, -0.0003, 0.0, -0.0001, 0.0, -0.0001, -0.0003, -0.0001, -0.0001, -0.0, 0.0, 0.0001, 0.0003, 0.0001, 0.0001, 0.0002, -0.0, 0.0, 0.0007, 0.0002, 0.0004, 0.0002, 0.0002, 0.0002, -0.0001, -0.0001, -0.0006, 0.0003, -0.0002, -0.0009, -0.0002, 0.0003, -0.0004, 0.0002, -0.0027, -0.0001, 0.0003, 0.0003, -0.0007, 0.0, 0.0001, 0.0006, -0.0, 0.0002, 0.0002, -0.0001, 0.0011, -0.0001, 0.0002, 0.0003, -0.0, 0.0, 0.0, 0.0, -0.0, -0.0, -0.0, -0.0, -0.0, -0.0, -0.0, -0.0, 0.0, 0.0, -0.0, 0.0, 0.0, 0.0, 0.0, 0.0, 0.0, -0.0, 0.0, 0.0, -0.0, 0.0, 0.0, 0.0, 0.0, -0.0]",0.0
2026-07-21_11-19-49.mp4,1,120.0,15.0,0.0,motion,0.0,0.0,0.0,0.0,0.0,0.3126,0.763,0.413,0.3171,58.941,0.1269,,"[-0.0206, 0.0207, 0.0186, 0.0172, 0.0159, 0.0145, 0.0132, 0.0118, 0.0105, 0.0091, 0.0078, 0.0064, 0.0149, 0.0037, 0.0024, 0.001, -0.0003, -0.0003, -0.0003, -0.0003, -0.0003, -0.0003, -0.0003, -0.0003, -0.0003, -0.0003, -0.0003, -0.0003, 0.0, 0.0, 0.0, 0.0, 0.0, 0.0, 0.0, 0.0, 0.0, 0.0, 0.0, 0.0, 0.0, 0.0, 0.0, 0.0, -0.0017, -0.0013, -0.0013, -0.0013, -0.0013, -0.0013, -0.0013, -0.0013, -0.0013, -0.0013, -0.0013, -0.0013, -0.0013, -0.0013, -0.0013, 0.0382, -0.0013, -0.0013, -0.0013, -0.0013, -0.0013, -0.0013, -0.0013, -0.0013, -0.0013, -0.0013, -0.0013, -0.0013, -0.0013, -0.0013, -0.0013, -0.0, -0.0, -0.0, -0.0, -0.0, -0.0, -0.0, -0.0, -0.0001, -0.0001, -0.0001, -0.0001, -0.0001, -0.0001, -0.0001, -0.0001, -0.0, -0.0, -0.0, -0.0, -0.0009, -0.0009, -0.0002, 0.003, -0.0002, -0.0013, -0.0002, -0.0002, -0.0002, -0.0002, -0.0002, -0.0009, -0.0002, -0.0002, -0.0002, 0.027, -0.0002, -0.024, -0.0001, -0.0, 0.001, -0.0001, -0.0001, -0.0001]",0.0
2026-07-25_11-26-39.mp4,1,120.0,15.0,0.0,motion,0.0,0.0,0.0,0.0,0.0,0.3416,0.763,0.0,0.3663,8.46,0.0,,"[0.0022, -0.0273, -0.0106, -0.0078, -0.0044, -0.0045, 0.0015, 0.0015, 0.002, 0.0019, 0.0026, -0.0, 0.0021, 0.0029, 0.0018, 0.0026, 0.0023, 0.0014, 0.0009, 0.0006, -0.0003, 0.0002, 0.0001, 0.0001, 0.0001, 0.0001, 0.0002, 0.0, -0.0019, 0.0005, 0.0001, 0.0004, 0.0, 0.0, -0.0002, 0.0001, -0.0, 0.0, 0.0001, 0.0, 0.0002, 0.0, 0.0002, 0.0002, -0.0, -0.0001, -0.0, -0.0, -0.0, 0.0003, -0.0, -0.0, -0.0, -0.0, -0.0, -0.0, -0.0, -0.0, 0.0, 0.0, -0.0004, -0.0, -0.0, -0.0, -0.0, -0.0001, -0.0001, -0.0002, -0.0001, -0.0001, -0.0002, -0.0001, -0.0001, -0.0001, -0.0001, 0.0016, -0.0002, -0.0003, -0.0002, -0.0002, -0.0002, 0.0012, 0.0021, -0.0004, -0.0002, -0.0002, -0.0002, -0.0002, -0.0002, -0.0001, 0.0, 0.0001, 0.0001, 0.0001, 0.0001, 0.0001, 0.0017, 0.0001, 0.0002, 0.0002, -0.0016, 0.0005, 0.0003, 0.0003, -0.0017, -0.0043, 0.0003, 0.0004, 0.0006, -0.0, 0.0002, 0.0002, 0.0003, 0.0003, 0.0001, 0.0003, -0.001, 0.0003, 0.0003]",0.0
2026-07-03_05-58-29.mp4,1,120.0,15.0,0.0,motion,0.0,0.0,0.0,0.0,0.0,0.3176,0.763,0.028,0.4195,10.641,0.0082,,"[-0.0, 0.0001, -0.0002, 0.0002, -0.0001, -0.0001, -0.0001, -0.0003, 0.0003, -0.0001, -0.0001, 0.0, -0.0001, -0.0001, -0.0001, 0.0002, -0.0001, 0.0004, -0.0001, 0.0007, -0.0001, -0.0001, -0.0001, -0.0001, -0.0, -0.0, -0.0, -0.0, -0.0, -0.0, -0.0, -0.0, -0.0, -0.0, -0.0, 0.0, 0.0, 0.0, 0.0, 0.0, 0.0, 0.0, 0.0, 0.0, -0.0, -0.0, -0.0, -0.0, -0.0, -0.0, -0.0, -0.0, -0.0, 0.0001, 0.0001, 0.0001, 0.0001, 0.0001, 0.0001, 0.0001, 0.0001, 0.0001, 0.0001, 0.0001, 0.0001, 0.0001, 0.0001, 0.0001, -0.002, 0.0001, 0.0001, 0.0001, 0.0001, 0.0001, 0.0001, 0.0001, 0.0001, 0.0001, 0.0001, 0.0001, 0.0001, 0.0001, 0.0001, 0.0001, -0.0, 0.0, 0.0, 0.0, 0.0, 0.0, 0.0, 0.0, 0.0, 0.0, 0.0, 0.0, 0.0, 0.0, 0.0, 0.0, 0.0, 0.0, 0.0, 0.0, 0.0, 0.0001, 0.0001, 0.0001, 0.0001, 0.0001, 0.0002, 0.0002, 0.0002, 0.0003, 0.0003, 0.0003, 0.0003, 0.0004, -0.0003]",0.0
2026-07-02_16-19-51.mp4,1,120.0,15.0,0.0,motion,0.0,0.0,0.0,0.0,0.0,0.417,1.78,0.494,0.3256,0.002,0.0004,,"[0.0, 0.0, 0.0, -0.0, -0.0, -0.0, -0.0, 0.0001, -0.0, 0.0002, -0.0, -0.0, 0.0, -0.0, -0.0, 0.0001, -0.0, -0.0, -0.0, -0.0, -0.0, -0.0, -0.0, -0.0, -0.0, -0.0, -0.0, -0.0, -0.0, -0.0, -0.0, -0.0, -0.0, -0.0, -0.0, -0.0, 0.0, 0.0, -0.0, 0.0004, 0.0006, -0.0001, -0.0, -0.0001, -0.0, -0.0, -0.0, -0.0, -0.0, -0.0, -0.0003, -0.0009, -0.0001, -0.0, -0.0001, 0.0021, -0.0002, -0.0001, -0.0001, -0.0002, -0.0, -0.0, -0.0, -0.0, 0.0, -0.0, -0.0, -0.0001, -0.0001, -0.0001, -0.0001, 0.0, 0.0, 0.0, 0.0, -0.0, -0.0, -0.0, -0.0, -0.0, 0.0, 0.0, 0.0, 0.0, 0.0, 0.0, 0.0, 0.0, 0.0, 0.0, 0.0, 0.0, 0.0, 0.0, 0.0, 0.0, 0.0, 0.0, 0.0, 0.0, 0.0, 0.0, 0.0, -0.0, 0.0, 0.0, 0.0, 0.0, 0.0, 0.0, -0.0, 0.0, -0.0, -0.0, 0.0, -0.0001, 0.0, -0.0, 0.0]",0.0
2026-07-01_21-51-28.mp4,1,120.0,15.0,0.0,motion,0.0,0.0,0.0,0.0,0.0,0.3376,0.763,0.696,0.2463,0.536,0.082,,"[0.0001, -0.0009, 0.0016, -0.0001, 0.0011, -0.0001, -0.0001, -0.0001, -0.0002, -0.0001, -0.0001, -0.0001, -0.0017, -0.0, -0.0, -0.0, 0.0, 0.0, 0.0001, 0.0001, 0.0001, 0.0001, 0.0001, 0.0001, 0.0001, 0.0001, 0.0001, 0.0001, 0.0001, 0.0001, 0.0001, -0.0015, -0.0011, 0.0001, 0.0001, 0.0001, 0.0001, 0.0001, 0.0001, 0.0001, 0.0001, 0.0001, 0.0001, 0.0001, 0.0001, 0.0001, 0.0001, 0.0, -0.0, -0.0, -0.0, -0.0, -0.0, -0.0, -0.0, -0.0, -0.0, -0.0, -0.0, 0.0005, -0.0, -0.0002, -0.0, 0.0001, -0.0, -0.0, -0.0, -0.0, -0.0, -0.0, -0.0, -0.0, -0.0, -0.0, -0.0, 0.0, 0.0, -0.0, -0.0, -0.0, -0.0, -0.0, -0.0, -0.0, -0.0, -0.0, -0.0002, -0.0002, -0.0002, -0.0002, -0.0002, -0.0002, -0.0002, -0.0002, -0.0002, -0.0002, -0.0002, 0.0, -0.0004, -0.0002, -0.0002, 0.0065, -0.0006, -0.0003, -0.0002, -0.0002, -0.0002, -0.0002, -0.0002, -0.0002, -0.0002, -0.0002, -0.0002, -0.0002, -0.0002, -0.0002, -0.0002, 0.0, 0.0]",0.0
2026-07-10_21-07-01.mp4,1,120.0,15.0,0.0,motion,0.0,0.0,0.0,0.0,0.0,0.397,2.542,0.476,0.3211,0.013,0.0025,,"[0.0, 0.0002, 0.0, -0.0, -0.0, -0.0, -0.0, -0.0, -0.0, -0.0, -0.0, -0.0, -0.0, -0.0, -0.0, -0.0, -0.0, -0.0, 0.0, -0.0, 0.0, -0.0, -0.0, 0.0, 0.0, 0.0, -0.0, -0.0, -0.0, -0.0, -0.0, -0.0, -0.0, -0.0, -0.0, -0.0, -0.0, -0.0, -0.0, -0.0, 0.0, 0.0, 0.0, 0.0, 0.0, 0.0, 0.0, 0.0, 0.0, 0.0, 0.0, 0.0, 0.0, -0.0, 0.0, 0.0, 0.0, 0.0, -0.0, -0.0, 0.0, -0.0, -0.0, -0.0, -0.0, -0.0, -0.0, -0.0, -0.0, -0.0, -0.0, -0.0, 0.0, 0.0, 0.0, -0.0, 0.0, -0.0, -0.0, -0.0, 0.0, -0.0, -0.0, -0.0, -0.0, -0.0, -0.0, -0.0, -0.0, 0.0, 0.0, 0.0, 0.0, 0.0, 0.0, 0.0, 0.0, 0.0, 0.0, 0.0, 0.0, 0.0, 0.0, 0.0, -0.0, 0.0, 0.0, 0.0, 0.0, 0.0, 0.0, 0.0, 0.0, 0.0, 0.0, 0.0, -0.0, 0.0, 0.0]",0.0
2026-07-04_16-56-00.mp4,1,94.0,15.0,0.383,motion,0.0,0.0,0.0,0.0,0.0,0.3943,1.271,0.0,0.4433,99.0,0.0,,"[-0.0, 0.0001, -0.0001, 0.0, 0.0, 0.0, 0.0, 0.0, -0.0, -0.0, 0.0, 0.0, 0.0, -0.0, -0.0, -0.0, -0.0, -0.0, -0.0, -0.0, -0.0, 0.0002, -0.0, -0.0, 0.0003, -0.0004, -0.0001, -0.0, 0.0005, -0.0, -0.0, -0.0, -0.0, -0.0, -0.0, -0.0, -0.0, -0.0, -0.0, 0.0, -0.0, -0.0, -0.0, -0.0031, -0.0194, -0.0251, -0.0281, -0.0369, -0.04, -0.0401, -0.0398, -0.0399, -0.0401, -0.0401, -0.04, -0.0393, -0.0402, -0.0413, 0.0543, 0.4676, 0.1425, 0.0981, 0.3119, 0.1326, 0.0434, 0.0476, 0.0477, 0.0476, 0.0489, 0.0504, 0.0507, 0.0518, 0.0515, 0.0509, 0.0225, -0.0877, -1.131, -0.8136, -0.099, -0.0015, -0.0544, 0.0915, 0.0915, 0.0505, 0.0408, 0.0905, 0.08, 0.0773, 0.0915, 0.0915, 0.0904, 0.0853, 0.0464]",0.0
2026-07-02_07-11-20.mp4,1,120.0,15.0,0.033,motion,0.0,0.0,0.0,0.0,0.0,0.3191,2.797,0.334,0.276,0.761,0.046,,"[-0.0002, -0.0002, -0.0003, 0.0011, 0.0051, -0.0021, 0.0028, -0.0014, -0.0006, 0.0006, -0.0001, -0.0003, -0.0003, 0.0002, -0.0003, 0.0001, -0.0003, -0.0002, -0.0001, 0.0007, -0.0003, -0.0005, -0.0015, -0.0008, 0.0005, 0.0002, 0.0, 0.0, -0.0002, -0.0001, -0.001, 0.0004, -0.0006, -0.0039, 0.0014, 0.0007, 0.0064, -0.0013, -0.0005, 0.0001, -0.0001, 0.0001, -0.0002, -0.0001, -0.0, 0.0001, -0.0002, -0.0002, -0.0002, -0.0003, -0.0002, -0.0002, -0.0001, 0.0, -0.0001, -0.0001, 0.0006, -0.0002, 0.0001, 0.0, -0.0, 0.0008, 0.0001, -0.0001, -0.0004, 0.0001, -0.0001, -0.0001, -0.0001, -0.0, -0.0001, -0.0003, -0.0003, -0.0002, 0.0, -0.0001, -0.0003, 0.0001, -0.0001, -0.0003, 0.0001, 0.0009, -0.0003, 0.0001, 0.0015, 0.001, -0.0002, 0.0003, 0.0007, 0.0017, -0.0007, 0.0003, 0.0008, 0.0004, 0.0008, 0.0005, -0.0003, 0.0025, 0.0007, 0.0009, 0.0019, -0.0004, -0.0086, 0.0017, -0.0014, -0.0005, -0.0056, -0.0073, -0.0025, 0.0013, 0.0012, 0.0003, 0.0024, 0.0006, -0.0019, 0.0003, 0.0013, 0.0012, 0.0009]",0.0
2026-07-21_23-36-36.mp4,1,120.0,15.0,0.0,motion,0.0,0.0,0.0,0.0,0.0,0.4973,2.288,0.563,0.3053,10.767,0.2563,,"[-0.0003, 0.0002, 0.0001, 0.0003, -0.0013, -0.0004, 0.0006, 0.0, 0.0, 0.0029, 0.0019, 0.0003, -0.0, 0.0002, -0.0001, -0.0021, -0.0001, -0.0001, -0.0001, -0.0001, -0.0002, 0.0001, 0.0001, -0.0006, 0.0002, -0.0, 0.0013, -0.0, -0.0005, 0.0001, -0.0002, -0.0011, 0.0005, -0.0001, -0.0004, -0.0002, -0.0001, -0.0002, -0.0, -0.0002, 0.0005, 0.0007, -0.0001, -0.0007, -0.0004, -0.0009, -0.0003, -0.0005, 0.0003, -0.0001, -0.0002, 0.0, 0.0009, -0.0004, 0.0083, -0.001, -0.0004, -0.0004, -0.0004, 0.0002, -0.0006, -0.0002, -0.0005, -0.0063, -0.0006, -0.0017, 0.0023, 0.0063, 0.0019, -0.0003, -0.0014, -0.0002, -0.0002, 0.001, -0.0002, 0.0001, 0.0001, -0.0001, 0.0001, -0.0003, -0.0006, -0.0047, -0.0004, 0.0015, -0.0021, -0.0002, -0.0007, 0.0002, 0.0002, 0.0004, 0.0023, 0.0014, -0.0003, 0.0001, 0.0001, 0.0001, 0.0002, -0.0, 0.0001, -0.0001, 0.0, -0.0001, -0.0001, -0.0001, 0.0006, -0.0005, -0.0002, 0.0002, 0.0004, 0.0, -0.0006, 0.0, -0.0001, -0.0001, 0.0, -0.0, -0.0002, 0.0001, 0.0]",0.0
2026-07-10_04-44-44.mp4,1,120.0,15.0,0.025,motion,0.0,0.0,0.0,0.0,0.0,0.152,2.797,0.0,0.4296,84.554,0.0,,"[-0.0074, 0.0129, 0.0076, 0.0059, 0.0054, 0.005, 0.0045, 0.004, 0.0045, 0.0031, 0.0026, 0.0021, 0.0017, 0.0012, 0.0007, 0.0003, -0.0002, -0.0, 0.0, 0.0, 0.0, 0.0, -0.0007, 0.0, 0.0001, 0.0001, 0.0001, -0.0005, 0.0001, 0.0001, 0.0001, 0.0001, -0.0006, 0.0001, 0.0001, 0.0001, 0.0001, 0.0001, 0.0001, 0.0, 0.0, 0.0, 0.0, 0.0, 0.001, -0.0012, -0.0012, -0.0012, -0.0012, -0.0011, -0.0012, -0.0012, -0.0012, -0.0012, -0.0012, -0.0012, -0.0012, -0.0012, -0.0012, -0.0301, 0.0657, -0.0011, -0.0011, -0.0011, -0.0011, -0.0011, -0.0011, -0.0011, -0.0011, -0.0011, -0.0011, -0.0011, -0.0011, -0.0011, -0.0011, -0.0021, -0.0027, 0.0001, 0.0001, 0.0001, 0.0001, 0.0001, 0.0001, 0.0001, 0.0001, 0.0001, 0.0001, 0.0001, 0.0001, 0.0001, 0.0001, 0.0001, 0.0, 0.0, 0.0, 0.0, 0.0, 0.0, 0.0, 0.0, 0.0, 0.0, 0.0, 0.0, 0.0, 0.0, 0.0, 0.0, 0.0, 0.0, 0.0, 0.0, 0.0, 0.0, 0.0, 0.0, 0.0, 0.0, 0.0]",0.0
2026-07-05_07-50-40.mp4,1,120.0,15.0,0.0,motion,0.0,0.0,0.0,0.0,0.0,0.3068,0.763,0.0,0.3819,0.047,0.0,,"[-0.0001, 0.0005, -0.0094, 0.0105, -0.0, 0.0001, -0.0001, -0.0001, 0.0001, 0.0001, -0.0001, -0.0, -0.0, -0.0003, -0.0, -0.0, -0.0001, 0.0, -0.0003, -0.0, -0.0, -0.0001, 0.0001, 0.0, 0.0, 0.0, -0.0, 0.0, 0.0, 0.0, 0.0001, -0.0, 0.0001, -0.0, -0.0, -0.0, -0.0, -0.0, -0.0001, -0.0, -0.0, 0.0002, -0.0, 0.0, 0.0001, -0.0, 0.0001, -0.0, 0.0, 0.0, -0.0002, 0.0, 0.0, -0.0, 0.0, -0.0, -0.0, 0.0, 0.0, -0.0, 0.0, 0.0, 0.0, 0.0, 0.0, 0.0, -0.0001, 0.0, 0.0, 0.0, 0.0, -0.0, -0.0, -0.0, 0.0, 0.0, 0.0, 0.0, -0.0001, -0.0, 0.0002, 0.0001, 0.0, 0.0, 0.0, 0.0, 0.0, 0.0, 0.0, -0.0004, 0.0, -0.0, 0.0, 0.0, 0.0001, -0.0001, 0.0, 0.0, 0.0, 0.0, 0.0, 0.0, 0.0, 0.0, 0.0, -0.0, 0.0, -0.0, -0.0, 0.0, 0.0, -0.0, 0.0, 0.0, 0.0, 0.0, 0.0, 0.0, 0.0]",0.0
2026-07-25_19-43-40.mp4,1,120.0,15.0,0.092,motion,0.0,0.0,0.0,0.0,0.0,0.2857,0.763,0.269,0.2505,1.383,0.0445,,"[0.0, -0.0001, -0.0001, 0.0002, -0.0008, 0.0002, -0.0, -0.0001, 0.0001, 0.0, 0.0002, -0.0002, 0.0004, -0.0002, 0.0001, 0.0001, -0.0002, 0.0003, 0.0, -0.0002, -0.0003, 0.0003, 0.0001, 0.0001, 0.0002, -0.0, 0.0001, -0.0, -0.0, 0.0002, -0.0001, -0.0001, -0.0001, -0.0, -0.0, -0.0001, -0.0001, -0.0001, 0.0001, -0.0001, 0.0002, -0.0, -0.0, -0.0, 0.0001, -0.0002, -0.0, 0.0005, -0.0, 0.0, -0.0, 0.0001, -0.0, -0.0, -0.0, -0.0, -0.0002, 0.0, 0.0001, -0.0, -0.0006, 0.0, -0.0001, -0.0001, 0.0001, 0.0002, 0.0001, 0.0001, 0.0001, 0.0, 0.0001, -0.0001, 0.0002, 0.0, 0.0001, -0.0001, 0.0001, -0.0, -0.0001, -0.0003, 0.0001, -0.0002, -0.0001, 0.0001, 0.0, 0.0001, -0.0, -0.0, 0.0, 0.0, 0.0, -0.0, 0.0, 0.0, 0.0, 0.0, 0.0, -0.0, -0.0, 0.0, 0.0, -0.0, -0.0001, 0.0001, 0.0, 0.0, 0.0, 0.0, 0.0, 0.0, 0.0, 0.0, 0.0001, -0.0, 0.0, 0.0001, 0.0002, 0.0003, -0.0001]",0.0
2026-07-06_03-19-34.mp4,1,46.0,15.0,0.0,motion,0.0,0.0,0.0,0.0,0.0,0.4974,1.0,0.0,0.437,1.028,0.0,,"[-0.0003, 0.0002, 0.0002, 0.0003, 0.0003, 0.0002, 0.0002, 0.0002, 0.0002, 0.0001, 0.0001, -0.0, 0.0001, 0.0, -0.0, 0.0, -0.0001, -0.0, -0.0, -0.0, -0.0, -0.0, -0.0, -0.0, 0.0002, 0.0008, -0.0, -0.0, -0.0, -0.0001, -0.0, -0.0, -0.0, -0.0, -0.0, -0.0, -0.0, -0.0, -0.0, -0.0, -0.0, 0.0, 0.0, 0.0, 0.0]",0.0
2026-07-09_14-54-06.mp4,1,120.0,15.0,0.033,motion,0.0,0.0,0.0,0.0,0.0,0.2478,2.542,0.196,0.2895,0.561,0.0174,,"[-0.0018, 0.0022, 0.0021, 0.0024, 0.002, 0.0008, 0.0016, 0.0015, 0.0014, 0.0011, 0.0017, -0.0052, -0.0003, 0.0, 0.0004, 0.0004, -0.0, 0.0007, 0.0001, 0.0016, 0.0005, -0.0007, -0.0006, -0.0007, 0.0009, -0.0002, -0.0002, -0.0008, -0.0009, -0.0003, -0.0004, -0.0005, -0.0, -0.0004, 0.001, 0.0023, 0.0019, 0.0034, 0.0022, -0.0036, 0.0005, 0.001, -0.0004, -0.0003, -0.0001, -0.0004, -0.0004, -0.0005, -0.0002, -0.0004, -0.0003, -0.0004, -0.0004, 0.0002, -0.0004, -0.0001, 0.0001, -0.0, -0.0003, 0.0, -0.0001, -0.0, 0.0003, -0.0002, 0.0001, -0.0001, 0.0011, 0.0001, 0.0004, 0.0005, -0.0001, 0.0007, 0.0008, 0.0029, -0.0013, 0.0001, 0.0057, -0.0109, 0.0084, -0.0035, -0.0067, 0.0029, 0.0004, 0.0002, 0.0017, 0.0007, -0.0132, 0.0011, 0.0004, 0.0011, 0.002, 0.0012, 0.0007, 0.0006, 0.0007, 0.0018, 0.0007, -0.0028, 0.0007, 0.0003, 0.0003, 0.0001, 0.0023, -0.0009, -0.0018, -0.0004, 0.0016, 0.0005, 0.0001, 0.0001, 0.0005, -0.0026, -0.0004, 0.0001, 0.0001, 0.0001, 0.0, 0.0, 0.0002]",0.0
2026-07-24_09-03-38.mp4,1,120.0,15.0,0.0,motion,0.0,0.0,0.0,0.0,0.0,0.2923,0.763,0.606,0.2809,0.285,0.0394,,"[-0.0001, 0.0002, 0.0002, 0.0001, 0.0001, 0.0001, 0.0001, 0.0002, 0.0001, 0.0001, -0.0, 0.0, -0.0, 0.0, -0.0, -0.0002, -0.0, 0.0009, 0.0002, -0.0002, -0.0, -0.0, -0.0, -0.0, -0.0001, -0.0, -0.0001, -0.0, -0.0001, -0.0001, -0.0001, -0.0001, -0.0002, -0.0001, 0.0, -0.0002, -0.0, 0.0001, 0.0003, -0.0001, 0.0003, 0.0009, -0.0003, 0.0001, 0.0002, -0.0001, 0.0003, 0.0002, -0.0, -0.0, -0.0003, 0.0003, -0.0002, -0.0, -0.0002, -0.0003, -0.0001, -0.0, -0.0001, -0.0, 0.0, -0.0, -0.0, 0.0001, 0.0, 0.0, 0.0, 0.0, -0.0, 0.0, -0.0003, -0.0, 0.0, -0.0001, 0.0, 0.0002, 0.0001, 0.0001, 0.0, 0.0, 0.0002, -0.0001, -0.0001, -0.0, -0.0001, -0.0, 0.0, 0.0001, -0.0, -0.0002, -0.0, 0.0001, -0.0001, -0.0003, -0.0001, 0.0001, -0.0, 0.0002, 0.0002, 0.0002, 0.0001, -0.0, 0.0001, -0.0, -0.0001, 0.0, 0.0, 0.0, 0.0, -0.0002, 0.0001, 0.0, -0.0, 0.0, -0.0001, 0.0001, 0.0001, 0.0001, -0.0001]",0.0
2026-07-15_10-13-07.mp4,1,120.0,15.0,0.0,motion,0.0,0.0,0.0,0.0,0.0,0.2683,2.034,0.217,0.3795,1.513,0.0351,,"[0.0192, -0.0195, -0.0174, -0.0229, -0.015, -0.0138, -0.0125, -0.0112, -0.0099, -0.0087, -0.0074, -0.0061, -0.0039, -0.0036, -0.0023, -0.0011, 0.0002, -0.0051, -0.0051, -0.0054, -0.0054, -0.0057, -0.0054, -0.0054, -0.0054, -0.0054, -0.0054, -0.0054, -0.0053, -0.0053, -0.0053, -0.0093, 0.156, -0.0093, -0.0051, -0.0063, -0.0063, -0.0051, -0.0051, -0.0051, -0.0051, -0.0051, -0.0051, -0.0051, -0.0043, -0.0049, 0.1181, -0.0049, 0.0005, -0.1285, 0.0363, 0.0009, -0.0359, 0.0004, 0.0004, 0.0005, 0.0005, 0.0005, 0.0005, -0.026, 0.0194, -0.0004, 0.0046, 0.0044, 0.0044, 0.0003, 0.0014, 0.0014, 0.0003, 0.0003, 0.0003, 0.0003, 0.0003, 0.0003, 0.0003, -0.0006, 0.0, -0.0, 0.0, 0.0, 0.0, 0.0, 0.0, -0.0016, -0.0016, -0.0016, -0.0016, -0.0016, -0.0016, -0.0016, -0.0016, -0.0016, -0.0016, -0.0019, -0.0015, -0.0016, -0.0016, -0.0016, 0.0486, -0.0016, -0.0016, -0.0016, -0.0016, -0.0016, -0.0016, -0.0016, -0.0016, -0.0016, -0.0016, -0.0016, -0.0016, -0.0016, -0.0016, -0.0016, -0.0, -0.0, -0.0, 0.0003, 0.0]",0.0
2026-07-08_00-06-53.mp4,1,120.0,15.0,0.025,motion,0.0,0.0,0.0,0.0,0.0,0.17,1.78,0.533,0.4671,0.119,0.0097,,"[-0.0103, 0.5416, 0.0078, 0.0349, 0.0115, -0.0315, -0.004, -0.0085, -0.015, -0.0131, -0.1957, -0.2171, 0.1461, -0.0725, 0.1072, -0.0656, 0.2029, -0.3473, 0.008, 0.0141, 0.0174, 0.0138, 0.0146, 0.0142, 0.014, 0.0139, 0.0081, 0.0005, 0.0056, 0.0035, 0.0071, 0.0043, 0.0118, -0.0, 0.0, 0.0001, 0.0001, 0.0, 0.0, 0.0, -0.0001, 0.0, 0.0, -0.0, -0.0002, 0.0, 0.0, -0.0001, 0.0, -0.0, -0.0, 0.0, -0.0, 0.0, 0.0, 0.0002, 0.0, 0.0002, -0.0, -0.0001, -0.0, -0.0, -0.0, -0.0, -0.0, -0.0, -0.0, -0.0, -0.0, -0.0, -0.0, -0.0, -0.0, 0.0, 0.0, 0.0, 0.0001, 0.0, 0.0, 0.0, 0.0, 0.0, 0.0, -0.0, -0.0002, 0.0, 0.0, 0.0, 0.0, 0.0, 0.0, 0.0, 0.0, 0.0, -0.0001, 0.0, 0.0, 0.0, 0.0, -0.0001, 0.0, 0.0001, 0.0, -0.0001, -0.0, 0.0, 0.0, 0.0001, -0.0001, 0.0, 0.0, 0.0, 0.0, 0.0, 0.0, 0.0, 0.0, 0.0, 0.0]",0.0
2026-07-06_15-22-06.mp4,1,120.0,15.0,0.0,motion,0.0,0.0,0.0,0.0,0.0,0.0759,0.763,0.0,0.3375,99.0,0.0,,"[0.2689, 0.1041, -0.275, -0.263, -0.2438, -0.206, -0.1758, -0.187, -0.1361, -0.1501, -0.1304, -0.1106, -0.0888, -0.0722, -0.054, -0.035, -0.0161, -0.003, -0.0028, -0.0027, -0.0028, -0.0022, -0.0011, -0.0012, 0.0004, -0.0002, -0.0002, -0.0002, -0.0001, -0.0001, -0.0001, 0.0002, 0.001, -0.0001, -0.0001, -0.0001, -0.0001, -0.0001, -0.0001, -0.0001, -0.0001, 0.0007, -0.0001, -0.0001, -0.0001, -0.0001, -0.0001, -0.0001, -0.0, -0.0, -0.0, -0.0, -0.0, -0.0, -0.0, -0.0, -0.0, 0.0, 0.0, 0.0, 0.0, 0.0, 0.0, 0.0003, -0.0005, -0.0002, 0.0, 0.0, 0.0, 0.0, 0.0, 0.0, 0.0, 0.0, 0.0, 0.0, 0.0, 0.0, 0.0, 0.0, 0.0, -0.0, -0.0, -0.0, -0.0, -0.0, -0.0, -0.0, -0.0, 0.0, 0.0, 0.0, 0.0, 0.0, 0.0, 0.0, 0.0, 0.0, 0.0, 0.0, 0.0, 0.0, 0.0, 0.0, 0.0, 0.0, 0.0, 0.0, 0.0, 0.0, 0.0, 0.0, 0.0, 0.0, 0.0, 0.0, 0.0, 0.0, 0.0]",0.0
2026-07-11_20-29-26.mp4,1,120.0,15.0,0.0,motion,0.0,0.0,0.0,0.0,0.0,0.4975,1.78,0.8,0.3235,0.032,0.0125,,"[0.0, -0.0005, 0.0, 0.0, 0.0, 0.0, 0.0, 0.0, 0.0, 0.0, 0.0, 0.0, 0.0, 0.0, 0.0, 0.0, 0.0, -0.0, -0.0, 0.0, 0.0, 0.0, 0.0, 0.0, 0.0, 0.0, 0.0, 0.0, 0.0, 0.0, 0.0, 0.0, 0.0, 0.0, -0.0001, -0.0006, 0.0, 0.0, -0.0001, 0.0002, 0.0, 0.0001, 0.0, 0.0, 0.0, 0.0, 0.0001, 0.0001, -0.0003, 0.0001, -0.0004, 0.0, 0.0, 0.0, 0.0, 0.0, 0.0, 0.0001, 0.0, 0.0, 0.0, 0.0, 0.0, -0.0, 0.0, 0.0001, 0.0001, 0.0004, 0.0001, -0.0, -0.0, -0.0, -0.0, -0.0, -0.0, -0.0002, -0.0, -0.0, -0.0, -0.0007, -0.0009, -0.0004, -0.0003, -0.0, 0.0022, 0.0001, 0.0008, -0.0, 0.0, -0.0, -0.0, 0.0, -0.0, 0.0, -0.0, -0.0003, 0.0001, -0.0001, -0.0001, -0.0, 0.0, 0.0, 0.0, -0.0, -0.0003, -0.0, -0.0003, 0.0, 0.0001, 0.0002, 0.0, 0.0001, -0.0003, -0.0003, 0.0, 0.0, 0.0, 0.0, 0.0]",0.0
2026-07-10_06-38-24.mp4,1,31.0,15.0,0.0,motion,0.0,0.0,0.0,0.0,0.0,0.1572,1.0,0.0,0.423,0.001,0.0,,"[0.0001, 0.0002, 0.0001, 0.0002, -0.0002, -0.0006, -0.0, -0.0, -0.0005, -0.0, -0.0, -0.0003, -0.0, 0.0, 0.0, 0.0, 0.0, 0.0, 0.0, 0.0, 0.0, 0.0, 0.0, 0.0, 0.0, 0.0, 0.0, 0.0, 0.0, 0.0]",0.0
2026-07-12_04-11-29.mp4,1,77.0,15.0,0.0,motion,0.0,0.0,0.0,0.0,0.0,0.3375,0.763,0.614,0.3389,12.254,0.1917,,"[-0.0003, 0.0008, -0.0002, 0.0002, 0.0002, 0.0002, 0.0002, 0.0002, 0.0002, 0.0001, -0.0003, 0.0001, 0.0, 0.0, 0.0, -0.0, -0.0, -0.0, -0.0, -0.0, -0.0, -0.0, -0.0, -0.0, -0.0, 0.001, -0.0, -0.0, -0.0, -0.0, -0.0, -0.0, -0.0, -0.0, -0.0, -0.0, -0.0, -0.0, -0.0, -0.0, -0.0, 0.0, 0.0, 0.0, 0.0, 0.0, 0.0001, 0.0001, 0.0001, 0.0001, 0.0001, 0.0001, -0.0004, 0.0001, 0.0001, 0.0001, 0.0001, 0.0001, 0.0001, -0.0005, 0.0001, -0.0006, 0.0001, -0.0002, 0.0001, 0.0001, 0.0001, 0.0, 0.0, 0.0, 0.0, 0.0, 0.0, 0.0, 0.0, 0.0]",0.0
2026-07-18_15-23-14.mp4,1,120.0,15.0,0.0,motion,0.0,0.0,0.0,0.0,0.0,0.3842,0.763,0.235,0.3689,4.042,0.0724,,"[0.0012, 0.0006, 0.0013, 0.001, 0.001, -0.0009, -0.0162, 0.0002, -0.0277, 0.0346, 0.0082, -0.0817, 0.048, 0.0155, -0.0084, 0.0051, 0.0012, 0.0012, 0.0011, 0.0012, -0.0016, 0.006, 0.0009, 0.0001, -0.0002, 0.0005, 0.0009, -0.0018, -0.0002, -0.0002, 0.0, -0.0003, -0.0018, -0.0016, 0.0005, 0.0, 0.0001, 0.0001, 0.0, 0.0023, -0.0028, 0.0016, -0.0006, -0.0005, -0.0008, -0.0003, 0.0005, 0.001, 0.0071, -0.0006, 0.0019, 0.0011, 0.0033, -0.0013, -0.0139, -0.0016, 0.0002, 0.0005, 0.0026, -0.0008, -0.0007, -0.0015, -0.0004, 0.0005, 0.0017, 0.0002, 0.0004, 0.0, 0.0006, 0.0007, 0.0001, 0.0003, -0.0003, 0.0001, 0.0003, 0.0003, 0.0, -0.0, -0.0003, -0.0001, -0.0003, -0.0011, -0.0014, -0.002, -0.0026, -0.0021, -0.002, -0.0021, -0.0018, -0.0013, -0.0006, -0.001, -0.0015, -0.0004, -0.0034, 0.0057, 0.0196, 0.0155, 0.0183, 0.0002, -0.0099, -0.0091, -0.0014, -0.0028, -0.0014, -0.0016, -0.0018, -0.0014, -0.0015, -0.0017, -0.0014, -0.0014, -0.0011, -0.0002, 0.0004, 0.0003, 0.0003, -0.0001, 0.0001]",0.0
2026-07-03_03-28-00.mp4,1,120.0,15.0,0.258,motion,0.0,0.0,0.0,0.0,0.0,0.4139,1.525,0.636,0.6891,0.0,0.0,,"[-0.0001, -0.0, -0.0002, 0.0001, -0.0002, 0.0003, 0.0016, 0.0001, -0.0002, 0.0001, 0.0005, 0.0, -0.0004, -0.0, 0.0006, 0.0004, 0.0007, -0.0003, -0.0002, 0.0005, -0.0011, -0.0036, -0.0003, -0.0003, -0.0001, 0.0042, -0.0001, -0.0001, -0.0001, -0.004, -0.0067, -0.0001, 0.0021, -0.0001, -0.0001, 0.0129, -0.0004, -0.0002, -0.0004, -0.0002, -0.0002, -0.0001, -0.0, -0.0001, -0.0016, -0.0001, 0.0002, -0.0004, -0.0005, -0.0005, -0.0004, 0.0001, -0.0003, 0.0001, 0.0001, 0.0004, -0.0, -0.0009, 0.0001, -0.0014, 0.0, 0.0, 0.0, 0.0, 0.0024, 0.0, 0.0001, 0.0, -0.0, -0.0, 0.0, 0.0, 0.0, -0.0, -0.0, -0.0001, -0.0, -0.0001, -0.0001, -0.0001, 0.0, 0.0, 0.0, 0.0, -0.0003, 0.0, 0.0, 0.0001, -0.0001, -0.0002, 0.0, 0.0, 0.0, 0.0, 0.0, 0.0, 0.0, -0.0001, 0.0, 0.0, 0.0, 0.0, 0.0, 0.0, 0.0, 0.0, 0.0001, 0.0001, 0.0001, 0.0001, 0.0001, 0.0001, 0.0001, 0.0002, 0.0002, 0.0002, 0.0002, 0.0002, -0.0002]",0.0
2026-07-03_03-35-24.mp4,1,120.0,15.0,0.0,motion,0.0,0.0,0.0,0.0,0.0,0.2722,0.763,0.426,0.3103,0.525,0.04,,"[-0.0, -0.0002, -0.0003, -0.0003, 0.0122, -0.0113, -0.0015, 0.0004, 0.0003, 0.0002, 0.0002, -0.0006, -0.0004, 0.0, 0.0, 0.0, -0.0, 0.0005, 0.0004, -0.0011, 0.0003, -0.0, -0.0001, 0.0003, 0.0008, 0.0006, 0.0009, 0.0002, 0.0, -0.0002, -0.0002, 0.0011, 0.0006, 0.0001, -0.0004, 0.0001, -0.0007, 0.0006, -0.0005, -0.0, 0.0006, -0.0002, 0.0, 0.0003, 0.0006, -0.0006, 0.0, -0.0008, -0.0001, -0.0009, -0.0046, 0.0003, 0.0012, -0.0011, 0.0008, 0.0003, -0.0001, -0.0001, 0.0003, 0.0002, 0.0005, 0.0003, 0.0002, 0.0002, 0.0002, 0.0001, -0.0001, -0.0003, -0.0003, -0.0003, 0.0001, 0.0001, -0.0025, -0.0008, -0.0014, -0.0005, 0.0032, -0.0001, -0.0005, -0.0005, 0.0002, 0.0069, 0.0002, -0.0005, -0.0005, 0.0025, 0.0, -0.0012, -0.0002, -0.0, -0.0001, -0.0004, 0.0, -0.0005, -0.0005, -0.0004, -0.0003, 0.0003, -0.0001, -0.0002, -0.0002, -0.0002, -0.0002, -0.0002, -0.0002, 0.0005, -0.0002, 0.0004, -0.0002, -0.0002, -0.0002, -0.0002, -0.0003, 0.0002, -0.0008, -0.0002, 0.0008, 0.0018, -0.0001]",0.0
2026-07-26_04-39-41.mp4,1,120.0,15.0,0.033,motion,0.0,0.0,0.0,0.0,0.0,0.4486,0.763,0.381,0.3621,0.969,0.0842,,"[-0.0002, 0.0003, 0.0002, -0.0005, -0.0002, 0.0001, -0.0001, 0.0005, 0.0005, 0.0002, -0.0008, 0.0012, -0.0001, 0.0004, -0.0003, -0.0002, -0.0, 0.0, 0.0, -0.0001, 0.0, 0.0001, 0.0001, 0.0, 0.0001, 0.0, -0.0001, 0.0001, -0.0003, -0.0, -0.0001, -0.0, 0.0001, -0.0002, 0.0002, -0.0, 0.0, -0.0003, -0.0, -0.0, 0.0003, 0.0001, 0.001, 0.0004, 0.0004, 0.0002, 0.0004, 0.0004, 0.0003, 0.0005, 0.0002, -0.0, 0.0005, 0.0021, -0.002, -0.0054, -0.0013, -0.0055, -0.0007, -0.0001, -0.0, -0.0, -0.0, -0.0003, 0.0019, 0.0033, 0.0003, 0.0017, 0.0051, -0.0012, 0.002, 0.0, 0.0001, -0.0002, -0.0005, -0.0005, -0.0004, -0.0003, -0.0003, -0.0004, -0.0003, -0.0001, -0.0002, -0.0002, -0.0004, -0.0012, -0.0001, 0.0001, -0.0001, 0.0004, -0.0002, -0.0002, -0.0001, 0.0003, 0.0007, -0.0, -0.0007, 0.0, 0.0003, 0.0001, -0.0001, -0.0002, -0.0, 0.0, -0.0003, -0.0001, -0.0001, -0.0002, -0.0002, 0.0003, -0.0014, -0.0002, -0.0005, -0.0001, 0.0008, 0.0028, 0.0015, -0.0009, -0.0]",0.0
2026-07-12_19-29-46.mp4,1,120.0,15.0,0.0,motion,0.0,0.0,0.0,0.0,0.0,0.2901,0.763,0.507,0.3045,13.343,0.1367,,"[0.0001, -0.0002, 0.0007, -0.0005, -0.0001, -0.0001, -0.0001, -0.0001, -0.0001, -0.0001, -0.0001, -0.0, -0.0, -0.0, -0.0, -0.0, -0.0, -0.0, -0.0, -0.0, -0.0, 0.0005, -0.0, -0.0, 0.0001, 0.0, -0.0, -0.0001, -0.0001, -0.0001, -0.0001, -0.0001, -0.0001, -0.0001, -0.0001, -0.0001, -0.0001, 0.0002, -0.0, -0.0, -0.0, -0.0, 0.0008, -0.0, 0.0, 0.0, -0.0, -0.0, -0.0, -0.0, -0.0, -0.0, -0.0, 0.0, 0.0, 0.0, 0.0, 0.0, 0.0, -0.0009, 0.0, 0.0, 0.0, 0.0, 0.0, 0.0, 0.0, 0.0, 0.0, 0.0, 0.0, 0.0, 0.0, 0.0, 0.0007, -0.0, -0.0, -0.0, -0.0, -0.0, -0.0, -0.0, -0.0, -0.0, -0.0, -0.0, -0.0, -0.0, -0.0, -0.0, -0.0, -0.0, -0.0, -0.0, -0.0, -0.0, -0.0, -0.0, -0.0, -0.0, -0.0, -0.0, -0.0, -0.0, -0.0, 0.0, 0.0001, 0.0001, -0.0, -0.0, 0.0001, -0.0, -0.0, -0.0, -0.0, -0.0, -0.0, -0.0, -0.0]",0.0
2026-07-07_02-54-34.mp4,1,120.0,15.0,0.05,motion,0.0,0.0,0.0,0.0,0.0,0.4377,0.763,0.0,0.3249,1.114,0.0,,"[0.0, 0.0, 0.0, 0.0, 0.0, 0.0, 0.0, 0.0, -0.0, -0.0, -0.0, -0.0072, -0.0128, -0.0129, -0.0274, -0.0287, -0.0233, -0.0179, -0.0177, -0.02, -0.019, -0.0187, -0.0183, -0.0169, -0.0181, -0.0183, 0.2042, 0.155, -0.0144, 0.4301, 0.0224, -0.1866, -0.1843, -0.0244, 0.0517, -0.0494, -0.0263, -0.0312, -0.02, -0.0173, -0.0172, -0.0165, -0.0091, -0.0043, -0.0053, 0.0058, 0.0062, 0.0019, 0.0008, 0.0003, 0.0015, 0.0011, 0.0008, -0.0007, -0.0001, -0.0013, -0.0013, 0.0012, 0.0052, -0.0006, 0.0009, -0.0019, 0.0052, -0.0016, -0.0001, 0.0002, 0.0002, 0.0002, 0.0002, 0.0002, 0.0001, -0.0005, -0.0006, -0.0022, 0.0009, -0.0002, -0.0002, -0.0023, 0.0004, -0.0004, -0.0055, -0.0023, 0.0012, -0.0003, -0.0003, -0.0009, -0.0004, 0.0023, 0.0036, -0.0006, 0.0065, -0.0005, -0.0005, -0.003, 0.008, -0.001, -0.0015, -0.0012, -0.0001, -0.0011, 0.0017, -0.0011, -0.0011, -0.001, 0.0001, -0.0009, -0.0006, -0.0006, 0.0032, -0.0007, -0.0004, 0.0068, 0.0016, -0.0047, -0.0003, -0.0004, -0.0003, 0.0002, -0.0003]",0.0
2026-07-05_10-16-21.mp4,1,120.0,15.0,0.0,motion,0.0,0.0,0.0,0.0,0.0,0.265,2.288,0.057,0.3321,4.447,0.0124,,"[0.0018, -0.0011, -0.0009, -0.0015, -0.0012, -0.0013, -0.0013, -0.0011, -0.0009, -0.0014, -0.0008, -0.0005, -0.0002, -0.0002, 0.0002, -0.0034, 0.002, -0.0003, -0.0001, -0.0001, -0.0001, -0.0001, -0.0001, -0.0002, -0.0002, -0.0002, 0.0003, -0.0, -0.0002, -0.0002, -0.0002, 0.0005, 0.0021, -0.0008, -0.0003, -0.0003, -0.0003, -0.0003, 0.0034, -0.0004, -0.0004, -0.0004, -0.0004, -0.0003, -0.0004, 0.0014, -0.0004, -0.0004, -0.0003, -0.0004, -0.0003, -0.0004, -0.0001, -0.0004, 0.0024, -0.0002, -0.0007, -0.0002, -0.0002, 0.0025, -0.0002, -0.0001, 0.0, -0.0001, -0.0002, -0.0002, -0.0002, -0.0002, 0.0, -0.0002, -0.0001, -0.0001, -0.0001, -0.0001, -0.0001, -0.0, -0.0, -0.0, -0.0, -0.0, -0.0, -0.0, -0.0, -0.0, -0.0, -0.0, -0.0, -0.0, -0.0, -0.0, -0.0, -0.0, -0.0, -0.0, -0.0001, -0.0, -0.0, -0.0, 0.0008, -0.0, -0.0, -0.0, -0.0, -0.0, -0.0, -0.0, -0.0, -0.0, -0.0, -0.0, -0.0, -0.0, -0.0, -0.0, -0.0, -0.0, 0.0, 0.0, 0.0]",0.0
2026-07-23_16-41-04.mp4,1,120.0,15.0,0.0,motion,0.0,0.0,0.0,0.0,0.0,0.164,2.797,0.0,0.0574,99.0,0.0,,"[0.0001, 0.0001, -0.0036, -0.0028, 0.0003, -0.0, -0.0004, 0.0051, -0.0, -0.001, -0.0, -0.0, -0.0, 0.0013, -0.0, -0.0006, -0.0004, 0.0001, 0.0005, -0.0003, -0.0003, -0.0001, -0.0001, 0.0003, 0.0003, 0.0004, 0.0019, 0.0003, 0.0014, 0.0004, 0.0004, 0.0004, 0.001, 0.0003, 0.0003, 0.0003, -0.0006, -0.0029, -0.0075, -0.0001, 0.0007, 0.0058, 0.0207, 0.0206, 0.0095, 0.0098, 0.0248, 0.0162, 0.0171, 0.0162, 0.015, 0.0152, 0.0147, 0.0128, -0.0002, -0.0102, -0.1897, -0.368, 0.0179, 0.3702, 0.0145, -0.4763, 0.2907, 0.0422, 0.016, 0.0148, 0.0147, 0.0147, 0.0147, 0.0147, 0.0142, 0.0133, 0.0068, -0.0056, -0.0055, 0.006, 0.006, -0.0098, -0.001, -0.0, -0.0, 0.0, 0.0016, 0.0036, 0.0032, 0.0061, 0.0061, 0.0061, 0.0061, 0.0061, 0.0061, 0.0061, 0.0061, 0.0063, 0.0061, 0.006, 0.0059, -0.0425, -0.0569, 0.0178, -0.0838, 0.006, 0.0061, 0.0058, 0.0061, 0.0063, 0.0075, 0.0036, 0.0022, 0.0117, 0.0064, 0.0056, 0.0069, 0.0045, 0.0027, 0.0022, -0.0002, -0.0009, 0.0002]",0.0
2026-06-30_15-23-35.mp4,1,120.0,15.0,0.0,motion,0.0,0.0,0.0,0.0,0.0,0.3531,1.525,0.467,0.5669,2.718,0.1205,,"[-0.0068, -0.0309, -0.0148, -0.0136, 0.3187, 0.0094, 0.0095, 0.0117, 0.0271, 0.0373, 0.0685, 0.0255, 0.0162, -0.0039, -0.0157, -0.0508, -0.0216, -0.0212, -0.6918, -0.0979, 0.0389, 0.2108, -0.2519, -0.1095, -0.5388, 0.1165, 0.1655, 0.2659, 0.7021, 0.6861, 0.8578, -0.853, 0.0143, 0.3694, -0.8533, 0.0361, 0.0369, 0.0504, 0.0527, 0.0485, -0.0259, 0.0381, -0.2459, 0.0511, -0.2533, -0.3824, 0.0735, 0.0359, -0.1413, -0.0164, -0.1803, 0.0322, -0.2114, -0.2473, 0.0523, 0.2462, -0.2852, -0.0069, 0.0278, 1.1951, -0.0151, 0.004, 0.0036, 0.0029, -0.0034, -0.0061, -0.013, -0.0132, -0.0212, -0.0553, -0.0299, -0.0498, -0.0362, -0.0373, -0.0373, 0.0003, 0.0073, 0.0013, -0.001, -0.001, -0.0006, -0.0019, -0.0, -0.0002, -0.0002, -0.001, 0.0144, 0.0135, 0.0723, 0.0134, 0.0134, 0.0237, 0.0137, 0.0166, 0.0132, 0.0132, -0.0126, 0.013, 0.0184, 0.0129, 0.0128, -0.4621, 0.014, 0.014, 0.0159, 0.0159, 0.0159, 0.0162, 0.0162, 0.0336, 0.0164, 0.0164, 0.0182, 0.0156, 0.0172, 0.0185, -0.0186, 0.0026, 0.0002]",0.0
2026-07-23_12-33-55.mp4,1,120.0,15.0,0.808,lips,0.3336,0.763,1.375,0.446,0.027,0.4158,1.271,0.448,0.5642,0.0,0.0,"[0.049, 0.026, -1.0, 0.059, 0.057, 0.021, 0.006, 0.013, 0.007, 0.015, -1.0, 0.047, 0.041, 0.02, 0.008, 0.002, 0.001, 0.009, 0.007, -1.0, 0.065, 0.062, -1.0, -1.0, -1.0, -1.0, 0.054, 0.07, -1.0, 0.047, -1.0, 0.05, -1.0, 0.044, 0.042, 0.033, 0.021, 0.018, 0.013, 0.017, 0.019, 0.021, 0.018, 0.021, 0.019, 0.018, 0.012, 0.013, 0.015, 0.019, 0.014, 0.018, 0.014, 0.025, 0.018, 0.028, 0.01, 0.013, 0.004, -1.0, 0.089, 0.055, 0.021, -1.0, 0.084, 0.053, 0.013, -1.0, 0.08, 0.058, -1.0, 0.077, 0.06, -1.0, 0.072, 0.037, 0.017, 0.006, 0.007, 0.009, 0.008, 0.006, 0.009, 0.005, 0.009, 0.005, 0.007, 0.01, 0.009, -1.0, 0.073, 0.047, -1.0, 0.073, 0.069, 0.057, 0.048, -1.0, 0.074, 0.054, 0.051, -1.0, 0.064, 0.058, 0.05, -1.0, 0.092, 0.059, -1.0, 0.096, 0.063, 0.071, -1.0, 0.085, 0.081, 0.073, -1.0, 0.078, 0.073, 0.05]","[0.0, 0.0, -0.0, -0.0, -0.0, -0.0, -0.0, 0.0, -0.0, -0.0, -0.0, -0.0, -0.0, 0.0, -0.0, -0.0, -0.0, -0.0, -0.0, 0.0, -0.0, 0.0, -0.0, -0.0, 0.0, -0.0, -0.0, -0.0, -0.0, -0.0, -0.0, 0.0, -0.0, 0.0, -0.0, -0.0, -0.0, -0.0, -0.0, -0.0, -0.0, -0.0, -0.0, -0.0, -0.0, 0.0, -0.0, -0.0, -0.0, 0.0, -0.0, -0.0, 0.0, 0.0, -0.0, 0.0, -0.0, -0.0, -0.0, -0.0, -0.0, 0.0, 0.0, 0.0, 0.0, 0.0, 0.0, 0.0, 0.0, 0.0, 0.0, 0.0, 0.0, 0.0, 0.0, -0.0, 0.0, 0.0, -0.0, -0.0, -0.0, -0.0, -0.0, -0.0, -0.0, -0.0, -0.0, -0.0, -0.0, -0.0, -0.0, 0.0, -0.0, 0.0, 0.0, -0.0, 0.0, -0.0, -0.0, -0.0, -0.0, -0.0, -0.0, -0.0, -0.0, 0.0, -0.0, -0.0, -0.0, 0.0001, -0.0, -0.0, -0.0, -0.0, -0.0, -0.0, -0.0, -0.0, -0.0]",0.0
2026-07-04_16-13-00.mp4,1,120.0,15.0,0.0,motion,0.0,0.0,0.0,0.0,0.0,0.2044,1.525,0.683,0.1383,0.249,0.0278,,"[0.0, -0.0, 0.0001, -0.0, -0.0, -0.0, -0.0, -0.0, -0.0, 0.0002, 0.0, -0.0, 0.0, 0.0, 0.0, 0.0, 0.0, 0.0, 0.0, 0.0, 0.0, 0.0001, 0.0, -0.0005, 0.0, -0.0001, 0.0, 0.0, 0.0, 0.0, 0.0, 0.0, -0.0001, -0.0002, 0.0001, 0.0001, 0.0, -0.0003, 0.0003, 0.0001, 0.0, -0.0, -0.0, -0.0, 0.0001, -0.0, 0.0001, -0.0, -0.0, -0.0, -0.0, -0.0, -0.0, -0.0, -0.0, -0.0, -0.0, -0.0, -0.0, -0.0001, -0.0, -0.0, 0.0, 0.0, 0.0, 0.0, 0.0, 0.0, 0.0, 0.0, 0.0, 0.0, 0.0, 0.0, 0.0, -0.0, -0.0, -0.0, -0.0, -0.0, -0.0, -0.0, -0.0, -0.0, -0.0, -0.0, -0.0, -0.0, -0.0, -0.0, -0.0, -0.0, -0.0, -0.0, -0.0, -0.0, -0.0, -0.0, -0.0, -0.0, -0.0, -0.0, -0.0, -0.0, -0.0, -0.0, -0.0, -0.0, -0.0, -0.0, -0.0, -0.0, -0.0, -0.0, -0.0, -0.0, -0.0, -0.0, -0.0]",0.0
2026-07-07_07-09-49.mp4,1,120.0,15.0,0.008,motion,0.0,0.0,0.0,0.0,0.0,0.3933,0.763,0.503,0.4434,0.326,0.0486,,"[-0.0, -0.0, -0.0, -0.0, -0.0, -0.0, -0.0, -0.0, -0.0, -0.0, -0.0, -0.0, -0.0, -0.0, -0.0, -0.0, -0.0002, -0.0001, -0.0001, -0.0003, -0.0003, -0.0003, -0.0003, -0.0003, -0.0003, -0.0003, -0.0002, -0.0002, -0.0003, -0.0003, -0.0003, 0.0042, -0.0005, -0.0007, 0.0039, 0.0004, -0.0011, -0.0001, -0.0004, -0.001, 0.0005, -0.0013, -0.002, 0.0034, 0.0002, -0.0007, 0.0003, -0.0, -0.0012, 0.0002, -0.0008, 0.0, 0.0001, -0.0002, 0.0001, -0.0006, 0.0001, -0.0007, -0.0009, -0.0006, -0.0007, -0.0006, -0.0009, -0.0012, 0.0006, 0.0015, 0.0012, 0.0025, 0.0012, -0.0102, 0.0297, 0.0015, -0.0005, 0.0004, -0.0003, 0.0, -0.0041, 0.0092, 0.0003, -0.0477, -0.0056, -0.0065, -0.0044, 0.0003, 0.004, 0.0047, 0.0139, 0.005, 0.0077, 0.0054, 0.0048, 0.0012, 0.0017, 0.0011, 0.0001, -0.0021, -0.0015, -0.0022, -0.0017, -0.0017, -0.0014, -0.0009, -0.0006, 0.0002, -0.0003, 0.0005, 0.0024, 0.0008, -0.0007, 0.001, 0.0005, 0.0001, 0.0, 0.0, -0.0013, -0.0032, -0.0024, -0.0001, 0.0001]",0.0
2026-07-05_13-17-32.mp4,1,120.0,15.0,0.025,motion,0.0,0.0,0.0,0.0,0.0,0.2612,0.763,0.586,0.2747,2.364,0.1076,,"[0.0, 0.0, -0.0, -0.0, -0.0, -0.0, -0.0, -0.0, 0.0, -0.0, -0.0, -0.0, -0.0, -0.0, -0.0, -0.0, -0.0, 0.0003, -0.0, -0.0003, -0.0, -0.0, 0.0001, -0.0002, 0.0002, -0.0, -0.0, -0.0, -0.0, -0.0, 0.0001, -0.0, 0.0, -0.0, 0.0002, -0.0, -0.0, -0.0003, -0.0001, 0.0001, -0.0, -0.0, -0.0, -0.0, -0.0001, 0.0, -0.0, -0.0, -0.0, -0.0, 0.0, 0.0, 0.0, 0.0001, -0.0, -0.0, -0.0001, -0.0, -0.0, 0.0001, -0.0, -0.0, -0.0, 0.0, -0.0, -0.0, -0.0, 0.0, 0.0, 0.0, 0.0, 0.0002, 0.0, -0.0001, -0.0, 0.0, 0.0001, -0.0001, 0.0, -0.0001, -0.0002, 0.0001, -0.0002, -0.0001, -0.0001, -0.0, -0.0, 0.0002, 0.0, 0.0, 0.0, 0.0, -0.0, 0.0002, -0.0, 0.0001, -0.0001, 0.0001, 0.0, 0.0, 0.0001, -0.0002, -0.0001, 0.0, -0.0005, -0.0, -0.0002, -0.0, 0.0, -0.0002, 0.0001, -0.0001, 0.0, 0.0, 0.0, 0.0005, 0.0, -0.0, 0.0]",0.0
2026-07-26_04-06-05.mp4,1,27.0,15.0,0.0,motion,0.0,0.0,0.0,0.0,0.0,0.3187,2.308,0.0,0.3695,20.801,0.0,,"[-0.0001, -0.0, 0.0005, 0.0001, 0.0001, 0.0001, 0.0001, 0.0001, 0.0001, 0.0001, 0.0001, 0.0001, 0.0001, 0.0, 0.0, 0.0, 0.0, 0.0, -0.0012, 0.0, 0.0, 0.0, 0.0, 0.0, 0.0, 0.0001]",0.0
2026-07-05_18-21-24.mp4,1,120.0,15.0,0.333,motion,0.0,0.0,0.0,0.0,0.0,0.1416,1.78,0.673,0.1791,2.561,0.0685,,"[-0.0001, 0.0001, 0.0001, -0.0001, 0.0001, 0.0, 0.0001, 0.0001, 0.0003, 0.0, -0.0, 0.0, -0.0001, -0.0001, -0.0005, -0.0, 0.0, -0.0001, -0.0, 0.0005, 0.0001, -0.0001, -0.0, -0.0, 0.0001, -0.0002, -0.001, 0.0017, -0.0001, -0.0001, -0.0001, -0.0001, -0.0001, -0.0001, -0.0, 0.0003, -0.0004, 0.0002, -0.0, -0.0, -0.0001, -0.0, -0.0, 0.0, 0.0004, 0.0001, -0.0001, 0.0002, -0.0001, -0.0001, -0.0001, -0.0001, -0.0001, -0.0, -0.0, 0.0, -0.0, -0.0001, -0.0, 0.0, 0.0001, 0.0003, -0.0001, -0.0, 0.0001, 0.0001, -0.0001, -0.0, -0.0, 0.0, 0.0, -0.0, 0.0001, -0.0002, 0.0, -0.0002, 0.0001, 0.0, -0.0, -0.0, -0.0, -0.0, 0.0002, -0.0001, -0.0, -0.0, -0.0, 0.0001, -0.0001, -0.0001, 0.0, -0.0001, 0.0001, -0.0, -0.0, 0.0002, -0.0001, 0.0, -0.0, -0.0, -0.0, -0.0, -0.0, 0.0, -0.0001, -0.0, -0.0, 0.0, -0.0, -0.0, -0.0, 0.0, -0.0, -0.0, -0.0, -0.0, -0.0, -0.0, 0.0]",0.0
2026-07-20_09-18-45.mp4,1,120.0,15.0,0.0,motion,0.0,0.0,0.0,0.0,0.0,0.3438,2.034,0.253,0.3646,4.108,0.0701,,"[-0.0001, -0.0012, 0.0016, 0.0006, 0.0001, 0.0001, 0.0001, 0.0001, 0.0001, 0.0, 0.0, -0.0004, 0.0, 0.0, 0.0, 0.0, 0.0, -0.0, -0.0, -0.0, 0.0, 0.0, 0.0, 0.0, 0.0, 0.0, 0.0, -0.0005, -0.0001, -0.0001, -0.0, -0.0, -0.0, 0.0011, -0.0, -0.0007, -0.0, -0.0, -0.0, -0.0001, -0.0001, -0.0001, 0.0029, -0.0001, -0.0001, -0.0022, -0.0, -0.0, -0.0, -0.0, -0.0006, -0.0, -0.0, -0.0, 0.002, -0.0, 0.0015, -0.0, 0.0001, -0.0028, 0.0001, -0.0, -0.0, -0.0, -0.0, -0.0, -0.0, -0.0, -0.0, -0.0, 0.0, 0.0, 0.0001, 0.0001, 0.0001, 0.0, 0.0003, 0.0003, 0.0003, 0.0003, 0.0003, 0.0003, 0.0003, 0.0003, 0.0003, 0.0003, 0.0003, 0.0003, 0.0003, 0.0003, 0.0003, -0.0077, 0.0003, 0.0003, 0.0003, 0.0003, 0.0003, 0.0003, 0.0003, 0.0003, 0.0003, 0.0003, 0.0003, 0.0003, 0.0003, 0.0003, 0.0003, 0.0, 0.0, 0.0, 0.0, 0.0, 0.0, 0.0, 0.0, 0.0, 0.0, 0.0, 0.0]",0.0
2026-07-10_10-18-34.mp4,1,120.0,15.0,0.0,motion,0.0,0.0,0.0,0.0,0.0,0.4046,1.525,0.378,0.367,0.0,0.0,,"[-0.0005, -0.0008, -0.0, 0.0002, 0.0002, 0.0002, 0.001, 0.0004, 0.0001, -0.0001, 0.0024, 0.0029, 0.0003, 0.0, 0.0019, 0.0024, 0.0012, -0.0063, -0.0, -0.0005, 0.0012, 0.0008, 0.0003, 0.0003, 0.0003, -0.0006, -0.0017, -0.0022, -0.008, 0.0005, 0.0005, 0.0006, 0.0006, 0.0004, 0.0004, 0.0003, 0.0003, 0.0004, 0.0004, 0.0004, 0.0004, 0.0003, 0.0003, 0.0002, 0.0009, -0.0002, -0.0003, 0.0008, -0.001, 0.0014, 0.0007, -0.0001, -0.0001, -0.0001, -0.0001, -0.0003, -0.0003, -0.0003, -0.0004, 0.0013, 0.0003, -0.0004, -0.0003, -0.0, -0.0042, -0.0004, -0.0003, -0.0003, -0.0003, -0.0003, 0.0058, -0.0003, 0.0003, 0.0008, 0.0007, -0.0003, -0.0003, -0.0003, 0.002, 0.0003, -0.0004, -0.0004, -0.0005, -0.0005, -0.0005, -0.0007, -0.0003, -0.0003, -0.0002, -0.0002, -0.0002, 0.0, 0.0001, 0.0013, -0.0001, -0.0, 0.0, 0.0016, -0.0, -0.0, -0.0001, -0.0, -0.0, -0.0, -0.0, -0.0005, -0.0056, -0.0013, 0.0, 0.0067, -0.002, -0.0, 0.0001, 0.0006, 0.0005, 0.0, 0.0, 0.0, 0.0]",0.0
2026-07-24_18-08-32.mp4,1,120.0,15.0,0.0,motion,0.0,0.0,0.0,0.0,0.0,0.2852,1.78,0.57,0.233,0.317,0.0392,,"[-0.0, -0.0, -0.0, -0.0, -0.0, -0.0, -0.0, -0.0, -0.0, -0.0, -0.0, -0.0, -0.0, -0.0, 0.0001, -0.0, -0.0, -0.0, -0.0, -0.0, -0.0, -0.0, -0.0, -0.0, -0.0, -0.0, -0.0, -0.0, -0.0, -0.0, -0.0, 0.0001, -0.0, -0.0, 0.0001, -0.0, 0.0, -0.0, -0.0, -0.0, -0.0, -0.0, 0.0, -0.0, 0.0, 0.0, 0.0, 0.0, 0.0, 0.0, 0.0, 0.0, 0.0, 0.0001, -0.0001, -0.0002, -0.0001, -0.0001, 0.0001, -0.0, -0.0005, 0.0001, 0.0001, -0.0007, 0.0004, -0.0001, 0.0006, 0.0002, 0.0001, 0.0005, 0.0, -0.0006, -0.0001, -0.0002, -0.0002, -0.0, 0.0, 0.0, 0.0, -0.0001, -0.0, -0.0, 0.0, 0.0, 0.0, 0.0, 0.0, 0.0, -0.0001, 0.0, -0.0002, -0.0, 0.0004, -0.0, -0.0, -0.0, -0.0, -0.0, -0.0, -0.0001, 0.0004, -0.0, 0.0002, -0.0, -0.0002, -0.0, -0.0, -0.0001, -0.0, 0.0, -0.0001, -0.0, -0.0, -0.0, -0.0, -0.0, -0.0, -0.0, 0.0]",0.0
2026-07-22_00-05-53.mp4,1,120.0,15.0,0.0,motion,0.0,0.0,0.0,0.0,0.0,0.2374,2.542,0.0,0.1262,7.972,0.0,,"[0.0001, 0.0003, 0.0002, -0.0006, -0.0016, 0.0004, -0.0002, 0.0003, 0.0001, 0.0003, 0.0001, 0.0001, 0.0001, 0.0001, 0.0, -0.0017, 0.0059, 0.0062, 0.0061, 0.0061, 0.0063, 0.0051, 0.0063, 0.0073, 0.0072, 0.0069, 0.007, 0.0073, 0.0073, 0.0073, 0.0515, -0.2242, 0.0059, 0.0058, 0.006, 0.0001, 0.0059, 0.006, -0.0267, 0.0084, 0.006, 0.006, 0.006, 0.006, 0.006, 0.0173, 0.0367, 0.0001, 0.0001, -0.0042, 0.0002, -0.0002, -0.0001, -0.0001, -0.001, -0.001, -0.0008, -0.001, -0.001, -0.0031, -0.001, -0.0007, 0.0003, 0.0003, 0.0003, 0.0002, 0.0002, -0.0005, -0.0004, 0.0003, -0.0002, -0.0008, -0.0001, -0.0001, 0.0001, 0.0001, 0.0001, 0.0003, 0.0003, 0.0004, 0.0003, 0.0004, 0.0003, -0.0007, 0.0011, -0.0005, -0.0003, 0.0003, 0.0003, 0.0001, 0.003, 0.0001, -0.0068, -0.0026, 0.0002, 0.0002, 0.0002, 0.0002, -0.0002, -0.0017, 0.0042, 0.0012, 0.0001, 0.0007, -0.0007, 0.0, -0.0001, 0.0003, -0.0001, -0.0003, 0.0003, -0.0009, -0.0005, 0.0017, 0.0006, 0.0003, -0.0001, -0.0001, -0.0001]",0.0
2026-07-25_23-43-56.mp4,1,120.0,15.0,0.033,motion,0.0,0.0,0.0,0.0,0.0,0.2671,0.763,0.709,0.227,11.944,0.1747,,"[0.0015, -0.0076, 0.0004, -0.0015, 0.0012, -0.001, -0.0005, -0.0007, -0.0007, -0.0006, 0.0004, -0.0005, -0.0009, -0.0003, -0.0002, -0.0001, -0.0011, -0.0003, -0.0003, -0.0002, -0.0001, -0.0002, -0.0001, -0.0007, -0.0002, 0.0024, 0.0004, -0.0002, -0.0001, -0.0003, -0.0002, 0.0001, -0.0007, 0.0001, -0.0003, 0.0003, 0.0025, -0.0007, 0.0012, -0.0002, 0.0002, -0.0005, -0.0, -0.0001, 0.0001, 0.003, 0.0263, -0.0047, 0.0196, 0.0263, 0.0396, 0.078, 0.0679, 0.0725, 0.0852, 0.1223, 0.1343, 0.1386, 0.1171, 0.1178, 0.0353, -0.598, 1.0844, -0.6341, -0.0916, -0.2984, -1.0954, 0.4011, -0.0697, -0.3312, -1.091, -0.3084, -0.0833, 0.6247, -0.0498, 0.0592, 0.0582, 0.0509, 0.0851, 0.2106, 0.2386, 0.5608, 0.4194, 0.2289, 0.4648, -0.0033, 0.0982, -0.0222, 0.0509, -0.1354, -0.3643, -0.1341, -0.3384, -0.0416, -0.006, -1.1181, 0.1355, -0.0269, -0.0863, -0.022, 0.1422, 0.9448, 0.51, -0.0206, -0.049, -0.0788, -0.1086, -0.1363, -0.1597, -0.1853, -0.2124, -0.2689, -0.285, -0.306, -0.3321, -0.3551, -0.3754, -0.4902, 0.3536]",0.0
2026-07-01_14-34-23.mp4,1,80.0,15.0,0.0,motion,0.0,0.0,0.0,0.0,0.0,0.3599,1.017,0.0,0.2367,0.121,0.0,,"[-0.0, -0.0002, -0.0, -0.0002, 0.0001, -0.0, 0.0, 0.0, 0.0, 0.0, 0.0, 0.0, 0.0, 0.0, 0.0, 0.0, 0.0, 0.0, 0.0, 0.0, 0.0, 0.0, -0.0, 0.0, 0.0, 0.0, 0.0, -0.0, -0.0, -0.0, -0.0, -0.0, -0.0, -0.0, -0.0, -0.0, -0.0, -0.0, -0.0, -0.0, -0.0, -0.0, 0.0001, 0.0, 0.0, 0.0, 0.0, 0.0, 0.0, 0.0, 0.0, 0.0, 0.0, 0.0, 0.0, 0.0, 0.0, 0.0, 0.0, -0.0001, 0.0, 0.0, 0.0, 0.0, 0.0, 0.0, 0.0, 0.0, 0.0, 0.0, 0.0, 0.0, 0.0, 0.0, 0.0, -0.0, -0.0, -0.0, -0.0]",0.0
2026-07-22_07-45-43.mp4,1,120.0,15.0,0.0,motion,0.0,0.0,0.0,0.0,0.0,0.2328,0.763,0.556,0.3145,0.483,0.0422,,"[-0.0, -0.0, -0.0, 0.0, -0.0, -0.0, 0.0, -0.0, 0.0, 0.0, -0.0, -0.0, -0.0, -0.0, -0.0, -0.0, -0.0, -0.0, 0.0, -0.0001, 0.0, 0.0, -0.0, 0.0001, -0.0, 0.0, 0.0, 0.0, -0.0, -0.0, -0.0, -0.0, 0.0001, -0.0, 0.0, 0.0, 0.0, -0.0, 0.0, 0.0, -0.0, 0.0, 0.0, -0.0, 0.0001, 0.0, -0.0001, 0.0, 0.0, -0.0001, -0.0, -0.0001, 0.0, 0.0, 0.0, 0.0, 0.0, -0.0, 0.0, 0.0, 0.0, 0.0, 0.0, 0.0001, -0.0, -0.0, -0.0, -0.0, -0.0, 0.0, -0.0, -0.0, -0.0, -0.0, -0.0, -0.0, 0.0, -0.0, -0.0, 0.0, 0.0, 0.0, -0.0, -0.0, -0.0, 0.0, 0.0, -0.0, 0.0, -0.0, -0.0, -0.0, -0.0, -0.0, -0.0, -0.0, -0.0, -0.0, 0.0, -0.0, -0.0, -0.0, -0.0, -0.0, 0.0, 0.0, 0.0, 0.0, 0.0, -0.0, -0.0, -0.0, -0.0, -0.0, -0.0, -0.0, -0.0, -0.0, -0.0]",0.0
2026-07-11_22-51-13.mp4,1,120.0,15.0,0.0,motion,0.0,0.0,0.0,0.0,0.0,0.5494,0.763,0.002,0.379,99.0,0.0011,,"[-0.0474, 0.0376, 0.0395, 0.0365, 0.0263, 0.1196, 0.0275, 0.0245, 0.0215, 0.0185, 0.0155, 0.0125, 0.0095, 0.0065, 0.0035, 0.0005, -0.0025, -0.0026, -0.0026, -0.0026, -0.0029, -0.0, 0.0, 0.0, 0.0, 0.0, -0.0001, -0.0001, -0.0001, -0.0001, -0.0001, -0.0001, -0.0001, -0.0001, -0.0001, -0.0001, -0.0001, -0.0001, -0.0001, -0.0001, -0.0001, 0.0029, -0.0001, -0.0001, 0.0024, 0.0046, 0.0046, 0.0046, 0.0046, 0.0046, 0.0046, 0.0046, 0.0046, 0.0046, 0.0045, 0.0045, 0.0045, 0.0047, 0.0047, -0.0741, -0.0615, 0.0035, 0.0051, 0.0052, 0.0057, 0.0061, 0.0056, 0.0056, 0.0052, 0.007, 0.0054, 0.0054, 0.0036, 0.0054, 0.0054, 0.0029, 0.0007, -0.0111, 0.0007, -0.0168, 0.0023, 0.0007, 0.0007, 0.0125, -0.0045, 0.0007, 0.0007, 0.0007, 0.0007, 0.0007, 0.0007, 0.0007, 0.0007, 0.0003, 0.0003, -0.0003, -0.0002, -0.0002, -0.0002, 0.0002, 0.0, -0.0, -0.0, -0.0, -0.0, -0.0, -0.0, -0.0, -0.0, -0.0, -0.0, -0.0, -0.0, -0.0, -0.0, -0.0, -0.0, -0.0, -0.0]",0.0
2026-07-07_06-16-32.mp4,1,120.0,15.0,0.025,motion,0.0,0.0,0.0,0.0,0.0,0.2988,0.763,0.217,0.5416,0.566,0.0234,,"[-0.0006, 0.0004, 0.0004, 0.0007, 0.0005, 0.0005, 0.0004, 0.0004, 0.0003, 0.0003, 0.0002, 0.0003, 0.0001, 0.0001, -0.0003, 0.0, -0.0, 0.0, -0.0, 0.0006, 0.0001, -0.0, 0.0001, -0.0, -0.0, -0.0, -0.0, 0.0003, -0.0, -0.0, 0.0, 0.0002, -0.0001, -0.0001, -0.0002, 0.0002, -0.0004, 0.0001, -0.0, -0.0001, -0.0001, -0.0002, -0.0001, -0.0003, -0.0004, -0.0003, -0.0004, -0.0003, -0.0006, -0.0003, 0.0009, -0.0015, -0.0012, -0.0006, 0.0028, -0.0005, -0.0005, 0.0016, 0.0036, 0.0048, -0.0027, 0.0003, 0.0004, -0.0, -0.0005, -0.0005, 0.0001, -0.0011, -0.0007, -0.0001, -0.0004, -0.0002, -0.0004, -0.0003, -0.0002, -0.0, -0.0002, -0.0001, -0.0001, 0.0004, 0.0003, -0.0002, 0.0014, -0.0004, -0.0014, -0.0004, -0.0003, 0.0005, 0.0006, 0.0016, -0.0012, 0.0016, 0.0002, -0.0001, -0.0007, -0.0001, 0.0005, 0.0004, 0.0005, 0.0007, -0.0, -0.0003, 0.0001, 0.0006, -0.0001, -0.0032, 0.0005, 0.0005, 0.0005, 0.0007, -0.0048, -0.0035, 0.0005, 0.0003, -0.0005, 0.0053, 0.0012, -0.0017, 0.0002]",0.0
2026-07-10_15-41-43.mp4,1,120.0,15.0,0.0,motion,0.0,0.0,0.0,0.0,0.0,0.2955,2.542,0.399,0.3167,0.0,0.0,,"[-0.0001, 0.0001, -0.0, 0.0005, 0.0001, 0.0002, -0.0001, 0.0001, 0.0001, 0.0001, 0.0, 0.0, 0.0, 0.0, 0.0, -0.0001, 0.0, -0.0, 0.0003, 0.0, 0.0, 0.0, 0.0, 0.0, -0.0, 0.0, -0.0001, 0.0, 0.0001, -0.0002, 0.0, 0.0, 0.0, -0.0, 0.0, -0.0001, 0.0, 0.0, 0.0, 0.0, 0.0, 0.0, 0.0, 0.0, 0.0, -0.0, -0.0, -0.0, -0.0, -0.0, -0.0, -0.0, -0.0, -0.0, -0.0, -0.0, -0.0, -0.0, -0.0, 0.0003, -0.0, -0.0, -0.0, -0.0, 0.0001, 0.0, -0.0, -0.0, -0.0, -0.0, -0.0, -0.0, -0.0, 0.0002, -0.0, 0.0, 0.0003, 0.0002, 0.0, 0.0, 0.0005, -0.0002, -0.0007, -0.0, -0.0, -0.0, -0.0, 0.0002, -0.0009, -0.0, 0.0001, -0.0, -0.0, 0.0, 0.0, 0.0, 0.0, 0.0005, -0.0, -0.0, -0.0, -0.0, 0.0, -0.0, -0.0, -0.0, 0.0003, -0.0, -0.0001, -0.0001, -0.0001, -0.0001, -0.0001, -0.0001, -0.0001, -0.0001, -0.0001, -0.0001, 0.0001]",0.0
2026-07-06_17-02-00.mp4,1,120.0,15.0,0.0,motion,0.0,0.0,0.0,0.0,0.0,0.3229,2.797,0.39,0.3008,0.004,0.0005,,"[0.0, -0.0, 0.0, 0.0, 0.0, 0.0, -0.0, -0.0, -0.0, -0.0, -0.0, -0.0, -0.0, -0.0, -0.0, -0.0, -0.0, -0.0, -0.0, -0.0, -0.0001, 0.0009, -0.0004, 0.0003, -0.0, -0.0, 0.0, -0.0, -0.0, -0.0001, -0.0001, 0.0, 0.0, -0.0001, -0.0, -0.0001, -0.0, -0.0, -0.0001, 0.0, -0.0002, -0.0003, -0.0003, 0.0007, 0.0007, -0.0, -0.0, -0.0, -0.0, -0.0, -0.0, -0.0, -0.0, -0.0, -0.0, -0.0, -0.0, -0.0, -0.0, -0.0002, -0.0, -0.0, -0.0, -0.0, 0.0001, 0.0001, -0.0, -0.0, -0.0, -0.0, 0.0, -0.0, -0.0, -0.0, -0.0, -0.0, -0.0, -0.0, -0.0, -0.0, 0.0, 0.0, 0.0, 0.0, 0.0, 0.0, 0.0, 0.0, 0.0, 0.0003, 0.0004, -0.0002, -0.0007, 0.0001, 0.0002, -0.0005, 0.0, -0.0, 0.0, -0.0, -0.0001, 0.0, 0.0, 0.0, 0.0004, 0.0002, 0.0001, -0.0001, 0.0, 0.0001, 0.0001, 0.0001, 0.0001, 0.0001, 0.0001, 0.0001, 0.0001, 0.0001, -0.0001]",0.0
2026-07-14_15-54-31.mp4,1,120.0,15.0,0.017,motion,0.0,0.0,0.0,0.0,0.0,0.2856,1.78,0.408,0.2438,0.053,0.0059,,"[-0.0001, 0.0003, -0.0002, 0.0, -0.0, -0.0003, 0.0001, -0.0005, -0.0007, 0.0003, -0.001, -0.0016, -0.0021, -0.0014, -0.0018, -0.0019, 0.0015, -0.0015, -0.0045, -0.0074, -0.0068, -0.003, -0.001, -0.0004, -0.0003, -0.0029, 0.0083, -0.0092, -0.0012, -0.0094, -0.0086, -0.0084, -0.0025, 0.0648, 0.061, -0.0088, -0.0093, -0.0091, -0.0055, -0.0091, -0.0085, 0.0645, -0.0078, -0.0078, -0.0105, -0.0044, -0.0103, -0.0164, -0.0162, -0.0138, -0.0115, -0.0115, -0.0115, -0.0115, -0.0116, -0.0114, -0.0114, -0.009, -0.009, 0.0821, -0.0131, -0.01, 0.18, -0.0087, -0.0087, -0.0086, -0.0023, -0.0023, -0.0023, -0.0023, -0.0024, -0.0024, -0.0024, -0.0025, -0.0024, -0.0031, 0.0002, 0.0004, 0.0065, 0.0065, 0.0065, -0.1904, 0.0057, 0.0065, 0.0065, 0.0065, 0.0065, 0.0065, 0.0065, 0.0042, 0.0042, 0.0041, 0.0041, 0.0041, 0.0041, 0.0041, 0.0041, -0.0023, -0.0023, -0.0022, -0.0023, -0.0023, -0.0023, -0.0023, 0.0682, -0.0023, -0.0023, -0.0023, -0.0023, -0.0023, -0.0023, -0.0023, -0.0023, -0.0023, -0.0023, -0.0023, -0.001, -0.0023, -0.0023]",0.0
2026-07-02_08-49-24.mp4,1,120.0,15.0,0.0,motion,0.0,0.0,0.0,0.0,0.0,0.3186,1.525,0.598,0.5289,0.608,0.0721,,"[0.0001, -0.0011, -0.0001, 0.0001, -0.0001, 0.0, 0.0, 0.0, 0.0004, -0.0, -0.0, 0.0001, 0.0001, -0.0001, -0.0004, 0.0005, 0.0006, 0.0, -0.0002, 0.0001, -0.0001, -0.0001, 0.0, -0.0, 0.0003, 0.0001, 0.0006, 0.0003, -0.0025, 0.0, 0.0003, 0.0004, 0.0001, 0.0, 0.0002, 0.0005, 0.0002, -0.0007, -0.0001, -0.0002, -0.0007, -0.0011, 0.0001, 0.0002, -0.0001, 0.0001, -0.0001, 0.0, 0.0001, 0.0001, 0.0002, 0.0006, 0.0002, 0.0001, 0.0, 0.0006, 0.0001, -0.0, -0.0002, -0.0003, -0.0, 0.0001, -0.0001, 0.0001, -0.0003, 0.0, -0.0001, 0.0001, -0.0, -0.0, -0.0, 0.0, -0.0001, 0.0003, 0.0, 0.0001, -0.0, 0.0001, 0.0, 0.0001, -0.0001, 0.0, -0.0, -0.0, 0.0001, 0.0002, -0.0001, -0.001, 0.0002, -0.0, 0.0001, -0.0001, -0.0002, 0.0, 0.0001, 0.0, -0.0001, 0.0002, -0.0, 0.0002, 0.0, -0.0, 0.0, -0.0004, 0.0004, -0.0004, -0.0003, 0.0001, 0.0001, -0.0001, 0.0001, -0.0001, -0.0001, -0.0001, -0.0001, -0.0001, -0.0001, 0.0005, 0.0001]",0.0
2026-07-12_21-46-38.mp4,1,120.0,15.0,0.0,motion,0.0,0.0,0.0,0.0,0.0,0.2858,0.763,0.402,0.2705,0.069,0.0074,,"[-0.0, -0.0003, -0.0002, -0.0001, -0.0001, -0.0001, -0.0001, 0.0002, -0.0001, -0.0001, 0.002, -0.0001, -0.0001, -0.0, -0.0001, -0.0, -0.0, -0.0004, -0.0, -0.0001, -0.0, -0.0005, -0.0, -0.0, -0.0, -0.0, 0.0, 0.0, 0.0, 0.0, 0.0, 0.0, 0.0, 0.0, 0.0, 0.0, 0.0, -0.0001, 0.0, 0.0, 0.0, -0.0002, -0.0001, 0.0, 0.0, 0.0, 0.0, 0.0, 0.0, 0.0, -0.0002, 0.0003, 0.0001, 0.0, 0.0, 0.0, 0.0, -0.0, -0.0, -0.0001, -0.0, -0.0, -0.0, -0.0, -0.0, -0.0, -0.0, -0.0, 0.0, 0.0, 0.0, 0.0, 0.0, 0.0, 0.0, 0.0, 0.0, 0.0, 0.0, 0.0, 0.0, 0.0, 0.0, 0.0, 0.0, 0.0, 0.0, 0.0, 0.0, -0.001, 0.0, 0.0007, 0.0, 0.0, 0.0, 0.0, 0.0, 0.0, 0.0, 0.0, 0.0, 0.0, 0.0, 0.0, 0.0, -0.0, -0.0, 0.0, 0.0, 0.0, 0.0, 0.0, 0.0, 0.0, 0.0, 0.0, 0.0, 0.0, 0.0]",0.0
2026-07-16_22-56-19.mp4,1,120.0,15.0,0.0,motion,0.0,0.0,0.0,0.0,0.0,0.2084,2.542,0.654,0.4945,0.07,0.0089,,"[-0.0, 0.0006, -0.0, -0.0002, 0.0, 0.0002, 0.0, -0.0001, -0.0001, 0.0, -0.0001, 0.0, 0.0, 0.0001, -0.0004, 0.0001, -0.0001, 0.0, 0.0, 0.0, -0.0001, -0.0001, 0.0001, -0.0001, 0.0001, 0.0001, 0.0, -0.0, -0.0002, 0.0002, -0.0001, 0.0, 0.0, 0.0, 0.0, 0.0, 0.0, 0.0, 0.0, -0.0, 0.0, -0.0001, -0.0001, 0.0, 0.0, 0.0001, 0.0001, -0.0, 0.0, -0.0001, 0.0001, -0.0, -0.0, -0.0, -0.0001, -0.0001, -0.0, 0.0003, -0.0, -0.0001, -0.0001, 0.0, -0.0, 0.0001, 0.0001, 0.0001, 0.0, 0.0, 0.0001, 0.0001, 0.0, -0.0001, -0.0, -0.0, 0.0001, -0.0001, -0.0001, 0.0, -0.0, 0.0002, -0.0, 0.0003, -0.0001, 0.0, -0.0001, -0.0, 0.0, -0.0001, 0.0, -0.0001, 0.0, 0.0, -0.0, 0.0001, -0.0005, 0.0003, -0.0003, 0.0002, -0.0001, 0.0, 0.0, -0.0001, 0.0, -0.0001, 0.0002, -0.0001, -0.0, -0.0, 0.0004, 0.0001, -0.0, -0.0, 0.0001, -0.0, 0.0004, -0.0, -0.0008, 0.0002, -0.0]",0.0
2026-07-10_13-40-38.mp4,1,120.0,15.0,0.008,motion,0.0,0.0,0.0,0.0,0.0,0.3951,1.78,0.464,0.3313,2.86,0.1359,,"[0.0, -0.0, -0.0001, -0.0001, 0.0, 0.0001, 0.0001, -0.0, 0.0001, -0.0001, -0.0, 0.0001, 0.0, 0.0, -0.0, -0.0, -0.0, -0.0, -0.0, -0.0, -0.0, 0.0, -0.0, 0.0, -0.0, -0.0, -0.0, -0.0, 0.0, 0.0, -0.0, 0.0001, 0.0, 0.0, -0.0002, -0.0002, -0.0, -0.0, 0.0002, -0.0, 0.0002, 0.0, -0.0, -0.0, -0.0, -0.0, 0.0, -0.0, 0.0, -0.0, -0.0, -0.0, -0.0, -0.0, 0.0, -0.0001, 0.0001, 0.0, -0.0, -0.0, 0.0, 0.0, -0.0001, 0.0001, -0.0, -0.0, 0.0, -0.0, -0.0, 0.0002, -0.0, -0.0002, 0.0001, 0.0001, -0.0, -0.0001, -0.0002, 0.0001, -0.0, -0.0, -0.0, 0.0, -0.0, 0.0001, 0.0001, 0.0, -0.0, -0.0, -0.0, 0.0, -0.0, -0.0, -0.0, -0.0, -0.0, -0.0, -0.0, -0.0, -0.0, -0.0, -0.0, 0.0001, 0.0001, -0.0001, 0.0, 0.0001, 0.0001, 0.0001, -0.0001, 0.0001, 0.0001, 0.0001, -0.0001, 0.0, 0.0001, -0.0, 0.0002, -0.0001, -0.0001]",0.0
2026-07-19_10-19-38.mp4,1,120.0,15.0,0.392,motion,0.0,0.0,0.0,0.0,0.0,0.3239,2.542,0.524,0.3132,0.063,0.0101,,"[-0.0, -0.0003, 0.0002, -0.0, -0.0004, -0.0002, -0.0, -0.0, 0.0001, -0.0003, -0.0, -0.0, 0.0017, -0.0, -0.0003, -0.0, -0.0, -0.0, -0.0, -0.0, -0.0, -0.0, 0.0001, -0.0001, -0.0001, -0.0, -0.0001, -0.0001, 0.0, 0.0, -0.0002, 0.0, 0.0001, -0.0, -0.0001, 0.0001, 0.0001, -0.0, 0.0, 0.0, 0.0, 0.0, 0.0, -0.0002, -0.0, -0.0, -0.0, 0.0001, 0.0001, -0.0, -0.0, -0.0, 0.0, -0.0001, 0.0, 0.0, 0.0, 0.0, 0.0001, 0.0, -0.0001, 0.0001, -0.0, -0.0, -0.0, -0.0, -0.0, -0.0, -0.0, -0.0, -0.0, -0.0, -0.0, -0.0, 0.0001, 0.0, -0.0, 0.0003, 0.0, -0.0, -0.0, -0.0, -0.0, -0.0, 0.0001, 0.0001, 0.0, -0.0, -0.0004, -0.0002, 0.0002, 0.0002, -0.0, -0.0001, 0.0, 0.0, 0.0, -0.0, -0.0, -0.0, 0.0, -0.0004, 0.0002, 0.0002, -0.0, -0.0, 0.0001, 0.0001, -0.0001, 0.0001, 0.0, 0.0003, -0.0001, -0.0002, 0.0, 0.0, 0.0, -0.0, -0.0]",0.0
2026-07-18_14-54-14.mp4,1,120.0,15.0,0.0,motion,0.0,0.0,0.0,0.0,0.0,0.2281,1.78,0.434,0.3936,0.966,0.0486,,"[-0.0001, -0.0001, 0.0001, -0.0, 0.0001, 0.0001, 0.0001, 0.0001, 0.0001, 0.0004, 0.0001, -0.0001, -0.0, -0.0, -0.0, 0.0, -0.0001, -0.0, 0.0, 0.0, -0.0001, -0.0001, -0.0, -0.0002, 0.0005, -0.0001, -0.0, 0.0002, 0.0001, -0.0001, -0.0, -0.0001, 0.0001, -0.0002, 0.0003, 0.0001, 0.0003, -0.0001, -0.0001, 0.0002, -0.0001, 0.0001, 0.0, 0.0001, 0.0, -0.0, 0.0001, -0.0004, 0.0, -0.0001, -0.0004, -0.0, -0.0, -0.0002, -0.0003, -0.0004, -0.0003, -0.0003, -0.0003, -0.0003, -0.0002, -0.0003, -0.0003, 0.0, -0.0, -0.0002, -0.0, 0.0014, 0.0049, 0.0029, 0.0001, 0.0007, 0.0003, 0.0012, 0.0013, 0.0004, 0.0013, 0.0013, 0.0002, -0.0016, 0.0024, 0.0024, 0.0035, -0.0037, 0.0037, 0.0034, -0.0006, 0.0006, -0.0167, -0.0032, 0.0047, 0.0052, 0.0049, 0.0025, -0.0267, 0.0045, 0.0051, -0.0301, 0.0055, 0.0053, 0.006, 0.0052, 0.0046, -0.0184, 0.0043, 0.0006, 0.0041, 0.0041, 0.0041, 0.004, 0.0033, -0.0181, 0.003, -0.0088, 0.0019, 0.0019, 0.0021, 0.0019, 0.0019]",0.0
2026-07-21_15-24-41.mp4,0,0.0,0.0,0.0,tooshort,0.0,0.0,0.0,0.0,0.0,0.0,0.0,0.0,0.0,0.0,0.0,,,
2026-07-06_19-10-23.mp4,1,120.0,15.0,0.0,motion,0.0,0.0,0.0,0.0,0.0,0.4006,1.525,0.508,0.3495,0.091,0.017,,"[-0.0, -0.0, -0.0, 0.0004, 0.0003, -0.0001, -0.0001, -0.0, 0.0001, 0.0002, -0.0002, -0.0, -0.0001, -0.0001, -0.0, -0.0, 0.0001, 0.0001, -0.0, -0.0, -0.0, -0.0, -0.0, -0.0001, -0.0, -0.0, -0.0001, -0.0001, 0.0, 0.0001, -0.0, 0.0001, 0.0, 0.0001, -0.0001, -0.0001, -0.0, -0.0, 0.0003, -0.0, 0.0001, -0.0, -0.0001, 0.0, -0.0, -0.0, -0.0002, -0.0, -0.0, 0.0, -0.0, -0.0, -0.0, -0.0, -0.0, 0.0, 0.0, 0.0, 0.0, -0.0, 0.0001, 0.0, 0.0, 0.0, -0.0003, 0.0001, 0.0, 0.0, 0.0001, 0.0, -0.0, -0.0001, -0.0, 0.0, -0.0001, 0.0, -0.0, -0.0, 0.0, 0.0, 0.0, 0.0, 0.0001, 0.0, 0.0001, 0.0, 0.0, 0.0, 0.0, -0.0, -0.0002, 0.0, 0.0001, 0.0, 0.0, 0.0, 0.0, 0.0, 0.0, 0.0, 0.0, 0.0, 0.0, 0.0, 0.0, -0.0, -0.0001, 0.0001, -0.0001, 0.0, -0.0, 0.0, 0.0, -0.0, 0.0, 0.0, 0.0, -0.0001, -0.0]",0.0
2026-07-01_18-54-13.mp4,1,120.0,15.0,0.0,motion,0.0,0.0,0.0,0.0,0.0,0.3149,2.288,0.481,0.5021,1.692,0.0951,,"[-0.0001, 0.0003, 0.0003, 0.0001, 0.0001, 0.0006, 0.0002, 0.0003, 0.0003, 0.0002, 0.0002, 0.0003, 0.0001, -0.0003, 0.0001, 0.0012, 0.0001, -0.0013, -0.0002, -0.0047, -0.0009, 0.0002, -0.0008, -0.0009, 0.0008, -0.0002, 0.0005, 0.0029, -0.0003, 0.0008, 0.0014, 0.0004, 0.0, -0.0003, 0.0003, 0.0002, 0.0007, -0.0012, -0.0005, 0.0012, -0.0001, -0.0004, -0.0005, 0.0018, -0.0001, -0.0004, 0.0006, 0.0005, 0.0015, 0.0013, 0.0027, 0.0002, -0.0006, 0.0006, -0.0067, 0.0031, -0.0017, -0.0007, 0.0006, 0.0022, -0.0046, -0.0008, -0.014, 0.0006, 0.0113, -0.0007, 0.0014, 0.0011, -0.0024, 0.001, 0.0009, 0.0011, 0.0006, 0.0004, 0.0017, 0.0012, 0.0008, 0.0006, 0.0007, 0.0006, 0.0007, -0.011, -0.0012, 0.0005, 0.001, 0.0007, -0.0005, 0.0004, 0.001, 0.001, -0.0024, 0.0035, 0.002, -0.0074, 0.0002, 0.0009, 0.0008, -0.0007, 0.0006, 0.0, -0.0001, -0.0001, -0.0003, -0.0002, -0.0003, 0.0014, 0.0001, 0.0019, -0.0007, 0.0045, -0.0004, -0.0011, -0.0018, -0.0011, -0.0022, -0.0029, -0.0018, -0.002, 0.0011]",0.0
2026-07-16_19-25-52.mp4,1,120.0,15.0,0.0,motion,0.0,0.0,0.0,0.0,0.0,0.3401,1.78,0.603,0.3127,0.376,0.056,,"[-0.0001, 0.0002, -0.0003, 0.0001, 0.0002, 0.0001, 0.0001, 0.0001, 0.0001, 0.0001, 0.0001, 0.0, 0.0, 0.0, 0.0, 0.0, 0.0, 0.0, -0.0, -0.0, -0.0, -0.0, -0.0, -0.0, -0.0, -0.0, -0.0, -0.0, -0.0, -0.0, -0.0, -0.0, -0.0, -0.0, -0.0, -0.0, -0.0, -0.0, -0.0, -0.0, -0.0, -0.0, -0.0, 0.0001, -0.0, -0.0, -0.0, -0.0, -0.0, -0.0, -0.0, -0.0, -0.0, -0.0, -0.0, -0.0, -0.0, -0.0, -0.0, 0.0003, -0.0, -0.0, 0.0, 0.0, 0.0, 0.0, 0.0, 0.0, 0.0, 0.0, 0.0, 0.0, 0.0, 0.0, 0.0001, 0.0, 0.0, -0.0005, 0.0, 0.0001, 0.0001, 0.0001, 0.0001, 0.0001, 0.0001, 0.0001, 0.0001, 0.0001, 0.0001, 0.0004, 0.0001, 0.0001, 0.0001, 0.0001, -0.0041, 0.0001, 0.0001, 0.0001, 0.0001, 0.0001, 0.0001, 0.0001, 0.0001, 0.0001, 0.0001, 0.0001, 0.0001, 0.0001, 0.0001, 0.0001, -0.0, -0.0, -0.0, 0.0003, -0.0, -0.0, -0.0, -0.0, -0.0]",0.0
2026-07-04_23-58-33.mp4,1,120.0,15.0,0.0,motion,0.0,0.0,0.0,0.0,0.0,0.4961,1.271,0.616,0.3122,0.748,0.1308,,"[-0.0014, -0.0015, -0.0012, 0.0007, -0.0016, 0.0091, -0.0016, -0.0016, -0.0014, -0.0018, -0.0027, -0.0018, 0.0186, -0.0053, -0.0006, 0.0047, 0.0168, -0.0015, -0.0015, -0.0014, -0.0011, -0.0008, -0.0008, 0.0033, -0.0008, -0.0007, -0.0008, -0.0137, -0.0001, -0.0002, -0.0002, -0.0, 0.0006, 0.0018, 0.0006, -0.0087, 0.0004, 0.0006, 0.0006, 0.0007, 0.0001, 0.0008, 0.0008, 0.0004, 0.0006, 0.0004, 0.0004, 0.0004, 0.0007, -0.0003, -0.0002, -0.0005, -0.0094, -0.0094, -0.0092, -0.0135, -0.0059, -0.0059, -0.0042, -0.001, -0.0011, -0.0011, -0.0017, -0.0099, 0.0262, -0.0036, -0.0037, 0.2717, 0.0058, 0.0117, 0.0117, -0.0986, 0.0119, -0.0414, -0.0633, -0.0109, 0.0091, 0.009, 0.009, 0.0644, 0.0356, 0.0159, 0.0161, -0.2681, -0.1596, 0.0245, 0.0245, 0.0212, 0.0192, 0.0175, 0.0958, 0.0106, 0.0104, 0.0106, 0.0157, -0.087, -0.0608, 0.0189, 0.0189, 0.0095, 0.0033, 0.0019, -0.006, 0.0638, 0.0009, 0.032, 0.0935, 0.004, 0.0045, -0.152, -0.0176, 0.0011, -0.0015, -0.0015, -0.0015, 0.0056, 0.0435, -0.0015, -0.0017]",0.0
2026-07-09_05-50-54.mp4,1,120.0,15.0,0.0,motion,0.0,0.0,0.0,0.0,0.0,0.4331,2.797,0.778,0.4981,66.251,0.3318,,"[-0.0062, -0.0006, -0.0053, -0.006, -0.0053, -0.0055, -0.0055, -0.0052, -0.0047, 0.0053, -0.0122, -0.0445, -0.0175, 0.009, 0.0663, 0.1694, -0.1301, 0.1689, 0.023, 0.0247, 0.0242, 0.0243, 0.0241, -0.0014, -0.2681, 0.5262, 1.031, -0.8048, -0.7954, -0.4486, 0.0252, 0.0416, -0.0704, 0.1658, -0.0282, 0.0416, 0.0308, 0.029, 0.0305, 0.0293, 0.0196, 0.0358, 0.0683, 0.0415, 0.0151, -0.0001, -0.0002, 0.0002, -0.0032, 0.0014, -0.0005, -0.0001, -0.0001, -0.0, -0.0, -0.0001, -0.0001, -0.0001, -0.0009, 0.0002, 0.0005, 0.001, 0.0014, 0.0013, 0.0003, 0.0009, 0.0003, 0.0008, -0.002, 0.0003, 0.0021, 0.0003, 0.0003, -0.0007, -0.0248, 0.0104, 0.0037, 0.0003, 0.0003, 0.0003, 0.0003, 0.0003, 0.0038, -0.0013, 0.0002, 0.0002, 0.0003, 0.0003, 0.0003, 0.0003, -0.0005, -0.0002, -0.0001, -0.0, -0.0, -0.0, 0.0011, -0.0, 0.0001, 0.0, 0.0, 0.0, -0.0014, 0.0, 0.0, 0.0, 0.0, 0.0, -0.0006, 0.0, 0.0005, 0.0, -0.0001, 0.0001, 0.0001, 0.0001, 0.0001, -0.0, 0.0]",0.0
2026-07-08_21-42-05.mp4,1,120.0,15.0,0.0,motion,0.0,0.0,0.0,0.0,0.0,0.2424,1.525,0.525,0.3791,1.828,0.0823,,"[-0.0002, 0.0005, 0.0002, -0.0002, 0.0002, 0.0001, 0.0002, 0.0001, 0.0001, 0.0001, 0.0001, 0.0001, 0.0, 0.0, 0.0, -0.0, -0.0, -0.0, 0.0006, -0.0, -0.0, -0.0, -0.0, -0.0, -0.0, -0.0, -0.0, -0.0, -0.0, -0.0, -0.0, -0.0001, -0.0, -0.0, -0.0, -0.0, -0.0, -0.0, -0.0, -0.0, -0.0, -0.0, -0.0, -0.0001, 0.0, 0.0, 0.0011, -0.0003, -0.0, -0.0, -0.0001, -0.0001, -0.0001, -0.0001, -0.0001, -0.0001, -0.0001, -0.0001, 0.0007, -0.0023, -0.0001, -0.0001, 0.0009, -0.0, -0.0, 0.0015, -0.0, -0.0, -0.0, -0.0, -0.0, -0.0, -0.0, -0.0, -0.0, -0.0001, -0.0001, -0.0001, -0.0001, -0.0001, -0.0001, -0.0, -0.0, -0.0, -0.0, -0.0, -0.0, -0.0, -0.0, -0.0, -0.0, -0.0, -0.0, -0.0, -0.0, 0.001, -0.0, -0.0, -0.0, -0.0, -0.0, -0.0, -0.0, -0.0, -0.0, -0.0, -0.0, -0.0, -0.0, -0.0, -0.0, -0.0, -0.0, -0.0, -0.0, -0.0, -0.0, -0.0, -0.0]",0.0
2026-07-10_10-21-28.mp4,1,120.0,15.0,0.0,motion,0.0,0.0,0.0,0.0,0.0,0.279,2.797,0.318,0.3131,0.026,0.0023,,"[0.0, 0.0, 0.0, 0.0, 0.0, 0.0, 0.0, 0.0, 0.0, 0.0, 0.0, 0.0, -0.0, 0.0, 0.0, 0.0, 0.0, 0.0, 0.0, 0.0, 0.0, 0.0, 0.0, 0.0, 0.0, 0.0, 0.0, 0.0, -0.0, -0.0, -0.0, -0.0, -0.0, -0.0, -0.0, -0.0, -0.0, -0.0, -0.0, 0.0, 0.0, 0.0, 0.0, 0.0, 0.0, 0.0, 0.0, 0.0, 0.0, 0.0, 0.0, 0.0, 0.0, 0.0, -0.0001, 0.0, -0.0, 0.0001, 0.0, 0.0, -0.0001, 0.0, 0.0, -0.0, 0.0, -0.0, 0.0, -0.0, -0.0, -0.0, 0.0, 0.0, 0.0, 0.0, 0.0, 0.0, -0.0, -0.0, 0.0, -0.0, -0.0, -0.0, -0.0, 0.0, -0.0, -0.0, -0.0, -0.0, -0.0, -0.0, 0.0, -0.0, -0.0, -0.0, 0.0, -0.0, -0.0, -0.0, -0.0, 0.0, 0.0, -0.0, -0.0, -0.0, -0.0, -0.0, -0.0, -0.0, -0.0, -0.0, -0.0, -0.0, -0.0, -0.0, -0.0, 0.0, -0.0, -0.0, -0.0]",0.0
2026-07-03_01-10-13.mp4,1,120.0,15.0,0.0,motion,0.0,0.0,0.0,0.0,0.0,0.3667,1.017,0.506,0.4496,1.441,0.1095,,"[0.0002, -0.0023, 0.0, -0.0002, -0.0, 0.0, 0.0002, 0.0, -0.0, 0.0001, 0.0001, 0.0001, 0.0001, 0.0001, 0.0001, 0.0001, 0.0001, 0.0, 0.0, 0.0004, 0.0, -0.0006, 0.0, -0.0008, 0.0, 0.0, 0.0001, 0.0, 0.0001, 0.0, 0.0, 0.0001, 0.0, 0.0, 0.0, 0.0, 0.0, -0.0001, 0.0001, 0.0001, -0.0, 0.0001, -0.0, -0.0, -0.0, 0.0001, -0.0, 0.0003, -0.0001, 0.0001, 0.0, -0.0, -0.0001, 0.0, -0.0002, -0.0, -0.0001, -0.0, -0.0, -0.0001, -0.0, 0.0, -0.0, 0.0, 0.0, 0.0, 0.0003, -0.0002, 0.0, 0.0, 0.0001, -0.0001, 0.0, 0.0, 0.0, -0.0, -0.0, -0.0, -0.0, -0.0, -0.0, -0.0, 0.0, -0.0, -0.0, -0.0, -0.0, -0.0, -0.0, -0.0, -0.0, -0.0, -0.0, 0.0002, -0.0, -0.0, -0.0, -0.0, -0.0, -0.0, -0.0, -0.0, -0.0, -0.0, -0.0, -0.0, -0.0, -0.0, -0.0, -0.0, -0.0, -0.0, -0.0, -0.0, -0.0, -0.0, -0.0, 0.0, -0.0]",0.0
2026-07-02_18-36-38.mp4,1,120.0,15.0,0.0,motion,0.0,0.0,0.0,0.0,0.0,0.1611,2.797,0.653,0.4017,0.012,0.0013,,"[0.0, 0.0, 0.0, 0.0, 0.0, 0.0, 0.0, 0.0, 0.0, 0.0, 0.0, 0.0, 0.0, 0.0, 0.0, 0.0, 0.0, 0.0, 0.0, 0.0, 0.0, 0.0, 0.0, 0.0, 0.0, 0.0, 0.0, 0.0, 0.0, 0.0, 0.0, 0.0, 0.0, -0.0, -0.0, -0.0, 0.0, 0.0, 0.0, 0.0, 0.0, -0.0, -0.0, 0.0, -0.0, -0.0, 0.0, 0.0, 0.0, 0.0001, -0.0001, -0.0005, 0.0003, 0.0001, -0.0001, -0.0001, 0.0004, -0.0001, -0.0001, 0.0, 0.0, -0.0, 0.0, 0.0, -0.0001, 0.0001, -0.0, -0.0, -0.0, -0.0002, -0.0, -0.0, -0.0, 0.0, -0.0, 0.0003, 0.0001, 0.0001, -0.0004, -0.0, 0.0003, -0.0, -0.0, -0.0, -0.0001, 0.0001, 0.0001, -0.0002, -0.0, -0.0, 0.0, -0.0002, 0.0, -0.0001, 0.0, -0.0, 0.0001, 0.0, -0.0002, -0.0, 0.0, 0.0001, 0.0001, 0.0001, -0.0, -0.0, 0.0002, -0.0, 0.0, -0.0, -0.0, -0.0, 0.0, 0.0001, -0.0, 0.0, -0.0, -0.0, -0.0]",0.0
2026-07-06_06-03-26.mp4,1,120.0,15.0,0.0,motion,0.0,0.0,0.0,0.0,0.0,0.48,0.763,0.437,0.4365,4.682,0.1728,,"[0.0001, -0.0002, -0.0002, -0.0002, -0.0001, -0.0, -0.0, -0.0, -0.0, -0.0, -0.0003, -0.0, 0.0, 0.0, 0.0, 0.0001, 0.0, 0.0, 0.0002, 0.0, -0.0001, 0.0, 0.0, 0.0, 0.0001, 0.0, -0.0003, 0.0, -0.0002, 0.0, 0.0001, 0.0001, 0.0002, 0.0001, 0.0001, -0.0002, -0.0, -0.0, -0.0008, 0.0, -0.0002, -0.0, 0.0009, 0.0003, 0.0003, -0.0013, 0.0004, -0.0, 0.0005, 0.0013, 0.0021, 0.0012, 0.0006, 0.0003, 0.0005, 0.0005, 0.0006, -0.0024, -0.006, -0.0005, -0.0003, -0.0006, 0.0005, 0.0006, -0.0001, -0.0046, 0.0006, 0.0005, 0.0007, 0.0006, 0.0012, 0.0004, 0.0008, 0.0002, -0.0007, 0.0008, 0.0002, 0.0002, 0.0001, 0.0001, 0.0002, -0.0, 0.0003, -0.0, 0.0, 0.0001, 0.0, -0.0002, -0.0001, 0.0008, 0.0, 0.0004, -0.0001, 0.0, -0.0001, -0.0005, -0.0004, -0.0003, -0.0003, -0.0001, -0.0002, -0.0001, -0.0005, 0.0002, -0.0005, -0.0001, -0.0, 0.0031, -0.0003, 0.0003, -0.0001, -0.0, 0.0004, -0.0005, -0.0002, -0.0003, -0.0004, -0.0005, -0.0]",0.0
2026-07-17_20-38-51.mp4,1,120.0,15.0,0.0,motion,0.0,0.0,0.0,0.0,0.0,0.288,0.763,0.296,0.329,0.001,0.0001,,"[0.0003, -0.0017, 0.0011, -0.0005, -0.0003, -0.0014, 0.0053, 0.002, -0.0018, -0.0005, -0.0005, -0.0003, -0.0004, -0.0003, -0.0003, -0.0004, -0.0003, -0.0003, -0.0003, -0.0003, -0.0002, -0.0004, -0.0, -0.0, -0.0001, 0.0001, 0.0001, -0.0001, -0.0001, 0.0008, 0.0001, -0.0, -0.0, -0.0, -0.0, -0.0001, -0.0, -0.0, -0.0, 0.0003, -0.0, -0.0, -0.0, -0.0, -0.0, -0.0, -0.0001, -0.0, -0.0, 0.0, -0.0, -0.0, -0.0, -0.0, -0.0, 0.0, 0.0, 0.0, 0.0, 0.0, 0.0, 0.0, 0.0, 0.0, 0.0, 0.0, 0.0, 0.0, 0.0, 0.0, 0.0, 0.0, 0.0, 0.0, 0.0, -0.0008, 0.0, 0.0, 0.0, -0.0003, 0.0, 0.0, 0.0, 0.0, 0.0, 0.0, 0.0, 0.0, 0.0, 0.0, 0.0, 0.0, 0.0, 0.0, 0.0, 0.0, 0.0, 0.0, 0.0, 0.0, 0.0, 0.0, 0.0, 0.0, 0.0, 0.0, 0.0, 0.0, 0.0, 0.0, 0.0, 0.0, 0.0, 0.0, 0.0, 0.0, 0.0, 0.0, 0.0]",0.0
2026-07-17_04-58-52.mp4,1,120.0,15.0,0.0,motion,0.0,0.0,0.0,0.0,0.0,0.2499,1.78,0.489,0.2045,0.824,0.0552,,"[0.0, -0.0001, 0.0, 0.0, 0.0, 0.0, -0.0, 0.0, -0.0, -0.0003, 0.0001, -0.0, 0.0, 0.0, 0.0, 0.0, 0.0, 0.0001, -0.0, 0.0001, -0.0001, 0.0, 0.0, 0.0, 0.0, -0.0, -0.0, -0.0001, 0.0, 0.0, -0.0, -0.0, 0.0, 0.0001, -0.0002, 0.0, -0.0, -0.0, 0.0, -0.0, -0.0, 0.0, 0.0, 0.0, 0.0002, -0.0002, 0.0, -0.0, 0.0, 0.0, -0.0, 0.0, -0.0, -0.0, -0.0, 0.0, -0.0, -0.0001, 0.0, 0.0, 0.0, 0.0, -0.0, -0.0001, -0.0001, 0.0003, 0.0, 0.0001, 0.0, 0.0, -0.0, -0.0002, 0.0, 0.0, -0.0001, 0.0, 0.0, 0.0001, -0.0, -0.0, 0.0, 0.0001, -0.0001, 0.0001, -0.0001, 0.0, 0.0, -0.0, 0.0, -0.0, 0.0001, 0.0, -0.0, 0.0001, 0.0, 0.0, -0.0004, 0.0, 0.0, 0.0, 0.0, 0.0, -0.0, 0.0, 0.0, 0.0, 0.0, 0.0, 0.0, 0.0, 0.0, 0.0, 0.0001, -0.0, -0.0, -0.0, -0.0, -0.0, -0.0]",0.0
2026-07-02_09-05-48.mp4,1,120.0,15.0,0.0,motion,0.0,0.0,0.0,0.0,0.0,0.3361,0.763,0.715,0.309,0.461,0.0757,,"[-0.0025, 0.0675, -0.3678, 0.0026, 0.3063, 0.0003, 0.0018, -0.0005, 0.0015, 0.0013, 0.0011, 0.0009, 0.0008, 0.0009, 0.0007, 0.0005, 0.0004, 0.0025, -0.0095, -0.0112, 0.0047, 0.0024, 0.0002, -0.0085, -0.0085, -0.0085, -0.0085, -0.0085, -0.0171, -0.0085, -0.0085, -0.0113, -0.0085, -0.0085, -0.0083, -0.0085, -0.0084, -0.0068, 0.26, -0.0083, -0.0083, -0.0083, -0.0083, -0.0083, -0.0141, -0.0141, -0.0141, -0.0142, -0.0142, -0.0141, -0.0142, -0.0142, -0.0142, -0.0166, -0.0055, -0.0055, -0.0055, -0.0055, -0.0054, 0.1668, -0.0055, -0.0055, -0.0076, -0.0072, -0.0073, -0.0063, -0.0063, -0.0063, -0.0063, -0.0063, -0.0064, -0.0063, -0.0063, -0.0063, -0.0032, 0.0022, 0.0022, 0.067, -0.009, 0.0033, -0.0281, 0.0021, 0.0006, 0.0021, 0.0021, 0.0029, 0.0022, 0.0022, 0.0018, -0.0933, 0.0065, 0.0023, 0.0023, 0.0141, 0.0016, 0.0005, 0.0017, 0.003, 0.003, 0.003, 0.0018, 0.0018, 0.003, 0.0005, 0.0029, -0.0002, -0.0001, -0.0001, -0.0002, 0.0001, -0.0, -0.0001, -0.0002, -0.0003, -0.0003, -0.0003, -0.0004, 0.0006, 0.0006]",0.0
2026-07-07_21-48-31.mp4,1,120.0,15.0,0.0,motion,0.0,0.0,0.0,0.0,0.0,0.6276,0.763,0.177,0.636,99.0,0.111,,"[0.0078, 0.0025, 0.0027, 0.0027, 0.0029, 0.0029, 0.001, 0.0003, -0.0001, -0.005, -0.0287, -0.1883, -0.0284, -0.0668, 0.0042, 0.0742, 0.1603, -0.0033, -0.0021, -0.0052, -0.0021, 0.0603, 0.0224, 0.0068, -0.0002, 0.0006, -0.0008, -0.0066, -0.0072, -0.0094, -0.009, -0.0061, 0.0022, -0.006, -0.0069, -0.003, 0.0335, 0.0338, 0.0375, 0.0372, 0.0249, 0.0039, -0.0168, -0.0247, -0.0507, -0.0752, -0.0969, -0.1866, 0.1559, -0.0656, -0.2293, -1.2657, -0.1381, -0.2718, -0.1882, 0.1798, 0.3532, 0.417, 0.4039, 0.4916, 0.7023, 0.4167, 0.2618, 0.0176, -0.0323, 0.3133, 0.8684, 1.3013, 0.5279, -0.2038, -0.083, -0.8502, -1.6482, -1.1513, -0.7581, -1.4427, -0.7318, -0.3736, 0.1732, 0.071, -0.1705, -1.808, -0.5945, 1.5714, 1.6888, 2.0176, 1.1764, 1.3506, 0.5604, -0.0025, -0.1144, -0.2183, -0.238, -0.2444, -0.2342, -0.2266, -0.2266, -0.2798, -0.2947, -0.2411, -0.1843, -0.1169, -0.0767, -0.0301, -0.0077, -0.0024, -0.0001, -0.0001, -0.0, -0.0, -0.0, -0.0, -0.0, -0.0, -0.0, 0.0, -0.0, 0.0, 0.0]",0.0
2026-06-30_12-46-07.mp4,1,120.0,15.0,0.0,motion,0.0,0.0,0.0,0.0,0.0,0.2015,2.288,0.755,0.2632,0.193,0.0246,,"[0.0, -0.0, -0.0, 0.0, 0.0, -0.0, 0.0, -0.0001, 0.0, -0.0, 0.0001, -0.0, -0.0, 0.0, 0.0, 0.0, 0.0, -0.0001, -0.0, -0.0001, 0.0002, 0.0, 0.0, 0.0, 0.0, 0.0, 0.0001, 0.0001, 0.0001, 0.0001, 0.0, 0.0, 0.0001, 0.0, 0.0, 0.0, 0.0, 0.0, 0.0, 0.0, 0.0001, -0.0015, 0.0001, 0.0001, -0.0001, 0.0006, 0.0005, 0.0005, 0.0005, 0.0011, 0.0005, 0.0005, 0.0005, 0.0008, 0.0004, -0.0012, 0.0004, 0.0003, 0.0004, 0.0062, -0.0183, 0.0004, 0.0004, 0.0006, 0.0006, 0.0006, 0.0006, 0.0006, 0.0036, 0.0001, 0.0014, 0.001, 0.0014, 0.0, 0.0014, 0.0018, 0.0012, 0.0012, -0.0047, 0.0011, 0.0006, 0.0007, 0.0002, 0.0007, 0.0171, -0.0397, 0.0011, 0.0011, 0.0011, 0.001, -0.0073, 0.001, 0.001, 0.001, 0.0063, 0.0138, -0.0017, 0.0008, 0.0007, 0.0007, -0.0069, 0.0003, -0.0, -0.0, -0.0, -0.0, -0.0003, -0.0003, -0.0003, -0.0003, -0.0001, 0.0002, 0.0007, 0.0004, 0.0002, 0.0002, -0.0, 0.0001, -0.0]",0.0
2026-07-12_08-04-32.mp4,1,120.0,15.0,0.0,motion,0.0,0.0,0.0,0.0,0.0,0.2798,1.525,0.394,0.3577,5.616,0.0936,,"[-0.0001, -0.0001, -0.0001, 0.0004, -0.0001, -0.0001, -0.0001, -0.0001, 0.0002, -0.0001, 0.0002, -0.0001, 0.0005, -0.0001, -0.0001, 0.0006, -0.0001, 0.0, -0.0001, -0.0001, -0.0001, -0.0002, -0.0002, -0.0001, -0.0001, -0.0001, -0.0001, -0.0001, 0.0009, -0.0001, -0.0001, -0.0, -0.0, -0.0, -0.0, -0.0, -0.0, -0.0001, -0.0001, -0.0001, -0.0002, -0.0001, -0.0001, -0.0, 0.0001, -0.0, 0.0001, 0.0001, -0.0001, -0.0001, -0.0001, 0.0003, -0.0001, 0.0014, -0.0002, 0.002, -0.0016, -0.0002, -0.0002, -0.0006, -0.0012, -0.0063, 0.0014, 0.0044, -0.0002, -0.0002, 0.0008, 0.0012, -0.0002, -0.0002, -0.0002, 0.0013, -0.0005, 0.0019, -0.0002, -0.0, -0.0003, -0.0004, -0.0003, -0.0011, -0.0002, -0.0002, -0.0001, 0.0006, 0.002, -0.0012, -0.0003, -0.0001, 0.0002, 0.0, 0.0, 0.0, -0.0005, 0.0, 0.0001, -0.0, 0.0, 0.0001, 0.0001, 0.0001, -0.0003, 0.0002, 0.0, 0.0002, 0.0001, 0.0001, -0.0001, 0.0001, 0.0001, 0.0001, 0.0001, -0.0017, -0.0005, -0.0007, 0.0006, -0.0015, -0.0004, -0.0, 0.0003]",0.0
2026-07-26_00-57-43.mp4,1,94.0,15.0,0.0,motion,0.0,0.0,0.0,0.0,0.0,0.3288,0.763,0.0,0.3223,43.457,0.0,,"[0.0008, 0.0102, -0.0014, -0.0014, -0.0013, -0.0012, -0.0013, -0.0013, -0.0012, -0.0011, -0.0006, -0.001, -0.001, -0.0009, -0.0008, -0.0007, -0.0007, -0.0003, -0.0003, -0.0003, -0.0003, 0.0066, -0.0002, -0.0002, -0.0002, -0.0002, -0.0002, -0.0002, -0.0002, -0.0002, -0.0002, -0.0002, -0.0002, -0.0002, -0.0002, -0.0002, -0.0002, 0.0, 0.0, 0.0, 0.0, 0.0, 0.0, -0.0002, 0.0002, 0.0002, 0.0002, 0.0002, 0.0002, 0.0002, 0.0002, 0.0002, 0.0002, 0.0002, 0.0002, 0.0002, 0.0002, 0.0002, 0.0002, -0.0062, 0.0002, 0.0002, 0.0002, 0.0002, 0.0002, 0.0002, 0.0002, 0.0002, 0.0002, 0.0002, 0.0002, 0.0002, 0.0002, 0.0002, 0.0002, -0.0, -0.0, -0.0, -0.0, -0.0, -0.0, -0.0, -0.0, -0.0, -0.0, -0.0, -0.0, -0.0, -0.0, -0.0, -0.0, -0.0, -0.0]",0.0
2026-07-21_15-11-59.mp4,1,120.0,15.0,0.0,motion,0.0,0.0,0.0,0.0,0.0,0.1511,1.78,0.0,0.2762,9.97,0.0,,"[-0.0004, 0.0002, -0.0004, 0.0002, 0.0001, 0.0003, 0.0003, 0.0002, 0.0002, 0.0006, 0.0001, 0.0001, 0.0001, 0.0001, 0.0001, -0.0, 0.0019, -0.001, -0.0, -0.0, -0.0, -0.0, -0.0001, -0.0001, 0.0003, -0.0, -0.0, -0.0, -0.0, -0.0, -0.0, -0.0, 0.0, -0.0, -0.0, -0.0, -0.0, -0.0, -0.0, -0.0, 0.0, 0.0, 0.0, 0.0, 0.0, 0.0, 0.0, 0.0, 0.0, 0.0, 0.0, 0.0, 0.0, 0.0, 0.0, 0.0, 0.0, 0.0, 0.0, -0.0006, 0.0, 0.0, 0.0, 0.0, 0.0, 0.0, 0.0, 0.0, 0.0, 0.0, 0.0, 0.0, 0.0, 0.0001, 0.0001, 0.0002, -0.0, -0.0, -0.0, 0.0002, -0.0, -0.0, -0.0, -0.0, -0.0, -0.0, -0.0, -0.0, -0.0, -0.0, -0.0, 0.0, 0.0, 0.0, 0.0, 0.0, -0.0002, 0.0, 0.0, 0.0, 0.0, 0.0, 0.0, 0.0, 0.0, 0.0, 0.0, 0.0, 0.0, 0.0, 0.0, 0.0, 0.0, 0.0, 0.0, -0.0001, 0.0, -0.0, 0.0]",0.0
2026-07-17_03-26-23.mp4,1,120.0,15.0,0.008,motion,0.0,0.0,0.0,0.0,0.0,0.4107,0.763,0.42,0.3862,99.0,0.1712,,"[0.1704, -0.2009, 0.0845, -0.1841, -0.1638, -0.1524, -0.1393, -0.127, -0.1145, -0.0995, 0.1088, -0.0757, -0.0643, -0.0587, -0.0395, -0.026, 0.0053, -0.0154, -0.0066, -0.0068, 0.0217, -0.0286, -0.0069, -0.0096, -0.0071, -0.02, -0.0128, -0.0007, -0.0007, 0.003, -0.0009, 0.0114, -0.0003, -0.0003, -0.0003, -0.0003, 0.0006, -0.0001, 0.0062, 0.0007, -0.0002, 0.0027, -0.0009, -0.0009, 0.0009, -0.0005, 0.0032, 0.0022, 0.003, 0.0011, 0.0011, 0.0011, 0.0011, 0.0019, 0.0027, 0.0028, 0.0028, 0.0002, 0.0025, -0.0502, 0.0081, 0.009, 0.0084, 0.0256, 0.0137, 0.0151, 0.0153, 0.0153, -0.0104, -0.0032, 0.0154, 0.0154, 0.012, 0.0115, -0.0044, -0.1367, -0.0171, 0.013, -0.1772, 0.0134, 0.0134, 0.0133, 0.0135, 0.0144, 0.0136, 0.0116, 0.0095, 0.1106, 0.023, 0.0051, -0.0003, -0.0283, -0.0631, 0.0025, -0.0044, -0.0044, -0.0034, -0.0097, -0.0317, -0.0048, 0.0372, 0.059, 0.0312, 0.0096, 0.0075, -0.0015, -0.0217, -0.0147, -0.0036, 0.0194, -0.0027, 0.0018, -0.0069, 0.0021, 0.0073, -0.0015, 0.0561, 0.0033, -0.0092]",0.0
2026-07-14_14-47-38.mp4,1,120.0,15.0,0.2,motion,0.0,0.0,0.0,0.0,0.0,0.341,2.797,0.599,0.5825,1.021,0.1033,,"[-0.0, -0.0, 0.0001, -0.0003, -0.0001, -0.0001, -0.0001, 0.0, 0.0002, -0.0002, 0.0001, -0.0002, -0.0004, -0.0002, 0.0005, 0.001, -0.0001, 0.0001, 0.0002, 0.0003, 0.0001, 0.0002, -0.0004, 0.0, -0.0, -0.0005, -0.0, -0.0001, -0.0005, 0.0003, -0.0003, -0.0002, 0.0, -0.0001, -0.0001, 0.0001, -0.0001, -0.0, -0.0001, 0.0005, 0.0012, -0.0001, 0.0, -0.0001, 0.0, 0.0001, -0.0001, 0.0, 0.0004, 0.0003, 0.0002, -0.0013, -0.0006, -0.0001, -0.0001, -0.0001, 0.0003, -0.0003, -0.0001, -0.0007, -0.0002, -0.0003, -0.0003, -0.0016, -0.0002, 0.0055, -0.0001, -0.0001, -0.0001, -0.0019, 0.0017, 0.0008, -0.0002, -0.0001, -0.0002, 0.0003, 0.0001, -0.0009, -0.0002, -0.0001, -0.0004, -0.0002, 0.0001, -0.0, 0.0005, -0.0001, -0.0001, 0.0001, -0.0, -0.0002, -0.0, -0.0003, -0.0002, 0.0001, -0.0, 0.0003, 0.0001, -0.0001, -0.0001, -0.0, -0.0002, 0.0, 0.0003, 0.0002, -0.0, -0.0, 0.0001, 0.0, 0.0002, -0.0, 0.0, 0.0003, 0.0003, 0.0001, -0.0003, 0.0001, 0.0001, -0.0001, -0.0001]",0.0
2026-07-21_08-33-45.mp4,1,120.0,15.0,0.0,motion,0.0,0.0,0.0,0.0,0.0,0.2097,2.797,0.523,0.3428,99.0,0.1088,,"[-0.007, 0.0047, 0.0141, 0.0067, 0.0062, 0.0057, 0.0037, 0.0048, 0.0042, 0.0106, 0.0033, 0.0028, 0.0024, -0.0195, 0.0013, 0.0006, 0.0004, 0.0003, 0.0038, 0.0005, 0.0005, 0.0005, 0.0004, 0.0004, 0.0005, -0.0014, 0.0014, 0.0014, 0.0011, -0.0002, -0.0002, -0.0002, -0.0003, -0.0003, -0.0002, -0.0002, -0.0002, -0.0002, -0.0002, -0.001, -0.0002, -0.0223, -0.0005, 0.0098, 0.0181, -0.0001, -0.0001, 0.0037, -0.0001, -0.0001, -0.0017, -0.0001, -0.0001, -0.0001, -0.0001, -0.0001, -0.0001, -0.0008, -0.0009, -0.0056, 0.0, 0.0, 0.0, 0.0002, 0.0002, 0.0011, 0.0001, 0.0006, 0.0001, 0.0001, 0.0001, 0.0001, 0.0002, 0.0011, 0.0004, 0.0001, 0.0001, 0.0001, 0.0001, 0.0001, 0.0001, 0.0002, -0.0003, 0.0002, 0.0002, 0.0002, 0.0002, -0.0009, -0.0277, 0.0248, 0.0001, 0.0001, 0.0001, 0.0001, 0.0007, 0.0016, 0.0003, 0.0024, 0.0032, 0.0018, 0.0025, 0.0025, 0.0025, 0.0024, 0.0048, 0.0023, 0.0023, 0.001, 0.0023, -0.0152, -0.0254, 0.0023, -0.0233, 0.0023, 0.0023, 0.0002, 0.0023, 0.0023, 0.0023]",0.0
2026-07-25_15-55-30.mp4,1,120.0,15.0,0.008,motion,0.0,0.0,0.0,0.0,0.0,0.3621,1.78,0.476,0.3894,1.47,0.1027,,"[0.0002, -0.0004, 0.0004, 0.0021, 0.0008, 0.0005, 0.0006, 0.0002, 0.0007, 0.0009, -0.0016, 0.0002, 0.0017, 0.0008, -0.0033, -0.0039, 0.0078, -0.0043, -0.0066, -0.004, 0.0032, 0.0012, 0.0047, 0.004, -0.0011, 0.0006, -0.007, -0.0025, 0.0002, 0.0008, 0.0004, 0.0004, 0.0006, 0.0004, 0.0003, 0.0, 0.0001, 0.0001, 0.0002, 0.0007, 0.0003, 0.0016, -0.0012, 0.0002, -0.0009, -0.0005, 0.0003, 0.0003, 0.0005, -0.0005, 0.0003, -0.0, 0.0001, -0.0003, -0.0001, -0.0006, 0.0011, 0.001, 0.0012, -0.0004, -0.0002, -0.0001, -0.0002, -0.0004, -0.0004, -0.0, 0.0002, 0.0002, 0.0002, -0.0004, 0.0002, 0.0001, 0.0002, 0.0004, 0.0005, 0.0003, -0.0006, 0.0009, -0.0009, -0.0017, -0.0054, 0.0002, 0.0011, -0.0005, 0.0001, -0.0008, -0.0003, -0.0004, 0.0007, 0.0, 0.0031, 0.0009, -0.0054, 0.0086, 0.0005, 0.0, 0.0033, -0.0004, -0.0004, -0.0004, -0.0007, -0.0002, -0.0011, -0.0004, -0.0003, -0.0006, -0.0002, -0.0002, -0.0004, -0.0001, -0.0004, -0.0005, 0.0002, 0.0001, 0.0001, 0.0001, 0.0, 0.0, 0.0]",0.0
2026-07-21_00-53-08.mp4,1,120.0,15.0,0.008,motion,0.0,0.0,0.0,0.0,0.0,0.1956,1.525,0.588,0.6545,0.076,0.0082,,"[0.0001, -0.0001, -0.0001, -0.0001, -0.0001, -0.0004, 0.0008, -0.0009, -0.0013, 0.0001, -0.0005, 0.0004, 0.0003, 0.0004, -0.0003, 0.0017, -0.0003, 0.0007, 0.0006, 0.0009, 0.0052, -0.0053, 0.0001, -0.0007, -0.0016, -0.0042, 0.002, 0.0001, 0.0003, -0.0001, 0.0001, 0.0001, 0.0001, 0.0001, -0.0005, 0.0005, 0.0003, 0.0002, 0.0001, 0.0001, 0.0007, 0.0, -0.0002, -0.0001, 0.0002, -0.0001, -0.0001, 0.0001, -0.0001, -0.0001, -0.0001, -0.0002, 0.0002, -0.0, -0.0003, -0.0, 0.0002, 0.0, -0.0001, 0.0001, 0.0, -0.0, 0.0, 0.0, -0.0, 0.0, 0.0, -0.0001, 0.0, 0.0, -0.0, 0.0, 0.0001, 0.0, 0.0, 0.0, -0.0, -0.0, 0.0, 0.0, 0.0, 0.0, 0.0, -0.0, -0.0, -0.0, 0.0, 0.0, 0.0, 0.0, 0.0, 0.0, 0.0, -0.0, -0.0, -0.0, -0.0, -0.0, -0.0, -0.0, -0.0, 0.0, -0.0, -0.0, -0.0, -0.0, -0.0, -0.0, 0.0, 0.0, -0.0, -0.0, -0.0, -0.0, -0.0, -0.0, -0.0, 0.0, 0.0]",0.0
2026-07-21_14-34-18.mp4,1,120.0,15.0,0.0,motion,0.0,0.0,0.0,0.0,0.0,0.2501,2.034,0.03,0.3065,0.523,0.0026,,"[0.0002, -0.0003, -0.0001, -0.0002, -0.0001, -0.0001, -0.0001, -0.0001, -0.0001, -0.0001, -0.0001, -0.0001, -0.0001, -0.0, -0.0, -0.0, -0.0, -0.0, 0.0001, -0.0, -0.0, -0.0, -0.0, -0.0, -0.0, -0.0, -0.0, -0.0, -0.0, -0.0, -0.0, -0.0, -0.0, -0.0, -0.0, -0.0, -0.0, -0.0, -0.0, -0.0, -0.0, -0.0, -0.0, -0.0, 0.0, 0.0, 0.0, 0.0, 0.0, 0.0, 0.0, 0.0, 0.0, 0.0, 0.0, 0.0, 0.0, 0.0, 0.0, -0.0001, 0.0, 0.0, 0.0, 0.0, -0.0001, 0.0001, -0.0006, 0.0, -0.0, 0.0002, 0.0, 0.0001, 0.0, 0.0, 0.0, -0.0, 0.0001, 0.0003, -0.0, -0.0, 0.0003, -0.0002, 0.0, 0.0001, -0.0002, 0.0001, -0.0, -0.0, -0.0, -0.0, -0.0, -0.0, -0.0, -0.0, -0.0, -0.0, 0.0, -0.0001, -0.0, 0.0, -0.0, 0.0001, -0.0, -0.0, -0.0, -0.0, -0.0, -0.0, -0.0, -0.0, -0.0, -0.0, -0.0, -0.0, -0.0, -0.0, -0.0, 0.0, 0.0]",0.0
2026-07-22_02-11-28.mp4,1,120.0,15.0,0.0,motion,0.0,0.0,0.0,0.0,0.0,0.3194,1.78,0.4,0.2808,99.0,0.1277,,"[0.0038, -0.0077, -0.0032, -0.003, -0.0027, -0.0025, -0.0023, -0.002, -0.0018, -0.0015, -0.0016, -0.0011, -0.0008, -0.0006, -0.0003, -0.0001, 0.0001, 0.0, 0.0, 0.0, 0.0, 0.0, 0.0, -0.0, 0.0003, 0.0001, 0.0001, 0.0001, 0.0001, 0.0001, 0.0001, 0.0001, 0.0001, 0.0001, 0.0001, 0.0001, 0.0002, 0.0002, 0.0015, -0.0089, 0.0045, 0.0002, 0.0013, 0.0002, 0.0002, 0.0002, 0.0002, 0.0002, 0.0002, 0.0002, 0.0002, -0.0033, -0.0, 0.0002, 0.0002, 0.0001, 0.0001, -0.001, 0.0001, 0.0018, 0.0001, -0.0003, -0.0003, -0.0003, -0.0003, -0.0003, -0.0003, -0.0004, -0.0004, -0.0004, -0.0006, -0.0006, -0.0006, -0.0006, -0.0006, -0.0006, 0.0106, -0.0006, -0.0006, -0.0006, -0.0006, -0.0006, -0.0006, -0.0006, -0.0006, 0.0061, -0.001, -0.0006, -0.0006, -0.0006, -0.0006, -0.0005, 0.0019, 0.0019, 0.0019, 0.0019, 0.0019, 0.0019, 0.0019, 0.0019, 0.0019, 0.0021, 0.0021, 0.0021, 0.0021, 0.0021, -0.0013, -0.0588, 0.0021, 0.0021, 0.0021, 0.0021, 0.0021, 0.0021, 0.0021, 0.0021, 0.0021, 0.0021, 0.0021]",0.0
2026-07-08_17-26-29.mp4,1,120.0,15.0,0.0,motion,0.0,0.0,0.0,0.0,0.0,0.2584,2.797,0.58,0.2894,0.669,0.0601,,"[-0.0, 0.0, -0.0, 0.0001, -0.0002, -0.0, -0.0, 0.0, 0.0001, 0.0, -0.0, -0.0, 0.0, 0.0001, -0.0, -0.0, -0.0, -0.0, -0.0, -0.0, 0.0001, -0.0001, 0.0001, 0.0, -0.0, -0.0, -0.0001, 0.0, -0.0, -0.0, 0.0, 0.0, 0.0, 0.0, 0.0, 0.0, -0.0, 0.0002, 0.0001, 0.0, -0.0001, -0.0001, 0.0, 0.0002, -0.0002, -0.0001, 0.0, 0.0, 0.0, 0.0, 0.0, -0.0, 0.0, 0.0, 0.0, 0.0, 0.0, 0.0, 0.0, 0.0001, 0.0, -0.0002, 0.0, 0.0, -0.0, -0.0, -0.0, 0.0, 0.0, 0.0, -0.0002, 0.0001, 0.0, 0.0, 0.0, 0.0, -0.0001, 0.0, 0.0, 0.0, 0.0, 0.0, 0.0, 0.0, 0.0, 0.0, 0.0, 0.0, 0.0, -0.0002, 0.0, 0.0, 0.0, 0.0, 0.0, 0.0, 0.0, 0.0, 0.0, 0.0, 0.0, 0.0, 0.0, 0.0, 0.0, -0.0, -0.0, -0.0, -0.0, -0.0, -0.0, -0.0, -0.0, -0.0, -0.0, -0.0, -0.0, -0.0, -0.0]",0.0
2026-07-22_02-28-10.mp4,1,120.0,15.0,0.0,motion,0.0,0.0,0.0,0.0,0.0,0.2939,2.797,0.34,0.1589,0.107,0.0096,,"[-0.0, 0.0003, -0.0012, 0.0002, 0.0002, 0.0, 0.0, 0.0, 0.0, -0.0001, -0.0, 0.0, 0.0001, 0.0, 0.0, 0.0, 0.0, 0.0, -0.0, -0.0001, 0.0003, 0.0001, 0.0003, 0.0, -0.0001, -0.0001, -0.0, -0.0001, 0.0001, -0.0002, 0.0001, -0.0, -0.0, -0.0, 0.0, 0.0, 0.0, 0.0, 0.0, -0.0, -0.0001, 0.0, 0.0, -0.0, 0.0, -0.0, -0.0, -0.0, -0.0, -0.0002, -0.0, -0.0, 0.0004, -0.0002, 0.0001, -0.0002, -0.0, 0.0001, 0.0003, -0.0002, -0.0, -0.0, 0.0, 0.0002, -0.0002, -0.0, -0.0, -0.0, 0.0, 0.0, 0.0001, -0.0, -0.0001, 0.0, 0.0, -0.0, 0.0, -0.0001, 0.0, 0.0001, 0.0, 0.0001, -0.0001, 0.0, 0.0, -0.0001, 0.0, 0.0, -0.0, 0.0, 0.0, 0.0, 0.0, 0.0, 0.0, 0.0, 0.0, 0.0, 0.0, 0.0, -0.0, -0.0, -0.0, -0.0, -0.0, -0.0, -0.0, -0.0, -0.0, -0.0, -0.0, -0.0001, 0.0001, -0.0, -0.0, 0.0003, -0.0001, -0.0001, 0.0]",0.0
2026-07-11_21-08-49.mp4,1,120.0,15.0,0.0,motion,0.0,0.0,0.0,0.0,0.0,0.4789,1.525,0.473,0.3231,0.161,0.0314,,"[-0.0001, 0.0001, -0.0, 0.0004, -0.0005, 0.0004, 0.0005, 0.0009, 0.0022, -0.0001, -0.0001, -0.0005, -0.0019, -0.0011, 0.0004, 0.0004, -0.0, 0.0001, -0.0001, -0.0006, -0.0005, 0.0001, 0.0003, 0.0003, 0.0001, 0.001, 0.0003, 0.0001, -0.0004, -0.0018, -0.0009, -0.0012, -0.0032, 0.0049, 0.0033, 0.0006, -0.0003, -0.0002, -0.0, -0.0002, -0.0004, -0.0001, -0.0002, 0.0001, -0.0001, -0.0004, -0.0004, -0.0001, -0.0004, -0.0001, 0.0001, 0.0, -0.0004, 0.0004, -0.0002, 0.0003, 0.0002, 0.0005, -0.0003, 0.0003, -0.0002, -0.0, 0.0001, -0.0003, 0.0005, -0.0, -0.0, 0.0, 0.0001, -0.0003, -0.0, 0.0, -0.0004, 0.0003, -0.0006, 0.0004, -0.0001, 0.0009, -0.0003, -0.001, -0.0, 0.0001, 0.0005, 0.0002, 0.0003, -0.0003, 0.0002, -0.0, 0.0001, 0.0002, 0.0001, 0.0003, -0.0006, 0.001, 0.0002, 0.0002, -0.0001, 0.0, -0.0006, 0.0002, -0.0025, -0.0003, 0.0, 0.0004, -0.0004, 0.0007, 0.0006, 0.0007, 0.001, 0.0004, 0.0009, 0.001, 0.0011, 0.0009, 0.0015, 0.0017, -0.0009, -0.0017, -0.0009]",0.0
2026-07-25_11-40-27.mp4,1,120.0,15.0,0.025,motion,0.0,0.0,0.0,0.0,0.0,0.2205,1.271,0.438,0.5876,0.175,0.0144,,"[0.0001, -0.0039, -0.0027, -0.0022, -0.0029, 0.0003, -0.0075, 0.0016, 0.0027, 0.0184, 0.0049, 0.0011, 0.0032, 0.0047, 0.0006, 0.0074, -0.0022, -0.0026, -0.0031, 0.0008, -0.0038, 0.0131, -0.0039, 0.0011, -0.0086, -0.0163, -0.0182, -0.0073, 0.0009, -0.0052, 0.0009, 0.0013, 0.001, 0.0019, 0.0009, -0.0, 0.0015, -0.0001, -0.0031, 0.0015, 0.0049, 0.0019, 0.001, 0.0068, 0.008, 0.0048, 0.0124, -0.0023, 0.004, 0.0007, 0.0007, 0.0007, -0.0112, 0.0055, -0.0028, 0.001, 0.0028, 0.027, -0.06, 0.0039, 0.0006, -0.0034, -0.0035, -0.0003, 0.0002, 0.0016, 0.0013, 0.0009, -0.0006, 0.0023, 0.003, 0.0023, 0.0014, 0.0014, -0.0004, -0.0002, -0.0026, -0.0002, 0.0018, 0.0017, 0.0019, -0.0001, 0.0032, -0.0056, -0.0117, 0.0089, 0.0245, 0.0189, 0.0061, 0.0032, -0.0091, 0.0758, -0.0911, -0.0514, 0.0042, -0.007, 0.0017, 0.0021, 0.0021, 0.0005, 0.0041, 0.0063, 0.0022, 0.0032, 0.0039, 0.0031, 0.003, 0.0049, 0.0002, -0.0016, -0.0045, -0.0045, -0.0026, 0.0005, -0.0002, 0.0011, -0.0005, 0.0009, 0.0006]",0.0
2026-07-23_22-57-02.mp4,1,120.0,15.0,0.0,motion,0.0,0.0,0.0,0.0,0.0,0.1751,2.797,0.226,0.5127,0.076,0.0028,,"[-0.0, -0.0, -0.0, -0.0, -0.0, -0.0, -0.0, -0.0, -0.0, -0.0, -0.0, -0.0, -0.0, -0.0, -0.0, -0.0, -0.0, -0.0, -0.0, -0.0, -0.0, -0.0, -0.0, -0.0, -0.0, -0.0, -0.0, -0.0, -0.0, -0.0, -0.0, -0.0, -0.0, -0.0, 0.0001, -0.0, -0.0, -0.0, -0.0, 0.0, -0.0, -0.0, -0.0, -0.0, -0.0, 0.0, 0.0, -0.0, -0.0, 0.0, -0.0, -0.0, -0.0, 0.0001, -0.0, -0.0, 0.0, -0.0, 0.0, 0.0, -0.0, 0.0, 0.0, 0.0, -0.0001, -0.0, 0.0, 0.0, 0.0, 0.0, 0.0, -0.0, -0.0, 0.0, -0.0, -0.0, 0.0, -0.0, 0.0, -0.0, -0.0, -0.0, -0.0, 0.0001, -0.0001, 0.0001, 0.0, -0.0, 0.0, 0.0, 0.0, 0.0001, 0.0, -0.0, 0.0, -0.0, 0.0, -0.0, 0.0001, 0.0, 0.0001, -0.0001, 0.0, 0.0, 0.0, -0.0001, -0.0001, 0.0, 0.0, 0.0, 0.0, -0.0007, 0.0, 0.0, 0.0, 0.0, 0.0, 0.0, 0.0]",0.0
2026-06-30_16-26-44.mp4,1,120.0,15.0,0.0,motion,0.0,0.0,0.0,0.0,0.0,0.4626,2.542,0.897,0.5369,20.737,0.3957,,"[0.0, -0.0001, 0.0, -0.0, 0.0, 0.0, 0.0, 0.0, 0.0, 0.0, 0.0, 0.0, -0.0, 0.0, 0.0, 0.0, 0.0, 0.0, 0.0, 0.0, -0.0, 0.0, -0.0, -0.0, 0.0, -0.0, 0.0, -0.0, 0.0, -0.0, -0.0, 0.0, -0.0001, -0.0002, 0.0003, -0.0, 0.0, 0.0001, 0.0, -0.0004, -0.0, 0.0, 0.0001, -0.0, -0.0, 0.0001, 0.0001, -0.0, -0.0002, -0.0002, 0.0001, 0.0001, -0.0003, -0.0002, -0.0002, -0.0002, -0.0002, -0.0003, -0.0001, -0.0003, -0.0038, 0.0024, 0.0014, 0.005, -0.0002, -0.0004, -0.0002, -0.0001, -0.0002, -0.0002, -0.0001, -0.0002, -0.0004, -0.0001, -0.0002, -0.0002, -0.0003, -0.0002, -0.0001, 0.0, 0.0, 0.0, 0.0, -0.0, 0.0, 0.0, 0.0, 0.0, -0.0, -0.0, -0.0, 0.0, 0.0, 0.0, -0.0, 0.0, 0.0, 0.0, 0.0, 0.0, 0.0, 0.0, -0.0, -0.0, -0.0, 0.0, -0.0001, 0.0, -0.0, 0.0, 0.0, -0.0, 0.0, -0.0001, -0.0, -0.0, 0.0, 0.0, 0.0]",0.0
2026-07-14_13-37-38.mp4,1,120.0,15.0,0.225,motion,0.0,0.0,0.0,0.0,0.0,0.2068,2.797,0.469,0.2683,0.115,0.01,,"[0.0001, 0.0, -0.0006, -0.0009, 0.0001, 0.0001, 0.0001, 0.0001, 0.0001, 0.0001, -0.0001, 0.0001, 0.0001, 0.0001, 0.0001, 0.0001, 0.0001, 0.0001, 0.0, 0.0, -0.0, 0.0, 0.0, 0.0, 0.0, 0.0, 0.0, 0.0, 0.0, 0.0, 0.0, 0.0, -0.0, 0.0, 0.0, 0.0, 0.0, 0.0, 0.0, 0.0, 0.0, 0.0, 0.0, 0.0, -0.0, 0.0, 0.0, 0.0, 0.0, 0.0, 0.0, 0.0, 0.0, 0.0, 0.0, 0.0, 0.0, 0.0, 0.0, 0.0003, -0.0008, 0.0, 0.0, 0.0, 0.0, 0.0, 0.0, 0.0, 0.0, 0.0, 0.0, 0.0, 0.0, 0.0, 0.0, 0.0, -0.0, -0.0, -0.0, -0.0, -0.0, -0.0, -0.0, -0.0, -0.0, -0.0, -0.0, -0.0, -0.0, -0.0, 0.0005, -0.0, -0.0, -0.0, -0.0, -0.0, -0.0, -0.0, -0.0, -0.0, -0.0, -0.0, 0.0, -0.0, -0.0, -0.0, -0.0, -0.0, -0.0, -0.0, -0.0, -0.0, -0.0, -0.0, -0.0, -0.0, -0.0, -0.0006, 0.0001]",0.0
2026-07-08_14-06-36.mp4,1,120.0,15.0,0.008,motion,0.0,0.0,0.0,0.0,0.0,0.2798,2.797,0.355,0.273,6.883,0.0867,,"[0.0002, -0.0017, -0.0016, -0.0003, -0.001, 0.0008, -0.0, 0.0004, 0.0001, 0.0001, 0.0002, 0.0002, 0.0002, 0.0001, 0.0002, -0.0001, 0.0003, 0.0001, 0.0, 0.0001, 0.0001, -0.0001, 0.0, 0.0, 0.0, -0.0005, -0.0, 0.0, 0.0, -0.0, -0.0001, -0.0, 0.0002, -0.0, 0.0001, 0.0001, -0.0, -0.0, 0.0003, -0.0001, 0.0001, -0.0001, -0.0, -0.0, -0.0, 0.0002, -0.0003, -0.0001, -0.0, 0.0, -0.0001, -0.0, -0.0001, -0.0001, -0.0, -0.0003, 0.0007, 0.0001, -0.0, 0.0, -0.0, 0.0002, -0.0, -0.0, -0.0003, -0.0, 0.0, -0.0, -0.0, -0.0, -0.0, -0.0, -0.0001, -0.0001, -0.0, 0.0, 0.0, 0.0, 0.0, 0.0, -0.0, -0.0, -0.0, 0.0001, 0.0, 0.0, 0.0, 0.0, 0.0001, 0.0, 0.0, -0.0001, 0.0, 0.0, 0.0, 0.0, -0.0, 0.0, 0.0, -0.0001, -0.0001, 0.0, -0.0001, 0.0, 0.0, -0.0, 0.0001, -0.0, -0.0001, -0.0, -0.0, -0.0, -0.0, -0.0, -0.0, -0.0, 0.0, 0.0, 0.0]",0.0
2026-07-22_09-01-11.mp4,1,120.0,15.0,0.0,motion,0.0,0.0,0.0,0.0,0.0,0.4129,1.78,0.157,0.3238,7.176,0.0569,,"[-0.0, -0.0003, -0.0001, 0.0001, -0.0, -0.0003, -0.0, 0.0004, 0.0006, -0.0, 0.0001, -0.0, -0.0, -0.0, -0.0, -0.0, -0.0, -0.0, -0.0, -0.0, -0.0, -0.0, -0.0, -0.0, -0.0, -0.0, -0.0, -0.0, -0.0, -0.0, -0.0, -0.0, -0.0, -0.0, -0.0, -0.0, -0.0, -0.0, -0.0, -0.0, -0.0, -0.0, -0.0, -0.0, -0.0, 0.0, 0.0, 0.0005, 0.0, 0.0, 0.0, 0.0, 0.0, 0.0, 0.0, 0.0, 0.0, 0.0, 0.0, -0.0003, -0.0013, 0.0, 0.0, 0.0, 0.0, 0.001, -0.0002, 0.0, 0.0, 0.0, 0.0, 0.0, 0.0, 0.0, 0.0, 0.0, -0.0, -0.0, -0.0001, 0.0002, -0.0, 0.0, -0.0, -0.0, -0.0, -0.0, -0.0, -0.0, -0.0, -0.0, -0.0, -0.0, -0.0, -0.0, -0.0, 0.0, 0.0, 0.0, 0.0, 0.0, 0.0, 0.0, 0.0, 0.0, 0.0, 0.0, 0.0, 0.0, 0.0, -0.0001, 0.0, 0.0, 0.0, 0.0, 0.0, 0.0, 0.0, 0.0, 0.0]",0.0
2026-07-13_13-27-54.mp4,1,120.0,15.0,0.225,motion,0.0,0.0,0.0,0.0,0.0,0.2618,1.525,0.481,0.3874,0.038,0.0046,,"[-0.0007, 0.0006, -0.0015, 0.0022, -0.0, 0.0004, 0.0014, 0.0, 0.0011, 0.0, 0.0031, -0.0011, 0.0009, 0.0006, -0.0004, 0.0012, 0.0012, 0.0002, 0.0015, -0.0007, -0.001, -0.0005, -0.0018, -0.0025, 0.0012, 0.001, -0.0024, 0.0003, 0.0004, 0.0001, -0.0049, -0.0001, -0.0007, -0.0013, -0.0015, 0.001, -0.0027, -0.0025, -0.0022, -0.0017, -0.0021, -0.0024, -0.0039, -0.0053, 0.009, 0.0139, -0.0032, 0.0063, 0.0157, 0.0081, -0.0016, -0.0021, 0.0045, -0.0033, -0.0042, -0.0017, -0.0127, 0.022, 0.0044, -0.0077, -0.0017, -0.0075, -0.0011, -0.0009, 0.0003, -0.0016, -0.0035, -0.0002, -0.0011, -0.0047, -0.0031, 0.0017, 0.0007, 0.0005, 0.0011, 0.0014, -0.0009, 0.0004, 0.0009, 0.0006, 0.0001, 0.0009, 0.0009, 0.0012, 0.0011, 0.0004, -0.0009, 0.0004, 0.0002, 0.0005, -0.0014, 0.0023, 0.0006, 0.0006, 0.0006, 0.0004, -0.0027, -0.0072, -0.0027, 0.0017, 0.0013, 0.0013, 0.0007, 0.0007, 0.0006, -0.0021, -0.0006, -0.0044, 0.0003, 0.0012, 0.0001, 0.0004, -0.0002, -0.0004, -0.0005, -0.0006, -0.0007, -0.0031, 0.0013]",0.0
2026-07-01_10-15-18.mp4,1,120.0,15.0,0.0,motion,0.0,0.0,0.0,0.0,0.0,0.6422,0.763,0.444,0.4571,60.742,0.2808,,"[0.0006, 0.0002, 0.0001, -0.0001, -0.001, -0.003, -0.0054, 0.0007, 0.0004, -0.0012, -0.0001, -0.0002, 0.0001, 0.0013, -0.0008, 0.0, 0.0016, 0.0017, 0.0041, 0.0052, 0.0043, 0.0051, 0.0057, 0.0052, 0.0, 0.0031, 0.0041, 0.0053, 0.0037, 0.0022, -0.0037, -0.0066, -0.0184, -0.0098, -0.0201, -0.0239, -0.0148, 0.0085, 0.0157, 0.024, 0.0418, 0.0653, 0.083, 0.1084, 0.1054, 0.1041, 0.1083, 0.1053, 0.1037, 0.1074, 0.0964, 0.0982, -0.006, -0.0853, -0.1517, -0.4485, -0.636, -0.4302, -0.6776, 0.0907, 0.0776, 0.1064, 0.0987, 0.0956, 0.1015, 0.1059, 0.1057, 0.0989, 0.0995, 0.0953, 0.0831, 0.069, 0.0458, 0.0271, 0.0034, 0.003, 0.0019, 0.0006, 0.002, 0.0019, 0.0005, -0.0024, 0.0018, -0.0041, 0.0017, 0.0018, 0.0018, 0.0015, -0.0031, -0.0023, -0.0018, -0.0015, 0.0016, 0.0004, -0.0063, -0.0039, 0.001, 0.0013, 0.0007, 0.0005, 0.0011, 0.001, 0.001, -0.0038, 0.0009, 0.0007, 0.0006, 0.0007, 0.0005, 0.0007, 0.0002, 0.0, 0.0, 0.0, 0.0004, 0.0018, 0.001, 0.0006, 0.0001]",0.0
2026-07-22_15-13-43.mp4,1,43.0,15.0,0.0,motion,0.0,0.0,0.0,0.0,0.0,0.279,1.786,0.8,0.255,0.643,0.0874,,"[-0.0, 0.0, -0.0, -0.0, 0.0, -0.0, -0.0, -0.0, -0.0, -0.0, 0.0, 0.0, -0.0, 0.0001, -0.0, -0.0, -0.0, -0.0, -0.0, 0.0001, -0.0, -0.0, -0.0, 0.0, 0.0, -0.0001, -0.0, -0.0, -0.0, -0.0, 0.0, 0.0, 0.0, 0.0, 0.0, 0.0, -0.0, 0.0, 0.0, 0.0, 0.0, 0.0]",0.0
2026-07-25_23-49-50.mp4,1,120.0,15.0,0.008,motion,0.0,0.0,0.0,0.0,0.0,0.2401,2.542,0.0,0.3333,0.0,0.0,,"[-0.0011, 0.0029, 0.0017, -0.0, -0.0, -0.0009, 0.0069, -0.0227, -0.0352, 0.0663, 0.0015, 0.0015, -0.0212, 0.0013, 0.0012, 0.0009, -0.0002, 0.001, 0.0009, -0.0001, 0.0002, 0.0001, 0.0007, -0.0012, -0.0016, 0.0005, 0.0009, 0.0013, 0.0002, -0.0, 0.0002, 0.0003, 0.0001, 0.0001, 0.0001, 0.0001, -0.0002, 0.0, 0.0001, 0.0002, 0.0, -0.0, -0.0, 0.0, 0.0, 0.0002, -0.0, 0.0005, 0.0001, 0.0002, 0.0001, 0.0002, 0.0001, -0.0001, -0.0008, -0.0002, -0.0, -0.0, -0.0002, 0.0, -0.0006, -0.0003, -0.0017, -0.0023, 0.0011, -0.0007, -0.0011, -0.0009, 0.0049, -0.0013, 0.001, -0.0005, 0.0006, 0.001, -0.0003, 0.002, 0.0001, 0.0009, -0.0006, -0.0013, 0.0025, 0.0013, -0.0004, -0.0003, 0.0007, -0.0003, -0.0003, -0.0003, -0.0003, -0.0002, 0.0004, -0.0001, -0.0001, -0.0001, -0.0001, -0.0001, -0.0048, -0.0025, 0.0028, 0.0001, 0.0005, -0.0005, 0.0005, 0.0002, 0.0001, -0.0, 0.0001, -0.0, 0.0, 0.0, 0.0, -0.0, -0.0001, -0.0001, -0.0002, -0.0008, 0.0003, 0.0, 0.0002]",0.0
2026-07-10_13-41-38.mp4,1,120.0,15.0,0.05,motion,0.0,0.0,0.0,0.0,0.0,0.2741,0.763,0.359,0.3679,0.288,0.022,,"[0.0, -0.0, 0.0, 0.0, -0.0, -0.0001, 0.0, 0.0001, -0.0, -0.0, -0.0, 0.0, -0.0, -0.0, -0.0, -0.0, 0.0001, -0.0, -0.0, -0.0, 0.0001, -0.0, 0.0, -0.0, 0.0, -0.0, 0.0, -0.0, -0.0, -0.0, -0.0, 0.0, -0.0, -0.0, -0.0001, -0.0, 0.0, 0.0, 0.0, 0.0, -0.0, -0.0, 0.0, 0.0, -0.0, -0.0, -0.0, 0.0, 0.0, -0.0, 0.0, 0.0, 0.0, 0.0, 0.0, 0.0, 0.0, 0.0001, -0.0, -0.0, 0.0001, -0.0001, -0.0001, -0.0, -0.0, -0.0001, 0.0002, -0.0003, 0.0, 0.0, 0.0001, -0.0, 0.0001, -0.0, 0.0, -0.0001, 0.0, 0.0, 0.0, 0.0, 0.0001, -0.0, -0.0001, 0.0001, 0.0001, 0.0001, -0.0001, 0.0, 0.0, 0.0001, 0.0, -0.0, 0.0, -0.0, -0.0001, -0.0002, -0.0001, 0.0, -0.0, 0.0, 0.0, 0.0, 0.0, 0.0, 0.0, 0.0, 0.0, 0.0, 0.0, 0.0, 0.0, 0.0, 0.0, 0.0, 0.0, -0.0, 0.0, 0.0, -0.0]",0.0
2026-07-23_16-03-47.mp4,1,120.0,15.0,0.0,motion,0.0,0.0,0.0,0.0,0.0,0.2099,2.034,0.367,0.3296,2.827,0.057,,"[-0.0, -0.0, 0.0001, -0.0, -0.0001, -0.0, 0.0001, -0.0, -0.0, 0.0001, 0.0001, 0.0001, 0.0, 0.0, 0.0, 0.0, -0.0002, -0.0, 0.0001, 0.0, -0.0001, 0.0, 0.0002, -0.0003, -0.0001, 0.0, 0.0, 0.0, 0.0, 0.0, 0.0, -0.0002, 0.0001, 0.0, 0.0, 0.0, -0.0001, 0.0, 0.0, 0.0, 0.0, 0.0, 0.0, 0.0, 0.0, -0.0001, -0.0, -0.0001, 0.0, 0.0, 0.0, 0.0, -0.0, 0.0, 0.0, 0.0, 0.0, 0.0001, -0.0001, 0.0001, 0.0, -0.0, 0.0001, -0.0, 0.0001, 0.0, -0.0, 0.0, -0.0001, -0.0, -0.0, -0.0, -0.0, -0.0, -0.0, -0.0, 0.0, -0.0, -0.0, -0.0, 0.0, 0.0, 0.0, 0.0, -0.0, -0.0, -0.0, -0.0, -0.0, -0.0, -0.0, -0.0, -0.0, -0.0, -0.0, -0.0, -0.0, -0.0, -0.0, -0.0, -0.0, -0.0, 0.0, 0.0, -0.0, -0.0, -0.0, -0.0, -0.0, -0.0, -0.0, -0.0, -0.0, -0.0, -0.0, -0.0, -0.0, -0.0, -0.0]",0.0
2026-07-04_14-34-42.mp4,1,120.0,15.0,0.0,motion,0.0,0.0,0.0,0.0,0.0,0.1456,0.763,0.418,0.3546,2.586,0.0439,,"[-0.0001, 0.0001, 0.0, 0.0, -0.0002, 0.0002, -0.0001, 0.0006, 0.0002, -0.0001, 0.0003, -0.0001, -0.0001, -0.0001, 0.0001, 0.0001, 0.0001, -0.0001, -0.0001, 0.0001, -0.0003, -0.0, 0.0004, -0.0, -0.0, 0.0, 0.0, -0.0, -0.0, -0.0002, 0.0, -0.0003, -0.0, -0.0, -0.0005, 0.0001, -0.0001, -0.0001, -0.0001, -0.0001, -0.0004, -0.0, 0.0001, -0.0001, -0.0001, -0.0001, 0.0, 0.0003, 0.0001, 0.0037, -0.0018, 0.0009, -0.0001, -0.0001, -0.0001, -0.0, 0.0004, -0.0008, -0.0001, -0.0001, -0.0002, -0.0002, -0.0001, -0.0, -0.0001, 0.0, -0.0001, 0.0, -0.0, -0.0, -0.0, -0.0, -0.0, -0.0, 0.0, 0.0, -0.0, 0.0, 0.0002, -0.0, -0.0, -0.0, -0.0, -0.0, -0.0, -0.0, -0.0, -0.0, -0.0, -0.0, -0.0, 0.0001, 0.0002, -0.0, 0.0, -0.0001, 0.0001, -0.0, 0.0, -0.0, -0.0, 0.0, -0.0, -0.0001, -0.0, -0.0, -0.0, -0.0001, -0.0, -0.0, -0.0, -0.0001, -0.0, -0.0, -0.0, -0.0001, 0.0, -0.0001, 0.0001]",0.0
2026-07-10_13-39-02.mp4,1,120.0,15.0,0.033,motion,0.0,0.0,0.0,0.0,0.0,0.2887,2.542,0.426,0.1581,0.52,0.0421,,"[0.0, -0.0, 0.0, -0.0, -0.0001, -0.0, -0.0001, 0.0001, 0.0, -0.0001, 0.0, 0.0, -0.0001, 0.0, -0.0, 0.0, -0.0, 0.0, 0.0, 0.0001, -0.0, -0.0, -0.0001, 0.0001, -0.0, -0.0, -0.0, 0.0002, -0.0, 0.0, 0.0, 0.0, -0.0, 0.0, 0.0, 0.0, -0.0, 0.0, 0.0001, -0.0002, 0.0002, -0.0001, -0.0001, -0.0002, -0.0002, -0.0001, -0.0, 0.0002, 0.0001, -0.0, -0.0001, 0.0002, -0.0, 0.0, -0.0001, 0.0001, 0.0, -0.0001, 0.0, 0.0, -0.0, 0.0, -0.0, 0.0, -0.0, 0.0, -0.0, 0.0, -0.0002, 0.0001, -0.0, 0.0001, -0.0, 0.0001, -0.0001, 0.0, -0.0, 0.0001, -0.0, -0.0, 0.0, -0.0, -0.0, -0.0, -0.0, -0.0, -0.0, -0.0001, -0.0, 0.0001, 0.0002, 0.0, -0.0, -0.0, -0.0, -0.0, 0.0001, -0.0, 0.0, -0.0, -0.0, -0.0, -0.0, -0.0, -0.0, -0.0, -0.0, -0.0, -0.0, -0.0, -0.0, -0.0, 0.0, 0.0, 0.0, 0.0, 0.0, -0.0001, 0.0]",0.0
2026-07-25_13-51-44.mp4,1,120.0,15.0,0.017,motion,0.0,0.0,0.0,0.0,0.0,0.4765,2.288,0.513,0.4085,0.485,0.0798,,"[0.0, -0.0002, 0.0, 0.0, 0.0001, 0.0001, 0.0001, 0.0, 0.0, -0.0, -0.0004, 0.0, -0.0, 0.0, 0.0, 0.0001, -0.0, -0.0001, 0.0001, 0.0001, -0.0001, 0.0001, -0.0, 0.0001, -0.0001, 0.0001, -0.0001, 0.0, -0.0001, 0.0001, 0.0002, -0.0001, -0.0001, -0.0001, -0.0001, -0.0001, -0.0001, -0.0, 0.0, -0.0, -0.0001, -0.0001, 0.0007, 0.0002, -0.0003, -0.0001, -0.0002, 0.0002, -0.0001, 0.0003, 0.0002, 0.0002, -0.0001, -0.0001, -0.0002, -0.0001, 0.0, -0.0001, -0.0001, -0.0002, -0.0001, -0.0001, 0.0001, 0.0013, 0.0, -0.0001, -0.0001, -0.0004, -0.0001, 0.0002, -0.0001, -0.0, -0.0001, 0.0, 0.0001, -0.0, -0.0, -0.0, -0.0, 0.0, 0.0, 0.0, 0.0001, -0.0, 0.0, -0.0, -0.0002, 0.0, -0.0001, -0.0, 0.0001, -0.0001, 0.0001, -0.0001, -0.0, -0.0003, 0.0001, -0.0, -0.0, 0.0, -0.0001, 0.0001, -0.0, 0.0001, 0.0003, 0.0001, -0.0002, -0.0001, 0.0002, 0.0, 0.0001, -0.0001, -0.0, -0.0001, 0.0, -0.0001, -0.0001, -0.0001, 0.0]",0.0
2026-07-18_21-12-22.mp4,1,120.0,15.0,0.008,motion,0.0,0.0,0.0,0.0,0.0,0.2792,2.288,0.634,0.3031,0.804,0.0789,,"[-0.0, -0.0, -0.0, -0.0, 0.0003, 0.0002, -0.0, -0.0001, 0.0, -0.0, 0.0, -0.0002, -0.0001, 0.0, -0.0001, -0.0002, -0.0, 0.0, 0.0001, -0.0, -0.0001, 0.0001, 0.0, 0.0001, 0.0002, 0.0002, -0.0002, 0.0002, 0.0001, -0.0003, -0.0002, 0.0003, 0.0, 0.0, -0.0, -0.0002, -0.0001, 0.0, -0.0002, 0.0003, -0.0001, -0.0, 0.0001, -0.0, 0.0005, 0.0, 0.0001, -0.0003, 0.0002, -0.0001, -0.0, 0.0001, -0.0, -0.0001, -0.0, -0.0, -0.0001, -0.0001, 0.0, -0.0002, -0.0, -0.0, 0.0001, 0.0004, -0.0002, -0.0, -0.0001, -0.0002, 0.0002, -0.0, -0.0, 0.0001, -0.0, 0.0004, -0.0, -0.0, 0.0, 0.0, 0.0002, -0.0, -0.0001, -0.0, -0.0, -0.0, -0.0001, -0.0, -0.0, -0.0001, 0.0, -0.0, 0.0, -0.0, 0.0, -0.0, 0.0, 0.0, -0.0, -0.0, 0.0, -0.0001, 0.0001, -0.0, 0.0, -0.0002, -0.0, -0.0, 0.0001, 0.0001, -0.0, -0.0, 0.0, -0.0, 0.0001, -0.0, -0.0, -0.0, -0.0, -0.0, -0.0]",0.0
2026-07-02_05-08-33.mp4,1,120.0,15.0,0.008,motion,0.0,0.0,0.0,0.0,0.0,0.2172,2.797,0.354,0.2994,0.155,0.0103,,"[0.0, -0.0001, 0.0, 0.0, -0.0, -0.0, -0.0, -0.0, -0.0, -0.0, -0.0, -0.0, -0.0, -0.0, -0.0, -0.0, -0.0, -0.0, -0.0, -0.0001, 0.0, -0.0, 0.0001, -0.0, -0.0, -0.0, 0.0, -0.0, -0.0, -0.0, -0.0, -0.0, -0.0, -0.0001, -0.0, -0.0, -0.0, -0.0, -0.0, -0.0, -0.0, -0.0, -0.0, -0.0, 0.0002, -0.0, 0.0, 0.0, 0.0, -0.0, 0.0, -0.0, 0.0001, 0.0, 0.0001, 0.0, 0.0, 0.0, -0.0002, 0.0001, -0.0, -0.0007, 0.0001, 0.0001, 0.0, 0.0, -0.0001, 0.0, 0.0, 0.0, 0.0, 0.0, 0.0, -0.0001, 0.0, 0.0001, 0.0, -0.0, 0.0, 0.0, 0.0, 0.0, 0.0, 0.0, 0.0, 0.0, 0.0, -0.0, 0.0, -0.0, -0.0, 0.0, 0.0, 0.0, 0.0, 0.0, 0.0, 0.0, 0.0, 0.0, 0.0, 0.0, 0.0, -0.0, -0.0, -0.0, -0.0, -0.0, -0.0, -0.0, -0.0, -0.0, -0.0, -0.0, -0.0, -0.0, -0.0, -0.0, -0.0]",0.0
2026-07-07_10-56-53.mp4,1,120.0,15.0,0.0,motion,0.0,0.0,0.0,0.0,0.0,0.3008,1.525,0.301,0.3139,23.34,0.0868,,"[-0.0, -0.0002, 0.0001, -0.0005, -0.0005, -0.0005, -0.0004, -0.0003, -0.0004, -0.0003, 0.0, -0.0002, 0.0012, -0.0005, -0.0005, -0.0005, 0.0001, -0.0002, 0.0055, 0.0027, -0.0017, -0.0006, -0.0006, -0.0006, -0.0006, -0.0006, 0.0005, 0.0008, -0.0005, -0.0005, 0.001, -0.0002, -0.0005, -0.0005, 0.0022, -0.0002, -0.0002, -0.0003, -0.0003, -0.0003, -0.0003, -0.0003, -0.0002, 0.0002, 0.0003, 0.0003, 0.0003, 0.0004, 0.0004, 0.0004, 0.0004, -0.0019, 0.0029, 0.0002, 0.0007, -0.0003, 0.0, 0.0, 0.0, -0.0161, 0.0002, -0.0015, -0.0026, -0.0026, -0.0026, -0.0022, 0.0055, -0.0027, -0.0026, -0.0026, 0.0019, -0.0027, -0.0027, -0.0027, -0.0019, -0.0032, 0.0774, -0.0032, -0.0032, -0.0032, -0.0033, -0.0033, -0.003, -0.0028, -0.003, -0.003, 0.0006, -0.0026, -0.0026, -0.0026, -0.0026, -0.0026, 0.0, 0.0, 0.0001, 0.004, 0.0, 0.0, 0.0, 0.0, 0.0, -0.0078, 0.0001, 0.0002, 0.0001, 0.0001, 0.0001, 0.0001, 0.0001, 0.0002, 0.0001, 0.0002, 0.0002, 0.0002, 0.0002, 0.0002, 0.0002, -0.0, -0.0]",0.0
2026-07-15_18-36-19.mp4,1,120.0,15.0,0.0,motion,0.0,0.0,0.0,0.0,0.0,0.2598,2.797,0.476,0.315,0.047,0.0055,,"[-0.0, 0.0, -0.0, 0.0, 0.0, 0.0, 0.0, 0.0, 0.0, 0.0, 0.0, 0.0, 0.0, 0.0, 0.0, 0.0, 0.0, 0.0, 0.0, 0.0, 0.0, 0.0, 0.0, 0.0, 0.0, 0.0, 0.0, 0.0, -0.0, 0.0, -0.0, 0.0, -0.0, 0.0, 0.0, 0.0, 0.0, 0.0, 0.0, 0.0, 0.0, 0.0, 0.0, 0.0, -0.0, 0.0, -0.0, -0.0, -0.0, -0.0, -0.0, -0.0, 0.0, -0.0, -0.0, -0.0, -0.0, -0.0001, 0.0, 0.0001, -0.0, -0.0, -0.0, -0.0, -0.0, -0.0, -0.0, -0.0, -0.0, -0.0, 0.0001, -0.0, -0.0, -0.0, -0.0, -0.0, -0.0, -0.0, -0.0, -0.0, -0.0, -0.0, 0.0, -0.0, -0.0, -0.0, -0.0, -0.0, -0.0, -0.0, -0.0, -0.0, -0.0, -0.0, -0.0, -0.0, 0.0, -0.0, -0.0, -0.0, -0.0, -0.0, -0.0, 0.0001, -0.0, -0.0, 0.0, 0.0001, -0.0002, -0.0, 0.0, -0.0, -0.0, -0.0, -0.0, -0.0, -0.0, -0.0, -0.0]",0.0
2026-07-01_07-35-05.mp4,1,120.0,15.0,0.008,motion,0.0,0.0,0.0,0.0,0.0,0.422,2.034,0.482,0.3555,5.422,0.1717,,"[0.2353, 0.5393, 0.0393, -0.1987, -0.267, -0.2214, -0.2002, -0.2048, -0.0685, -0.2592, -0.1406, -0.2043, -0.0596, -0.028, -0.1501, -0.2324, -0.2102, -0.1429, -0.0519, -0.0658, -0.077, 0.0563, 0.3523, -0.2448, -0.0473, -1.1938, 1.0615, 0.677, 0.1293, -0.037, 0.0523, -0.0944, 0.6774, 0.4301, 0.2332, 0.4774, 0.4724, -0.8207, -0.8497, -0.6732, -0.3546, -0.1349, -0.0286, -0.0026, 0.0001, 0.0167, 0.0114, 0.0103, 0.0378, 0.0499, 0.06, 0.0782, 0.1343, 0.0381, -0.0144, 0.0121, 0.0187, -0.0128, -0.0084, 0.0452, -0.1428, -0.0324, -0.0875, -0.0189, 0.1389, -0.0236, -0.1188, 0.0041, -0.0326, 0.1581, 0.0503, 0.004, -0.037, 0.0168, 0.0362, 0.1707, 0.118, -0.0264, -0.0285, -0.0004, -0.0029, 0.127, -0.0698, -0.0459, -0.0473, -0.0479, 0.1803, -0.0187, 0.0125, -0.0084, 0.009, 0.0014, -0.4454, 0.0089, 0.0027, 0.003, 0.0048, 0.3212, 0.3894, 0.0207, 0.225, -0.2738, -0.4556, 0.0509, -0.2525, 0.0008, 0.0207, -0.0498, 0.0059, 0.196, 0.019, -0.034, -0.0726, 0.0053, -0.1469, -0.1489, 0.0208, -0.1328, 0.0566]",0.0
2026-07-18_15-15-44.mp4,1,120.0,15.0,0.0,motion,0.0,0.0,0.0,0.0,0.0,0.4118,0.763,0.588,0.4521,0.084,0.0188,,"[-0.0, -0.0001, -0.0002, 0.0007, -0.0002, -0.0001, -0.0001, -0.0001, -0.0002, -0.0001, -0.0001, -0.0006, 0.0005, 0.0007, -0.0008, -0.0002, 0.0031, 0.0002, -0.0011, -0.0002, -0.0001, -0.0001, -0.0001, -0.0002, -0.0001, -0.0001, -0.0, 0.0, 0.0, 0.0009, 0.0001, 0.0, 0.0002, 0.0003, 0.0003, 0.0003, 0.0014, 0.0003, 0.0004, -0.0001, 0.0002, -0.0031, -0.0023, 0.0002, 0.0002, 0.0, 0.0003, 0.0002, -0.0045, 0.0003, -0.0004, 0.0003, 0.0003, 0.0047, 0.0002, 0.0003, 0.0003, 0.0002, 0.0001, 0.0002, 0.0001, 0.0001, -0.0006, -0.0016, -0.0001, -0.0002, -0.0002, -0.0002, -0.0002, -0.0, -0.0, 0.001, -0.0, -0.0, 0.0004, -0.0003, -0.0, 0.0, 0.0025, -0.0004, -0.0, -0.0006, -0.0001, -0.0001, -0.0001, -0.0001, -0.0002, -0.0001, -0.0001, -0.0001, -0.0001, -0.0003, -0.0011, -0.0002, -0.0001, -0.0001, -0.0001, 0.0017, -0.001, -0.0001, -0.0001, 0.0002, 0.0002, -0.0001, 0.0003, 0.0002, -0.0001, 0.0023, -0.0001, -0.0001, -0.0001, -0.0002, -0.0005, -0.0001, -0.0001, -0.0001, -0.0001, -0.0001, -0.0001]",0.0
2026-07-10_09-28-05.mp4,1,120.0,15.0,0.0,motion,0.0,0.0,0.0,0.0,0.0,0.3709,0.763,0.449,0.3251,1.058,0.0856,,"[-0.019, -0.019, -0.0112, -0.011, -0.0114, -0.0115, -0.0057, -0.0022, 0.0428, -0.033, 0.3331, 0.037, 0.1962, -0.0033, -0.0033, -0.0035, -0.0035, -0.2461, -0.0036, 0.002, 0.0047, -0.1869, -0.111, -0.0034, -0.0064, -0.0027, 0.0575, 0.0175, 0.02, 0.024, 0.0277, 0.0234, 0.0236, 0.0188, 0.0156, 0.0158, 0.016, 0.0101, 0.0062, 0.0067, -0.0059, -0.2442, 0.0076, 0.0075, 0.0167, 0.0167, 0.0349, 0.0168, 0.0168, 0.0169, 0.0169, 0.0169, 0.0169, 0.0169, 0.0169, 0.0169, 0.0193, 0.0099, 0.0141, -0.2825, 0.0078, 0.0078, 0.0084, 0.0084, 0.0084, 0.0084, 0.0084, 0.0084, 0.0084, 0.0084, 0.0083, 0.0083, 0.0086, 0.0087, 0.0089, 0.0209, -0.0005, -0.0005, -0.0005, -0.0005, -0.0005, -0.0005, -0.0005, -0.0005, -0.0005, 0.0032, 0.0005, -0.0065, 0.0005, 0.0005, 0.0003, 0.001, 0.001, 0.001, 0.001, 0.001, 0.001, 0.001, 0.001, 0.001, -0.0317, 0.0011, 0.0011, 0.0008, 0.0008, 0.0058, 0.0008, 0.0008, 0.0008, 0.0008, 0.0008, 0.0028, 0.0008, 0.0008, 0.0008, 0.0008, -0.0002, -0.0002, -0.0002]",0.0
2026-07-02_14-15-28.mp4,1,120.0,15.0,0.0,motion,0.0,0.0,0.0,0.0,0.0,0.5193,0.763,0.504,0.2508,46.84,0.2562,,"[-0.0017, -0.0022, -0.0025, -0.0027, -0.0037, -0.0038, -0.0067, -0.0082, -0.0033, -0.002, -0.0019, -0.0019, 0.0095, 0.0279, 0.007, 0.0212, -0.0013, 0.0008, 0.0219, -0.0046, -0.0059, -0.0106, -0.01, -0.0034, -0.0065, -0.0041, -0.0023, -0.0182, -0.0017, 0.0109, 0.0166, 0.0027, 0.003, 0.0039, -0.0034, 0.0038, 0.0044, 0.0029, 0.005, 0.0039, -0.0003, 0.0037, 0.0014, 0.0033, -0.0075, -0.016, -0.0184, -0.0287, -0.0095, 0.0027, 0.0023, 0.0049, 0.0045, 0.0027, 0.0036, 0.0071, 0.007, 0.0066, -0.0052, 0.0099, 0.0068, 0.0067, 0.0043, -0.0006, 0.0012, -0.0122, 0.0037, 0.0037, -0.0382, -0.0202, 0.0035, 0.0035, 0.0035, -0.0047, 0.0033, 0.0026, -0.0109, 0.0181, 0.0028, 0.0032, 0.0036, 0.0033, 0.0025, 0.0019, -0.0001, -0.0, 0.0018, 0.0002, 0.002, -0.0019, 0.0002, -0.0006, 0.0004, 0.0008, -0.0013, -0.0004, -0.0035, 0.0003, 0.0005, -0.002, 0.001, 0.0005, 0.0023, -0.0003, 0.0006, 0.0002, 0.001, -0.0004, 0.0003, 0.0016, 0.0003, -0.0005, -0.0019, -0.0009, 0.0002, 0.0003, 0.0002, 0.0003, -0.0001]",0.0
2026-07-02_12-39-47.mp4,1,120.0,15.0,0.0,motion,0.0,0.0,0.0,0.0,0.0,0.3074,2.288,0.293,0.4375,0.009,0.0008,,"[0.0, -0.0004, -0.0006, 0.0001, -0.0002, 0.0008, 0.0009, 0.0005, -0.0002, -0.0005, 0.0018, 0.0001, -0.0004, -0.0004, -0.0005, -0.0003, -0.0004, -0.0002, -0.0001, -0.0001, -0.0001, -0.0002, 0.0, 0.0002, -0.0001, -0.0001, -0.0, -0.0001, -0.0, -0.0, -0.0, 0.0, 0.0003, 0.0001, -0.0005, -0.0001, 0.0006, 0.0009, -0.0004, -0.0001, -0.0001, -0.0, -0.0, -0.0001, -0.0, -0.0, -0.0, -0.0, 0.0004, -0.0001, -0.0, -0.0, -0.0002, -0.0002, -0.0, -0.0001, -0.0001, -0.0001, -0.0002, -0.0003, -0.0002, -0.0002, -0.0004, -0.0008, -0.0002, -0.0, -0.0004, 0.0002, 0.0014, -0.0003, 0.0003, -0.0003, 0.0018, 0.0016, -0.0004, -0.0004, -0.0004, 0.002, -0.0004, -0.0006, -0.0004, -0.0009, -0.0003, -0.0003, -0.0003, 0.0002, 0.0033, -0.0004, -0.0002, -0.0016, 0.0024, 0.0008, -0.0001, -0.0, -0.0, -0.0012, -0.0024, -0.0004, -0.0003, -0.0005, -0.0004, -0.0003, -0.0001, -0.0002, 0.0, -0.0001, -0.0002, -0.0005, 0.0007, -0.0007, -0.001, 0.0073, 0.0003, 0.0006, 0.0004, 0.0022, 0.0031, 0.0005, -0.0012]",0.0
2026-07-09_13-23-55.mp4,1,120.0,15.0,0.0,motion,0.0,0.0,0.0,0.0,0.0,0.3001,1.017,0.178,0.3283,1.52,0.0322,,"[0.0001, -0.0002, 0.0003, -0.0001, -0.0001, -0.0003, 0.0, -0.0001, -0.0001, -0.0001, -0.0001, 0.0, -0.0001, -0.0, -0.0001, -0.0, 0.0001, -0.0, -0.0, -0.0, 0.0003, -0.0, -0.0, -0.0, -0.0001, -0.0, -0.0001, -0.0001, -0.0001, -0.0, 0.0003, -0.0001, -0.0, 0.0001, -0.0, -0.0, 0.0, 0.0, 0.0, 0.0, -0.0, -0.0, -0.0, -0.0, -0.0, -0.0, -0.0, -0.0, -0.0, -0.0, -0.0, -0.0, -0.0, -0.0, -0.0, -0.0, 0.0003, -0.0, -0.0, -0.0001, -0.0, -0.0001, -0.0001, -0.0, -0.0, -0.0, -0.0, -0.0, -0.0, -0.0, -0.0, -0.0, 0.0, 0.0001, 0.0, 0.0, 0.0, -0.0, -0.0, -0.0, -0.0, -0.0, -0.0, -0.0, -0.0, -0.0, -0.0001, 0.0001, 0.0001, -0.0, -0.0, -0.0, 0.0001, -0.0, -0.0, -0.0, -0.0, -0.0, -0.0, -0.0, -0.0, -0.0, -0.0, -0.0, -0.0, -0.0, -0.0, -0.0, -0.0, -0.0, -0.0, -0.0, -0.0, -0.0, -0.0, -0.0, -0.0, -0.0, -0.0]",0.0
2026-07-22_22-41-04.mp4,1,120.0,15.0,0.0,motion,0.0,0.0,0.0,0.0,0.0,0.1525,0.763,0.297,0.3499,5.131,0.038,,"[0.0, 0.0, 0.0, -0.0, 0.0, 0.0, 0.0, 0.0, 0.0, -0.0, 0.0, 0.0, 0.0001, 0.0001, -0.0003, -0.0002, -0.0, -0.0, 0.0001, 0.0001, 0.0001, -0.0004, 0.0004, 0.0001, -0.0002, 0.0, 0.0, 0.0002, 0.0, 0.0, 0.0, -0.0005, 0.0015, -0.0029, 0.0, 0.0001, -0.0, -0.0, -0.0, 0.0008, -0.0, -0.0001, -0.0001, 0.0003, -0.0, -0.0, -0.0, 0.0004, -0.0, -0.0001, -0.0001, 0.0003, -0.0, 0.001, -0.0001, -0.0001, -0.0001, 0.0001, -0.0001, -0.0003, -0.0001, -0.0001, -0.0001, -0.0001, -0.0001, -0.0, 0.0, 0.0, 0.0, 0.0, 0.0, -0.0, 0.0, 0.0, 0.0, -0.0001, 0.0, 0.0003, 0.0, 0.0, -0.0009, 0.0, -0.0005, 0.0, 0.0001, 0.0, 0.0, 0.0, 0.0, 0.0, 0.0001, 0.0001, 0.0001, 0.0001, 0.0001, 0.0001, 0.0001, 0.0001, 0.0001, 0.0001, 0.0001, 0.0001, 0.0001, 0.0001, 0.0001, -0.0026, 0.0002, 0.001, 0.0001, 0.0001, 0.0001, -0.0004, 0.0001, 0.0003, 0.0001, 0.0001, 0.0001, 0.0001, 0.0001]",0.0
2026-07-10_14-21-31.mp4,1,120.0,15.0,0.0,motion,0.0,0.0,0.0,0.0,0.0,0.4715,0.763,0.551,0.5135,99.0,0.2596,,"[-0.095, 0.0966, 0.4601, -0.1875, 0.049, 0.0154, 0.0313, 0.0478, 0.0365, 0.0342, 0.0276, 0.021, -0.198, 0.0376, 0.0005, -0.0558, 0.1116, 0.3397, 0.7778, 0.1342, 0.9776, -0.5284, -0.5262, 0.3537, 0.0965, 0.2301, 0.2302, 0.2303, 0.2266, 0.2413, -0.1241, -0.5123, -0.9687, -0.7722, -0.9219, 0.1234, -0.5368, -0.5272, -0.247, -0.4432, 0.2373, 0.2352, 0.2364, 0.2403, 0.2331, 0.2388, 0.2275, 0.204, 0.1654, 0.1195, 0.0936, 0.0907, 0.0644, 0.0376, 0.0234, 0.0029, -0.003, -0.0027, -0.001, 0.0002, -0.0019, 0.0009, 0.0011, 0.0007, 0.002, 0.0006, -0.0002, -0.0022, -0.0009, 0.0007, 0.0005, 0.001, 0.0035, -0.0025, -0.0, 0.0002, 0.0002, 0.0002, 0.0002, 0.0002, 0.0006, 0.0002, 0.0002, 0.0001, 0.0001, 0.0001, 0.0001, 0.0001, 0.0002, 0.0001, 0.0001, -0.0021, 0.0001, 0.0002, 0.0001, -0.0005, 0.0001, 0.0001, 0.0001, 0.0001, 0.0001, 0.0001, 0.0001, 0.0001, 0.0002, 0.0001, 0.0001, 0.0, 0.0, 0.0, 0.0, -0.0, -0.0, 0.0002, -0.0003, -0.0, -0.0, -0.0, -0.0]",0.0
2026-07-10_09-26-29.mp4,1,120.0,15.0,0.0,motion,0.0,0.0,0.0,0.0,0.0,0.4145,1.525,0.306,0.2731,2.143,0.0866,,"[0.0001, 0.0, 0.0002, -0.0011, 0.0, -0.0, 0.0003, -0.0003, 0.0005, -0.0001, -0.0001, -0.0002, -0.0003, 0.0001, 0.0001, 0.0001, 0.0001, 0.0, 0.0001, 0.0001, -0.0, 0.0001, 0.0, -0.0, 0.0, 0.0002, 0.0, 0.0, 0.0, -0.0001, 0.0, -0.0002, 0.0, 0.0, 0.0, 0.0, 0.0, 0.0, 0.0, 0.0, 0.0, 0.0, 0.0, 0.0, 0.0, 0.0, 0.0001, -0.0, -0.0, -0.0, -0.0, -0.0, -0.0, -0.0, -0.0, -0.0, -0.0, -0.0, -0.0, 0.0001, -0.0, -0.0, -0.0, -0.0, 0.0001, 0.0, 0.0, 0.0, 0.0, 0.0, -0.0, -0.0, -0.0, 0.0, 0.0, 0.0, 0.0, 0.0, -0.0001, -0.0001, 0.0, 0.0, 0.0, 0.0, 0.0, 0.0001, 0.0001, 0.0, -0.0004, -0.0001, 0.0001, 0.0, -0.0, 0.0, 0.0, -0.0, 0.0, 0.0, 0.0, 0.0, -0.0, 0.0002, 0.0001, 0.0001, 0.0, -0.0, 0.0, 0.0, -0.0, 0.0, -0.0001, 0.0001, 0.0001, 0.0001, -0.0004, -0.0004, 0.0001, 0.0, 0.0]",0.0
2026-07-13_16-41-33.mp4,1,120.0,15.0,0.017,motion,0.0,0.0,0.0,0.0,0.0,0.363,1.78,0.558,0.2357,0.116,0.0211,,"[0.0002, -0.0006, 0.0001, 0.0001, -0.0007, 0.0, 0.0001, 0.0001, -0.0003, 0.0001, -0.0005, 0.0, -0.0004, -0.0005, -0.0006, -0.0, 0.0008, -0.0, 0.0001, -0.0, 0.0003, 0.0001, 0.0, -0.0, 0.0001, 0.0001, 0.0, 0.0, 0.0, 0.0, -0.0001, -0.0, -0.0, 0.0002, 0.0002, 0.0001, 0.0, -0.0001, 0.0, -0.0003, 0.0002, -0.0, -0.0, 0.0, -0.0, 0.0, -0.0001, -0.0001, -0.0002, -0.0, 0.0001, 0.0, 0.0002, 0.0, 0.0, -0.0001, 0.0, 0.0001, 0.0, -0.0, 0.0, -0.0001, -0.0001, 0.0001, 0.0, -0.0, -0.0, -0.0001, -0.0001, 0.0, 0.0, -0.0001, -0.0, -0.0, 0.0, 0.0, -0.0, 0.0001, -0.0002, 0.0003, 0.0, -0.0, 0.0001, -0.0001, 0.0, 0.0, 0.0001, -0.0, -0.0, -0.0, -0.0, -0.0, -0.0001, -0.0, -0.0, -0.0, -0.0, -0.0001, 0.0001, -0.0, -0.0, 0.0002, -0.0, -0.0, 0.0, -0.0003, 0.0, 0.0, 0.0002, 0.0001, 0.0005, 0.0002, -0.0001, -0.0001, -0.0005, -0.0001, -0.0, -0.0, 0.0]",0.0
2026-07-09_10-02-21.mp4,1,120.0,15.0,0.0,motion,0.0,0.0,0.0,0.0,0.0,0.2561,1.78,0.177,0.3068,0.0,0.0,,"[-0.0006, 0.0011, 0.0018, -0.0001, 0.0005, 0.0003, 0.0004, 0.0003, 0.0002, -0.0003, 0.0002, 0.0001, 0.0001, 0.0, 0.0004, -0.0, -0.0001, -0.0, 0.0, -0.0, 0.0, 0.0, 0.0, 0.0, 0.0001, -0.0, 0.0, -0.0, -0.0, -0.0, -0.0001, -0.0, -0.0, -0.0, -0.0, 0.0, 0.0, 0.0, 0.0, 0.0, 0.0, 0.0, 0.0, 0.0, 0.0, 0.0, 0.0001, 0.0, 0.0, 0.0, -0.0001, 0.0, 0.0, 0.0, 0.0, 0.0, 0.0, 0.0, 0.0, -0.0005, 0.0, 0.0, 0.0, 0.0, 0.0, 0.0, 0.0, 0.0, 0.0, 0.0, 0.0, 0.0, 0.0, 0.0, 0.0, 0.0, 0.0, 0.0, 0.0, 0.0, 0.0, -0.0, -0.0, -0.0, -0.0, -0.0, -0.0, -0.0, -0.0, -0.0, -0.0, -0.0, -0.0003, 0.0001, 0.0001, 0.0, 0.0004, 0.0, 0.0, 0.0, 0.0002, 0.0002, 0.0002, 0.0002, 0.0002, 0.0002, 0.0002, 0.0002, 0.0002, -0.0008, 0.0002, 0.0002, 0.0002, 0.0002, 0.0002, -0.0048, 0.0002, -0.0002, 0.0002]",0.0
2026-07-04_08-28-47.mp4,1,120.0,15.0,0.0,motion,0.0,0.0,0.0,0.0,0.0,0.3144,0.763,0.114,0.1921,0.016,0.0006,,"[-0.0, 0.0, 0.0, 0.0, 0.0, 0.0, 0.0, 0.0, 0.0, 0.0, 0.0, -0.0, -0.0, 0.0, -0.0, -0.0, -0.0, -0.0, -0.0, 0.0, -0.0, -0.0, -0.0, -0.0, -0.0, -0.0, -0.0, -0.0, -0.0, 0.0, 0.0, -0.0, -0.0, -0.0, -0.0, -0.0, -0.0, -0.0, -0.0, -0.0, -0.0, -0.0, -0.0, -0.0, -0.0, 0.0, 0.0, 0.0, 0.0, 0.0, 0.0, 0.0, -0.0, 0.0, 0.0, -0.0, 0.0, 0.0, 0.0, -0.0, -0.0, -0.0, -0.0, 0.0, 0.0, 0.0, 0.0, 0.0, 0.0, 0.0, 0.0, 0.0, 0.0, 0.0, 0.0, 0.0, 0.0, 0.0, -0.0, -0.0, -0.0, -0.0, -0.0, -0.0, -0.0, -0.0, -0.0, -0.0, 0.0, -0.0, -0.0, -0.0, -0.0, 0.0, -0.0, 0.0, 0.0, -0.0, -0.0, -0.0, -0.0, -0.0, -0.0, -0.0, -0.0, -0.0, 0.0, 0.0, -0.0001, 0.0001, 0.0001, -0.0, -0.0, -0.0, 0.0, -0.0, -0.0, -0.0, -0.0]",0.0
2026-07-20_09-22-33.mp4,1,120.0,15.0,0.0,motion,0.0,0.0,0.0,0.0,0.0,0.4092,0.763,0.243,0.2625,0.211,0.0173,,"[-0.0004, 0.0059, -0.0004, 0.002, 0.0003, -0.0003, -0.0002, -0.0003, -0.0003, -0.0007, -0.0002, -0.0003, -0.0009, 0.0018, -0.0008, -0.0011, -0.0008, -0.0005, -0.0008, -0.0012, -0.0003, 0.0006, -0.0003, 0.0017, 0.0019, 0.0024, 0.0004, 0.01, 0.0036, 0.0003, 0.0021, 0.001, 0.0021, -0.0159, 0.011, -0.0301, -0.0042, -0.0019, 0.0011, 0.0011, 0.0001, 0.0047, 0.001, -0.004, 0.0012, 0.0019, -0.0015, 0.0016, 0.0086, 0.0054, 0.0186, 0.0097, 0.0038, -0.0078, 0.0, -0.0147, -0.0113, -0.0081, -0.0012, 0.0005, 0.0003, -0.0001, 0.0001, 0.0007, 0.0002, 0.0003, 0.0009, 0.0013, 0.0014, 0.0009, 0.0013, 0.0001, -0.0001, -0.0007, -0.0006, -0.0004, -0.0011, -0.0009, -0.0003, -0.0009, -0.0006, -0.0, -0.0005, -0.0006, 0.0034, 0.0051, 0.0051, -0.0051, 0.0003, -0.0003, 0.0019, 0.0189, 0.0004, -0.0011, 0.0023, 0.0007, 0.0001, -0.0034, -0.0048, 0.0009, -0.0239, 0.001, 0.0012, -0.0012, -0.0088, -0.0037, 0.0005, 0.0013, 0.0006, 0.0033, -0.0003, 0.0003, -0.001, 0.0005, -0.0003, -0.0009, -0.0013, 0.0007, 0.0023]",0.0
2026-07-24_05-05-52.mp4,1,120.0,15.0,0.0,motion,0.0,0.0,0.0,0.0,0.0,0.3279,1.78,0.531,0.3036,0.675,0.0701,,"[0.0, 0.0, 0.0, 0.0, 0.0, 0.0, 0.0, 0.0, 0.0, 0.0, 0.0, 0.0, 0.0, 0.0, 0.0, 0.0, 0.0, 0.0, 0.0, 0.0, 0.0, 0.0, 0.0, 0.0, -0.0, -0.0, -0.0, 0.0, 0.0, 0.0, 0.0, 0.0, 0.0, 0.0, 0.0, 0.0, 0.0, 0.0, 0.0, 0.0002, -0.0001, 0.0, -0.0001, 0.0, 0.0, 0.0, 0.0, 0.0, 0.0, 0.0, 0.0, 0.0, 0.0, -0.0001, 0.0, -0.0, 0.0001, 0.0001, 0.0001, 0.0001, 0.0001, 0.0001, 0.0001, 0.0001, 0.0001, 0.0001, 0.0001, 0.0001, 0.0001, 0.0001, -0.0015, 0.0001, -0.0, -0.0, 0.0, 0.0002, 0.0001, 0.0001, 0.0, -0.0, -0.0003, 0.0001, -0.0001, 0.0002, 0.0, 0.0001, 0.0, -0.0001, 0.0001, -0.0, -0.0, -0.0, -0.0, 0.0, 0.0001, 0.0, 0.0, 0.0, 0.0, 0.0, 0.0001, 0.0, 0.0, 0.0, -0.0, 0.0, -0.0, -0.0, -0.0, -0.0, -0.0, -0.0, 0.0002, -0.0, -0.0, -0.0004, 0.0001, 0.0, 0.0]",0.0
2026-07-17_13-24-52.mp4,1,120.0,15.0,0.017,motion,0.0,0.0,0.0,0.0,0.0,0.3243,0.763,0.0,0.4587,1.353,0.0,,"[0.0012, 0.0013, 0.0013, 0.0013, 0.0013, 0.0013, 0.0014, 0.0014, 0.0013, 0.0012, 0.001, 0.001, 0.0011, 0.0015, -0.0353, 0.0012, -0.0027, 0.0013, 0.0013, 0.0008, 0.0014, 0.0013, 0.0011, 0.0013, 0.0039, 0.007, -0.0002, -0.0045, 0.0029, 0.0005, 0.0, 0.0001, 0.0002, -0.0001, -0.0001, -0.0001, 0.0, 0.0, -0.0001, -0.0001, 0.0001, -0.0002, 0.0002, 0.0001, 0.0001, -0.0001, 0.0, 0.0002, 0.0, 0.0, -0.0001, -0.0, -0.0, -0.0, 0.0001, 0.0001, 0.0, -0.0002, -0.0, 0.0002, -0.0, -0.0, -0.0, 0.0, -0.0, -0.0001, 0.0, 0.0, -0.0004, 0.0001, 0.0, 0.0, 0.0, -0.0, -0.0, 0.0, -0.0001, 0.0, 0.0, 0.0, 0.0, 0.0, 0.0, 0.0, 0.0, 0.0, -0.0, -0.0, 0.0, 0.0, -0.0, -0.0, -0.0, -0.0, -0.0001, -0.0001, -0.0, -0.0001, -0.0001, -0.0, -0.0001, -0.0001, -0.0001, -0.0001, -0.0001, -0.0, -0.0, 0.0004, 0.0001, 0.0017, -0.0005, -0.0001, -0.0001, -0.0, -0.0, -0.0001, -0.0001, -0.0, -0.0]",0.0
2026-07-14_14-23-08.mp4,1,104.0,15.0,0.0,motion,0.0,0.0,0.0,0.0,0.0,0.2957,0.763,0.451,0.3094,1.826,0.0862,,"[-0.002, 0.0017, -0.0001, 0.0019, 0.0098, -0.0009, 0.001, 0.0009, 0.0008, 0.0007, 0.0006, 0.0004, 0.0003, 0.0002, 0.0001, -0.0, -0.0001, -0.0001, -0.0002, -0.0002, 0.0001, 0.0002, 0.0002, 0.0002, 0.0002, -0.0001, 0.0003, 0.0, 0.0003, 0.0001, 0.0003, 0.0003, 0.0003, 0.0003, 0.0003, 0.0003, -0.0061, 0.0004, 0.0003, 0.0003, -0.0017, 0.0003, 0.0003, 0.0003, 0.0003, 0.0003, 0.0002, 0.0001, 0.0002, 0.0002, 0.0002, 0.0002, -0.0001, -0.0001, -0.0001, -0.0001, -0.0001, -0.0001, -0.0001, 0.0001, -0.0006, 0.0024, 0.0022, -0.001, -0.0001, -0.0001, -0.0001, -0.0001, -0.0001, -0.0001, -0.0001, -0.0001, -0.0001, -0.0001, -0.0001, -0.0001, -0.0001, -0.0, 0.0, 0.0, 0.0, 0.0, 0.0, 0.0, 0.0, 0.0, 0.0, 0.0, 0.0, 0.0, 0.0, 0.0, 0.0, 0.0, 0.0, 0.0, 0.0, 0.0, 0.0, 0.0, 0.0, 0.0, 0.0]",0.0
2026-07-07_01-14-47.mp4,1,36.0,15.0,0.0,motion,0.0,0.0,0.0,0.0,0.0,0.4363,0.857,0.0,0.4151,0.204,0.0,,"[-0.0004, 0.0009, 0.0008, -0.0001, 0.0002, 0.0002, 0.0002, 0.0005, 0.0005, 0.0001, 0.0001, 0.0001, 0.0, 0.0, 0.0001, -0.0, -0.0001, -0.0, 0.0, -0.0, -0.0, -0.0, -0.0, -0.0, -0.0, -0.0, -0.0, -0.0, -0.0, -0.0, -0.0, -0.0, -0.0, -0.0, -0.0]",0.0
2026-07-14_22-46-08.mp4,1,120.0,15.0,0.65,lips,0.3548,0.763,1.75,0.738,0.0746,0.2581,1.525,0.353,0.4799,0.0,0.0,"[0.041, -1.0, 0.043, 0.053, -1.0, 0.337, 0.114, 0.085, 0.047, 0.045, -1.0, 0.292, 0.074, 0.039, -1.0, 0.06, 0.053, -1.0, 0.149, 0.046, 0.036, -1.0, 0.129, 0.06, 0.045, -1.0, 0.207, 0.06, 0.038, -1.0, 0.153, 0.053, 0.038, -1.0, 0.159, 0.047, 0.03, -1.0, 0.14, 0.035, 0.032, -1.0, 0.193, 0.036, 0.048, 0.061, -1.0, 0.197, 0.041, -1.0, 0.234, 0.053, 0.03, 0.036, -1.0, 0.244, 0.059, 0.031, 0.041, 0.042, -1.0, 0.077, 0.032, -1.0, 0.073, 0.035, -1.0, 0.236, 0.049, 0.019, -1.0, 0.334, 0.116, 0.057, 0.027, -1.0, -1.0, -1.0, -1.0, -1.0, -1.0, -1.0, -1.0, -1.0, -1.0, -1.0, -1.0, -1.0, -1.0, -1.0, -1.0, 0.028, 0.013, 0.015, 0.013, -1.0, 0.024, 0.006, -1.0, 0.034, 0.02, 0.036, -1.0, 0.021, -1.0, 0.031, 0.025, -1.0, 0.038, 0.028, -1.0, 0.025, 0.019, -1.0, 0.023, 0.033, -1.0, 0.042, 0.022, 0.022]","[0.0, 0.0, -0.0, -0.0, -0.0, 0.0001, -0.0, -0.0, -0.0, -0.0, -0.0, -0.0, 0.0, -0.0, -0.0, -0.0, -0.0, -0.0, -0.0, -0.0, -0.0, 0.0, -0.0, -0.0, -0.0, -0.0, 0.0001, -0.0, -0.0, -0.0, -0.0, -0.0, 0.0, 0.0, -0.0, -0.0, -0.0, -0.0, -0.0, -0.0, -0.0, 0.0, 0.0, 0.0, 0.0, 0.0, 0.0, 0.0, 0.0, 0.0, 0.0, 0.0, 0.0001, 0.0, 0.0, -0.0001, -0.0001, -0.0004, 0.0001, -0.0, -0.0, 0.0001, 0.0, -0.0, 0.0, -0.0, -0.0, 0.0, 0.0001, -0.0001, 0.0, 0.0005, -0.0002, -0.0, -0.0, -0.0, -0.0002, 0.0, -0.0, -0.0, -0.0, -0.0, -0.0, -0.0, -0.0, -0.0, -0.0, 0.0001, -0.0, 0.0, 0.0, -0.0, -0.0, -0.0, 0.0, -0.0, 0.0, 0.0, -0.0, -0.0, 0.0, -0.0, 0.0, -0.0, 0.0, 0.0, -0.0, -0.0, 0.0, -0.0, -0.0, -0.0, -0.0, -0.0, -0.0, -0.0001, 0.0, 0.0, 0.0]",0.0
2026-07-10_15-58-12.mp4,1,120.0,15.0,0.0,motion,0.0,0.0,0.0,0.0,0.0,0.4561,1.525,0.399,0.3242,0.209,0.0315,,"[-0.0, 0.0006, 0.0, -0.0002, -0.0003, -0.0002, 0.0, 0.0, 0.0, 0.0, 0.0, -0.0001, 0.0, 0.0, 0.0, 0.0, 0.0, 0.0, 0.0, 0.0, 0.0, 0.0, 0.0, 0.0, 0.0, 0.0, 0.0, 0.0, 0.0, 0.0, 0.0, 0.0, 0.0, -0.0, -0.0001, -0.0001, -0.0004, 0.0004, -0.0002, 0.0, 0.0, 0.0, 0.0, 0.0, -0.0003, -0.0002, -0.0, -0.0, 0.0006, 0.0015, -0.0, -0.0, -0.0004, -0.0, -0.0015, -0.0, -0.0, -0.0, -0.0, 0.0013, -0.0001, -0.0001, -0.0, -0.0001, -0.0, 0.0, 0.0, 0.0, 0.0, 0.0, -0.0, -0.0, -0.0, -0.0, -0.0, -0.0, -0.0, -0.0, -0.0, -0.0, -0.0, -0.0, -0.0, 0.0, 0.0, 0.0, 0.0, 0.0, 0.0, 0.0, 0.0, 0.0, 0.0, 0.0, 0.0, 0.0, 0.0, 0.0, -0.0, 0.0, 0.0, 0.0, 0.0, 0.0, 0.0, 0.0, 0.0, 0.0, 0.0, 0.0, 0.0, 0.0, 0.0, 0.0, -0.0, -0.0, -0.0, -0.0, -0.0]",0.0
2026-07-09_12-21-32.mp4,1,120.0,15.0,0.0,motion,0.0,0.0,0.0,0.0,0.0,0.1927,0.763,0.512,0.2745,0.904,0.0469,,"[-0.0, 0.0, 0.0004, 0.0, 0.0, 0.0, -0.0, -0.0006, 0.0, 0.0001, 0.0001, -0.0001, 0.0001, 0.0001, 0.0, -0.0, -0.0, -0.0, 0.0, 0.0001, 0.0, 0.0, 0.0, -0.0002, 0.0, -0.0001, 0.0001, 0.0003, -0.0, -0.0004, 0.0001, 0.0003, -0.0002, -0.0001, 0.0, 0.0, -0.0, 0.0001, 0.0001, 0.0003, -0.0, 0.001, -0.0008, 0.0, 0.0, -0.0006, 0.0001, -0.0003, -0.0002, -0.0001, -0.0002, 0.0001, -0.0001, 0.0002, 0.0001, 0.0001, -0.0002, 0.0001, -0.0001, 0.0001, 0.0001, 0.0004, 0.0003, 0.0001, 0.0001, 0.0001, 0.0001, 0.0, 0.0, -0.0002, -0.0006, 0.0001, 0.0001, -0.0004, 0.0003, 0.0, -0.0005, 0.0001, 0.0004, -0.0004, -0.0001, 0.0002, -0.0004, 0.0001, 0.0, 0.0001, 0.0, 0.0002, 0.0, 0.0, 0.0, -0.0, 0.0002, 0.0, 0.0001, 0.0, -0.0, -0.0, -0.0, -0.0, -0.0, -0.0, -0.0, -0.0, 0.0001, -0.0004, 0.0003, -0.0001, 0.0002, -0.0, 0.0001, -0.0001, 0.0001, 0.0, 0.0, 0.0001, 0.0, -0.0001, -0.0]",0.0
2026-07-12_11-58-06.mp4,1,120.0,15.0,0.033,motion,0.0,0.0,0.0,0.0,0.0,0.5223,1.017,0.627,0.399,0.009,0.0029,,"[-0.0, -0.0, -0.0, -0.0, -0.0, -0.0, 0.0, -0.0, -0.0, -0.0, 0.0, -0.0, -0.0, -0.0, -0.0, -0.0, -0.0, -0.0, -0.0, -0.0, -0.0, -0.0, -0.0, -0.0, 0.0001, 0.0, 0.0, 0.0, 0.0, 0.0, 0.0, 0.0, 0.0, 0.0, 0.0, 0.0, 0.0, 0.0, 0.0, -0.0, 0.0, 0.0, -0.0004, 0.0002, 0.0, 0.0, 0.0001, 0.0, 0.0001, 0.0001, -0.0001, -0.0001, 0.0001, -0.0, -0.0002, 0.0002, -0.0005, -0.0001, 0.0002, -0.0001, 0.0002, 0.0001, -0.0001, 0.0001, 0.0001, -0.0006, 0.0004, -0.0, 0.0001, 0.0, 0.0, 0.0, 0.0001, -0.0001, -0.0, -0.0002, -0.0, 0.0, -0.0, 0.0001, -0.0002, -0.0004, 0.0002, -0.0001, 0.0009, 0.0, -0.0002, -0.0003, -0.0004, 0.0002, 0.0001, 0.0, 0.0, 0.0001, 0.0001, 0.0001, 0.0002, 0.0002, 0.0002, 0.0008, 0.0028, 0.0001, 0.0001, 0.0001, -0.0025, -0.0011, -0.0007, -0.0005, -0.0004, -0.001, 0.0001, -0.0003, 0.0002, 0.0001, 0.0001, 0.0002, 0.0002, -0.0, 0.0002]",0.0
2026-07-02_02-11-28.mp4,1,120.0,15.0,0.0,motion,0.0,0.0,0.0,0.0,0.0,0.1177,2.797,0.501,0.4577,0.0,0.0,,"[0.0, -0.0, -0.0, 0.0, -0.0, -0.0, 0.0, 0.0, -0.0, -0.0, 0.0, 0.0, 0.0, 0.0, 0.0, -0.0, 0.0, 0.0, 0.0, 0.0, -0.0, 0.0, -0.0, 0.0, 0.0, 0.0, 0.0, 0.0, 0.0, 0.0, 0.0, -0.0, -0.0, -0.0, 0.0, 0.0, 0.0, 0.0, 0.0, -0.0, -0.0001, 0.0, 0.0, 0.0, 0.0, 0.0, 0.0, 0.0, 0.0, 0.0, 0.0, -0.0, 0.0, 0.0, 0.0001, -0.0002, 0.0, -0.0, 0.0, -0.0, 0.0, 0.0, 0.0, 0.0, 0.0, 0.0, 0.0, -0.0, 0.0, -0.0, 0.0, -0.0, -0.0, -0.0, -0.0, -0.0, 0.0, -0.0, -0.0, -0.0, 0.0, 0.0, 0.0, 0.0, 0.0, -0.0, -0.0, -0.0, 0.0, -0.0, -0.0, -0.0, -0.0, -0.0, -0.0, -0.0, -0.0, 0.0, -0.0, -0.0, 0.0, 0.0, -0.0, -0.0, -0.0, -0.0, -0.0, -0.0, -0.0, 0.0, 0.0, 0.0, -0.0, -0.0, 0.0, -0.0, -0.0, -0.0, -0.0]",0.0
2026-07-09_20-03-09.mp4,1,120.0,15.0,0.0,motion,0.0,0.0,0.0,0.0,0.0,0.2829,0.763,0.342,0.3105,0.853,0.0446,,"[0.0, 0.0001, -0.0003, 0.0, 0.0003, -0.0, -0.0, -0.0, -0.0, 0.0, 0.0, 0.0, 0.0, 0.0, -0.0002, 0.0, 0.0, 0.0, -0.0, -0.0, 0.0, 0.0, 0.0, 0.0, -0.0001, 0.0, 0.0, 0.0, 0.0, 0.0, 0.0, 0.0, 0.0, 0.0, 0.0, 0.0, 0.0, 0.0, 0.0, 0.0, 0.0, 0.0, -0.0005, 0.0, 0.0, 0.0, 0.0, 0.0, 0.0, 0.0, 0.0, 0.0, 0.0, 0.0, 0.0, 0.0, 0.0, 0.0, 0.0, -0.0001, 0.0, 0.0, 0.0, 0.0, 0.0, -0.0, -0.0, -0.0, 0.0, 0.0, 0.0, 0.0, 0.0001, 0.0001, 0.0001, 0.0001, 0.0001, 0.0001, 0.0001, 0.0001, 0.0002, 0.0001, 0.0001, -0.0002, 0.0001, 0.0, 0.0001, -0.0017, 0.0, 0.0, 0.0, 0.0, 0.0, 0.0, 0.0, 0.0, 0.0001, 0.0, 0.0001, 0.0001, 0.0006, 0.0001, 0.0, 0.0, 0.0, 0.0, 0.0, 0.0003, 0.0002, -0.0002, -0.0001, -0.0, 0.0002, -0.001, 0.0006, 0.0004, 0.0004, 0.0002, -0.0002]",0.0
2026-07-14_16-38-42.mp4,1,120.0,15.0,0.017,motion,0.0,0.0,0.0,0.0,0.0,0.5479,1.525,0.891,0.346,99.0,0.4883,,"[0.0, 0.0, 0.0, 0.0, 0.0, 0.0, 0.0, 0.0, 0.0, 0.0, 0.0, 0.0, -0.0, -0.0, -0.0, -0.0, -0.0, -0.0, -0.0, -0.0, -0.0, -0.0, -0.0, -0.0, -0.0, -0.0, -0.0, 0.0003, -0.0, -0.0, -0.0, -0.0, -0.0, -0.0, -0.0, -0.0, -0.0, -0.0, -0.0, -0.0, -0.0, -0.0, -0.0, 0.0, 0.0, 0.0, 0.0, 0.0, 0.0, 0.0, 0.0, 0.0, 0.0, 0.0, 0.0, 0.0, 0.0, 0.0, 0.0, -0.0003, 0.0, 0.0, 0.0, 0.0, 0.0, 0.0, 0.0, -0.0001, -0.0001, -0.0001, -0.001, 0.0045, 0.0002, 0.0445, 0.0854, 0.1115, 0.1031, 0.0973, 0.0973, 0.1029, 0.1075, 0.0827, 0.0839, 0.1039, 0.1092, 0.1337, -0.0648, 0.2364, -1.2655, -1.1651, -0.7013, 0.3669, 0.2863, 0.1059, -0.0672, -0.0311, 0.8693, 0.2083, -0.6684, -0.0303, 0.1918, 0.1088, 0.1016, 0.1061, 0.0615, 0.0205, -0.0052, 0.0027, 0.0086, 0.0088, 0.003, -0.0014, 0.0233, 0.0266, 0.0022, -0.0021, -0.0029, -0.0015, 0.0002]",0.0
2026-07-03_15-31-17.mp4,1,120.0,15.0,0.0,motion,0.0,0.0,0.0,0.0,0.0,0.1449,0.763,0.0,0.3543,0.304,0.0,,"[0.0, 0.0, 0.0, -0.0, 0.0, 0.0, 0.0, 0.0, -0.0001, -0.0001, 0.0, 0.0, 0.0, 0.0, 0.0, 0.0, 0.0, 0.0, 0.0, -0.0003, 0.0, -0.0001, 0.0, 0.0, 0.0, -0.0, -0.0, 0.0, 0.0, 0.0, 0.0, 0.0, 0.0, 0.0005, 0.0, 0.0, 0.0, 0.0, 0.0, 0.0, 0.0, 0.0, -0.0007, 0.0, 0.0, 0.0, -0.002, -0.0006, -0.0006, -0.0006, -0.0006, -0.0006, -0.0006, -0.0006, -0.0006, -0.0006, -0.0006, -0.0006, -0.0006, -0.0011, -0.0006, 0.0619, -0.043, -0.0006, -0.0006, -0.0006, -0.0006, -0.0006, -0.0006, -0.0006, -0.001, -0.001, -0.0015, -0.0006, -0.0006, -0.0006, -0.0006, 0.0014, 0.0001, 0.0001, 0.0001, 0.0001, 0.0001, 0.0001, 0.0001, 0.0001, 0.0, -0.0026, -0.0025, -0.0025, -0.0042, -0.0041, -0.0041, -0.0041, -0.0041, -0.0041, -0.0041, -0.0041, -0.0041, -0.0041, -0.0041, -0.0041, 0.0775, -0.0075, -0.0062, 0.0495, -0.0094, -0.0061, -0.0059, -0.0063, -0.0066, -0.0069, -0.0072, -0.0075, -0.0072, -0.0087, -0.0086, -0.0087, 0.0032]",0.0
2026-07-03_14-30-18.mp4,1,120.0,15.0,0.0,motion,0.0,0.0,0.0,0.0,0.0,0.1465,0.763,0.651,0.3453,0.0,0.0,,"[0.0031, -0.0048, -0.0038, -0.004, -0.0022, -0.0021, -0.0019, -0.0017, 0.0004, -0.0013, -0.0011, -0.0009, -0.0006, -0.0005, -0.0003, -0.0001, 0.0001, 0.0, -0.0, -0.0001, -0.0, -0.0001, -0.0001, -0.0001, -0.0, -0.0, -0.0, -0.0, -0.0, -0.0, -0.0, -0.0, 0.0004, -0.0006, -0.0001, 0.0009, -0.0002, 0.0002, -0.0001, -0.0, -0.0, -0.0, -0.0, -0.0, 0.0, -0.0004, 0.0, 0.0, 0.0, 0.0, -0.0, 0.0, 0.0, 0.0, 0.0, 0.0, 0.0, 0.0, 0.0, -0.0004, 0.0, 0.0, 0.0, 0.0, 0.0, 0.0, 0.0, 0.0, 0.0, 0.0, 0.0, 0.0, 0.0, 0.0, 0.0, 0.0, -0.0, -0.0, -0.0, -0.0, -0.0, -0.0, -0.0, -0.0, -0.0, -0.0, -0.0, -0.0, -0.0, -0.0, -0.0, 0.001, -0.0, -0.0, -0.0, -0.0, -0.0, -0.0, -0.0, -0.0, -0.0, -0.0, -0.0, -0.0, -0.0, -0.0, -0.0, 0.0, 0.0, 0.0, 0.0, 0.0, 0.0, 0.0, 0.0, 0.0, 0.0, 0.0, 0.0]",0.0
2026-07-14_13-58-38.mp4,1,120.0,15.0,0.008,motion,0.0,0.0,0.0,0.0,0.0,0.4125,1.78,0.33,0.3296,0.509,0.0459,,"[-0.0006, -0.0053, -0.0066, -0.0038, -0.0002, -0.0002, 0.0012, 0.0006, -0.0011, -0.0006, 0.0005, 0.0032, -0.0008, -0.0019, 0.0015, 0.0028, 0.0073, -0.0016, 0.0001, 0.0017, -0.0024, 0.0041, 0.0081, 0.0023, 0.0001, 0.0007, -0.0016, -0.0015, 0.0002, -0.002, -0.0024, 0.0027, 0.0024, 0.0011, -0.0024, -0.0023, -0.0024, -0.0023, -0.0014, -0.0018, -0.0017, -0.0018, 0.0025, -0.0016, 0.0009, -0.0015, -0.0015, 0.0096, 0.003, 0.001, 0.002, 0.0014, 0.0007, -0.001, -0.0007, -0.0015, 0.0004, -0.001, -0.0008, 0.0004, -0.0021, -0.0004, -0.0006, -0.0004, -0.0003, -0.0002, -0.0002, -0.0002, -0.0021, -0.0001, -0.0001, -0.0001, -0.0001, -0.0, -0.0, -0.0, -0.0, -0.0, 0.0002, 0.0001, 0.0002, 0.0025, 0.0009, -0.0, 0.0, 0.0, 0.0, -0.0002, 0.0, 0.0, 0.0, 0.0, -0.0007, -0.0017, -0.0019, 0.0002, 0.0001, 0.0003, 0.0002, 0.0001, 0.0001, 0.0001, 0.0001, 0.0001, 0.0001, 0.0001, 0.0001, 0.0001, 0.0001, 0.0001, -0.0, -0.0004, 0.0, 0.0, 0.0001, 0.0001, 0.0, 0.0, 0.0]",0.0
2026-07-25_20-26-34.mp4,1,120.0,15.0,0.0,motion,0.0,0.0,0.0,0.0,0.0,0.5511,0.763,0.49,0.2279,0.298,0.0621,,"[0.0, 0.0002, 0.0, -0.0, -0.0001, -0.0001, -0.0001, -0.0001, -0.0001, -0.0001, -0.0001, -0.0001, -0.0, -0.0, -0.0, -0.0, -0.0, 0.0, 0.0005, 0.0006, -0.0, -0.0, -0.0, -0.0002, -0.0, -0.0, -0.0, -0.0, -0.0, -0.0, -0.0, -0.0, -0.0, -0.0, -0.0, -0.0, -0.0, -0.0, -0.0, -0.0, -0.0, -0.0, 0.0001, -0.0, -0.0, -0.0, -0.0, -0.0, -0.0, -0.0, 0.0001, -0.0, -0.0, -0.0, -0.0, -0.0, 0.0003, -0.0, -0.0, 0.0001, -0.0, -0.0, -0.0, -0.0, -0.0, -0.0, -0.0, -0.0, -0.0, -0.0, -0.0, -0.0, -0.0, -0.0, -0.0, -0.0, -0.0, -0.0, -0.0, -0.0, -0.0, -0.0, -0.0, -0.0, -0.0, -0.0, -0.0, -0.0, -0.0, -0.0, -0.0, -0.0, -0.0, -0.0, -0.0, -0.0, -0.0, -0.0, -0.0, -0.0, -0.0, -0.0, -0.0, -0.0, -0.0, -0.0, -0.0, -0.0, -0.0, -0.0, -0.0, -0.0, -0.0, -0.0, -0.0, -0.0, -0.0, -0.0, -0.0]",0.0
2026-07-05_00-08-37.mp4,1,120.0,15.0,0.0,motion,0.0,0.0,0.0,0.0,0.0,0.6056,0.763,0.433,0.5448,0.484,0.0856,,"[-0.0, 0.0002, -0.0002, 0.0, -0.0001, 0.0, -0.0, 0.0, 0.0002, 0.0002, 0.0004, 0.0001, 0.0003, 0.0003, 0.0003, 0.0003, 0.0001, 0.0, 0.0001, 0.0021, 0.0007, -0.0001, -0.0022, -0.0017, -0.0036, -0.0003, -0.0041, 0.0011, 0.0012, 0.0003, 0.0012, 0.003, 0.0002, 0.0001, 0.0001, 0.0003, 0.0004, 0.0008, 0.0005, 0.0001, 0.0001, -0.0001, 0.0003, 0.0004, -0.0, 0.0001, 0.0004, -0.0001, 0.0015, 0.0002, -0.0036, -0.0029, 0.0001, -0.002, 0.0009, -0.0001, -0.0009, 0.0003, -0.0009, -0.0002, 0.0, -0.0001, 0.0003, -0.0005, 0.0, 0.0004, 0.0006, 0.0014, -0.0006, 0.0011, 0.003, 0.0039, 0.001, 0.0003, 0.0008, 0.0008, 0.0048, 0.0081, 0.0029, 0.0016, -0.0003, 0.0009, -0.0179, -0.0171, -0.0043, 0.0009, -0.0003, -0.0, 0.0006, 0.0001, 0.0011, 0.0011, 0.0012, 0.0008, 0.0014, 0.0011, 0.0016, 0.0014, 0.0009, 0.0003, 0.0001, 0.0002, 0.0001, 0.0001, 0.0, 0.0001, 0.0, -0.0001, 0.0003, 0.0003, 0.0002, 0.0, 0.0, 0.0, 0.0, 0.0, -0.0002, 0.0004, -0.0001]",0.0
2026-07-02_07-12-08.mp4,1,120.0,15.0,0.0,motion,0.0,0.0,0.0,0.0,0.0,0.2754,1.271,0.675,0.3128,99.0,0.1846,,"[0.0015, -0.0018, -0.0034, 0.0004, 0.0004, 0.0005, 0.0005, -0.015, 0.0007, 0.0007, 0.0016, 0.0008, 0.0005, 0.0009, 0.001, 0.0012, 0.0013, -0.0111, -0.0012, 0.0024, 0.0011, 0.0011, 0.001, 0.0, 0.0007, 0.0007, 0.0007, 0.0007, 0.0007, 0.0021, -0.0062, 0.0016, 0.0006, 0.0005, 0.0001, -0.0019, 0.0027, 0.0018, -0.003, -0.0017, -0.0003, -0.0003, 0.0001, 0.0001, 0.0002, 0.0002, -0.0, -0.0, 0.0041, 0.0, 0.0, -0.0001, 0.0, 0.0, -0.0, -0.0001, -0.0001, -0.0001, -0.0001, -0.0008, -0.0001, -0.0001, -0.0001, -0.0001, 0.0001, 0.0001, 0.0001, 0.0001, 0.0002, 0.0002, 0.0002, 0.0002, 0.0002, 0.0002, 0.0002, 0.0001, 0.0001, 0.0001, 0.0001, -0.0035, 0.0001, 0.0001, 0.0001, -0.0003, 0.0001, 0.0001, 0.0001, 0.0001, -0.0001, 0.0, 0.0, 0.0001, 0.0001, 0.0001, 0.0001, 0.0, 0.0, 0.0, 0.0, 0.0, 0.0, -0.0, 0.0, 0.0001, 0.0, 0.0, -0.0, -0.0, -0.0, -0.0, -0.0, -0.0, -0.0, -0.0, -0.0, -0.0, -0.0, -0.0, -0.0]",0.0
2026-07-09_15-25-48.mp4,1,120.0,15.0,0.0,motion,0.0,0.0,0.0,0.0,0.0,0.2679,2.797,0.0,0.6549,0.351,0.0,,"[-0.0001, -0.0017, 0.003, 0.0077, 0.0001, 0.0001, 0.0001, 0.0003, -0.0045, 0.0033, -0.0005, 0.0001, 0.0017, 0.0016, -0.0096, -0.0002, -0.0, 0.0003, 0.0, 0.0004, 0.0004, 0.0003, 0.0, 0.0006, 0.0001, 0.0003, 0.0004, 0.0003, -0.0002, 0.0005, -0.0018, 0.0001, -0.0001, 0.0, 0.0001, -0.0003, 0.0002, -0.0002, -0.0035, 0.0005, 0.0024, 0.0025, 0.0024, 0.0025, 0.0024, 0.0027, 0.0023, 0.0024, 0.0026, 0.0027, 0.0059, 0.0033, 0.0103, 0.0955, -0.1163, -0.0588, 0.0021, 0.0027, 0.0024, 0.0025, 0.0021, 0.0024, 0.0028, 0.0024, 0.0025, 0.0022, 0.0025, 0.0025, 0.0027, 0.0058, 0.002, -0.0001, -0.0, 0.0, 0.0, -0.0001, 0.0001, -0.0, 0.0001, 0.0001, 0.0, -0.0, -0.0, -0.0, -0.0001, -0.0, -0.0, -0.0, -0.0, -0.0, 0.0001, -0.0003, 0.0, -0.0001, 0.0005, -0.0001, 0.0, 0.0, 0.0001, 0.0, 0.0, 0.0, 0.0001, -0.0, -0.0001, -0.0001, -0.0003, 0.0001, -0.0002, -0.0004, -0.0003, -0.0002, -0.0002, -0.0003, -0.0003, -0.0003, -0.0003, -0.0003, 0.0004]",0.0
2026-07-05_12-13-44.mp4,1,120.0,15.0,0.0,motion,0.0,0.0,0.0,0.0,0.0,0.2526,2.034,0.617,0.1898,2.844,0.1153,,"[-0.001, -0.0009, -0.0008, -0.0008, -0.0009, 0.009, 0.021, -0.0007, -0.0009, -0.0009, -0.0009, -0.0009, -0.0009, -0.0009, -0.0009, -0.0009, -0.0049, -0.0024, -0.0009, 0.0001, -0.0002, -0.0012, -0.0011, -0.0001, -0.0001, -0.0001, -0.0002, -0.0001, -0.0001, -0.0001, -0.0001, -0.0001, -0.0002, -0.0033, 0.0102, -0.0002, -0.0002, -0.0002, -0.0004, -0.0002, -0.0002, -0.0002, -0.0002, -0.0002, 0.0005, 0.0005, 0.0005, 0.0005, 0.0005, -0.0, 0.0005, 0.0005, 0.0006, 0.0006, 0.0005, 0.0006, 0.0005, 0.0005, 0.0005, -0.0225, 0.0005, 0.0005, 0.0005, 0.0005, 0.0136, -0.0036, -0.0022, 0.0004, -0.0003, 0.0014, -0.0002, 0.0012, 0.0013, 0.0012, 0.0012, 0.0003, 0.0005, 0.001, 0.0014, 0.0009, 0.0014, 0.0013, 0.0014, 0.0011, 0.0008, 0.0037, 0.0071, -0.0331, 0.0062, 0.0013, 0.0013, -0.0009, -0.0013, -0.0016, -0.005, -0.0095, 0.0014, 0.0056, 0.0037, 0.004, 0.0014, 0.0004, 0.0017, -0.0005, 0.0006, 0.0007, 0.0007, 0.0003, 0.0006, 0.0012, -0.0001, -0.0033, -0.0001, -0.0005, -0.0028, 0.0011, 0.0013, 0.0001, 0.0002]",0.0
2026-07-02_07-54-17.mp4,1,120.0,15.0,0.0,motion,0.0,0.0,0.0,0.0,0.0,0.3341,1.525,0.88,0.2119,99.0,0.2917,,"[0.0007, -0.0036, -0.0046, 0.0102, -0.0018, -0.003, -0.0031, -0.0031, -0.0009, -0.0029, -0.0028, -0.0027, -0.0027, -0.0045, -0.0042, -0.0041, -0.0046, 0.0542, 0.0009, 0.0004, 0.0005, 0.0003, 0.0004, 0.0004, 0.0005, 0.0004, 0.0004, 0.0011, 0.0606, -0.0071, 0.0004, 0.0004, -0.0001, -0.1258, 0.0023, 0.0023, 0.0023, 0.0038, 0.0023, 0.0023, 0.0043, 0.0023, 0.0023, 0.0023, 0.0043, 0.0041, 0.0041, 0.0041, 0.0041, -0.0001, -0.0001, -0.0001, -0.0001, -0.0, -0.0, -0.0, 0.0, 0.0, 0.0, -0.0013, 0.0001, 0.0, 0.0, 0.0, 0.0, 0.0, 0.0, 0.0, 0.0, 0.0, 0.0, 0.0, 0.0, 0.0, 0.0, -0.0, 0.0, 0.0, 0.0, 0.0, 0.0, 0.0, 0.0, 0.0, 0.0, 0.0, -0.0, -0.0, -0.0, -0.0, -0.0, -0.0, -0.0, -0.0, -0.0, -0.0, -0.0, -0.0, -0.0, -0.0, -0.0, 0.0002, -0.0, -0.0, -0.0, -0.0, -0.0, -0.0, -0.0, -0.0, -0.0, -0.0, -0.0, -0.0, -0.0, -0.0, -0.0, 0.0, 0.0]",0.0
2026-07-03_14-10-06.mp4,1,120.0,15.0,0.0,motion,0.0,0.0,0.0,0.0,0.0,0.3651,0.763,0.289,0.2129,0.437,0.0321,,"[0.0007, -0.0008, -0.0007, -0.0002, 0.0003, 0.0013, 0.0016, 0.0025, 0.0016, 0.0016, 0.0024, 0.0023, 0.0029, 0.0004, 0.0029, -0.0009, -0.0038, -0.0031, -0.0169, -0.015, -0.0286, -0.0089, -0.0154, -0.0024, 0.0023, 0.004, 0.0093, 0.0387, 0.0186, 0.0207, 0.0277, 0.0103, 0.0574, 0.006, 0.0339, -0.0126, -0.0313, -0.0599, -0.0135, 0.003, -0.079, -0.019, -0.0183, 0.001, 0.0014, 0.0045, 0.0028, 0.0062, 0.0076, 0.0076, 0.0088, 0.0094, 0.0073, 0.0048, 0.0008, -0.0203, 0.0428, 0.0015, -0.0026, -0.0126, -0.0006, -0.0022, -0.0, 0.0044, 0.0023, 0.0006, -0.0011, -0.0004, 0.001, -0.0001, 0.0002, -0.0006, 0.0009, 0.0003, -0.0007, -0.0005, -0.0007, -0.0008, -0.0006, 0.0002, 0.0001, 0.0008, -0.0013, 0.0029, 0.0021, 0.0063, 0.0066, 0.0043, 0.0042, -0.0001, -0.0013, -0.001, -0.0021, -0.005, -0.004, -0.0227, -0.0323, -0.0199, -0.0167, 0.0528, -0.1681, -0.0136, 0.0756, -0.0055, 0.1256, 0.0317, -0.0068, 0.0173, -0.0025, 0.0026, -0.0045, 0.0045, -0.0088, -0.0123, -0.0097, 0.0066, -0.0117, -0.0057, -0.0019]",0.0
2026-07-07_06-58-01.mp4,1,120.0,15.0,0.058,motion,0.0,0.0,0.0,0.0,0.0,0.455,2.034,0.51,0.232,2.959,0.1735,,"[-0.1384, -0.1313, -0.1584, -0.1537, -0.1498, -0.1502, -0.1518, -0.1551, -0.1564, -0.1177, -0.1179, -0.5657, 1.9585, 1.8392, 0.3567, -0.2852, -0.1877, -0.1628, -0.1709, -0.1865, -0.1593, -0.1436, -0.1203, -0.1429, -1.3355, 1.0324, -1.2804, 2.1353, 2.2422, -0.4152, -0.0509, -2.3479, -0.9085, 0.1472, 0.4227, -0.9012, 1.5643, -0.0681, -0.0535, -0.051, -0.0869, -0.0471, -0.0807, 0.0022, 0.0798, 0.0688, 0.0695, -0.0037, -0.0307, -0.0242, -0.0191, -0.0045, 0.1249, -0.3369, 0.0342, 0.046, 0.053, 0.0199, -0.169, 0.045, 0.0457, 0.0457, 0.0457, 0.0456, 0.042, 0.2867, -1.0819, 0.0392, 0.045, 0.0326, 0.0321, 0.0317, 0.0316, 0.0473, 0.0289, 0.0273, 0.0242, 0.0246, 0.0235, 0.1353, 0.0064, 0.0313, -0.0051, -0.006, -0.0057, -0.006, 0.0018, -0.0042, -0.0041, -0.0051, -0.0026, -0.0008, -0.0116, 0.0503, -0.0062, -0.0104, -0.0108, -0.0016, 0.0214, -0.0367, -0.0011, -0.002, -0.0014, -0.002, 0.0109, 0.0072, -0.0012, -0.0061, -0.0061, -0.006, -0.0069, -0.0007, -0.0177, 0.0216, -0.014, -0.0557, 0.0136, -0.0161, 0.0104]",0.0
2026-07-25_19-41-52.mp4,1,120.0,15.0,0.4,lips,0.0,0.0,0.0,0.0,0.0,0.4159,0.763,0.19,0.5277,0.0,0.0,,"[-0.0001, -0.0008, -0.0008, 0.0001, 0.0009, -0.0002, 0.0013, -0.0005, 0.0, -0.0, -0.0, -0.0003, -0.0005, 0.0003, 0.0002, 0.0017, -0.0001, -0.0001, 0.0003, 0.001, -0.002, -0.0001, -0.0, -0.0001, -0.0, 0.0, 0.0, -0.0, -0.0001, -0.0, -0.0, 0.0, 0.0, 0.0, -0.0, 0.0001, -0.0, -0.0, 0.0, 0.0, -0.0, 0.0, -0.0, 0.0, -0.0, -0.0, -0.0, -0.0, -0.0, -0.0, -0.0001, -0.0, -0.0, -0.0, 0.0, -0.0001, -0.0, -0.0, -0.0, 0.0005, 0.0, -0.0001, -0.0, -0.0, -0.0001, -0.0001, -0.0001, -0.0001, -0.0002, -0.0001, -0.0002, -0.0001, -0.0001, -0.0, -0.0001, 0.0001, 0.0006, 0.0003, 0.0006, 0.0004, -0.0, 0.0005, 0.0004, 0.0013, 0.0, -0.0001, -0.0003, -0.0009, -0.0007, -0.0009, -0.0003, -0.0005, -0.0001, -0.0001, -0.0, -0.0009, 0.0001, 0.0001, 0.0003, 0.0005, 0.0001, 0.0005, 0.0001, -0.0001, -0.0001, -0.0007, -0.0003, 0.0009, 0.0008, 0.0004, -0.0001, -0.0002, -0.0001, -0.0001, 0.0007, 0.0008, -0.0004, -0.0001, -0.0002]",0.0
2026-07-09_08-37-52.mp4,1,120.0,15.0,0.0,motion,0.0,0.0,0.0,0.0,0.0,0.2463,2.542,0.175,0.4152,0.22,0.0078,,"[-0.0, 0.0, 0.0001, 0.0, 0.0, 0.0, 0.0, -0.0, -0.0, -0.0, 0.0004, -0.0001, 0.0001, -0.0, -0.0001, 0.0, -0.0, -0.0002, -0.0, -0.0, -0.0, -0.0, -0.0, 0.0003, -0.0, -0.0, 0.0, -0.0, 0.0, 0.0, 0.0, 0.0, 0.0, 0.0, 0.0, 0.0, 0.0, -0.0003, 0.0, 0.0, 0.0, 0.0, 0.0, 0.0, 0.0, 0.0, 0.0, 0.0, 0.0, 0.0, -0.0, 0.0, 0.0, -0.0, -0.0, -0.0, 0.0, 0.0003, -0.0, -0.0003, 0.0001, -0.0001, 0.0001, -0.0, -0.0, 0.0, -0.0, -0.0, -0.0, 0.0, -0.0, 0.0, -0.0, -0.0001, -0.0, -0.0, -0.0, -0.0, 0.0002, -0.0001, -0.0004, 0.0003, -0.0001, 0.0004, 0.0, 0.0001, -0.0, 0.0001, -0.0, 0.0003, -0.0001, -0.0, -0.0, -0.0, -0.0, -0.0, -0.0, -0.0001, -0.0001, -0.0, -0.0001, -0.0, 0.0001, -0.0, -0.0, -0.0002, 0.0003, 0.0, 0.0, 0.0, 0.0, 0.0, 0.0001, 0.0, -0.0003, 0.0002, 0.0, -0.0001, -0.0]",0.0
2026-07-22_14-15-44.mp4,1,120.0,15.0,0.0,motion,0.0,0.0,0.0,0.0,0.0,0.6178,0.763,0.0,0.4395,99.0,0.0,,"[0.0013, 0.0, -0.0026, -0.0033, -0.0033, -0.0033, -0.0033, -0.0033, -0.0034, -0.0068, -0.0033, -0.0027, -0.0116, -0.0118, -0.0091, -0.0195, 0.0376, 0.0792, 0.0172, -0.0027, -0.0034, -0.0029, -0.0033, -0.0034, -0.0033, -0.0035, -0.0034, -0.0034, -0.0038, -0.004, -0.0042, -0.0047, -0.0033, -0.0007, 0.0, -0.0, 0.0, 0.0, 0.0, 0.0, 0.0, 0.0, 0.0, -0.0, 0.0, -0.0002, -0.0001, -0.0002, 0.0, 0.0001, 0.0, -0.0, 0.0003, 0.0, 0.0, 0.0, 0.0, -0.0, -0.0, 0.0, 0.0, 0.0, -0.0, -0.0, -0.0, -0.0, -0.0, -0.0, 0.0, 0.0, 0.0, 0.0, 0.0, -0.0, -0.0, -0.0, -0.0, -0.0, -0.0, 0.0, -0.0, -0.0, -0.0, 0.0, 0.0, 0.0, 0.0, 0.0, 0.0, 0.0, 0.0, 0.0, 0.0, 0.0, 0.0, -0.0, 0.0, 0.0, -0.0002, 0.0, -0.0, 0.0, 0.0, 0.0, 0.0001, 0.0, 0.0, -0.0, 0.0, -0.0, 0.0, 0.0, 0.0, 0.0001, -0.0, -0.0, -0.0, -0.0, -0.0]",0.0
2026-07-10_18-07-20.mp4,1,120.0,15.0,0.0,motion,0.0,0.0,0.0,0.0,0.0,0.2244,1.017,0.618,0.3034,0.046,0.0061,,"[0.0, 0.0, -0.0001, 0.0, -0.0002, 0.0001, 0.0001, -0.0, -0.0, -0.0, -0.0, -0.0, -0.0, 0.0001, -0.0001, 0.0, 0.0, 0.0, 0.0, 0.0, -0.0, -0.0, -0.0, -0.0001, 0.0, -0.0001, 0.0001, -0.0, 0.0, 0.0, 0.0, 0.0, 0.0001, -0.0, 0.0, 0.0, 0.0, 0.0, 0.0, -0.0, 0.0001, -0.0, 0.0, -0.0, -0.0, -0.0, -0.0, -0.0, -0.0, -0.0, 0.0001, -0.0, -0.0, 0.0, 0.0, 0.0, 0.0, -0.0001, 0.0, 0.0001, -0.0, 0.0, -0.0, -0.0, -0.0, -0.0, -0.0001, 0.0001, -0.0, -0.0001, -0.0, 0.0, -0.0, 0.0, -0.0001, -0.0, 0.0, 0.0, 0.0, 0.0, 0.0, 0.0001, -0.0001, 0.0, 0.0, -0.0, -0.0, -0.0, -0.0, -0.0, -0.0, -0.0, -0.0, 0.0003, 0.0, -0.0, -0.0, -0.0, -0.0, -0.0, -0.0, -0.0, -0.0, -0.0001, -0.0, -0.0, 0.0001, 0.0, -0.0001, 0.0, 0.0, 0.0002, 0.0, 0.0, 0.0001, 0.0001, -0.0001, 0.0, -0.0]",0.0
2026-07-02_17-44-44.mp4,1,120.0,15.0,0.0,motion,0.0,0.0,0.0,0.0,0.0,0.4169,1.017,0.465,0.2444,3.094,0.1466,,"[0.0002, -0.0002, -0.0005, 0.0001, -0.0002, 0.0001, -0.0002, -0.0001, -0.0001, -0.0001, -0.0001, -0.0001, -0.0001, -0.0001, 0.0001, -0.0, -0.0, -0.0, -0.0, -0.0, -0.0, -0.0, -0.0, -0.0, -0.0, -0.0, -0.0, -0.0, -0.0, -0.0, 0.0002, -0.0, 0.0001, -0.0, -0.0, -0.0, -0.0, -0.0, -0.0, -0.0, -0.0, -0.0, -0.0, -0.0, -0.0, 0.0, 0.0, 0.0, 0.0, 0.0, 0.0, 0.0, 0.0, 0.0, 0.0, 0.0, 0.0, 0.0, 0.0, -0.0002, -0.0003, 0.0001, -0.0, 0.0, 0.0, 0.0, 0.0, 0.0, 0.0002, 0.0, 0.0, 0.0, 0.0, 0.0, 0.0, 0.0, 0.0, 0.0, 0.0001, -0.0, -0.0, -0.0, -0.0, -0.0, -0.0, -0.0, -0.0, -0.0, -0.0, -0.0, -0.0008, -0.0001, -0.0, -0.0, -0.0, 0.001, 0.0, -0.0, -0.0, 0.0001, -0.0, -0.0, -0.0, -0.0002, -0.0, -0.0, -0.0, -0.0, -0.0, 0.0, -0.0, 0.0, 0.0, 0.0, 0.0, 0.0, 0.0, 0.0, 0.0]",0.0
2026-07-02_02-21-28.mp4,1,120.0,15.0,0.917,lips,0.6269,0.763,1.25,0.452,0.0278,0.4686,0.763,0.0,0.6369,0.0,0.0,"[0.031, 0.054, 0.047, 0.029, 0.007, 0.006, 0.005, 0.012, 0.015, 0.009, 0.008, 0.009, 0.01, 0.014, 0.016, 0.021, 0.022, 0.006, 0.006, 0.006, 0.009, 0.006, 0.005, 0.006, 0.004, 0.027, 0.032, 0.067, -1.0, 0.082, -1.0, 0.078, 0.07, 0.085, -1.0, 0.08, 0.097, 0.102, 0.057, 0.034, 0.019, 0.005, 0.034, -1.0, 0.091, 0.083, 0.09, 0.067, 0.066, -1.0, 0.087, 0.069, 0.068, -1.0, 0.072, 0.048, 0.055, 0.049, 0.024, 0.004, 0.012, 0.013, 0.014, 0.009, 0.008, 0.011, 0.007, 0.006, 0.006, 0.005, 0.006, 0.006, 0.006, 0.004, 0.004, 0.007, 0.012, 0.013, 0.021, 0.018, 0.011, 0.011, 0.003, 0.002, 0.003, 0.002, 0.009, 0.016, 0.019, 0.015, 0.012, 0.039, 0.037, 0.041, 0.041, 0.044, 0.048, 0.054, 0.051, 0.031, 0.031, 0.02, 0.024, 0.035, 0.025, 0.029, 0.014, 0.014, -1.0, 0.06, 0.072, 0.064, 0.063, -1.0, 0.073, 0.079, 0.068, 0.05, -1.0, -1.0]","[0.0, -0.0, -0.0001, -0.0, -0.0001, -0.0, -0.0, 0.0, 0.0, -0.0, 0.0, 0.0002, 0.0001, 0.0004, 0.0003, 0.0001, 0.0001, 0.0, -0.0007, 0.0001, 0.0001, 0.0001, -0.0005, 0.0, -0.0006, -0.0007, -0.0001, -0.0001, 0.0002, 0.0, 0.0001, 0.0001, 0.0001, 0.0001, 0.0001, 0.0001, 0.0, 0.0, 0.0, 0.0001, -0.0, 0.0001, 0.0, 0.0, -0.0001, -0.0, 0.0001, -0.0, -0.0, -0.0, 0.0, -0.0, -0.0, -0.0, -0.0, -0.0, -0.0, -0.0, -0.0001, -0.0001, -0.0001, -0.0001, -0.0001, -0.0001, -0.0001, 0.0001, 0.0002, -0.0001, 0.0001, -0.0001, -0.0001, -0.0001, 0.0009, 0.0, 0.0006, -0.0001, 0.0, 0.0003, -0.0, -0.0, 0.0006, 0.0002, -0.0001, 0.0, 0.0, 0.0, 0.0001, 0.0001, -0.0001, -0.0008, -0.0008, -0.0009, -0.0003, 0.0001, 0.0001, -0.0003, 0.0001, 0.0002, 0.0001, -0.0003, 0.0002, 0.0002, 0.0001, 0.0, 0.0001, 0.0002, -0.0, -0.0, -0.0, -0.0001, 0.0001, 0.0001, -0.0001, -0.0001, -0.0001, -0.0002, -0.0, -0.0, 0.0001]",0.0
2026-07-21_12-53-12.mp4,1,120.0,15.0,0.0,motion,0.0,0.0,0.0,0.0,0.0,0.2815,2.797,0.233,0.2759,1.072,0.0339,,"[-0.0, -0.0, -0.0, 0.0001, 0.0, -0.0, -0.0, -0.0, 0.0001, -0.0, -0.0004, -0.0, 0.0001, 0.0001, 0.0, -0.0, -0.0, -0.0, 0.0002, -0.0, -0.0001, -0.0, -0.0001, -0.0, 0.0, 0.0, -0.0, -0.0, -0.0001, -0.0001, 0.0002, -0.0, 0.0002, -0.0, -0.0001, -0.0, -0.0001, 0.0, 0.0001, -0.0001, -0.0002, -0.0, -0.0, 0.0002, -0.0, -0.0, 0.0002, -0.0001, -0.0001, -0.0, 0.0001, 0.0, -0.0002, -0.0002, 0.0, -0.0001, -0.0001, -0.0006, -0.0005, -0.0005, -0.0002, -0.0001, 0.0, -0.0007, 0.0002, -0.0007, 0.001, 0.0028, -0.0, -0.0003, -0.0002, -0.0005, 0.0075, -0.001, -0.002, -0.0003, -0.0004, -0.0004, -0.0003, -0.0003, -0.0003, -0.0003, -0.0003, -0.0002, -0.0002, -0.0001, -0.0002, -0.0002, 0.0001, -0.0, -0.0, 0.0004, -0.0, -0.0003, 0.0, 0.0, 0.0001, 0.0003, 0.0001, -0.0, -0.0, -0.0002, -0.0, 0.0001, -0.0002, 0.0004, -0.0, -0.0002, -0.0, -0.0, -0.0, -0.0, 0.0, -0.0001, -0.0, -0.0001, -0.0001, 0.0, 0.0]",0.0
2026-07-09_11-30-44.mp4,1,120.0,15.0,0.0,motion,0.0,0.0,0.0,0.0,0.0,0.2628,0.763,0.712,0.7073,0.009,0.0016,,"[0.0023, 0.0023, 0.0023, 0.0023, 0.003, 0.0023, 0.0023, 0.0027, -0.08, 0.01, 0.0046, 0.0049, 0.0049, 0.0049, 0.0049, 0.0049, 0.0049, 0.0049, 0.0049, 0.0049, 0.0047, 0.0029, -0.0084, 0.0302, -0.0009, -0.0877, -0.0099, -0.001, -0.0012, -0.001, -0.0013, -0.0012, -0.0013, -0.0013, 0.0003, 0.0046, 0.055, -0.0016, 0.035, -0.0074, -0.0015, -0.0067, 0.0062, -0.0003, -0.0136, 0.0039, -0.008, -0.0056, -0.006, -0.0011, -0.0057, -0.0097, 0.0071, 0.0412, -0.0125, -0.0222, 0.0713, -0.0114, -0.0129, 0.0068, -0.004, -0.0074, -0.0103, -0.009, -0.0074, -0.0046, -0.0112, -0.0054, -0.0024, 0.0015, -0.0013, -0.003, -0.0099, 0.0011, -0.002, 0.0031, 0.0548, -0.0149, -0.0045, -0.0022, -0.0035, -0.0045, -0.0031, -0.0051, -0.0026, -0.0034, -0.0078, 0.0073, -0.0007, 0.0059, 0.0135, 0.0259, -0.0058, -0.002, 0.0059, -0.002, -0.0027, -0.0027, 0.002, -0.0025, -0.0023, -0.0031, -0.0022, -0.0018, 0.0039, -0.0012, -0.0003, 0.0002, 0.0, 0.0001, 0.0003, 0.0003, -0.0002, -0.0064, -0.0024, -0.0084, 0.0023, -0.0042, 0.0006]",0.0
2026-07-21_08-28-51.mp4,1,29.0,15.0,0.0,motion,0.0,0.0,0.0,0.0,0.0,0.2399,1.071,0.0,0.2858,0.0,0.0,,"[-0.0001, 0.0002, 0.0, 0.0004, 0.0, -0.0002, -0.0, -0.0, -0.0, -0.0, -0.0, -0.0001, -0.0, -0.0, -0.0002, 0.0, -0.0, -0.0, -0.0, -0.0, -0.0002, 0.0019, 0.0, 0.0, 0.0, 0.0, 0.0001, -0.0001]",0.0
2026-07-03_20-17-06.mp4,1,120.0,15.0,0.0,motion,0.0,0.0,0.0,0.0,0.0,0.25,0.763,0.448,0.2801,0.039,0.0042,,"[-0.001, 0.0006, 0.0041, 0.0021, 0.0001, -0.0004, -0.0, -0.0001, 0.0015, -0.0003, -0.0003, -0.0005, 0.002, 0.0012, 0.0018, -0.0044, 0.0037, -0.0007, -0.0006, -0.0005, 0.0006, -0.0013, 0.0011, -0.0005, 0.0007, 0.0007, 0.0012, -0.0004, 0.0004, -0.0003, -0.0003, 0.0002, 0.0005, 0.0004, 0.0006, 0.0005, 0.0008, 0.001, 0.0014, 0.001, -0.0031, 0.0016, 0.0004, 0.0007, 0.0, 0.0017, -0.0008, -0.0202, 0.0039, -0.0018, 0.0005, -0.0017, 0.0016, 0.0006, 0.0009, 0.0014, -0.001, 0.0012, 0.0036, -0.0003, -0.0005, 0.0029, 0.0005, -0.0002, -0.0001, -0.0006, -0.0011, 0.0, 0.0001, 0.0002, 0.0001, -0.0003, 0.0076, -0.0003, -0.0014, 0.0001, 0.0001, 0.0004, -0.0002, 0.0002, 0.0002, -0.0085, 0.0002, -0.0005, 0.0001, 0.0001, 0.0001, 0.0004, 0.0004, 0.0004, 0.0003, 0.0003, 0.0003, 0.0003, 0.0003, 0.0003, 0.0003, 0.0, 0.0, 0.0, 0.0, -0.001, 0.0, 0.0, 0.0, -0.0, 0.0, 0.0, 0.0001, -0.0, -0.0, 0.0001, 0.0007, -0.0004, -0.0, -0.0002, -0.0, -0.0001, 0.0001]",0.0
2026-07-05_13-26-55.mp4,1,120.0,15.0,0.0,motion,0.0,0.0,0.0,0.0,0.0,0.2557,0.763,0.33,0.264,0.034,0.0027,,"[-0.0006, 0.0035, 0.0074, -0.0006, 0.0236, -0.0562, 0.0009, 0.0007, -0.0001, 0.0351, 0.0, -0.0005, -0.0005, -0.0006, -0.0006, -0.0006, -0.0006, -0.0005, -0.0002, -0.0002, -0.0141, -0.0013, -0.0007, -0.0013, -0.0013, -0.0001, 0.0116, -0.0001, 0.005, -0.0001, -0.0001, -0.0001, -0.0001, -0.0001, -0.0001, -0.0001, -0.0006, -0.0006, -0.0005, -0.0005, -0.0005, -0.0006, 0.0003, 0.0, 0.0001, 0.0001, 0.0001, 0.0001, 0.0001, 0.0001, 0.0001, 0.0001, 0.0002, 0.0002, 0.0002, 0.0002, 0.0031, -0.0158, 0.0069, 0.0031, 0.0002, 0.0002, 0.0002, 0.0002, 0.0002, 0.0002, 0.0002, -0.0019, 0.0002, 0.0002, 0.0002, 0.0002, 0.0003, -0.0002, -0.0, 0.0001, 0.0001, 0.0001, 0.0001, 0.0001, 0.0001, 0.0001, 0.0001, 0.0, 0.0, 0.0, 0.0, 0.0, -0.0, 0.0, 0.0002, 0.0002, 0.0002, 0.0002, 0.0002, 0.0004, 0.0, 0.0, 0.0, 0.0, 0.0, 0.0, 0.0, 0.0, 0.0, -0.0066, 0.0, 0.0, 0.0003, 0.0005, -0.006, 0.0108, 0.0, 0.0, 0.0, 0.0, 0.0, 0.0, 0.0]",0.0
2026-07-05_17-33-48.mp4,1,120.0,15.0,0.0,motion,0.0,0.0,0.0,0.0,0.0,0.2837,0.763,0.6,0.2956,37.431,0.1658,,"[-0.0, -0.0, -0.0, 0.0001, 0.0, -0.0, 0.0001, 0.0, 0.0, 0.0, 0.0, -0.0, 0.0, -0.0, -0.0, -0.0, -0.0, -0.0, -0.0, -0.0, -0.0, -0.0, 0.0, 0.0, 0.0, -0.0, 0.0, -0.0, 0.0, -0.0, -0.0, -0.0, 0.0, 0.0001, -0.0, -0.0, -0.0, -0.0, -0.0, -0.0001, 0.0, -0.0, 0.0, -0.0, -0.0, -0.0, -0.0, -0.0, -0.0, 0.0, 0.0, 0.0, -0.0, 0.0, 0.0, 0.0, 0.0, -0.0, 0.0, -0.0, 0.0, -0.0, -0.0, -0.0, -0.0, -0.0, -0.0, 0.0001, 0.0001, 0.0001, 0.0001, 0.0001, 0.0001, 0.0001, 0.0001, 0.0001, 0.0001, 0.0001, 0.0001, 0.0002, -0.0, 0.0007, -0.0034, 0.0, 0.0, -0.0001, -0.0006, -0.0001, 0.0001, 0.0001, 0.0001, 0.0001, 0.0002, 0.0003, 0.0007, 0.0024, -0.0011, 0.0002, 0.0001, -0.0017, -0.0002, 0.0006, 0.0001, 0.0, 0.0004, -0.0001, -0.0002, 0.0, 0.0, -0.0001, -0.0001, -0.0, -0.0002, 0.0001, 0.0, -0.0, 0.0001, -0.0001, 0.0]",0.0
2026-07-02_00-45-25.mp4,1,120.0,15.0,0.0,motion,0.0,0.0,0.0,0.0,0.0,0.409,2.542,0.0,0.1413,15.501,0.0,,"[-0.0001, 0.0, 0.0, 0.0002, 0.0, -0.0, 0.0, 0.0, 0.0, 0.0, -0.0, 0.0003, 0.0001, -0.0, -0.0, -0.0, -0.0, -0.0, -0.0, -0.0, 0.0, -0.0, -0.0, 0.0001, -0.0, -0.0, 0.0, 0.0001, 0.0001, -0.0, 0.0, -0.0, 0.0003, -0.0001, -0.0, -0.0, -0.0, 0.0, -0.0, 0.0001, -0.0, -0.0, 0.0, 0.0, 0.0, 0.0, 0.0, 0.0, 0.0, 0.0001, 0.0, 0.0, 0.0, 0.0, 0.0004, 0.0, 0.0, -0.0013, -0.0, -0.0, 0.0, 0.0001, 0.0001, 0.0, 0.0, 0.0, 0.0, 0.0, 0.0, 0.0, 0.0, 0.0, 0.0, -0.0, -0.0, -0.0, -0.0, -0.0, 0.0, 0.0, 0.0, -0.0, 0.0, 0.0, 0.0, -0.0, 0.0, 0.0, 0.0, -0.0, 0.0, 0.0, -0.0, 0.0, 0.0, 0.0, 0.0, 0.0, 0.0, 0.0, 0.0, 0.0, 0.0, 0.0, 0.0, 0.0, 0.0, 0.0001, -0.0001, 0.0, 0.0, 0.0, 0.0, -0.0001, 0.0, 0.0, 0.0, 0.0, -0.0]",0.0
2026-06-30_22-30-31.mp4,1,120.0,15.0,0.0,motion,0.0,0.0,0.0,0.0,0.0,0.3239,0.763,0.0,0.163,0.007,0.0,,"[0.0001, -0.0012, 0.0003, -0.0001, -0.0001, -0.0001, -0.0, -0.0, -0.0, -0.0, -0.0, -0.0, -0.0, 0.0, 0.0, 0.0, 0.0, -0.0, -0.0, -0.0, -0.0, -0.0, -0.0, -0.0, -0.0, -0.0, -0.0, -0.0, -0.0, -0.0, -0.0, -0.0, -0.0, -0.0, -0.0, -0.0, -0.0, -0.0, -0.0, -0.0, -0.0, -0.0, -0.0, -0.0, 0.0, 0.0, 0.0, 0.0, 0.0, 0.0, 0.0, 0.0, 0.0, 0.0, 0.0, 0.0, 0.0, 0.0, 0.0, -0.0006, 0.0, 0.0, 0.0, 0.0, 0.0, 0.0, 0.0, 0.0, 0.0, 0.0, 0.0, 0.0, 0.0, 0.0, 0.0, -0.0, -0.0, -0.0, -0.0, -0.0, -0.0, -0.0, -0.0, -0.0, -0.0, -0.0, -0.0, -0.0, -0.0, -0.0, -0.0, -0.0, -0.0, -0.0, -0.0, -0.0, -0.0, -0.0, -0.0, -0.0, -0.0, -0.0, -0.0, -0.0, -0.0, -0.0, -0.0, -0.0, -0.0, -0.0, -0.0, -0.0, -0.0, -0.0, -0.0, -0.0, -0.0, -0.0, -0.0]",0.0
2026-07-01_02-51-58.mp4,1,120.0,15.0,0.008,motion,0.0,0.0,0.0,0.0,0.0,0.274,0.763,0.0,0.2676,99.0,0.0,,"[-0.0489, 0.0485, 0.0077, 0.0457, 0.0423, 0.039, 0.0359, 0.0325, 0.0291, 0.0216, 0.0224, 0.019, 0.0156, 0.009, 0.009, 0.0056, 0.0023, 0.0022, -0.0048, 0.0009, 0.0009, -0.0071, 0.0009, 0.0009, 0.0009, 0.0008, 0.0008, 0.0008, -0.0031, 0.0007, 0.0007, -0.0021, 0.0007, 0.0007, 0.0005, 0.0007, 0.0007, 0.0004, 0.0004, 0.0004, 0.0004, 0.0005, 0.0041, 0.0208, 0.02, 0.0254, 0.0257, 0.0257, 0.0257, 0.0233, 0.0226, 0.0254, 0.0259, 0.0256, 0.0256, 0.0102, 0.0008, -0.1106, -0.5202, -0.0002, -0.2024, -0.0447, -0.0387, -0.0438, -0.0437, -0.0519, -0.044, -0.0441, -0.0315, -0.0443, 0.4325, 0.1663, -0.0287, 0.1313, 0.4982, 0.3346, -0.0732, -0.0047, 0.1394, -0.0756, -0.0729, -0.0714, -0.0706, -0.0754, -0.067, -0.0487, 0.17, -0.2041, -0.0309, -0.0455, -0.0277, -0.0122, -0.0133, -0.0108, -0.0041, -0.0039, -0.0041, -0.004, -0.0039, -0.0039, -0.0038, -0.0032, 0.0045, -0.0006, -0.0, -0.0001, 0.0, -0.0001, -0.0002, 0.0007, -0.0, -0.0, 0.0003, -0.0, -0.0002, -0.0, -0.0, -0.0, -0.0]",0.0
2026-07-06_17-44-18.mp4,1,120.0,15.0,0.008,motion,0.0,0.0,0.0,0.0,0.0,0.4128,1.525,0.444,0.3376,1.348,0.1052,,"[-0.0, 0.0001, -0.0011, -0.0006, 0.0002, 0.0002, 0.0002, 0.0001, 0.0001, 0.0001, 0.0002, 0.0001, 0.0001, 0.0001, 0.0001, 0.0001, 0.0001, 0.0001, 0.0001, -0.0003, 0.0, 0.0002, 0.0, 0.0, 0.0, -0.0007, 0.0, 0.0, 0.0, 0.0, 0.0, 0.0, 0.0002, -0.0001, -0.0004, 0.0, 0.0, 0.0002, 0.0001, 0.0001, 0.0, 0.0, -0.0, 0.0001, -0.0002, 0.0004, -0.0001, 0.0001, 0.0001, 0.0001, -0.0005, -0.0, -0.0008, -0.0001, 0.0011, -0.0013, 0.0001, 0.0004, -0.0002, -0.0004, -0.0003, -0.0017, -0.0006, -0.0009, 0.0012, -0.0011, 0.0011, 0.004, -0.0002, 0.006, -0.0002, 0.0004, -0.0081, -0.0021, 0.0052, -0.0, -0.0, -0.0008, 0.0001, -0.0003, -0.0003, -0.0003, 0.0002, -0.0001, -0.0001, 0.0001, 0.0006, 0.0002, -0.0001, -0.0005, -0.0001, 0.0, 0.0002, -0.0003, -0.0001, 0.0003, 0.0001, 0.0001, -0.0003, 0.0003, -0.0008, 0.0001, 0.0006, 0.0005, 0.0002, 0.0002, 0.0002, 0.0001, 0.0003, -0.0001, -0.002, 0.0007, -0.0002, 0.0004, 0.0, 0.0002, 0.0015, 0.0009, -0.0004]",0.0
2026-07-03_12-59-19.mp4,1,120.0,15.0,0.0,motion,0.0,0.0,0.0,0.0,0.0,0.3839,2.542,0.691,0.3395,0.003,0.0009,,"[0.0246, 0.033, -0.0112, -0.0261, -0.0262, -0.0225, -0.0208, -0.0179, -0.0171, -0.0153, -0.0135, -0.0117, -0.0099, -0.008, -0.0062, -0.0044, -0.0026, -0.0006, -0.0, 0.0025, -0.0001, -0.0001, -0.0001, 0.0002, 0.0002, 0.0002, 0.0001, 0.0001, -0.0015, 0.0001, 0.0001, 0.0015, 0.0002, 0.0002, 0.0001, 0.0002, -0.001, 0.0001, -0.0065, 0.0002, 0.0002, 0.0033, 0.0002, 0.0002, 0.0002, -0.0012, -0.0025, 0.0003, 0.0003, 0.0031, 0.0012, 0.0003, 0.0002, 0.0001, -0.0, -0.0, 0.0, 0.0, 0.0004, -0.0014, -0.0001, -0.0028, -0.0016, 0.0001, -0.0002, -0.0003, 0.0014, 0.0022, -0.0001, -0.0015, -0.0001, -0.0006, 0.0021, 0.0031, 0.0001, 0.0001, 0.0003, 0.0012, 0.0004, -0.0001, -0.0005, -0.0005, -0.0012, -0.0005, -0.0005, 0.0001, 0.0, -0.0058, 0.0003, 0.0002, 0.0, 0.0007, 0.0002, 0.0002, 0.0002, 0.0001, 0.017, 0.0002, 0.0002, 0.0002, -0.019, 0.0002, 0.0002, -0.0, 0.0, 0.0019, -0.0, 0.0, 0.0, 0.0, 0.0, -0.0009, 0.0006, 0.0012, 0.0006, -0.0009, 0.0021, -0.0001, -0.0001]",0.0
2026-07-21_01-03-02.mp4,1,120.0,15.0,0.0,motion,0.0,0.0,0.0,0.0,0.0,0.2346,2.797,0.0,0.3252,0.016,0.0,,"[-0.003, 0.0032, 0.0, 0.0028, 0.0026, 0.0024, 0.0022, 0.002, 0.0018, 0.0016, 0.0013, 0.0011, 0.0009, 0.0007, 0.0006, 0.0003, 0.0001, 0.0001, -0.0, -0.0, -0.0, -0.0, -0.0, -0.0, -0.0, -0.0, -0.0, -0.0, -0.0, -0.0, 0.0, 0.0, 0.0, 0.0, 0.0, 0.0, 0.0, 0.0, 0.0, 0.0, 0.0001, 0.0001, 0.0001, 0.0001, -0.0003, 0.0021, 0.002, 0.002, 0.002, 0.002, 0.002, 0.002, 0.0006, 0.002, 0.002, 0.0004, 0.002, 0.002, 0.002, 0.0135, -0.0713, 0.0042, 0.0024, 0.002, 0.002, 0.002, 0.002, 0.0019, 0.0014, 0.002, 0.002, 0.0019, 0.0019, 0.0019, 0.0019, 0.0023, -0.0001, 0.0003, 0.0, 0.0, 0.0, 0.0, 0.0, 0.0, -0.0, -0.0, -0.0, -0.0, -0.0, -0.0, -0.0, -0.0, -0.0, 0.0, 0.0, 0.0, 0.0, 0.0, 0.0, 0.0, 0.0, 0.0, 0.0, 0.0, 0.0, 0.0, 0.0, 0.0, 0.0, 0.0, 0.0, 0.0, 0.0, 0.0, 0.0, 0.0, 0.0, 0.0, 0.0]",0.0
2026-07-09_05-14-36.mp4,1,54.0,15.0,0.0,motion,0.0,0.0,0.0,0.0,0.0,0.1971,1.698,0.0,0.649,2.037,0.0,,"[-0.0, -0.0, 0.0, 0.0, 0.0, 0.0, 0.0, 0.0, 0.0, 0.0, 0.0, 0.0, 0.0, 0.0, 0.0, 0.0, 0.0, -0.0, -0.0, -0.0, -0.0, -0.0, 0.0, 0.0, 0.0, 0.0, 0.0, 0.0, 0.0, 0.0, 0.0, 0.0, 0.0, 0.0, 0.0, 0.0, 0.0, -0.0004, 0.0002, 0.0, 0.0, 0.0001, 0.0, 0.0, 0.0, 0.0, 0.0, 0.0, 0.0, 0.0, 0.0, 0.0, 0.0]",0.0
2026-07-21_15-42-29.mp4,1,120.0,15.0,0.0,motion,0.0,0.0,0.0,0.0,0.0,0.4189,2.542,0.055,0.2566,17.515,0.0216,,"[0.0, -0.0, -0.0, -0.0, -0.0001, -0.0, -0.0, -0.0, -0.0, 0.0002, -0.0, -0.0, -0.0, -0.0, 0.0, -0.0, -0.0, -0.0, -0.0, -0.0, 0.0001, -0.0, -0.0, -0.0, -0.0, -0.0, 0.0001, 0.0, 0.0, 0.0, -0.0, -0.0, -0.0, -0.0, -0.0, 0.0, 0.0, 0.0, 0.0, 0.0, 0.0, 0.0, -0.0001, 0.0, 0.0, 0.0001, 0.0, 0.0, 0.0, 0.0, -0.0001, 0.0, 0.0, -0.0001, 0.0, 0.0, -0.0, 0.0001, 0.0001, -0.0008, 0.0, 0.0, 0.0001, 0.0003, 0.0001, 0.0, -0.0001, 0.0, 0.0001, 0.0, -0.0, 0.0, 0.0, 0.0, 0.0, -0.0, -0.0, -0.0, -0.0, -0.0, -0.0, 0.0, -0.0, -0.0, 0.0, 0.0, -0.0, -0.0, -0.0, -0.0, -0.0, -0.0, -0.0, -0.0, -0.0, -0.0, -0.0, -0.0, -0.0, -0.0, -0.0, -0.0, -0.0, -0.0, -0.0, -0.0, -0.0, -0.0, -0.0, 0.0, 0.0005, -0.0, -0.0002, -0.0, -0.0, 0.0, -0.0, -0.0, -0.0]",0.0
2026-07-02_08-42-30.mp4,1,120.0,15.0,0.0,motion,0.0,0.0,0.0,0.0,0.0,0.2776,0.763,0.341,0.3441,5.525,0.0801,,"[0.178, 0.0322, 0.2479, 0.751, -0.0472, -0.0099, -1.2082, 0.0668, 0.4774, 0.3204, -0.4633, 0.1066, -2.112, 0.2174, 0.1093, -0.3048, -0.5276, -0.3804, 0.1816, -0.0005, -0.1769, 0.0217, -0.0135, -0.0227, 0.0053, 0.3393, 0.5536, 0.7077, 0.0536, -0.0585, 0.4119, 0.3751, -0.0488, 1.1858, -0.105, -0.1128, -0.1367, -0.1452, -0.3473, -0.1026, -0.1739, -0.8451, -0.0716, -0.0559, -0.0429, 0.0712, -0.0299, -0.0261, -0.0146, 0.2769, 0.0239, 0.0192, 0.014, 0.0239, 0.006, -0.0037, 0.0218, -0.0185, -0.0192, -0.1371, 0.0492, -0.0024, 0.1524, -0.0099, -0.0237, -0.0609, 0.1291, -0.2164, 0.0007, 0.3135, -0.0022, -0.0031, -0.0594, -0.0023, -0.0108, -0.0247, -0.1715, -0.0375, -0.0215, -0.0117, -0.0032, 0.0454, -0.1291, -0.0081, -0.0045, 0.096, 0.0216, 0.0016, 0.3877, 0.0003, 0.0005, 0.0003, 0.0001, -0.0001, -0.0054, -0.2856, -0.0056, -0.0037, 0.0088, -0.007, -0.0075, -0.0045, -0.0039, 0.0029, 0.0222, 0.029, 0.0362, 0.0426, 0.0471, 0.0565, 0.0597, 0.0633, 0.0595, 0.0574, 0.0814, 0.1079, 0.0955, 0.1023, -0.1017]",0.0
2026-07-26_02-25-00.mp4,1,120.0,15.0,0.0,motion,0.0,0.0,0.0,0.0,0.0,0.298,0.763,0.516,0.3273,0.303,0.0358,,"[0.0156, -0.0139, -0.0131, -0.0119, -0.0109, -0.0099, -0.009, -0.0339, -0.007, -0.006, -0.005, -0.0041, -0.0031, -0.0023, -0.0011, -0.0001, 0.0008, 0.0008, 0.0008, 0.0008, 0.0008, 0.0008, 0.0008, 0.0, 0.0, 0.0002, 0.0, 0.0002, 0.0002, 0.0002, 0.0002, 0.0002, 0.0002, 0.0002, 0.0002, 0.0002, 0.0002, 0.0002, 0.0002, 0.0002, 0.0002, 0.0002, -0.0058, 0.0002, 0.0001, 0.0001, 0.0001, 0.0001, 0.0001, 0.0001, 0.0001, 0.0001, 0.0001, 0.0001, 0.0001, 0.0001, 0.0001, 0.0001, -0.0001, 0.002, -0.0001, -0.0001, -0.0001, -0.0001, -0.0001, -0.0001, -0.0001, -0.0004, -0.0001, -0.0001, -0.0001, -0.0001, -0.0001, -0.0001, -0.0001, 0.0, 0.0, 0.0, 0.0, 0.0, 0.0, 0.0, 0.0, 0.0, 0.0, 0.0, -0.0011, -0.0011, -0.0011, -0.0011, -0.0011, -0.0011, -0.0011, -0.0011, -0.0013, -0.0011, -0.0011, -0.0011, -0.0011, -0.0011, -0.0011, 0.0337, -0.0011, -0.0011, -0.0011, -0.0011, -0.0011, -0.0011, -0.0011, -0.0011, -0.0011, -0.0011, -0.0011, -0.0011, -0.0011, -0.0011, -0.0011, -0.0, -0.0]",0.0
2026-07-02_17-42-44.mp4,1,120.0,15.0,0.0,motion,0.0,0.0,0.0,0.0,0.0,0.3477,1.78,0.636,0.2389,0.117,0.0231,,"[-0.0009, -0.0002, -0.0001, -0.0002, -0.0004, -0.0021, -0.0005, -0.0003, -0.0003, -0.0004, -0.0005, -0.0019, -0.0064, 0.0094, 0.0049, 0.0086, -0.0014, -0.0023, -0.0029, -0.0035, -0.0047, 0.001, -0.0007, -0.0005, -0.0017, -0.0011, -0.0045, -0.0043, -0.0019, -0.0011, -0.0072, 0.025, 0.0404, -0.0019, -0.0001, -0.0014, -0.0043, -0.0153, 0.0011, -0.0004, -0.0009, -0.0007, 0.0001, -0.0014, 0.0012, -0.0023, -0.0069, 0.0, 0.0019, 0.0019, -0.0006, 0.0011, -0.009, 0.0059, 0.0003, 0.0007, 0.0012, 0.0012, 0.0017, -0.0007, 0.0068, -0.0118, -0.0056, -0.0145, 0.001, 0.0009, 0.0008, 0.0008, -0.0039, 0.0063, 0.0009, 0.0027, -0.0003, -0.0035, 0.0022, 0.0034, 0.0083, 0.0081, 0.0007, 0.0007, 0.001, 0.003, 0.0008, 0.0008, 0.0015, -0.0096, -0.0076, -0.0064, 0.0192, 0.0299, -0.0466, 0.001, -0.004, -0.0254, 0.0127, 0.0011, 0.0009, 0.0009, 0.001, 0.001, 0.001, 0.001, 0.0017, 0.0036, 0.0018, 0.0053, 0.0047, 0.0007, 0.0006, -0.0003, 0.0002, 0.0002, 0.0001, 0.0003, 0.0002, -0.0, -0.0007, 0.0, -0.0012]",0.0
2026-07-05_05-56-29.mp4,1,120.0,15.0,0.0,motion,0.0,0.0,0.0,0.0,0.0,0.314,2.797,0.494,0.2293,1.836,0.1005,,"[0.0005, 0.0005, -0.0046, -0.0165, 0.0055, 0.0006, 0.0006, 0.0005, 0.0006, 0.0005, 0.0006, 0.0008, 0.0006, 0.0005, 0.0006, 0.0006, 0.0006, 0.0006, 0.0005, -0.0001, -0.0005, -0.0, 0.0001, 0.0001, 0.0008, -0.0002, -0.002, 0.0002, 0.0002, 0.0002, 0.0003, 0.0002, 0.0002, 0.0002, 0.0003, 0.0003, 0.0002, 0.0002, 0.0002, 0.0002, -0.0018, -0.0001, -0.0007, 0.0003, 0.0001, 0.0004, 0.0005, 0.0005, -0.0016, -0.0, 0.0005, 0.0005, 0.0022, 0.0006, 0.0005, 0.0006, 0.0005, 0.0005, 0.0006, 0.002, -0.012, -0.0002, 0.0005, 0.0005, 0.0005, 0.0004, 0.0004, 0.0004, 0.0005, 0.0005, -0.0015, 0.0005, 0.0005, 0.0005, -0.0012, 0.0005, 0.0001, 0.0001, 0.0001, 0.0001, 0.0001, 0.0001, 0.0001, 0.0001, 0.0001, 0.0001, 0.0001, 0.0001, 0.0001, 0.0001, 0.0, 0.0, 0.0, 0.0, 0.0, 0.0, 0.0, 0.0, 0.0, 0.0, 0.0, 0.0, 0.0, 0.0, 0.0, 0.0, -0.0012, 0.0, 0.0, 0.0, 0.0, 0.0, 0.0, 0.0, 0.0, 0.0, 0.0, 0.0, 0.0]",0.0
2026-07-12_02-41-54.mp4,1,120.0,15.0,0.067,motion,0.0,0.0,0.0,0.0,0.0,0.4698,1.017,0.6,0.2875,17.138,0.2663,,"[-0.0, -0.0, -0.0, -0.0, -0.0, -0.0, -0.0, -0.0, -0.0, -0.0, -0.0, -0.0, -0.0, -0.0, -0.0, -0.0, -0.0, -0.0, -0.0, -0.0, -0.0, -0.0, -0.0, -0.0, -0.0, -0.0, -0.0, -0.0, -0.0, -0.0, -0.0, -0.0, -0.0, -0.0, -0.0, -0.0, -0.0, -0.0, -0.0, -0.0, -0.0, 0.0, 0.0001, 0.0001, 0.0002, 0.0002, 0.0002, 0.0002, 0.0002, 0.0002, 0.0002, 0.0002, 0.0002, 0.0002, 0.0002, 0.0002, -0.0004, -0.0029, 0.0001, -0.0014, -0.0001, 0.0003, 0.0003, 0.0002, 0.0003, 0.0002, 0.0003, 0.0005, 0.0001, 0.0002, 0.0004, 0.0001, 0.001, 0.0003, 0.0005, 0.0059, -0.008, 0.0004, 0.0005, 0.0005, -0.0009, -0.0054, -0.008, -0.0094, -0.0127, -0.0226, -0.022, -0.0184, -0.0163, -0.0054, -0.0219, -0.0372, -0.0039, -0.0112, -0.0314, 0.0459, 0.1094, 0.0857, 0.0316, 0.0915, 0.2988, -0.0041, -0.1136, -0.0618, -0.0255, -0.1023, -0.0151, 0.0222, 0.0919, 0.0688, 0.0638, 0.0684, 0.0537, -0.0806, -0.0775, 0.0243, 0.0361, 0.0547, -0.0577]",0.0
2026-07-09_10-43-21.mp4,1,120.0,15.0,0.0,motion,0.0,0.0,0.0,0.0,0.0,0.2647,1.78,0.365,0.2272,0.78,0.0423,,"[0.0, 0.0, 0.0001, -0.0, 0.0, 0.0, -0.0, -0.0, 0.0001, -0.0001, -0.0001, 0.0, 0.0001, 0.0, 0.0, -0.0001, 0.0, -0.0001, 0.0001, -0.0001, 0.0001, -0.0, -0.0001, -0.0, -0.0, -0.0001, -0.0001, -0.0002, 0.0002, -0.0001, 0.0, 0.0, -0.0, -0.0001, -0.0, -0.0001, 0.0001, 0.0004, 0.0003, 0.0001, -0.0, -0.0, -0.0002, 0.0005, 0.0001, 0.0, 0.0002, -0.0004, 0.0001, -0.0004, -0.0, 0.0, 0.0001, -0.0, -0.0, -0.0001, -0.0, 0.0002, -0.0002, 0.0, -0.0004, 0.0001, -0.0001, -0.0001, -0.0001, -0.0, 0.0001, -0.0003, 0.0, 0.0001, 0.002, -0.0009, -0.0001, -0.0001, -0.0, 0.0001, 0.0001, -0.0002, 0.0001, 0.0002, -0.0, 0.0001, 0.0003, -0.0002, 0.0007, -0.0004, 0.0001, -0.0007, 0.0001, 0.0002, -0.0001, 0.0002, 0.0001, 0.0003, -0.0007, -0.0013, 0.0002, 0.0001, 0.0001, 0.0001, 0.0001, 0.0001, 0.0001, 0.0001, 0.0001, -0.0007, 0.0001, 0.0001, -0.0003, 0.0002, 0.0001, 0.0001, 0.0001, 0.0001, 0.0002, 0.0001, 0.0006, -0.0005, -0.0]",0.0
2026-07-23_13-04-07.mp4,1,120.0,15.0,0.0,motion,0.0,0.0,0.0,0.0,0.0,0.1534,0.763,0.556,0.4253,2.446,0.0605,,"[-0.0112, 0.0081, -0.0091, 0.0108, 0.0112, 0.0098, 0.0087, 0.0083, 0.007, 0.0067, 0.0055, 0.0044, 0.003, 0.0036, 0.0023, 0.0019, 0.0007, 0.0008, 0.0051, -0.0022, -0.0002, -0.0002, -0.0002, -0.0003, -0.0001, 0.0002, -0.0003, -0.0005, 0.0, -0.0002, -0.0002, -0.0001, 0.0002, -0.0001, 0.0001, 0.0001, -0.0, -0.0, -0.0, -0.0, -0.0, -0.0, 0.0002, 0.0001, 0.0001, 0.0001, 0.0001, 0.0001, 0.0001, 0.0001, 0.0001, 0.0002, 0.0002, 0.0001, 0.0001, 0.0002, 0.0002, -0.0051, 0.0002, 0.0007, 0.0002, 0.0002, 0.0002, 0.0002, 0.0002, 0.0002, 0.0002, 0.0002, 0.0016, -0.0012, -0.0001, 0.0002, 0.0002, -0.0, -0.0, 0.0, 0.0, 0.0, 0.0, 0.0, 0.0, 0.0, 0.0, 0.0, 0.0001, 0.0, -0.0, -0.0, -0.0, -0.0, -0.0, -0.0, -0.0, -0.0, -0.0, -0.0, -0.0, -0.0, -0.0, -0.0, -0.0, -0.0, -0.0, 0.0002, 0.0003, 0.0005, 0.0006, 0.0008, 0.001, 0.0011, 0.0013, 0.0014, 0.0016, 0.0017, 0.0019, 0.0021, 0.0022, 0.0024, -0.0024]",0.0
2026-07-11_23-34-12.mp4,1,120.0,15.0,0.0,motion,0.0,0.0,0.0,0.0,0.0,0.2574,1.525,0.672,0.3927,0.29,0.0389,,"[0.0, -0.0, 0.0, 0.0, 0.0001, 0.0, 0.0001, 0.0001, 0.0001, 0.0001, -0.0001, -0.0008, 0.0001, 0.0, -0.0, 0.0001, 0.0001, -0.0, 0.0006, -0.0004, 0.0001, -0.0004, -0.0002, 0.0001, 0.0, 0.0001, 0.0, 0.0, 0.0, 0.0, 0.0, -0.001, 0.0003, 0.0, 0.0, -0.0, 0.0009, -0.0, -0.0002, 0.0, -0.0, -0.0, -0.0, -0.0003, 0.0002, 0.0, -0.0001, 0.0003, -0.0002, 0.0005, -0.0, 0.0001, 0.0, -0.0001, -0.0001, 0.0002, -0.0001, -0.0, -0.0, -0.0001, -0.0, -0.0, -0.0, -0.0, -0.0, -0.0, -0.0, 0.0, 0.0, 0.0, 0.0, 0.0, 0.0, -0.0001, 0.0, 0.0, 0.0, 0.0, -0.0001, 0.0001, -0.0002, -0.0, -0.0, -0.0, -0.0, 0.0, -0.0, -0.0, -0.0, -0.0, -0.0, -0.0, 0.0003, 0.0001, -0.0001, -0.0001, -0.0, -0.0, -0.0, -0.0001, 0.0001, 0.0003, -0.0, -0.0, -0.0, -0.0, -0.0, 0.0, 0.0, 0.0003, -0.0005, 0.0, 0.0, 0.0001, 0.0001, 0.0001, 0.0001, 0.0004, -0.0001]",0.0
2026-07-05_11-41-09.mp4,1,120.0,15.0,0.008,motion,0.0,0.0,0.0,0.0,0.0,0.4646,0.763,0.651,0.3645,0.001,0.0003,,"[-0.0034, 0.0012, 0.0087, 0.0026, 0.0024, 0.0022, 0.002, 0.0018, 0.0016, 0.0014, 0.0011, 0.0009, 0.001, 0.0005, 0.0003, 0.0001, -0.0001, -0.0002, -0.0, -0.0, -0.0, -0.0, -0.0, -0.0, -0.0, -0.0, -0.0, -0.0, -0.0, -0.0, -0.0, -0.0, -0.0, -0.0, -0.0, -0.0, -0.0, -0.0, -0.0, -0.0, -0.0001, -0.0, 0.0009, -0.0, -0.0001, -0.0001, -0.0001, -0.0001, -0.0001, -0.0001, -0.0001, -0.0001, -0.0001, -0.0001, -0.0004, -0.0003, 0.0, -0.0, -0.0002, 0.0021, 0.0, 0.0, 0.0, 0.0, 0.0, 0.0, 0.0, 0.0, -0.0001, -0.0005, -0.0026, -0.0015, -0.0004, -0.0003, -0.0006, -0.0006, -0.0006, -0.0006, -0.0005, -0.0005, -0.0005, -0.0005, -0.0005, 0.0045, 0.0107, -0.0008, 0.0021, 0.0004, -0.0006, -0.0006, -0.0006, -0.0006, -0.0006, -0.0013, -0.0006, -0.0006, -0.0006, -0.0006, -0.0006, -0.0005, -0.0001, -0.0001, -0.0, -0.0, 0.0, 0.0, 0.0001, 0.0, 0.0, -0.0, -0.0, -0.0, -0.0, -0.0, -0.0, -0.0, -0.0, -0.0, -0.0]",0.0
2026-07-04_05-30-31.mp4,1,120.0,15.0,0.0,motion,0.0,0.0,0.0,0.0,0.0,0.3484,2.288,0.127,0.3435,0.302,0.0103,,"[0.0001, 0.0, -0.0001, -0.0001, 0.0005, -0.0002, 0.0002, -0.0001, -0.0006, -0.0001, 0.0001, 0.0001, -0.0003, -0.0001, -0.0002, 0.0002, 0.0001, 0.0001, -0.0001, 0.0006, -0.0006, 0.0011, 0.0001, 0.0001, 0.0001, -0.0032, -0.0001, 0.0001, 0.0001, 0.0001, 0.0001, 0.0001, 0.0001, 0.0001, 0.0001, 0.0001, 0.0001, 0.0001, 0.0001, -0.0, 0.0001, 0.0, 0.0, 0.0, -0.0006, -0.0, -0.0, -0.0, -0.0, -0.0, 0.0, 0.0, 0.0, 0.0, 0.0003, 0.0003, 0.0, -0.0003, 0.0003, 0.0009, -0.0003, -0.0, -0.0001, 0.0002, 0.0002, -0.0008, -0.0, 0.0, 0.0, -0.0003, 0.0001, -0.0001, 0.0003, -0.0003, 0.0006, 0.0001, 0.0002, -0.0019, 0.0001, 0.0002, 0.0001, 0.0002, 0.0, 0.0, 0.0, 0.0, 0.0001, 0.0, 0.0, 0.0, 0.0001, 0.0, 0.0, -0.0, -0.0, -0.0, -0.0, 0.0, -0.0, -0.0, -0.0, -0.0, -0.0001, -0.0001, -0.0001, -0.0001, -0.0001, -0.0001, -0.0001, -0.0002, -0.0001, -0.0001, -0.0002, 0.0002, -0.0001, -0.0001, -0.0, 0.0027, -0.0001]",0.0
2026-07-14_06-40-07.mp4,1,120.0,15.0,0.0,motion,0.0,0.0,0.0,0.0,0.0,0.3411,2.542,0.575,0.4125,0.529,0.0679,,"[-0.0, 0.0, 0.0001, -0.0001, 0.0002, 0.0001, 0.0, 0.0002, 0.0, 0.0001, -0.0001, -0.0, -0.0, -0.0, -0.0001, -0.0001, -0.0001, -0.0001, -0.0001, -0.0, 0.0, -0.0, -0.0002, 0.0001, -0.0, 0.0006, 0.0001, 0.0, 0.0, -0.0, 0.0001, -0.0, 0.0001, 0.0001, -0.0, -0.0, 0.0001, -0.0, -0.0001, 0.0, -0.0001, -0.0, 0.0, -0.0, -0.0, -0.0, -0.0, -0.0, -0.0, 0.0, -0.0, 0.0, 0.0, 0.0, 0.0, 0.0, -0.0, -0.0, -0.0, -0.0001, -0.0, 0.0, 0.0001, -0.0, -0.0003, 0.0001, -0.0, -0.0, -0.0, -0.0, 0.0003, 0.0001, -0.0, -0.0, 0.0, -0.0, 0.0, -0.0, 0.0, 0.0, 0.0001, 0.0003, -0.0002, -0.0002, -0.0, -0.0, -0.0001, 0.0, 0.0, 0.0, -0.0003, -0.0001, 0.0003, 0.0, 0.0, -0.0, 0.0, 0.0, -0.0, -0.0, -0.0, -0.0, 0.0, 0.0, 0.0, 0.0001, -0.0001, -0.0, 0.0, -0.0001, 0.0002, 0.0, 0.0, 0.0001, 0.0, 0.0002, 0.0002, -0.0002, -0.0001]",0.0
2026-07-18_05-07-26.mp4,0,0.0,0.0,0.0,tooshort,0.0,0.0,0.0,0.0,0.0,0.0,0.0,0.0,0.0,0.0,0.0,,,
2026-07-09_16-25-35.mp4,1,120.0,15.0,0.842,lips,0.3553,1.271,2.0,0.683,0.0096,0.2837,0.763,0.442,0.4555,0.0,0.0,"[0.032, 0.015, 0.026, 0.024, -1.0, -1.0, -1.0, -1.0, -1.0, -1.0, -1.0, -1.0, -1.0, -1.0, -1.0, -1.0, -1.0, 0.027, 0.024, 0.027, 0.025, 0.038, 0.024, 0.03, 0.022, 0.036, 0.034, 0.028, 0.024, 0.02, -1.0, 0.012, 0.04, -1.0, 0.009, 0.03, 0.022, 0.018, 0.028, 0.038, 0.031, 0.028, 0.015, 0.021, 0.026, 0.038, 0.034, 0.027, 0.048, 0.04, 0.036, 0.035, 0.033, 0.03, 0.028, 0.03, 0.027, 0.025, 0.037, 0.041, 0.037, 0.029, 0.025, 0.029, 0.022, 0.022, 0.023, -1.0, 0.032, 0.025, 0.022, 0.022, 0.03, 0.031, 0.024, 0.005, 0.008, 0.02, 0.013, 0.011, 0.008, 0.01, 0.01, 0.012, 0.013, 0.014, 0.014, 0.01, 0.013, 0.014, 0.013, 0.015, 0.019, 0.012, 0.015, 0.017, 0.016, -1.0, 0.012, 0.05, 0.036, 0.025, 0.029, 0.04, 0.025, 0.035, 0.034, 0.035, 0.032, 0.021, 0.014, 0.025, 0.018, 0.021, 0.02, -1.0, 0.018, 0.037, 0.032, -1.0]","[0.0, 0.0, -0.0001, -0.0001, -0.0, -0.0, -0.0, -0.0, -0.0, 0.0, -0.0, -0.0, -0.0, 0.0, -0.0, -0.0, 0.0001, -0.0, -0.0, -0.0, -0.0001, -0.0, -0.0, 0.0005, -0.0002, -0.0001, -0.0, 0.0001, -0.0, -0.0, 0.0, 0.0, 0.0001, 0.0, 0.0002, 0.0, 0.0, -0.0001, 0.0, 0.0001, 0.0, 0.0, -0.0001, -0.0, -0.0002, -0.0002, -0.0001, -0.0001, -0.0001, -0.0, 0.0, 0.0, 0.0, 0.0, 0.0, 0.0, 0.0, 0.0001, 0.0, 0.0001, 0.0003, -0.0, 0.0, -0.0, -0.0, -0.0, -0.0, -0.0, -0.0, -0.0, -0.0, -0.0001, -0.0, -0.0, -0.0001, -0.0, -0.0, -0.0, 0.0, -0.0, -0.0, -0.0, -0.0, -0.0, -0.0, -0.0, -0.0, -0.0, -0.0, 0.0, -0.0, 0.0002, 0.0, -0.0, 0.0004, -0.0, 0.0001, 0.0001, -0.0, -0.0001, -0.0002, -0.0002, -0.0002, -0.0, -0.0, -0.0, 0.0, -0.0, -0.0, -0.0, 0.0002, 0.0, -0.0, 0.0, 0.0, 0.0, 0.0001, -0.0, -0.0]",0.0
2026-07-05_08-07-22.mp4,1,120.0,15.0,0.0,motion,0.0,0.0,0.0,0.0,0.0,0.2635,2.034,0.566,0.3892,0.025,0.0037,,"[-0.0, 0.0, -0.0, 0.0, 0.0, 0.0, -0.0001, 0.0001, 0.0, 0.0, 0.0, -0.0, -0.0, -0.0, -0.0, -0.0, -0.0, -0.0, -0.0, -0.0, -0.0, -0.0, -0.0, -0.0, -0.0, -0.0, 0.0, -0.0, -0.0, -0.0, 0.0, -0.0, -0.0, 0.0, -0.0, -0.0, -0.0, -0.0, -0.0, -0.0, 0.0001, -0.0, -0.0, -0.0, 0.0, 0.0, 0.0, 0.0, -0.0, 0.0, -0.0, 0.0, 0.0, 0.0, 0.0, -0.0, 0.0, 0.0, 0.0, -0.0001, 0.0, 0.0, 0.0, 0.0, 0.0, 0.0, 0.0, 0.0, 0.0, 0.0, 0.0, 0.0, 0.0, 0.0, 0.0, 0.0, 0.0, 0.0, 0.0, 0.0, -0.0001, 0.0, 0.0, 0.0, 0.0, 0.0, 0.0, 0.0, 0.0, -0.0001, 0.0, 0.0, 0.0, 0.0, -0.0, 0.0, 0.0, 0.0, 0.0, 0.0, 0.0, 0.0, 0.0, 0.0, -0.0001, 0.0, -0.0, 0.0, -0.0, 0.0, -0.0002, 0.0, 0.0, 0.0, 0.0, 0.0, 0.0, 0.0, 0.0]",0.0
2026-07-08_02-22-16.mp4,1,120.0,15.0,0.958,lips,0.3447,1.78,2.25,0.623,0.0111,0.5557,1.017,0.468,0.4761,0.0,0.0,"[0.051, 0.041, 0.051, 0.035, 0.035, -1.0, 0.059, 0.038, 0.049, 0.05, 0.035, -1.0, 0.039, 0.049, 0.039, 0.017, 0.023, -1.0, 0.021, 0.025, 0.025, 0.023, 0.025, 0.025, 0.022, 0.027, 0.019, 0.018, 0.024, 0.03, 0.036, 0.033, 0.051, 0.037, 0.035, 0.045, 0.048, 0.038, 0.053, 0.051, 0.051, 0.055, 0.043, 0.046, 0.031, 0.039, -1.0, 0.038, 0.039, 0.047, 0.05, 0.043, 0.046, 0.033, 0.024, 0.021, 0.023, 0.024, 0.019, 0.017, 0.021, 0.021, 0.022, 0.017, 0.015, 0.012, 0.03, 0.026, 0.023, 0.015, 0.019, 0.015, 0.008, 0.023, 0.015, 0.021, 0.019, 0.023, 0.031, 0.03, 0.018, 0.019, 0.033, 0.028, 0.027, 0.034, 0.034, 0.026, 0.029, 0.029, 0.031, 0.029, 0.038, 0.038, 0.031, 0.026, 0.029, 0.031, 0.041, 0.035, 0.044, 0.034, 0.025, 0.026, 0.019, 0.03, 0.032, 0.024, 0.022, 0.013, 0.019, 0.021, 0.021, -1.0, 0.027, 0.039, 0.041, 0.043, 0.049, 0.033]","[-0.0, -0.0001, -0.0, -0.0001, -0.0001, -0.0, 0.0001, 0.0, 0.0001, 0.0001, 0.0002, 0.0004, 0.0001, 0.0, 0.0001, 0.0001, 0.0001, -0.0002, 0.0001, 0.0001, 0.0001, -0.0005, -0.0004, 0.0, -0.0003, 0.0, 0.0002, 0.0001, 0.0, -0.0002, -0.0008, -0.0004, -0.0006, -0.0006, 0.0001, 0.0001, 0.0001, 0.0003, 0.0005, 0.0019, 0.0001, 0.0, 0.0, 0.0002, 0.0004, 0.0, 0.0001, 0.0002, -0.0004, -0.0002, -0.0001, 0.0002, 0.0003, 0.0002, 0.0002, 0.0002, 0.0001, -0.0003, -0.0003, 0.0003, 0.0002, -0.0027, -0.0029, -0.0002, 0.0002, 0.0003, 0.0002, 0.0002, 0.0004, 0.0005, 0.0005, 0.0006, 0.0002, 0.0005, -0.0001, 0.0003, 0.0001, 0.0001, -0.0004, -0.0001, -0.0, 0.0, -0.0, 0.0, 0.0001, -0.0001, -0.0, -0.0001, -0.0001, -0.0, -0.0001, -0.0, 0.0001, 0.0002, 0.0001, 0.0, 0.0001, 0.0001, 0.0001, 0.0, -0.0, -0.0, 0.0001, -0.0, 0.0001, -0.0, -0.0001, 0.0, 0.0001, -0.0001, -0.0001, -0.0002, 0.0001, 0.0, 0.0001, 0.0004, 0.0001, 0.0, -0.0001]",0.0
2026-07-26_04-18-47.mp4,1,111.0,15.0,0.0,motion,0.0,0.0,0.0,0.0,0.0,0.3417,2.288,0.611,0.5124,0.0,0.0,,"[0.0001, 0.0003, 0.0014, 0.0, 0.0, 0.0, 0.0003, 0.0, 0.0, 0.0, 0.0, -0.0006, -0.0026, 0.0, 0.0001, 0.0001, 0.0001, 0.0001, 0.0001, 0.0001, 0.0001, 0.0001, -0.0001, 0.0001, 0.0001, 0.0001, 0.0001, 0.0001, 0.0, 0.0, 0.0, 0.0, -0.0001, 0.0, 0.0, 0.0, 0.0, -0.0, -0.0, -0.0, -0.0, -0.0, -0.0, -0.0007, -0.0, -0.0, -0.0, -0.0, -0.0, -0.0, -0.0001, -0.0, 0.0017, -0.0, -0.0, -0.0, -0.0, -0.0, -0.0, 0.0004, -0.0, -0.0001, -0.0001, -0.0002, -0.0001, -0.0001, -0.0001, -0.0001, -0.0, -0.0001, -0.0001, -0.0001, -0.0002, -0.0001, -0.0001, -0.0001, -0.0001, -0.0001, -0.0001, -0.0001, -0.0001, -0.0001, -0.0001, -0.0001, 0.0028, -0.0002, -0.0002, -0.0003, -0.0002, -0.0002, -0.0002, -0.0002, -0.0002, -0.0002, -0.0002, -0.0002, -0.0002, -0.0001, -0.0002, -0.0002, 0.004, -0.0001, -0.0001, -0.0001, -0.0001, -0.0001, -0.0001, -0.0003, -0.0001, -0.0001]",0.0
2026-07-07_07-28-25.mp4,1,120.0,15.0,0.0,motion,0.0,0.0,0.0,0.0,0.0,0.4447,0.763,0.022,0.4501,16.96,0.0091,,"[0.0, -0.0, -0.0, -0.0002, -0.0006, -0.0022, -0.0033, -0.0039, -0.0055, -0.0067, -0.0082, -0.0088, -0.0093, -0.0093, -0.0095, -0.0096, -0.0084, -0.0094, -0.0034, 0.0045, 0.0403, 0.0135, 0.0144, 0.0441, 0.0286, 0.0222, 0.0225, 0.006, -0.0099, -0.0055, -0.0085, -0.0102, -0.0114, -0.0123, -0.0093, -0.0072, -0.0053, -0.0028, 0.0023, -0.0038, -0.0026, -0.0015, -0.0004, 0.0, -0.0, 0.0001, 0.0002, -0.0058, -0.0011, -0.0036, -0.0048, 0.0, 0.0, 0.0002, 0.0004, 0.0006, 0.0007, 0.001, 0.0016, 0.0022, 0.0016, 0.0021, 0.0024, 0.0019, 0.0018, 0.0025, 0.0024, 0.0029, 0.0027, 0.0022, -0.0006, -0.0015, -0.0073, -0.0143, 0.0027, 0.0027, -0.0123, 0.0027, 0.0027, 0.0027, -0.0186, 0.0069, 0.0069, 0.0069, 0.0061, -0.0063, 0.0041, 0.004, 0.0036, 0.0031, 0.0031, 0.0031, 0.0026, 0.0026, 0.0029, -0.1252, 0.0021, 0.0021, 0.0021, 0.0255, 0.0621, 0.0018, 0.0019, 0.0019, 0.0019, 0.0019, 0.0019, 0.0019, 0.0019, -0.0067, 0.0019, -0.0021, -0.0047, -0.0022, -0.0025, -0.0015, 0.0005, -0.003, 0.0005]",0.0
2026-07-12_21-34-39.mp4,1,120.0,15.0,0.0,motion,0.0,0.0,0.0,0.0,0.0,0.4467,1.525,0.277,0.1424,2.738,0.0905,,"[-0.0, 0.0, 0.0005, -0.0002, 0.0001, 0.0001, -0.0001, -0.0003, 0.0, 0.0, 0.0, 0.0, 0.0, 0.0, 0.0, 0.0, 0.0, 0.0, -0.0001, -0.0002, -0.0, 0.0, 0.0, 0.0, 0.0, 0.0, -0.0001, 0.0, 0.0, 0.0, 0.0, 0.0, 0.0, 0.0, 0.0001, 0.0, -0.0, -0.0, -0.0, -0.0, -0.0, -0.0, -0.0, -0.0, 0.0, 0.0, 0.0, 0.0, 0.0, 0.0, 0.0, 0.0, 0.0, 0.0, 0.0, 0.0, 0.0, 0.0, 0.0, -0.0004, 0.0, 0.0, 0.0, 0.0, 0.0, 0.0, 0.0, 0.0, 0.0, 0.0002, -0.0, -0.0, -0.0, 0.0001, 0.0001, 0.0001, -0.0001, -0.0, -0.0, -0.0, -0.0, -0.0001, 0.0, -0.0, -0.0, 0.0002, 0.0, 0.0001, -0.0, -0.0, -0.0001, -0.0001, -0.0, -0.0, 0.0001, -0.0, 0.0, -0.0, -0.0, -0.0, -0.0, -0.0, 0.0001, 0.0, 0.0, 0.0, -0.0, -0.0, -0.0, -0.0, -0.0, -0.0, -0.0, -0.0, -0.0, -0.0, -0.0, -0.0, 0.0]",0.0
2026-07-13_22-18-11.mp4,0,0.0,0.0,0.0,tooshort,0.0,0.0,0.0,0.0,0.0,0.0,0.0,0.0,0.0,0.0,0.0,,,
2026-07-22_21-11-06.mp4,1,120.0,15.0,0.025,motion,0.0,0.0,0.0,0.0,0.0,0.2843,1.78,0.139,0.3941,0.015,0.0006,,"[0.0005, -0.0011, -0.0002, -0.0005, -0.0003, -0.0008, -0.0001, -0.0002, -0.0001, -0.0004, -0.0003, -0.0, -0.0001, 0.0001, -0.0, 0.0, 0.0, -0.0001, 0.0, 0.0, 0.0, -0.0001, -0.0, 0.0001, 0.0, 0.0002, -0.0, -0.0, -0.0, -0.0001, -0.0, 0.0, 0.0, 0.0, 0.0001, 0.0, 0.0, 0.0, -0.0001, -0.0, 0.0001, 0.0001, 0.0002, 0.0, 0.0, -0.0003, 0.0001, -0.0001, -0.0004, 0.0001, 0.0, -0.0, 0.0, 0.0, 0.0, 0.0001, 0.0, 0.0, 0.0, 0.0, 0.0, 0.0, 0.0, 0.0, -0.0, 0.0, 0.0, 0.0, 0.0, 0.0, 0.0, 0.0, -0.0001, -0.0, 0.0, 0.0, -0.0, -0.0, -0.0, -0.0, -0.0, -0.0, -0.0, -0.0, -0.0, -0.0, -0.0, -0.0, -0.0, -0.0, -0.0, 0.0002, -0.0, -0.0, -0.0, -0.0, -0.0, -0.0, -0.0, -0.0, 0.0, 0.0, -0.0, -0.0, -0.0, -0.0, -0.0, -0.0, -0.0, -0.0, -0.0, -0.0, 0.0002, -0.0, -0.0, -0.0, -0.0, -0.0, 0.0]",0.0
2026-07-13_17-24-56.mp4,1,120.0,15.0,0.0,motion,0.0,0.0,0.0,0.0,0.0,0.3616,0.763,0.329,0.3546,0.0,0.0,,"[0.0, 0.0, 0.0, 0.0, 0.0, -0.0004, 0.0, 0.0, 0.0, 0.0, 0.0, 0.0, 0.0, 0.0, 0.0, 0.0001, 0.0, 0.0, 0.0, 0.0, 0.0, -0.0, -0.0, -0.0, -0.0, 0.0, 0.0, 0.0, 0.0, 0.0, 0.0, 0.0, 0.0, 0.0, 0.0, 0.0, 0.0, 0.0, 0.0, 0.0, -0.0001, -0.0, -0.0002, 0.0, 0.0001, 0.0, -0.0, 0.0, 0.0001, 0.0, 0.0001, 0.0, -0.0, -0.0, 0.0, -0.0, 0.0, 0.0, -0.0, -0.0, -0.0, 0.0, -0.0, -0.0, -0.0, -0.0, 0.0, 0.0, 0.0, -0.0, -0.0, -0.0, 0.0, -0.0, -0.0001, -0.0001, -0.0001, -0.0001, -0.0001, -0.0001, -0.0001, -0.0001, -0.0001, -0.0001, -0.0001, -0.0, 0.0, -0.0004, 0.0003, 0.0016, -0.0001, 0.0002, 0.0002, -0.0001, -0.0001, -0.0003, -0.0001, -0.0001, -0.0001, -0.0001, -0.0001, -0.0001, -0.0003, -0.0001, -0.0001, -0.0, -0.0, -0.0001, 0.0, 0.0, 0.0001, 0.0, 0.0, 0.0, 0.0, 0.0, 0.0, 0.0, 0.0]",0.0
2026-07-22_23-16-03.mp4,1,120.0,15.0,0.05,motion,0.0,0.0,0.0,0.0,0.0,0.1673,0.763,0.379,0.3613,5.382,0.0535,,"[-0.0039, 0.0043, 0.0039, 0.005, 0.0016, 0.0031, 0.0025, 0.0023, 0.0019, 0.0017, 0.0016, 0.0013, 0.001, 0.0007, 0.0005, 0.0002, -0.0001, 0.0004, -0.0001, -0.0, 0.0, 0.0, -0.0004, -0.0008, -0.0007, -0.001, -0.0004, -0.0005, -0.0017, 0.0011, 0.0018, 0.0021, 0.0013, 0.0015, 0.0029, 0.0015, 0.0009, 0.0213, 0.0048, 0.0012, 0.0013, -0.0164, 0.0178, 0.0186, -0.0942, 0.0149, -0.0035, 0.0024, 0.0015, 0.0016, 0.0015, 0.002, 0.0017, 0.0024, 0.0026, 0.0033, 0.0018, 0.0017, 0.0015, 0.0059, -0.0004, -0.0005, -0.0002, -0.0007, -0.0004, -0.0009, -0.004, -0.0001, -0.0001, -0.0023, 0.0016, 0.0045, 0.0008, -0.0001, 0.0, 0.0, 0.0001, 0.0, -0.0001, 0.0001, 0.0, -0.0, -0.0001, -0.0001, -0.0005, -0.0002, 0.0, 0.0, 0.0, 0.0, 0.0, -0.0004, 0.0, 0.0, 0.0, 0.0, 0.0, 0.0, 0.0, 0.0, 0.0, 0.0, 0.0, 0.0, 0.0, 0.0001, 0.0001, 0.0, 0.0001, 0.0001, 0.0001, 0.0001, 0.0001, 0.0001, 0.0001, 0.0001, 0.0001, 0.0002, -0.0002]",0.0
2026-07-05_18-18-30.mp4,1,120.0,15.0,0.575,lips,0.638,1.017,1.75,0.59,0.0122,0.2841,2.542,0.534,0.3972,0.0,0.0,"[-1.0, -1.0, -1.0, -1.0, -1.0, -1.0, -1.0, -1.0, -1.0, -1.0, -1.0, -1.0, -1.0, -1.0, -1.0, -1.0, -1.0, -1.0, -1.0, -1.0, -1.0, 0.014, 0.034, 0.013, 0.029, -1.0, 0.02, 0.026, -1.0, 0.006, -1.0, 0.012, 0.023, 0.05, 0.054, 0.045, 0.047, 0.048, 0.04, 0.038, 0.017, 0.021, 0.019, 0.021, 0.025, 0.026, 0.039, 0.047, 0.037, 0.028, -1.0, 0.033, -1.0, 0.002, -1.0, 0.011, 0.019, 0.016, -1.0, 0.004, -1.0, 0.032, -1.0, 0.022, -1.0, 0.021, -1.0, 0.023, -1.0, 0.028, -1.0, 0.012, -1.0, 0.009, -1.0, 0.033, -1.0, 0.028, 0.003, -1.0, 0.015, 0.011, -1.0, 0.013, 0.009, -1.0, 0.021, -1.0, 0.026, -1.0, 0.021, -1.0, 0.023, -1.0, 0.03, 0.006, -1.0, 0.028, 0.01, 0.013, -1.0, 0.03, 0.007, 0.015, -1.0, 0.024, 0.008, -1.0, 0.023, 0.008, 0.017, -1.0, 0.027, 0.003, -1.0, 0.023, 0.018, -1.0, 0.021, 0.017]","[-0.0, 0.0, 0.0, 0.0, 0.0, 0.0, 0.0, 0.0, 0.0, 0.0, 0.0, 0.0, -0.0, -0.0, -0.0, -0.0, 0.0, -0.0, -0.0, -0.0, -0.0, 0.0, -0.0, 0.0001, -0.0, 0.0, -0.0, 0.0, -0.0, 0.0, 0.0, 0.0, -0.0, -0.0, -0.0, -0.0, -0.0, -0.0, -0.0, 0.0, -0.0, -0.0, 0.0, -0.0, 0.0, 0.0, 0.0, 0.0, -0.0, 0.0001, 0.0, -0.0, -0.0, -0.0, 0.0, -0.0, 0.0, 0.0, -0.0, -0.0, -0.0, -0.0, 0.0, -0.0, -0.0, -0.0, -0.0, -0.0, -0.0, -0.0, 0.0, -0.0, -0.0, 0.0, 0.0, 0.0, -0.0002, 0.0, 0.0001, 0.0, 0.0, 0.0, 0.0, 0.0, -0.0, -0.0, 0.0, 0.0, 0.0, 0.0, 0.0, 0.0, -0.0, -0.0, -0.0, 0.0, -0.0, 0.0, 0.0, 0.0, -0.0, -0.0, 0.0, -0.0, 0.0, 0.0, 0.0, 0.0, 0.0, 0.0, -0.0, 0.0, 0.0, 0.0, 0.0, 0.0, 0.0, 0.0, 0.0]",0.0
2026-07-13_20-39-06.mp4,1,120.0,15.0,0.0,motion,0.0,0.0,0.0,0.0,0.0,0.3261,2.797,0.0,0.113,99.0,0.0,,"[-0.0, -0.0003, -0.0002, 0.0001, 0.0002, 0.0003, -0.0, 0.0005, -0.0001, -0.0, -0.0001, -0.0, -0.0, -0.0, -0.0, -0.0, 0.0, -0.0002, 0.0, -0.0, 0.0, -0.0, -0.0, -0.0, -0.0, -0.0, -0.0, -0.0, -0.0, -0.0, -0.0, -0.0, -0.0, -0.0, -0.0001, -0.0005, 0.0009, -0.0, 0.0, -0.0, -0.0, 0.0, -0.0, -0.0, -0.0, -0.0, -0.0, -0.0, -0.0, -0.0, -0.0, -0.0, 0.0, 0.0, 0.0, 0.0, 0.0, 0.0, 0.0, -0.0001, 0.0, 0.0, 0.0, 0.0001, 0.0, 0.0, 0.0, 0.0, 0.0, 0.0, -0.0001, 0.0, 0.0, 0.0, -0.0002, 0.0, 0.0, 0.0, -0.0, -0.0, -0.0, 0.0, -0.0, -0.0, -0.0, 0.0001, -0.0, -0.0, -0.0, 0.0058, 0.0058, 0.0051, 0.0051, 0.0051, 0.0048, 0.0048, 0.0041, 0.0059, 0.0046, 0.0046, 0.005, 0.0046, 0.0045, 0.0045, -0.1756, 0.0045, 0.0259, 0.0047, 0.0132, 0.0045, 0.0045, 0.0094, 0.0045, 0.0045, 0.0045, 0.0045, 0.0045, 0.0094, 0.0045]",0.0
2026-07-07_23-56-35.mp4,1,120.0,15.0,0.017,motion,0.0,0.0,0.0,0.0,0.0,0.2836,2.542,0.364,0.5971,0.834,0.0469,,"[0.0, 0.0, 0.0, 0.0, 0.0, -0.0001, -0.0001, -0.0001, -0.0002, -0.0002, -0.0005, -0.0002, 0.0002, 0.0004, 0.003, 0.003, 0.0029, 0.0028, 0.0027, 0.0027, 0.0055, 0.0027, 0.0026, 0.0076, 0.0024, 0.0096, -0.0052, -0.0099, -0.002, -0.0794, 0.0047, 0.0045, 0.0071, 0.0046, 0.0028, 0.0028, 0.0021, 0.0025, 0.0028, 0.0028, 0.003, 0.0032, 0.0027, 0.0026, 0.0024, -0.0002, -0.0002, -0.0004, -0.0, 0.0, 0.0, 0.0001, 0.0002, 0.0002, 0.0005, 0.0004, 0.0004, 0.0004, 0.0008, 0.002, 0.006, 0.0012, 0.0, -0.0002, -0.0003, -0.0005, -0.0011, -0.0107, 0.0086, -0.0114, 0.0033, -0.0018, -0.0018, -0.0141, -0.031, -0.13, 0.146, 0.0422, 0.0059, 0.0002, -0.0003, 0.0014, 0.0001, 0.0014, -0.002, -0.0025, -0.0012, 0.0002, -0.0009, -0.0008, -0.0023, -0.0062, -0.0012, -0.0, -0.0005, 0.0002, -0.0, 0.0, -0.0001, 0.0001, 0.0, -0.0, -0.0001, 0.0, -0.0002, 0.0004, -0.0001, 0.0001, -0.0006, -0.0002, -0.0004, 0.0002, -0.0, 0.0003, 0.0001, 0.0, -0.0001, -0.0002, 0.0]",0.0
2026-07-06_18-07-12.mp4,1,120.0,15.0,0.0,motion,0.0,0.0,0.0,0.0,0.0,0.2391,0.763,0.378,0.1775,0.261,0.0187,,"[-0.0001, 0.0, -0.0001, -0.0002, 0.0001, 0.0, -0.0, 0.0001, -0.0001, -0.0, 0.0, 0.0001, 0.0006, -0.0, -0.0, -0.0, -0.0, 0.0003, -0.0, -0.0001, -0.0, -0.0, -0.0, -0.0, -0.0, -0.0, -0.0, -0.0, -0.0, -0.0, -0.0, -0.0, -0.0, -0.0, -0.0, 0.0002, -0.0, -0.0, -0.0, -0.0, -0.0, -0.0, -0.0, -0.0, -0.0, -0.0, -0.0, -0.0, -0.0, -0.0, -0.0, -0.0, -0.0, -0.0, -0.0, 0.0001, -0.0001, -0.0, -0.0, -0.0, -0.0, -0.0, 0.0, -0.0001, 0.0003, 0.0001, 0.0, -0.0001, 0.0002, -0.0001, 0.0, -0.0001, 0.0001, -0.0002, -0.0, -0.0, 0.0, 0.0, -0.0002, 0.0, 0.0, 0.0, 0.0, -0.0001, 0.0, 0.0, 0.0, 0.0, 0.0, 0.0, 0.0, 0.0, 0.0, 0.0, 0.0, 0.0, 0.0, 0.0, 0.0, -0.0, -0.0, -0.0, 0.0, -0.0, -0.0, -0.0, -0.0, -0.0, -0.0, -0.0, -0.0, -0.0, -0.0, -0.0, -0.0, -0.0, -0.0, -0.0, 0.0]",0.0
2026-07-13_18-26-13.mp4,1,120.0,15.0,0.042,motion,0.0,0.0,0.0,0.0,0.0,0.3077,1.525,0.0,0.3851,6.664,0.0,,"[0.0003, -0.0003, -0.0004, -0.0003, -0.0002, -0.0002, -0.0002, -0.0002, -0.0002, -0.0002, -0.0001, -0.0001, -0.0001, -0.0001, -0.0, -0.0, -0.0001, -0.0001, -0.0002, -0.0002, -0.0002, -0.0002, -0.0001, 0.0002, -0.0001, -0.0004, -0.0002, -0.0002, -0.0012, -0.0005, 0.0028, 0.0, 0.0, 0.0028, -0.0003, -0.0002, -0.0002, -0.0002, -0.0001, -0.0002, -0.0013, -0.0013, -0.0014, -0.0014, -0.0013, -0.0014, -0.0014, -0.0012, -0.0015, -0.0012, -0.0012, -0.0012, -0.0011, -0.0022, 0.0003, 0.0343, 0.0005, -0.0013, -0.0012, -0.0013, -0.0013, -0.0011, -0.0012, -0.0013, -0.0011, -0.0012, -0.0013, -0.0013, -0.001, -0.0012, -0.0012, -0.0002, -0.0001, 0.0005, 0.0007, -0.0004, -0.0001, 0.0, 0.0005, -0.0002, -0.0001, 0.0001, -0.0002, -0.0018, -0.0003, -0.0003, -0.0021, 0.0001, -0.0004, -0.0009, -0.0017, 0.001, -0.0001, 0.0012, -0.0006, -0.0005, -0.0004, -0.0021, -0.0023, 0.0019, -0.0039, 0.0017, 0.0252, -0.0135, -0.0077, 0.0085, -0.035, -0.003, 0.0007, -0.0036, -0.0046, -0.0065, 0.0684, -0.0079, -0.0247, 0.0572, -0.0037, -0.0028, -0.0025]",0.0
2026-07-22_06-55-19.mp4,1,120.0,15.0,0.0,motion,0.0,0.0,0.0,0.0,0.0,0.059,1.525,0.0,0.1626,4.043,0.0,,"[0.0, 0.0, 0.0, -0.0, -0.0, -0.0, -0.0, -0.0, -0.0, -0.0, -0.0, -0.0, -0.0, 0.0, -0.0, 0.0003, -0.0, 0.0002, 0.0001, 0.0001, -0.0001, -0.0001, 0.0001, -0.0001, -0.0001, -0.0001, -0.0, -0.0002, -0.0003, 0.0002, -0.0101, 0.01, -0.0053, 0.0059, -0.0026, 0.0036, -0.0001, -0.0002, 0.0, -0.0001, -0.0, -0.0001, -0.0, 0.0002, -0.0005, 0.0002, -0.0004, -0.0002, -0.0003, 0.0002, -0.0001, 0.0, -0.0, 0.0001, 0.0, -0.0, -0.0001, -0.0, -0.0, 0.0001, -0.0, 0.0, 0.0, 0.0, -0.0, 0.0, 0.0, 0.0, 0.0, -0.0, -0.0001, 0.0, 0.0, 0.0, 0.0, 0.0, -0.0001, 0.0, 0.0, 0.0, 0.0, 0.0, 0.0, 0.0, 0.0, 0.0, -0.0, 0.0, -0.0, 0.0, 0.0, 0.0, -0.0, -0.0, 0.0, 0.0, 0.0, 0.0, 0.0, 0.0, 0.0, 0.0, 0.0, 0.0, 0.0, -0.0, 0.0, -0.0, 0.0, -0.0, 0.0, 0.0, 0.0, -0.0, 0.0, 0.0, 0.0, 0.0, 0.0]",0.0
2026-07-07_12-30-10.mp4,1,120.0,15.0,0.0,motion,0.0,0.0,0.0,0.0,0.0,0.3138,1.78,0.351,0.3076,23.882,0.1056,,"[0.0, 0.0006, 0.0002, -0.0007, -0.0, -0.0006, 0.0001, 0.0001, -0.0007, -0.0002, 0.0001, 0.0001, 0.0001, 0.0001, 0.0001, 0.0001, 0.0001, 0.0001, 0.0001, 0.0001, 0.0, 0.0, 0.0002, 0.0, -0.0, -0.0, -0.0, -0.0, -0.0, -0.0, -0.0, 0.0005, -0.0001, -0.0, -0.0002, 0.0001, -0.0, -0.0, -0.0, -0.0, -0.0, 0.0002, -0.0, -0.0, -0.0, -0.0, -0.0, 0.0, 0.0, 0.0, 0.0002, 0.0002, -0.0, -0.0, -0.0002, -0.0, -0.0, -0.0, -0.0, 0.0001, -0.0, 0.0002, -0.001, -0.0, -0.0, 0.0002, -0.0, 0.0005, -0.0, 0.0, -0.0, -0.0, -0.0002, 0.0, -0.0, -0.0, 0.0001, 0.0, -0.0, -0.0, 0.0002, -0.0, -0.0, -0.0, -0.0, -0.0, -0.0, -0.0, -0.0, -0.0, -0.0, -0.0, -0.0002, -0.0, -0.0, -0.0, -0.0, -0.0, -0.0, -0.0, -0.0, -0.0, -0.0, -0.0, -0.0, -0.0, 0.0003, -0.0, -0.0, 0.0001, -0.0, -0.0, -0.0, -0.0, -0.0, -0.0, -0.0, -0.0, -0.0]",0.0
2026-07-02_09-56-13.mp4,1,120.0,15.0,0.008,motion,0.0,0.0,0.0,0.0,0.0,0.5086,0.763,0.153,0.3418,0.508,0.0262,,"[-0.0002, 0.0002, 0.0006, 0.0004, 0.0003, 0.0003, 0.0003, 0.0002, 0.0002, 0.0002, 0.0002, -0.0014, -0.0002, 0.0001, 0.0001, 0.0, 0.0001, 0.0, 0.0001, 0.0002, 0.0002, 0.0002, 0.0003, 0.0003, 0.0003, 0.0003, 0.0003, 0.0005, 0.0012, 0.0002, 0.0, -0.0009, 0.0014, -0.0006, -0.0021, 0.0011, 0.0019, -0.0007, 0.0019, 0.0019, 0.0019, 0.0019, 0.0016, 0.0041, 0.0019, 0.0019, 0.0018, -0.0112, -0.0025, -0.0266, -0.0059, 0.0017, 0.0016, -0.0004, 0.0044, 0.0023, 0.001, 0.0028, 0.0019, 0.0015, 0.0017, 0.0017, 0.0027, 0.0013, 0.0012, 0.0002, -0.0, -0.0, -0.0031, -0.0004, 0.0003, -0.0, -0.0001, -0.0, -0.0, -0.0, -0.0, 0.0001, 0.0, -0.0006, 0.001, -0.0002, 0.0, 0.0039, -0.0014, -0.0005, -0.0001, -0.0001, -0.0001, -0.0, -0.0001, -0.0001, -0.0001, -0.0001, -0.0001, -0.0001, -0.0001, -0.0, -0.0, 0.0001, 0.0, 0.0, 0.0, 0.0, 0.0, 0.0, 0.0, 0.0, 0.0, 0.0, 0.0, 0.0, -0.0009, 0.0, 0.0, 0.0, 0.0, 0.0, 0.0]",0.0
2026-07-25_03-44-26.mp4,1,120.0,15.0,0.0,motion,0.0,0.0,0.0,0.0,0.0,0.3195,0.763,0.0,0.3144,0.13,0.0,,"[0.0001, 0.0, -0.0001, -0.0002, -0.0001, -0.0001, -0.0001, -0.0001, -0.0001, -0.0001, -0.0001, -0.0, -0.0, -0.0, -0.0, -0.0, -0.0, 0.0, 0.0, 0.0, 0.0, 0.0, 0.0, 0.0, 0.0, 0.0, 0.0, 0.0, 0.0, 0.0, 0.0, 0.0, 0.0, 0.0, 0.0, 0.0, 0.0, 0.0, 0.0, 0.0, 0.0, 0.0, 0.0, 0.0, 0.0, 0.0, 0.0, 0.0, 0.0, 0.0, 0.0, 0.0, 0.0, 0.0, 0.0, 0.0, 0.0, 0.0, 0.0, -0.0004, 0.0, 0.0, 0.0, 0.0, 0.0, 0.0, 0.0, 0.0, 0.0, 0.0, 0.0, 0.0, 0.0, 0.0, 0.0, -0.0, -0.0, -0.0, -0.0, -0.0, -0.0, -0.0, -0.0, -0.0, -0.0, -0.0, -0.0, -0.0, -0.0, -0.0, -0.0, -0.0, -0.0, -0.0, -0.0, -0.0, -0.0, -0.0, -0.0, -0.0, -0.0, -0.0, -0.0, -0.0, -0.0, -0.0, -0.0, -0.0, -0.0, -0.0, -0.0, -0.0, -0.0, -0.0, -0.0, -0.0, -0.0, -0.0, -0.0]",0.0
2026-07-26_04-32-47.mp4,1,120.0,15.0,0.0,motion,0.0,0.0,0.0,0.0,0.0,0.5012,1.78,0.644,0.4,0.01,0.0032,,"[0.0, 0.0004, -0.0002, -0.0006, 0.0001, 0.0001, -0.0001, 0.0001, 0.0001, 0.0001, 0.0001, -0.0001, -0.0, -0.0005, -0.0, 0.0003, 0.0001, 0.0002, -0.0, -0.0, 0.0, 0.0, 0.0, 0.0001, -0.0, 0.0, 0.0, 0.0, -0.0, -0.0002, 0.0, 0.0, 0.0001, 0.0001, 0.0002, -0.0, 0.0, -0.0001, -0.0, 0.0001, -0.0, -0.0, -0.0001, 0.0, 0.0001, -0.0001, 0.0001, 0.0, 0.0, -0.0, -0.0, 0.0, 0.0, 0.0, -0.0, -0.0, -0.0003, 0.0001, 0.0001, 0.0, -0.0002, 0.0003, -0.0001, 0.0001, -0.0, 0.0, 0.0, 0.0, -0.0001, 0.0002, 0.0, 0.0001, -0.0006, -0.0002, 0.0, 0.0, 0.0001, 0.0001, 0.0001, 0.0, 0.0, 0.0001, -0.0001, 0.0001, 0.0001, 0.0002, 0.0001, 0.0001, -0.0001, -0.0002, -0.0003, -0.0002, -0.0001, -0.0, 0.0, 0.0001, 0.0, 0.0, 0.0001, 0.0, 0.0001, -0.0001, 0.0001, -0.0002, -0.0001, 0.0001, 0.0, 0.0, 0.0001, -0.0, 0.0, 0.0, 0.0, 0.0, 0.0001, -0.0003, 0.0, -0.0, 0.0]",0.0
2026-07-12_22-09-13.mp4,1,120.0,15.0,0.65,lips,0.7409,0.763,1.5,0.475,0.0196,0.6184,1.525,0.727,0.3607,0.293,0.122,"[0.032, 0.033, -1.0, 0.031, 0.02, 0.051, -1.0, 0.03, 0.039, -1.0, 0.03, 0.051, -1.0, 0.037, 0.06, -1.0, 0.051, 0.059, -1.0, 0.057, 0.051, -1.0, 0.05, 0.045, -1.0, 0.033, 0.032, 0.034, -1.0, 0.023, 0.023, 0.051, -1.0, 0.089, 0.104, 0.105, 0.062, 0.051, 0.019, -1.0, 0.05, 0.036, 0.021, 0.024, -1.0, 0.042, 0.024, 0.017, -1.0, 0.044, 0.043, 0.022, 0.032, -1.0, 0.063, 0.079, 0.085, 0.051, 0.036, 0.032, -1.0, 0.056, 0.093, 0.051, 0.023, -1.0, 0.034, 0.029, 0.018, -1.0, 0.041, 0.028, 0.018, -1.0, -1.0, -1.0, -1.0, -1.0, -1.0, -1.0, -1.0, -1.0, 0.068, 0.057, 0.043, 0.054, -1.0, 0.008, 0.036, -1.0, 0.072, 0.065, 0.037, 0.027, -1.0, 0.02, 0.036, -1.0, 0.042, -1.0, 0.04, -1.0, 0.048, -1.0, 0.052, -1.0, 0.036, -1.0, -1.0, 0.045, -1.0, 0.039, -1.0, 0.037, -1.0, -1.0, -1.0, 0.045, 0.035, -1.0]","[-0.0, -0.0, -0.0, -0.0, 0.0, -0.0, -0.0, -0.0, 0.0, -0.0, 0.0001, -0.0, -0.0, -0.0, 0.0, -0.0, -0.0, -0.0, -0.0, -0.0, -0.0, -0.0, -0.0, -0.0, -0.0, -0.0, -0.0, -0.0, -0.0, -0.0, -0.0, 0.0, -0.0, 0.0001, -0.0, 0.0, 0.0, 0.0001, 0.0001, -0.0, -0.0001, -0.0, -0.0, -0.0, -0.0, -0.0, -0.0, -0.0, 0.0, -0.0, -0.0, -0.0, -0.0, -0.0, 0.0, -0.0, -0.0001, -0.0, -0.0, -0.0001, -0.0002, 0.0, -0.0, 0.0, 0.0001, -0.0001, -0.0007, -0.0024, -0.0037, -0.0051, -0.0051, -0.0054, -0.0035, -0.0035, -0.0034, -0.0035, -0.0036, -0.0037, -0.004, -0.004, -0.0016, 0.0177, 0.0506, 0.0355, 0.0433, -0.0021, 0.0068, -0.0588, -0.0044, -0.0026, -0.0036, 0.0022, -0.0008, 0.0082, -0.0022, -0.0059, -0.0365, -0.016, -0.0059, 0.0006, 0.0023, 0.0023, 0.0027, 0.0009, 0.0009, 0.0011, 0.0018, 0.0041, 0.0046, 0.0012, 0.0051, 0.0011, 0.0, -0.0004, 0.0021, 0.0037, -0.0008, -0.0005, -0.0006]",0.0
2026-07-14_16-38-54.mp4,1,120.0,15.0,0.058,motion,0.0,0.0,0.0,0.0,0.0,0.3156,2.034,0.703,0.5445,0.134,0.0263,,"[0.0001, 0.0, -0.0002, 0.0001, -0.0007, 0.0, 0.0, -0.0004, -0.0009, 0.0001, 0.0016, -0.0002, 0.0001, 0.0001, -0.001, 0.0004, -0.0005, 0.0002, 0.0, 0.0, 0.0006, 0.0, -0.0001, 0.0, 0.0002, -0.0, -0.0002, 0.0003, -0.0, 0.0, -0.0002, 0.0002, -0.0005, 0.0001, -0.0003, -0.0002, -0.0, -0.0, 0.0001, -0.0001, 0.0007, 0.0003, 0.0001, 0.0003, -0.0004, -0.0001, -0.0001, -0.0001, 0.0001, 0.0001, 0.0002, -0.0001, -0.0, -0.0002, -0.0, -0.0, -0.0001, -0.0001, 0.0001, 0.0, 0.0001, -0.0004, 0.0001, 0.0001, 0.0003, 0.0005, 0.0001, 0.0001, 0.0002, 0.0, 0.0001, 0.0001, 0.0002, -0.0015, -0.001, 0.0005, 0.0001, 0.0002, 0.0002, -0.0, -0.0002, -0.0002, 0.0, 0.0002, 0.0004, -0.0005, 0.0008, -0.0013, 0.0002, -0.0, -0.0002, 0.0002, -0.0002, 0.0001, 0.0, 0.0001, 0.0, 0.0001, 0.0, 0.0001, 0.0004, 0.0001, 0.0001, -0.0002, 0.0, 0.0002, -0.0001, 0.0001, -0.0001, -0.0002, 0.0001, 0.0002, -0.0004, 0.0, -0.0004, -0.0001, 0.0001, 0.0, 0.0]",0.0
2026-07-04_09-27-04.mp4,1,120.0,15.0,0.0,motion,0.0,0.0,0.0,0.0,0.0,0.2268,1.78,0.364,0.2923,5.099,0.069,,"[-0.0001, -0.0021, 0.0001, 0.0003, 0.0001, -0.0001, 0.0001, -0.0, 0.0002, 0.0007, 0.0008, 0.0001, -0.0, 0.0001, 0.0001, 0.0001, 0.0001, -0.0, 0.0002, -0.0007, 0.0001, 0.0003, -0.0, -0.0001, -0.0007, 0.0003, 0.0, 0.0, 0.0, 0.0, 0.0, 0.0, 0.0, 0.0, 0.0, -0.0, 0.0, -0.0, -0.0, 0.0, -0.0, -0.0, -0.0, -0.0, -0.0, -0.0, -0.0, 0.0, 0.0, 0.0, 0.0, 0.0, 0.0013, -0.0007, -0.0003, -0.0, 0.0, 0.0001, 0.0001, 0.0002, 0.0001, -0.0001, -0.0008, 0.0001, 0.0001, 0.0001, 0.0001, 0.0001, 0.0001, 0.0001, 0.0001, 0.0001, -0.0011, 0.0001, 0.0001, 0.0001, 0.0001, 0.0001, 0.0, 0.0, 0.0, 0.0, 0.0, 0.0, 0.0, 0.0, 0.0, -0.0, -0.0, -0.0, -0.0, 0.0, 0.0002, -0.0, -0.0, -0.0, -0.0, -0.0, -0.0, -0.0, -0.0, 0.0001, 0.0017, -0.0011, -0.0, -0.0, -0.0, -0.0, -0.0, -0.0, -0.0, -0.0, -0.0, -0.0, -0.0, -0.0, -0.0, -0.0, 0.0]",0.0
2026-07-02_22-50-26.mp4,1,95.0,15.0,0.0,motion,0.0,0.0,0.0,0.0,0.0,0.4006,1.78,0.744,0.3944,0.706,0.1234,,"[0.0, 0.0004, -0.0027, 0.0004, 0.0001, 0.0002, 0.0001, 0.0001, 0.0001, 0.0001, 0.0001, 0.0001, 0.0001, 0.0001, 0.0003, 0.0001, 0.0001, 0.0001, -0.0, -0.0, 0.0, -0.0001, -0.0001, -0.0001, -0.0001, -0.0001, -0.0001, -0.0001, -0.0001, -0.0001, -0.0001, -0.0001, -0.0001, -0.0, -0.0001, 0.0019, -0.0008, -0.0003, -0.0001, -0.0002, -0.0002, -0.0002, -0.0002, 0.0, -0.0001, -0.0002, -0.0002, -0.0, -0.0002, -0.0002, -0.0002, 0.0067, -0.0004, -0.0001, -0.0011, -0.0019, -0.0002, -0.0002, -0.0001, -0.0001, 0.0, 0.0, -0.0003, -0.0001, -0.0001, -0.0001, -0.0001, 0.0001, 0.0001, 0.0001, 0.0001, 0.0, 0.0, 0.0, 0.0, 0.0, 0.0, 0.0, 0.0002, 0.0, -0.0001, 0.0, -0.0, -0.0, -0.0007, -0.0005, -0.0001, 0.0002, -0.0, -0.0, -0.0001, -0.0001, -0.0001, 0.0001]",0.0
2026-07-10_09-21-53.mp4,1,120.0,15.0,0.0,motion,0.0,0.0,0.0,0.0,0.0,0.2286,2.288,0.375,0.1857,22.909,0.0821,,"[0.0, 0.0003, -0.0003, -0.0003, -0.0007, 0.0004, -0.0003, -0.0003, -0.0002, 0.0001, -0.0002, 0.0035, -0.0002, -0.0002, -0.0009, -0.0003, -0.0004, 0.0004, -0.0002, -0.0002, -0.0002, -0.0, -0.0002, -0.0002, -0.0002, -0.0002, 0.0006, -0.0001, -0.0002, -0.0003, -0.0001, 0.0032, -0.0024, -0.0001, 0.0001, -0.0001, 0.0017, -0.0001, -0.0001, -0.0001, -0.0001, -0.0002, -0.0001, -0.0002, -0.0002, -0.0002, -0.0001, -0.0001, -0.0002, -0.0002, -0.0001, -0.0001, -0.0001, -0.0001, -0.0001, -0.0001, 0.0033, -0.0001, -0.0001, -0.0009, -0.0005, 0.0002, -0.0001, -0.0001, -0.0001, -0.0001, -0.0001, -0.0001, -0.0001, -0.0001, -0.0001, -0.0001, 0.0, 0.0, 0.0, 0.0, -0.0, -0.0, 0.0, 0.0, 0.0, 0.0, 0.0, 0.0, 0.0, 0.0, 0.0, -0.0, -0.0, -0.0, -0.0, -0.0, -0.0, -0.0, -0.0, -0.0, -0.0, -0.0, -0.0, -0.0, -0.0, -0.0, 0.0001, -0.0, -0.0, -0.0, -0.0, -0.0, -0.0, -0.0, -0.0, -0.0, -0.0, -0.0, -0.0, -0.0, -0.0, -0.0, 0.0]",0.0
2026-07-03_12-46-37.mp4,1,120.0,15.0,0.0,motion,0.0,0.0,0.0,0.0,0.0,0.5768,1.78,0.608,0.2072,5.767,0.2989,,"[0.0006, 0.0028, -0.0019, -0.0006, -0.0006, -0.0005, -0.0005, -0.0005, -0.0004, -0.0004, -0.0003, -0.0003, -0.0002, -0.0002, -0.0002, -0.0, 0.0, 0.0002, 0.0004, 0.0, 0.0, 0.0, 0.0, 0.0, 0.0, 0.0, 0.0, 0.0, 0.0, -0.0008, -0.0028, 0.0, 0.0, 0.0003, 0.0022, 0.0, 0.0, 0.0, 0.0, 0.0, 0.0, 0.0, 0.0, 0.0, 0.0, -0.0, -0.0001, -0.0001, -0.0001, -0.0001, -0.0, -0.0, -0.0, -0.0, -0.0, -0.0, -0.0, -0.0, -0.0, 0.0005, -0.0, 0.0001, -0.0, -0.0, -0.0, -0.0, -0.0, -0.0, -0.0, -0.0, -0.0, -0.0, -0.0, -0.0, -0.0, -0.0, 0.0, 0.0, 0.0, 0.0, 0.0, 0.0, 0.0, -0.0, -0.0001, -0.0001, -0.0001, -0.0001, -0.0001, -0.0001, -0.0001, -0.0002, -0.0, -0.0001, -0.0, -0.0, -0.0, -0.0, 0.0005, 0.0013, -0.0001, -0.0, -0.0, -0.0, -0.0, -0.0, -0.0, -0.0, -0.0, -0.0005, -0.0, -0.0, -0.0, -0.0, -0.0, 0.0, 0.0, 0.0, 0.0]",0.0
2026-07-24_03-37-11.mp4,1,120.0,15.0,0.017,motion,0.0,0.0,0.0,0.0,0.0,0.3157,1.017,0.595,0.371,1.06,0.0968,,"[-0.0001, -0.0004, 0.0003, 0.0008, 0.0017, 0.0004, 0.0003, -0.0001, -0.0002, -0.0001, -0.0002, -0.0002, -0.0002, 0.0001, -0.0002, -0.0002, -0.0002, -0.0002, -0.0002, -0.0001, -0.0001, -0.0, -0.0, -0.0, -0.0, -0.0, 0.001, -0.0, -0.0, -0.0002, 0.0, -0.001, 0.0, 0.0, 0.0, 0.0, 0.0, 0.0, 0.0, 0.0, 0.0, 0.0, 0.0, 0.0, 0.0001, 0.0, 0.0, 0.0, 0.0, 0.0, 0.0, 0.0, -0.0001, -0.0001, -0.0001, -0.0002, -0.0002, -0.0002, -0.0002, -0.0006, -0.0002, -0.0002, -0.0002, -0.0002, -0.0002, -0.0002, -0.0007, 0.0025, 0.0007, -0.0002, 0.0038, -0.0002, -0.0007, -0.0009, -0.0001, -0.0002, -0.0002, -0.0001, -0.0001, -0.0, -0.0001, -0.0001, -0.0001, -0.0001, -0.0001, -0.0002, -0.0012, 0.0004, -0.0001, -0.0001, -0.0001, -0.0004, -0.0007, -0.0001, -0.0001, -0.0005, -0.0001, -0.0001, 0.0006, -0.0001, 0.0048, -0.0003, -0.0001, -0.0001, -0.0001, -0.0001, -0.0003, -0.0001, -0.0002, -0.0002, -0.0002, -0.0002, -0.0002, -0.0002, -0.0001, -0.0001, 0.0, 0.0, 0.0]",0.0
2026-07-22_15-18-01.mp4,1,120.0,15.0,0.067,motion,0.0,0.0,0.0,0.0,0.0,0.4718,2.034,0.641,0.3812,2.562,0.2177,,"[0.0001, 0.0001, 0.0001, 0.0001, 0.0002, 0.0001, 0.0001, 0.0001, 0.0001, 0.0006, 0.0001, 0.0, 0.0, -0.0014, -0.0012, -0.0, 0.0001, 0.0002, 0.0001, 0.0, 0.0001, -0.0, 0.0001, 0.0001, 0.0001, 0.0001, 0.0002, 0.0001, 0.0001, 0.0001, -0.0001, 0.0002, -0.0, -0.0, -0.0001, -0.0, -0.0002, 0.0, 0.0, 0.0002, 0.0003, -0.0002, 0.0, -0.0002, -0.0, -0.0001, -0.0, 0.0, -0.0002, 0.0001, 0.0003, -0.0, -0.0001, 0.0001, -0.0, -0.0, 0.0001, -0.0003, 0.0002, -0.0001, 0.0, 0.0001, -0.0, -0.0001, 0.0, -0.0, -0.0001, 0.0, 0.0, 0.0, -0.0, 0.0001, 0.0, -0.0, -0.0001, 0.0001, -0.0, -0.0, 0.0, 0.0, 0.0, -0.0001, 0.0001, 0.0, 0.0, 0.0, 0.0, 0.0, -0.0001, -0.0, -0.0, 0.0, 0.0, 0.0, -0.0001, -0.0001, 0.0001, -0.0001, 0.0001, -0.0, 0.0001, 0.0, -0.0, -0.0, 0.0, -0.0, 0.0, 0.0, 0.0, 0.0001, 0.0, 0.0, 0.0, 0.0, 0.0, -0.0, 0.0, -0.0001, -0.0]",0.0
2026-07-19_01-51-31.mp4,1,120.0,15.0,0.217,motion,0.0,0.0,0.0,0.0,0.0,0.2743,1.525,0.371,0.1566,0.091,0.0085,,"[0.0, -0.0003, -0.0001, 0.0, -0.0002, -0.0002, -0.0, -0.0001, 0.0, 0.0001, 0.0001, 0.0, 0.0004, 0.0001, -0.0, -0.0, 0.0001, 0.0001, 0.0001, 0.0001, -0.0, -0.0001, 0.0, -0.0, 0.0001, -0.0001, -0.0004, 0.0012, -0.0011, 0.0, -0.0006, -0.0004, 0.0001, -0.0001, 0.0002, 0.0003, 0.0001, -0.0002, -0.0001, 0.0012, 0.0004, 0.0006, -0.0006, -0.0005, -0.0005, 0.0001, -0.0, 0.0001, -0.0, 0.0, -0.0004, -0.0001, -0.0, -0.0001, 0.0, 0.0, 0.0001, -0.0, 0.0001, 0.0002, 0.0, -0.0001, 0.0001, 0.0003, 0.0002, 0.0001, -0.0, 0.0002, 0.0001, 0.0002, 0.0014, 0.0007, -0.0007, 0.0001, -0.0042, 0.0007, -0.0003, -0.0001, 0.0, -0.0001, 0.0001, 0.0001, 0.0001, -0.0005, -0.0006, 0.0001, 0.0005, -0.0011, 0.0018, -0.0001, 0.0005, 0.0, 0.0006, 0.0002, -0.0003, -0.0, -0.0, -0.0, -0.0001, -0.0, 0.0, 0.0007, -0.0003, -0.0001, -0.0001, -0.0001, 0.0001, 0.0, -0.0, -0.0, -0.0001, 0.0001, -0.0, -0.0, -0.0002, 0.0001, -0.0001, 0.0, -0.0]",0.0
2026-07-12_14-13-00.mp4,1,120.0,15.0,0.0,motion,0.0,0.0,0.0,0.0,0.0,0.3837,1.78,0.712,0.211,0.33,0.0678,,"[0.0016, 0.0016, 0.0016, 0.0017, 0.0006, -0.0258, -0.0181, -0.0036, -0.0002, 0.007, -0.0003, 0.0001, 0.0006, 0.0001, -0.0015, -0.0022, -0.0003, 0.0, 0.0004, 0.0337, -0.0026, 0.0013, -0.0031, -0.0022, -0.0009, 0.0036, -0.0093, -0.0136, 0.0185, 0.0547, 0.0234, -0.0551, -0.0047, -0.0079, 0.0529, 0.0509, -0.0144, -0.0212, -0.0309, -0.0371, -0.0884, -0.0023, 0.003, 0.0093, -0.0198, 0.0023, 0.003, 0.0027, 0.0242, 0.0291, 0.0035, 0.0576, -0.0199, 0.0033, -0.0337, -0.0006, -0.0035, -0.0037, -0.0037, 0.1369, -0.0801, -0.0049, -0.0532, -0.0034, -0.0027, -0.0013, -0.0025, -0.0001, -0.0009, 0.0783, -0.0027, -0.0033, -0.004, -0.004, -0.0043, 0.0003, -0.0006, 0.0017, -0.033, -0.0005, -0.016, 0.039, -0.0235, -0.0006, -0.0007, 0.0181, 0.0246, 0.0298, 0.0084, 0.0161, 0.0077, -0.0412, -0.0632, 0.0064, 0.0199, 0.0238, -0.011, 0.0064, 0.0184, -0.0218, 0.0067, -0.0121, -0.1152, -0.0092, 0.0087, 0.0308, 0.009, 0.0075, 0.0082, 0.0051, 0.005, 0.0061, 0.0056, 0.0078, -0.0165, 0.0051, 0.0051, 0.0044, 0.0005]",0.0
2026-07-09_21-43-44.mp4,1,120.0,15.0,0.0,motion,0.0,0.0,0.0,0.0,0.0,0.119,1.525,0.409,0.4112,0.065,0.003,,"[-0.0, 0.0, -0.0, 0.0, 0.0, 0.0, 0.0, 0.0, 0.0, 0.0, 0.0, 0.0, 0.0, 0.0, 0.0, -0.0, -0.0, 0.0, -0.0001, 0.0, 0.0, 0.0, 0.0, 0.0, 0.0, -0.0, 0.0, 0.0, 0.0, -0.0, -0.0, -0.0001, -0.0, 0.0, -0.0, 0.0, 0.0, -0.0, -0.0, -0.0, -0.0, -0.0, 0.0, -0.0, 0.0, -0.0, 0.0, -0.0, 0.0, -0.0, -0.0, -0.0001, 0.0003, -0.0001, 0.0, -0.0, -0.0, -0.0, -0.0, -0.0, -0.0, -0.0, 0.0, -0.0, -0.0, -0.0, -0.0, -0.0, 0.0, -0.0, 0.0, 0.0, -0.0, 0.0, 0.0, -0.0, 0.0, 0.0, 0.0, 0.0, 0.0, 0.0, 0.0, 0.0, 0.0, 0.0, 0.0, 0.0, 0.0, 0.0, -0.0, 0.0, 0.0, -0.0, -0.0, 0.0, -0.0, 0.0, 0.0, 0.0, 0.0, 0.0, -0.0, 0.0, -0.0, -0.0, -0.0, 0.0, 0.0, 0.0, 0.0, 0.0, 0.0, 0.0, 0.0, 0.0, 0.0, -0.0001, 0.0]",0.0
2026-07-07_20-51-30.mp4,1,120.0,15.0,0.0,motion,0.0,0.0,0.0,0.0,0.0,0.3184,0.763,0.377,0.2631,0.0,0.0,,"[0.0, 0.0001, -0.0002, -0.0007, -0.0022, 0.0, 0.0023, 0.0, 0.0, 0.0, -0.0001, -0.0002, -0.0006, -0.0004, 0.0007, 0.0007, 0.0002, 0.0, 0.0002, -0.0, -0.0, -0.0001, -0.0, 0.0001, 0.0, 0.0001, -0.0, -0.0, 0.0001, -0.0001, -0.0, 0.0001, 0.0, 0.0, 0.0, 0.0, -0.0, -0.0, 0.0, 0.0, 0.0, 0.0, -0.0001, -0.0001, -0.0002, 0.0, 0.0, -0.0002, 0.0, 0.0, 0.0002, 0.0003, 0.0, 0.0002, -0.0001, -0.0001, 0.0, 0.0, 0.0, 0.0001, 0.0, -0.0, -0.0001, -0.0002, -0.0001, -0.0002, -0.0002, -0.0001, -0.0, 0.0, -0.0001, -0.0, -0.0, -0.0, 0.0, -0.0, 0.0009, -0.0001, -0.0, 0.0, -0.0, -0.0, 0.0002, -0.0001, 0.0001, -0.0001, -0.0001, -0.0, -0.0, -0.0003, -0.0002, 0.0, -0.0001, -0.0001, 0.0, -0.0003, -0.0001, 0.0001, -0.0001, 0.0008, -0.0001, 0.0, 0.0014, -0.0003, -0.0004, -0.0001, -0.0001, -0.0001, -0.0001, -0.0002, -0.0, -0.0004, 0.0011, -0.0001, -0.0007, -0.0001, 0.0001, -0.0, 0.0]",0.0
2026-07-24_19-13-43.mp4,1,120.0,15.0,0.0,motion,0.0,0.0,0.0,0.0,0.0,0.434,1.78,0.52,0.445,0.0,0.0,,"[-0.0, 0.0, 0.0, -0.0001, -0.0001, -0.0001, -0.0001, -0.0002, -0.0001, 0.0005, -0.0, 0.0002, -0.0, -0.0001, -0.0001, -0.0, -0.0001, 0.0004, 0.001, -0.0001, -0.0001, -0.0001, -0.0, -0.0001, -0.0, -0.0001, -0.0001, -0.0001, -0.0001, -0.0001, -0.0001, -0.0002, -0.0, 0.0001, -0.0, -0.0, -0.0, -0.0, 0.0, -0.0, 0.0, 0.0, 0.0, 0.0, 0.0, 0.0, 0.0, -0.0, 0.0, 0.0, 0.0, 0.0, 0.0, 0.0, 0.0, 0.0, -0.0, 0.0, 0.0, -0.0001, 0.0, 0.0, 0.0, 0.0, 0.0, 0.0, 0.0, 0.0, 0.0001, 0.0, 0.0, 0.0, -0.0, -0.0, -0.0, -0.0, -0.0, -0.0, -0.0, -0.0, -0.0, -0.0, -0.0, -0.0, -0.0, -0.0, -0.0, -0.0, -0.0, -0.0, -0.0, 0.0, 0.0, 0.0, 0.0, 0.0, -0.0, -0.0, -0.0, 0.0001, 0.0, -0.0, -0.0, -0.0, -0.0, -0.0, -0.0002, -0.0, -0.0, -0.0, -0.0, 0.0, 0.0, 0.0, 0.0, 0.0, 0.0, 0.0, 0.0]",0.0
2026-07-17_03-19-35.mp4,1,120.0,15.0,0.0,motion,0.0,0.0,0.0,0.0,0.0,0.3963,0.763,0.255,0.2952,99.0,0.101,,"[0.0, 0.0, 0.0001, -0.0005, -0.0002, 0.0, 0.0, 0.0, 0.0, -0.0006, 0.0, 0.0, 0.0001, 0.0002, 0.0, 0.0002, 0.0, -0.0001, 0.0008, 0.0002, -0.0, -0.0005, 0.0005, -0.0002, -0.0004, -0.0002, -0.0001, -0.0017, -0.0035, 0.0053, -0.0001, -0.0, -0.0001, -0.0003, 0.0, -0.0001, -0.0001, -0.0001, 0.0045, -0.0002, -0.0011, -0.0022, -0.0001, -0.0002, -0.0003, -0.0001, -0.0001, 0.001, -0.0001, -0.0001, -0.0001, -0.0001, 0.0, -0.0001, 0.0001, 0.0001, 0.0, -0.0001, 0.0003, 0.0005, -0.0002, -0.0003, 0.0008, 0.0031, 0.0031, 0.003, 0.0027, 0.002, 0.0031, 0.0031, 0.0031, 0.0031, 0.0005, 0.0005, 0.0043, -0.0004, -0.0015, -0.014, -0.0803, 0.001, 0.0009, 0.001, 0.001, 0.001, 0.001, 0.001, 0.001, 0.0819, 0.001, 0.001, 0.0012, 0.0013, 0.0011, -0.0163, -0.002, 0.0025, -0.0046, -0.0041, -0.0018, -0.0033, -0.0006, -0.002, -0.0026, 0.0009, 0.0007, -0.0002, 0.0007, -0.0001, 0.0007, 0.0002, 0.0002, -0.0013, 0.0003, 0.0002, -0.0, -0.0001, -0.001, 0.0003, 0.0002]",0.0
2026-07-07_14-14-09.mp4,1,120.0,15.0,0.0,motion,0.0,0.0,0.0,0.0,0.0,0.2217,2.797,0.261,0.5882,0.0,0.0,,"[-0.0001, -0.0, 0.0001, -0.0, 0.0001, -0.0, 0.0001, 0.0, 0.0, 0.0001, 0.0, 0.0, 0.0, 0.0002, -0.0001, -0.0003, 0.0001, -0.0, -0.0, -0.0001, -0.0, 0.0, 0.0001, 0.0002, 0.0004, -0.0002, 0.0, 0.0001, -0.0002, 0.0001, 0.0001, 0.0, -0.0, -0.0, 0.0, -0.0, -0.0, -0.0001, 0.0, 0.0001, -0.0002, -0.0002, 0.0, -0.0001, -0.0, -0.0, -0.0, -0.0002, -0.0002, -0.0007, 0.0004, -0.0001, -0.0009, 0.0012, 0.0014, 0.0035, -0.0038, -0.0002, 0.0, 0.0003, -0.0002, 0.0, -0.0, -0.0001, -0.0001, -0.0005, -0.0, -0.0, -0.0001, -0.0001, 0.0002, 0.0002, 0.0002, -0.0, 0.0004, -0.0002, -0.0001, -0.0, -0.0001, 0.0002, -0.0, -0.0002, -0.0, -0.0001, -0.0, -0.0, 0.0, 0.0, 0.0, 0.0, -0.0, -0.0003, 0.0001, -0.0, -0.0005, 0.0001, 0.0002, 0.0002, 0.0001, 0.0002, -0.0002, 0.0, 0.0, 0.0001, 0.0005, 0.0005, 0.0002, -0.0004, 0.0013, -0.0011, -0.0002, -0.0002, -0.0001, -0.0, 0.0016, -0.0017, -0.0008, -0.0016, 0.0002]",0.0
2026-07-11_14-00-18.mp4,1,120.0,15.0,0.0,motion,0.0,0.0,0.0,0.0,0.0,0.1312,1.78,0.536,0.2898,2.49,0.0501,,"[-0.0, 0.0, 0.0, 0.0, 0.0, 0.0002, 0.0001, 0.0, 0.0, 0.0, 0.0, 0.0, 0.0, -0.0, -0.0, -0.0, -0.0, -0.0, -0.0, -0.0, -0.0, -0.0, -0.0, -0.0, -0.0001, -0.0, 0.0, -0.0, -0.0, -0.0, -0.0, -0.0, -0.0, 0.0001, -0.0, -0.0, -0.0, 0.0005, -0.0, -0.0, -0.0, -0.0, -0.0, -0.0, 0.0, 0.0, 0.0, 0.0, 0.0, 0.0, 0.0, -0.0002, 0.0, -0.0002, -0.0001, 0.0001, 0.0, 0.0001, -0.0, -0.0001, -0.0, 0.0, -0.0, 0.0, 0.0, 0.0001, 0.0002, 0.0, -0.0, 0.0001, -0.0025, 0.0018, 0.0001, -0.0002, 0.0003, 0.0, -0.0, -0.0001, -0.0005, 0.0003, 0.0002, 0.0001, -0.0001, 0.0004, 0.0, -0.0001, -0.0001, -0.0001, 0.0002, 0.0001, 0.0, 0.0003, -0.0, -0.0, -0.0002, -0.0, 0.0, -0.0001, -0.0, -0.0001, 0.0001, -0.0005, -0.0, 0.0003, -0.0001, -0.0001, -0.0001, -0.0001, -0.0001, 0.0002, 0.0, 0.0, 0.0, -0.0001, -0.0003, -0.0002, 0.0015, 0.0003, -0.0001]",0.0
2026-07-22_07-37-19.mp4,1,120.0,15.0,0.0,motion,0.0,0.0,0.0,0.0,0.0,0.1701,1.78,0.682,0.164,0.69,0.0474,,"[0.0001, -0.0001, -0.0001, -0.0001, -0.0001, -0.0, -0.0001, -0.0001, -0.0001, -0.0, -0.0, -0.0002, 0.0, -0.0001, 0.0001, -0.0001, -0.0, -0.0, 0.0002, -0.0, -0.0001, 0.0004, -0.0, 0.0, -0.0001, -0.0, -0.0001, 0.0003, -0.0, -0.0, 0.0002, -0.0001, -0.0, -0.0, 0.0001, -0.0, -0.0, 0.0001, 0.0, 0.0, -0.0003, 0.0, -0.0001, -0.0, 0.0, 0.0001, -0.0001, 0.0002, -0.0001, -0.0002, 0.0001, -0.0, -0.0, -0.0, 0.0, -0.0001, 0.0003, -0.0001, 0.0, 0.0001, -0.0, 0.0, 0.0, 0.0001, 0.0003, -0.0002, 0.0, -0.0001, -0.0001, 0.0, 0.0, -0.0002, 0.0001, -0.0001, 0.0, 0.0, 0.0, -0.0, -0.0, 0.0, -0.0, 0.0001, -0.0, 0.0, -0.0, 0.0, -0.0, -0.0, 0.0002, -0.0003, 0.0, -0.0, 0.0, 0.0, -0.0, -0.0, 0.0001, 0.0001, 0.0001, 0.0002, -0.0, -0.0001, 0.0003, -0.0, -0.0003, 0.0, 0.0, -0.0001, -0.0001, -0.0, -0.0, -0.0, -0.0, 0.0, 0.0, 0.0, 0.0001, -0.0001, 0.0]",0.0
2026-07-22_01-59-52.mp4,1,120.0,15.0,0.0,motion,0.0,0.0,0.0,0.0,0.0,0.166,2.288,0.752,0.3356,0.08,0.0092,,"[0.0001, -0.0001, -0.0001, -0.0003, -0.0002, -0.0001, -0.0001, -0.0001, 0.0002, -0.0, -0.0, -0.0, -0.0003, -0.0, -0.0, -0.0, 0.0, 0.0, 0.0001, -0.0012, 0.0009, 0.0003, -0.0, -0.0, -0.0, 0.0, -0.0, -0.0001, -0.0, -0.0, -0.0, -0.0, -0.0, -0.0, 0.0003, -0.0, -0.0, -0.0, -0.0, -0.0, -0.0002, 0.0002, -0.0, -0.0, -0.0, -0.0, -0.0, -0.0, -0.0, -0.0, -0.0, -0.0, -0.0, -0.0, -0.0, -0.0, -0.0, -0.0, -0.0, 0.0002, -0.0, -0.0, -0.0, -0.0, -0.0, -0.0, -0.0, -0.0, -0.0, -0.0, -0.0, -0.0, 0.0001, -0.0, -0.0, -0.0, -0.0, -0.0, -0.0, -0.0, -0.0, -0.0, 0.0002, -0.0003, 0.0001, -0.0, -0.0, -0.0, -0.0, -0.0, -0.0, -0.0, -0.0, -0.0, -0.0001, -0.0, -0.0, 0.0001, 0.0004, -0.0, -0.0, -0.0, -0.0, 0.0, -0.0, -0.0, -0.0, -0.0, -0.0, -0.0, -0.0, -0.0003, -0.0, 0.0002, 0.0, 0.0, 0.0, 0.0, 0.0]",0.0
2026-07-15_13-10-23.mp4,1,120.0,15.0,0.0,motion,0.0,0.0,0.0,0.0,0.0,0.2416,0.763,0.497,0.1203,22.607,0.1151,,"[0.0001, -0.0001, -0.0001, -0.0, -0.0, -0.0, -0.0, 0.0, 0.0, 0.0, -0.0004, -0.0, -0.0001, 0.0, 0.0, 0.0001, 0.0001, 0.0001, 0.0001, 0.0001, 0.0001, 0.0001, 0.0001, 0.0001, 0.0001, 0.0001, -0.0, 0.0002, 0.0, -0.0011, -0.0001, 0.0, 0.0, -0.0005, 0.0002, 0.0001, 0.0, 0.0001, 0.0001, 0.0001, 0.0001, 0.0001, 0.0001, 0.0001, 0.0001, 0.0, 0.0, 0.0, 0.0, -0.0, -0.0, -0.0, -0.0, -0.0, -0.0, -0.0, -0.0, -0.0, -0.0, -0.0, 0.0, 0.0, 0.0, 0.0, 0.0, 0.0, 0.0, 0.0, 0.0, 0.0, 0.0, 0.0, 0.0, 0.0, 0.0, -0.0, -0.0, -0.0, -0.0, -0.0, -0.0, -0.0, -0.0, -0.0, -0.0, -0.0, -0.0, -0.0, -0.0, -0.0, -0.0, -0.0, -0.0, -0.0, -0.0, -0.0, -0.0, -0.0, -0.0, -0.0, -0.0, -0.0, -0.0, -0.0, -0.0, -0.0, -0.0, -0.0, -0.0, -0.0, -0.0, -0.0, -0.0, -0.0, -0.0, -0.0, -0.0, -0.0, -0.0]",0.0
2026-07-23_16-28-17.mp4,1,114.0,15.0,0.0,motion,0.0,0.0,0.0,0.0,0.0,0.3245,2.542,0.544,0.454,0.0,0.0,,"[-0.0, 0.0, 0.0, 0.0, 0.0, 0.0, 0.0, 0.0, 0.0, 0.0, 0.0, -0.0001, -0.0001, 0.0001, 0.0, 0.0, -0.0, -0.0, 0.0, 0.0, 0.0, 0.0, 0.0, 0.0, 0.0, 0.0, 0.0, -0.0, -0.0, -0.0, -0.0, -0.0, -0.0, -0.0, -0.0, -0.0, -0.0, -0.0, -0.0, -0.0, -0.0, -0.0, 0.0, -0.0, 0.0, 0.0, 0.0, 0.0, 0.0, 0.0, 0.0, 0.0, 0.0, 0.0, 0.0, 0.0, 0.0, 0.0, 0.0, -0.0, 0.0, 0.0, 0.0, 0.0, 0.0, 0.0, 0.0, 0.0, 0.0, 0.0, 0.0, 0.0, 0.0, 0.0, 0.0, -0.0, -0.0, -0.0, -0.0, -0.0, -0.0, -0.0, -0.0, -0.0, -0.0, -0.0, -0.0, -0.0, -0.0, -0.0, -0.0, -0.0, -0.0, -0.0, -0.0, -0.0, -0.0, -0.0, -0.0, -0.0, -0.0, -0.0, -0.0, -0.0, -0.0, -0.0, -0.0, -0.0, -0.0, -0.0, -0.0, -0.0, -0.0]",0.0
2026-06-30_16-17-32.mp4,1,120.0,15.0,0.0,motion,0.0,0.0,0.0,0.0,0.0,0.5899,0.763,0.944,0.6267,0.538,0.1949,,"[-0.0, -0.0, -0.0, -0.0, -0.0, -0.0, -0.0, -0.0, -0.0, -0.0, -0.0, -0.0, 0.0, -0.0, -0.0, -0.0, -0.0, -0.0, -0.0, -0.0, -0.0, -0.0, -0.0, -0.0, -0.0, -0.0, -0.0, -0.0, 0.0001, -0.0, -0.0, -0.0, -0.0, -0.0, -0.0, -0.0, -0.0, -0.0, -0.0, -0.0, -0.0, -0.0, -0.0, -0.0, -0.0, -0.0005, -0.0009, -0.0009, -0.0009, -0.0009, -0.0009, -0.0009, -0.0009, -0.0009, -0.0009, -0.0009, -0.0009, -0.0009, -0.0009, -0.0007, 0.0137, 0.0115, -0.0007, -0.0008, -0.0008, -0.0013, -0.0005, -0.0009, -0.0008, -0.0009, -0.0011, -0.0009, -0.001, -0.0013, -0.0007, -0.0007, -0.0004, 0.0004, 0.0002, 0.0007, 0.0001, 0.0003, 0.0005, -0.0011, -0.0004, -0.0, -0.0002, -0.0002, -0.0, -0.0, -0.0, -0.0, -0.0, -0.0, 0.0, 0.0001, 0.0007, 0.0003, -0.0007, -0.0001, 0.0001, 0.0002, -0.0001, -0.0001, -0.0, -0.0, -0.0, -0.0, 0.0, -0.0004, 0.0005, -0.0, 0.0, 0.0, -0.0001, -0.0, -0.0, 0.0, 0.0]",0.0
2026-07-02_12-30-35.mp4,1,120.0,15.0,0.0,motion,0.0,0.0,0.0,0.0,0.0,0.1912,0.763,0.574,0.2754,0.828,0.0497,,"[0.0002, 0.0004, 0.0001, 0.0001, 0.0001, -0.0007, -0.0017, 0.0, -0.0007, -0.0014, -0.0006, 0.0001, -0.0005, -0.0001, -0.0002, -0.0, -0.0, -0.0, -0.0, 0.0013, 0.0011, 0.0011, 0.0005, 0.0004, -0.0001, -0.0007, 0.0018, -0.0001, 0.0002, 0.0004, -0.0003, -0.0002, 0.0003, -0.0007, -0.0015, 0.0002, -0.0007, 0.0002, 0.0, -0.0001, 0.0, -0.0001, 0.0, 0.0001, -0.0004, 0.0008, 0.0001, 0.0003, 0.0, 0.0, -0.0, 0.0001, -0.0004, 0.0003, 0.0005, -0.0006, 0.0003, 0.0003, 0.0003, 0.0004, -0.0005, -0.0051, 0.0023, -0.0, -0.0003, -0.0002, 0.0002, -0.0009, -0.0008, -0.0002, -0.0006, -0.0001, -0.0003, 0.0009, -0.0008, 0.0052, 0.0033, 0.0002, -0.0001, -0.0002, -0.0008, -0.0006, -0.0006, -0.0007, -0.0006, -0.0009, -0.0007, -0.0019, -0.0006, -0.0011, -0.0066, 0.0069, -0.0015, -0.0004, -0.0003, 0.0133, -0.0027, 0.0016, 0.0001, -0.0002, -0.0008, -0.0015, 0.001, -0.0012, -0.0004, -0.0004, -0.0007, -0.0004, -0.0004, -0.0004, -0.0004, 0.0007, 0.0, -0.0, -0.0001, 0.0, 0.0001, 0.0, -0.0]",0.0
2026-07-10_07-23-30.mp4,1,120.0,15.0,0.0,motion,0.0,0.0,0.0,0.0,0.0,0.5804,1.525,0.273,0.2894,0.132,0.0185,,"[0.0, -0.0004, -0.0, -0.0001, 0.0009, 0.0001, -0.0008, -0.0, 0.0002, 0.0, 0.0, 0.0, 0.0, 0.0, 0.0, 0.0, 0.0, -0.0003, 0.0, -0.0, 0.0, 0.0, 0.0, 0.0, 0.0, 0.0, 0.0, 0.0, 0.0, 0.0, 0.0001, 0.0001, 0.0001, 0.0001, 0.0, 0.0, 0.0, 0.0, 0.0, 0.0001, 0.0001, 0.0001, -0.0001, -0.0002, -0.0006, -0.0003, 0.0001, -0.0001, -0.0002, 0.0004, 0.0001, 0.0001, 0.0001, 0.0001, -0.0003, 0.0001, 0.0001, 0.0001, 0.0, 0.0004, 0.0007, -0.0, -0.0005, -0.0005, 0.0, 0.0, 0.0001, 0.0, 0.0, 0.0, -0.0, -0.0, -0.0, -0.0, -0.0, 0.0, 0.0, 0.0, 0.0, -0.0, -0.0, -0.0, -0.0, -0.0, -0.0, -0.0, -0.0, -0.0, -0.0, -0.0, -0.0, -0.0, -0.0, -0.0, -0.0, 0.0, -0.0, -0.0, -0.0, -0.0, -0.0, -0.0, -0.0, -0.0, -0.0, -0.0, -0.0, -0.0, -0.0, -0.0, -0.0, -0.0, -0.0, -0.0, -0.0, -0.0, -0.0, -0.0, -0.0]",0.0
2026-07-04_11-42-09.mp4,1,120.0,15.0,0.0,motion,0.0,0.0,0.0,0.0,0.0,0.2509,1.017,0.688,0.4196,0.146,0.022,,"[0.0003, -0.0004, -0.0013, 0.0001, -0.0001, -0.0003, -0.0001, -0.0003, 0.0, -0.0001, 0.0, 0.0001, 0.0, -0.0002, 0.0005, -0.0004, -0.0002, -0.0001, 0.0, 0.0, 0.0001, -0.0002, 0.0005, -0.0005, 0.0001, -0.0, -0.0, 0.0, -0.0, -0.0, -0.0, -0.0002, 0.0003, 0.0003, 0.0, -0.0003, 0.0002, -0.0001, 0.0001, -0.0001, -0.0, 0.0003, -0.0002, -0.0, -0.0, -0.0, -0.0003, -0.0, -0.0, 0.0, 0.0001, 0.0001, -0.0, -0.0002, -0.0, 0.0001, 0.0002, 0.0005, 0.0, -0.0002, -0.0, 0.0, 0.0, 0.0, -0.0003, -0.0, 0.0, 0.0001, 0.0, 0.0, -0.0001, -0.0, 0.0002, 0.0, 0.0001, 0.0001, -0.0, -0.0002, -0.0004, 0.0007, 0.0001, -0.001, 0.0, 0.0001, 0.0001, 0.0008, 0.001, -0.0011, 0.0001, -0.0007, -0.0003, -0.0, -0.0022, 0.001, -0.0002, 0.0004, 0.0001, 0.0005, -0.0, 0.0007, 0.0005, -0.0, 0.0005, -0.0002, 0.0006, 0.0001, -0.0004, 0.0001, -0.0001, -0.0001, -0.0003, -0.0001, -0.0001, -0.0001, -0.0001, -0.0, -0.0, -0.0, -0.0]",0.0
2026-07-14_14-46-49.mp4,1,120.0,15.0,0.042,motion,0.0,0.0,0.0,0.0,0.0,0.4473,1.78,0.0,0.1312,0.723,0.0,,"[0.0002, -0.0035, -0.0018, 0.0004, 0.0004, -0.0023, 0.0004, 0.0004, 0.0004, 0.0004, 0.0004, 0.0004, 0.0005, 0.0005, 0.0004, 0.0004, 0.0004, 0.0003, 0.0002, 0.0002, 0.0002, -0.0024, 0.0, 0.0, -0.0003, -0.0, -0.0009, -0.001, -0.0005, -0.0002, -0.0003, -0.0003, 0.0003, -0.0, 0.0014, -0.0007, 0.0008, 0.0007, -0.0004, 0.0013, 0.0005, 0.0004, 0.0017, 0.0001, 0.0002, 0.0017, -0.0001, -0.0004, -0.0004, -0.0004, -0.0003, -0.0004, -0.0003, -0.0002, -0.0002, -0.0002, -0.0005, -0.0003, -0.0001, -0.0002, 0.0001, 0.0001, 0.0001, -0.0, 0.0001, 0.0, 0.0002, -0.0001, 0.0, -0.0, 0.0, 0.0, 0.0, 0.0, 0.0, 0.0, 0.0, 0.0001, 0.0, -0.0001, -0.0002, 0.0002, 0.0001, 0.0, -0.0001, -0.0004, 0.0, -0.0003, 0.0001, 0.0, 0.0001, -0.0015, -0.0143, -0.0139, -0.0139, -0.0139, -0.0036, -0.0036, -0.0036, -0.0036, -0.0031, -0.004, -0.0039, -0.011, -0.0181, -0.0252, 0.014, 0.3473, -0.0463, -0.0535, -0.0605, -0.3883, -0.0747, -0.0817, -0.0888, -0.0959, -0.0921, -0.11, 0.102]",0.0
2026-07-23_07-58-58.mp4,1,120.0,15.0,0.0,motion,0.0,0.0,0.0,0.0,0.0,0.3946,2.034,0.319,0.3223,0.02,0.0024,,"[-0.0, 0.0002, 0.0001, -0.0001, 0.0001, -0.0, 0.0001, -0.0, -0.0, -0.0001, -0.0, 0.0, -0.0, -0.0, -0.0, -0.0, -0.0, -0.0001, -0.0, 0.0, -0.0, -0.0, 0.0, 0.0, 0.0, 0.0, 0.0, 0.0, -0.0, 0.0, 0.0, 0.0, 0.0, -0.0, -0.0, 0.0, -0.0, -0.0, -0.0, -0.0, -0.0, -0.0, -0.0, -0.0, -0.0, -0.0, -0.0, -0.0, -0.0, -0.0, -0.0, 0.0, -0.0, -0.0, -0.0, -0.0, -0.0, -0.0, -0.0, 0.0, -0.0, -0.0, -0.0, -0.0, -0.0, -0.0, -0.0, -0.0, -0.0, -0.0, -0.0, -0.0, 0.0, 0.0, 0.0, 0.0, 0.0, 0.0, 0.0, 0.0, 0.0, 0.0, 0.0, 0.0001, 0.0, 0.0, 0.0, -0.0001, 0.0, 0.0, -0.0, -0.0, -0.0, -0.0, -0.0, -0.0, -0.0, -0.0, -0.0, 0.0, 0.0, 0.0, 0.0, -0.0, -0.0, 0.0, 0.0, 0.0, 0.0, 0.0, 0.0, 0.0, 0.0, 0.0, 0.0, 0.0, 0.0, 0.0, -0.0]",0.0
2026-07-10_20-04-50.mp4,1,120.0,15.0,0.0,motion,0.0,0.0,0.0,0.0,0.0,0.3932,0.763,0.4,0.1846,0.127,0.0177,,"[-0.0, 0.0, 0.0, 0.0001, 0.0001, 0.0, 0.0, 0.0, 0.0, 0.0, 0.0, 0.0, 0.0, -0.0, -0.0, 0.0, -0.0, 0.0, 0.0, 0.0, 0.0, 0.0, 0.0, -0.0001, -0.0002, -0.0001, 0.0001, 0.0, 0.0001, 0.0001, 0.0, 0.0, 0.0, 0.0001, -0.0, 0.0, 0.0, 0.0, -0.0003, -0.0001, -0.0, 0.0, -0.0004, -0.0001, 0.0, 0.0, 0.0, 0.0, 0.0, 0.0001, -0.0, 0.0004, 0.0001, 0.0, 0.0, -0.0, -0.0, -0.0, -0.0, -0.0, 0.0, -0.0, -0.0, -0.0, -0.0, 0.0001, -0.0, -0.0, 0.0, 0.0, -0.0, 0.0, -0.0, -0.0, -0.0, 0.0, 0.0, -0.0, -0.0001, 0.0, -0.0, -0.0, -0.0, 0.0001, -0.0, 0.0, 0.0, 0.0, 0.0, -0.0, 0.0, -0.0, 0.0, -0.0, -0.0, 0.0, -0.0, -0.0, -0.0, -0.0, -0.0, -0.0001, 0.0, -0.0, 0.0, 0.0, 0.0, -0.0, -0.0, -0.0, -0.0, 0.0001, -0.0, 0.0, 0.0001, -0.0, -0.0, 0.0, -0.0]",0.0
2026-07-24_03-45-05.mp4,1,120.0,15.0,0.0,motion,0.0,0.0,0.0,0.0,0.0,0.2633,1.78,0.266,0.2738,0.207,0.012,,"[-0.0001, 0.0006, 0.0005, 0.0005, -0.0001, 0.0003, -0.0, 0.0002, 0.0006, 0.0002, 0.0004, 0.0003, 0.0002, 0.0001, -0.0039, -0.0001, -0.0001, 0.0006, 0.0002, 0.0007, 0.0, -0.0002, 0.0006, -0.0003, -0.0006, 0.0004, -0.0001, 0.0001, 0.0001, 0.0001, -0.0, -0.0, -0.0, -0.0, 0.0006, 0.0, -0.0001, 0.0, -0.0, 0.0003, -0.0002, -0.0001, -0.0001, -0.0001, 0.0004, -0.0, -0.0001, -0.0, -0.0, -0.0001, -0.0001, 0.0, -0.0, 0.0, -0.0001, -0.0, -0.0001, -0.0001, 0.0, -0.0001, -0.0, 0.0006, -0.0003, 0.0002, 0.0001, -0.0, -0.0, 0.0, -0.0, -0.0, -0.0, -0.0, -0.0, -0.0, -0.0, -0.0, -0.0, -0.0001, 0.0, -0.0, 0.0002, 0.0, -0.0, -0.0, -0.0, -0.0, 0.0002, -0.0001, -0.0001, -0.0, -0.0002, -0.0, -0.0002, -0.0, -0.0002, 0.0001, 0.0, -0.0001, -0.0001, -0.0005, 0.0009, -0.001, 0.0021, 0.0001, -0.0004, 0.0005, 0.0001, 0.0004, 0.0001, 0.0002, -0.0, 0.0002, 0.0004, 0.0004, 0.0004, 0.0013, 0.0006, 0.0005, -0.0007]",0.0
2026-07-06_00-47-06.mp4,1,120.0,15.0,0.0,motion,0.0,0.0,0.0,0.0,0.0,0.2901,2.797,0.663,0.29,0.133,0.0225,,"[0.0003, -0.0003, -0.0003, -0.0003, -0.0003, -0.0002, -0.0002, -0.0002, -0.0002, -0.0001, -0.0001, -0.0001, -0.0001, -0.0001, -0.0, -0.0, 0.0, 0.0, 0.0, 0.0, 0.0, 0.0, 0.0, 0.0, 0.0, 0.0, 0.0, 0.0, 0.0, 0.0, 0.0, 0.0, 0.0, 0.0, 0.0, 0.0, 0.0, 0.0, 0.0, 0.0, 0.0, 0.0, 0.0, 0.0, 0.0, 0.0, 0.0, 0.0, 0.0, 0.0, 0.0, 0.0, -0.0, -0.0, -0.0, -0.0, -0.0, -0.0, -0.0, -0.0009, 0.0003, 0.0001, 0.0003, -0.0, -0.0, -0.0, -0.0, 0.0005, -0.0001, -0.0, -0.0, -0.0, -0.0, -0.0, -0.0, -0.0, -0.0, -0.0, -0.0, -0.0, -0.0, -0.0, -0.0, -0.0, 0.0002, -0.0, -0.0, -0.0, -0.0, -0.0, -0.0, -0.0, -0.0, -0.0, -0.0, -0.0, -0.0, -0.0, -0.0, -0.0, 0.0, 0.0, 0.0, 0.0, 0.0, 0.0, 0.0, 0.0, 0.0, 0.0, 0.0, 0.0, 0.0, 0.0, 0.0, 0.0, 0.0, 0.0, 0.0]",0.0
2026-07-17_23-07-54.mp4,1,120.0,15.0,0.0,motion,0.0,0.0,0.0,0.0,0.0,0.1966,1.017,0.465,0.4353,6.108,0.0785,,"[0.0, -0.0003, 0.0002, -0.0001, 0.0002, 0.0001, -0.0, 0.0001, -0.0001, -0.0002, -0.0, 0.0, 0.0001, -0.0, 0.0001, -0.0001, 0.0, -0.0, 0.0001, 0.0, 0.0002, 0.0, -0.0, 0.0001, 0.0001, 0.0001, 0.0001, 0.0001, -0.0002, -0.0002, 0.0001, -0.0019, 0.0001, 0.0, -0.0001, 0.0001, 0.0, 0.0001, 0.0003, -0.0001, 0.0001, 0.0, -0.0, 0.0, 0.0002, -0.0004, -0.0005, -0.0004, 0.0013, 0.0002, -0.0008, 0.0018, -0.0004, 0.0, -0.0001, -0.0001, -0.0001, 0.0001, -0.0, -0.0001, -0.0001, -0.0, -0.0, -0.0001, -0.0, -0.0, -0.0001, 0.0001, -0.0, 0.0, -0.0001, 0.0002, -0.0, 0.0, 0.0, 0.0, -0.0001, -0.0001, 0.0, 0.0, -0.0001, 0.0, 0.0, 0.0, 0.0, -0.0, 0.0, -0.0, 0.0, 0.0, 0.0, -0.0, -0.0001, -0.0, 0.0, 0.0002, -0.0001, 0.0, -0.0, -0.0, -0.0, -0.0, 0.0, 0.0, -0.0, 0.0, -0.0, -0.0, 0.0, -0.0, -0.0, -0.0, -0.0, -0.0, 0.0002, -0.0, -0.0, -0.0, -0.0]",0.0
2026-07-05_11-41-21.mp4,1,120.0,15.0,0.0,motion,0.0,0.0,0.0,0.0,0.0,0.3478,0.763,0.285,0.2402,99.0,0.0988,,"[-0.0026, 0.0169, 0.1872, -0.0115, -0.0112, -0.0109, -0.0105, -0.0102, -0.0099, -0.0095, -0.0093, -0.009, -0.0085, -0.0082, -0.0079, -0.0075, -0.0072, -0.0062, 0.0001, 0.0001, 0.0001, 0.0001, 0.0001, 0.0001, 0.0001, 0.0001, 0.0001, -0.004, 0.0001, 0.0001, 0.0001, 0.0001, 0.0001, 0.0001, 0.0001, 0.0001, 0.0001, 0.0001, 0.0001, 0.0001, 0.0001, 0.0001, 0.0001, 0.0, 0.0021, 0.0021, 0.0021, 0.0021, 0.0021, 0.0021, 0.0021, 0.0021, 0.0017, 0.0017, 0.0005, 0.0015, 0.0015, 0.0015, 0.0015, -0.0643, 0.0015, 0.0015, 0.0015, 0.0011, 0.002, 0.002, 0.002, 0.0156, 0.0011, 0.0374, -0.0288, 0.0008, 0.0008, 0.0008, 0.0008, -0.0014, -0.0014, -0.0014, -0.0033, -0.0149, -0.0014, -0.0014, -0.0014, 0.0271, 0.0077, 0.001, -0.0007, -0.0007, -0.0007, -0.0007, -0.0007, -0.0007, -0.0007, -0.0007, -0.0008, -0.0012, -0.0012, -0.0012, -0.0012, -0.0009, -0.0006, -0.0006, -0.0006, -0.0006, -0.0006, -0.0006, -0.0006, -0.0006, -0.0006, -0.0006, -0.0006, -0.0006, -0.0006, -0.0006, 0.0179, -0.0006, -0.0006, -0.0006, -0.0006]",0.0
2026-07-24_02-27-12.mp4,1,120.0,15.0,0.0,motion,0.0,0.0,0.0,0.0,0.0,0.2632,0.763,0.551,0.2288,8.11,0.1292,,"[0.0, -0.0, 0.0, -0.0, 0.0, 0.0, 0.0001, 0.0, 0.0, 0.0, 0.0, 0.0, 0.0, 0.0, -0.0, -0.0001, 0.0001, -0.0003, -0.0007, 0.0002, -0.0001, -0.0, -0.0, 0.0, 0.0, 0.0001, 0.0001, -0.0, 0.0, 0.0007, -0.0, -0.0001, 0.0001, -0.0, -0.0, -0.0, 0.0, -0.0, -0.0, -0.0001, -0.0, -0.0, 0.0, -0.0, -0.0, -0.0, -0.0, -0.0001, -0.0001, -0.0, 0.0, -0.0, 0.0002, 0.0, -0.0001, -0.0, -0.0001, -0.0001, -0.0001, -0.0001, -0.0001, -0.0001, -0.0002, -0.0001, -0.0001, -0.0, 0.0, 0.0011, 0.0003, -0.0001, -0.0001, 0.0016, -0.0001, -0.0001, -0.0001, -0.0001, -0.0001, -0.0001, -0.0001, -0.0001, -0.0002, -0.0001, -0.0002, -0.0001, -0.0001, 0.0002, -0.0001, 0.0, 0.0, 0.0, 0.0, 0.0, 0.0, 0.0, -0.0002, 0.0, 0.0001, -0.0, 0.0, 0.0, 0.0, 0.0, 0.0, -0.0001, 0.0, 0.0, 0.0, 0.0, 0.0, 0.0, 0.0, 0.0, 0.0, 0.0, 0.0, 0.0, 0.0, 0.0, 0.0]",0.0
2026-07-04_06-52-30.mp4,1,120.0,15.0,0.0,motion,0.0,0.0,0.0,0.0,0.0,0.1914,0.763,0.467,0.3146,0.345,0.0229,,"[0.0209, -0.367, 0.0215, 0.0222, 0.0222, 0.1366, 0.0207, -0.3781, 0.0222, 0.0222, 0.0153, 0.0259, 0.0188, 0.0613, 0.0188, -0.0022, 0.0184, 0.0063, -0.0318, 0.0062, 0.0062, 0.0099, 0.0099, -0.003, -0.003, 0.1032, -0.0031, -0.0029, -0.0029, -0.0014, -0.0014, -0.0021, -0.0021, -0.0021, -0.0033, -0.0033, -0.0033, -0.0033, -0.0033, -0.0033, -0.0033, 0.0001, 0.0001, -0.0021, -0.0032, -0.0016, -0.0016, -0.0016, -0.0016, -0.0012, -0.0012, -0.0012, -0.0012, -0.0017, -0.0017, -0.0017, 0.0003, 0.0003, 0.0703, -0.0935, 0.0762, 0.0003, 0.0003, 0.0003, -0.0102, 0.0003, 0.0003, 0.0003, 0.0146, 0.0003, 0.0003, -0.0628, 0.0002, 0.0002, 0.0025, -0.0006, 0.002, 0.0021, 0.0021, 0.0021, 0.0018, 0.0018, 0.0018, 0.0018, 0.0022, 0.0024, 0.0022, 0.0002, 0.0002, 0.0002, 0.0002, -0.002, -0.0037, 0.0002, 0.0002, 0.0002, 0.0002, 0.0235, 0.0235, 0.0235, 0.0235, 0.0176, 0.0176, 0.0171, 0.0166, 0.0162, 0.0157, 0.0152, 0.0146, 0.0141, 0.0136, 0.0132, -0.7093, 0.0117, 0.0124, 0.0113, 0.1936, 0.0103, 0.0244]",0.0
2026-07-18_15-06-44.mp4,1,120.0,15.0,0.0,motion,0.0,0.0,0.0,0.0,0.0,0.2562,2.288,0.202,0.3207,0.252,0.0104,,"[-0.0, 0.0003, -0.0, -0.0, -0.0001, -0.0, -0.0, -0.0, -0.0, -0.0, -0.0, -0.0, -0.0, -0.0, -0.0, -0.0, -0.0, -0.0, -0.0, 0.0001, -0.0, 0.0, -0.0, -0.0, -0.0, 0.0, 0.0, 0.0002, 0.0001, 0.0005, -0.0005, -0.0, -0.0, -0.0, -0.0, -0.0, -0.0, -0.0, -0.0, -0.0, -0.0, 0.0001, -0.0, -0.0, -0.0, 0.0, -0.0, -0.0, -0.0, 0.0001, -0.0, -0.0002, -0.0, -0.0, -0.0, 0.0002, -0.0, -0.0, -0.0, 0.0, -0.0, -0.0, -0.0, -0.0, -0.0, -0.0, -0.0, -0.0, -0.0, -0.0, -0.0, -0.0, -0.0, -0.0, -0.0, 0.0, -0.0, -0.0, -0.0, -0.0, 0.0, -0.0, -0.0, -0.0, -0.0, -0.0, -0.0, -0.0, -0.0, -0.0, -0.0, 0.0001, -0.0, -0.0, -0.0, -0.0002, 0.0005, -0.0, 0.0004, -0.0004, -0.0, -0.0002, -0.0, -0.0, -0.0, -0.0, -0.0, -0.0, -0.0, -0.0, -0.0, -0.0, 0.0, 0.0, 0.0, 0.0, 0.0, 0.0, 0.0]",0.0
2026-07-11_17-27-24.mp4,1,120.0,15.0,0.0,motion,0.0,0.0,0.0,0.0,0.0,0.2903,0.763,0.0,0.3434,10.923,0.0,,"[0.007, -0.0077, -0.0061, -0.0061, -0.0056, -0.0051, -0.0047, -0.0042, -0.0037, -0.0033, -0.0028, -0.0023, -0.0019, -0.0014, -0.0009, -0.0005, 0.0, -0.0, 0.0, 0.0, 0.0, 0.0, 0.0, 0.0, 0.0, 0.0, 0.0, 0.0, 0.0, 0.0, 0.0004, 0.0004, 0.0004, 0.0004, 0.0004, 0.0004, 0.0004, 0.0004, 0.0004, 0.0004, 0.0004, 0.0004, 0.0004, 0.0004, 0.0004, -0.0133, 0.0004, 0.0012, 0.0004, 0.0004, 0.0004, 0.0004, 0.0004, 0.0004, 0.0008, 0.0004, 0.0005, 0.0004, 0.0004, 0.001, 0.0003, -0.0001, -0.0001, -0.0001, -0.0001, -0.0001, -0.0001, -0.0001, -0.0001, -0.0001, -0.0001, -0.0001, -0.0, 0.0007, -0.0, -0.0, -0.0, -0.0, -0.0, -0.0, -0.0, -0.0, -0.0, -0.0, -0.0, -0.0, -0.0, -0.0, -0.0, -0.0, -0.0, -0.0, -0.0, -0.0, -0.0, -0.0, -0.0, -0.0, -0.0, -0.0, -0.0, -0.0, -0.0, -0.0, -0.0, -0.0, -0.0, -0.0, -0.0, -0.0, -0.0, -0.0, -0.0, -0.0, -0.0, -0.0, -0.0, -0.0, -0.0]",0.0
2026-07-02_05-18-04.mp4,1,120.0,15.0,0.0,motion,0.0,0.0,0.0,0.0,0.0,0.3067,0.763,0.439,0.2769,0.166,0.0191,,"[0.0, -0.0001, -0.0, -0.0, -0.0, -0.0, -0.0, -0.0, 0.0001, -0.0001, -0.0, -0.0, -0.0, 0.0001, -0.0001, -0.0001, -0.0, -0.0, -0.0, -0.0002, 0.0, 0.0001, 0.0001, 0.0003, 0.0003, -0.0001, 0.0001, 0.0002, -0.0, -0.0, 0.0001, -0.0, -0.0, -0.0, -0.0, -0.0, -0.0, -0.0, -0.0001, -0.0, -0.0001, 0.0, -0.0, -0.0, 0.0, -0.0, -0.0, -0.0, 0.0002, 0.0001, 0.0, 0.0, -0.0001, -0.0, 0.0, -0.0, -0.0001, 0.0, 0.0, 0.0001, -0.0, 0.0, 0.0, 0.0, 0.0, -0.0001, -0.0, 0.0001, 0.0, -0.0001, 0.0, 0.0, -0.0, 0.0, -0.0, 0.0, 0.0, 0.0, 0.0, 0.0, 0.0, -0.0002, 0.0002, 0.0, -0.0, 0.0, 0.0, 0.0, 0.0, -0.0001, 0.0, 0.0, 0.0, 0.0, 0.0, 0.0, 0.0, 0.0, 0.0, 0.0, 0.0, 0.0, 0.0, 0.0, -0.0, 0.0001, 0.0, 0.0, 0.0, 0.0, -0.0002, 0.0001, 0.0, 0.0, 0.0, 0.0, 0.0, 0.0, 0.0]",0.0
2026-07-01_12-44-24.mp4,1,120.0,15.0,0.0,motion,0.0,0.0,0.0,0.0,0.0,0.2741,0.763,0.317,0.2141,0.035,0.003,,"[0.0, -0.0, -0.0, -0.0, -0.0, -0.0, -0.0, -0.0, -0.0, -0.0, -0.0, -0.0, -0.0, -0.0, -0.0, -0.0, 0.0, 0.0, 0.0, 0.0, 0.0, 0.0, -0.0, -0.0, -0.0, -0.0, -0.0, -0.0, -0.0, -0.0, -0.0, -0.0, -0.0, -0.0, -0.0, -0.0, -0.0, 0.0, -0.0, -0.0, 0.0001, 0.0, -0.0, -0.0, -0.0, -0.0, -0.0, -0.0, -0.0, -0.0, 0.0, 0.0, -0.0, -0.0, -0.0, 0.0, 0.0001, -0.0, -0.0, 0.0001, -0.0, -0.0, -0.0, -0.0, -0.0, -0.0, -0.0, -0.0, -0.0, -0.0, -0.0, -0.0, -0.0, -0.0, -0.0, 0.0, -0.0, -0.0, -0.0, -0.0, -0.0, -0.0, -0.0, -0.0, -0.0, -0.0, -0.0, -0.0, -0.0, -0.0, -0.0, 0.0, 0.0, 0.0, 0.0, 0.0, 0.0, 0.0, 0.0, 0.0, 0.0, -0.0, -0.0, -0.0, -0.0, -0.0, -0.0, -0.0, -0.0, -0.0, -0.0, -0.0, -0.0, -0.0, -0.0, -0.0, 0.0001, -0.0, -0.0]",0.0
2026-07-17_22-29-54.mp4,1,120.0,15.0,0.0,motion,0.0,0.0,0.0,0.0,0.0,0.4642,2.288,0.392,0.3553,0.946,0.0886,,"[0.0001, -0.0001, 0.0002, -0.0002, -0.0, -0.0002, -0.0002, -0.0004, 0.0001, -0.0002, -0.0001, -0.0001, 0.0, 0.0003, 0.0002, 0.0003, 0.0001, -0.0002, -0.0, -0.0001, -0.0001, 0.0001, 0.0001, 0.0, -0.0, -0.0001, -0.0, -0.0001, -0.0, 0.0002, -0.0001, -0.0002, 0.0, -0.0, -0.0, -0.0, -0.0001, -0.0001, 0.0001, 0.0001, 0.0, -0.0, 0.0, 0.0, 0.0001, 0.0, 0.0, -0.0, -0.0, -0.0, -0.0, -0.0001, 0.0, -0.0, -0.0001, 0.0, 0.0, 0.0, 0.0, 0.0001, 0.0, 0.0, 0.0, 0.0, 0.0, 0.0, -0.0, 0.0, -0.0001, -0.0002, 0.0, 0.0, 0.0, 0.0, 0.0, 0.0, 0.0, 0.0, -0.0, 0.0, 0.0, 0.0, 0.0, 0.0, 0.0, -0.0, -0.0, 0.0, 0.0, 0.0, 0.0, 0.0, 0.0, 0.0, 0.0, -0.0, 0.0, 0.0, 0.0, 0.0, -0.0, 0.0, 0.0, 0.0, 0.0, 0.0, -0.0, -0.0, 0.0001, 0.0, -0.0, -0.0, 0.0, 0.0, 0.0, 0.0, -0.0, 0.0, -0.0]",0.0
2026-07-03_13-26-12.mp4,1,120.0,15.0,0.0,motion,0.0,0.0,0.0,0.0,0.0,0.4268,2.542,0.0,0.3635,17.174,0.0,,"[0.0005, -0.0002, 0.0006, -0.0026, 0.0005, 0.0016, 0.0012, -0.0002, -0.0002, -0.0002, -0.0001, 0.0, -0.0001, -0.0012, -0.0, 0.0, -0.0001, -0.0001, -0.0, -0.0434, -0.0002, -0.0002, 0.0432, 0.0001, -0.0003, -0.0003, 0.0001, -0.0002, -0.0002, -0.0002, -0.0003, 0.0031, -0.0003, -0.0003, 0.002, -0.0017, 0.0006, -0.0017, -0.0001, -0.0002, -0.0002, -0.0002, -0.0021, -0.0003, -0.0002, 0.0009, -0.0003, -0.0002, -0.0002, -0.0002, -0.0001, -0.0001, -0.0, -0.0, -0.0, -0.0, -0.0, 0.0009, -0.0001, -0.0009, 0.0006, 0.001, -0.0001, -0.0001, -0.0001, -0.0001, -0.0001, -0.0001, -0.0001, -0.0001, -0.0001, -0.0001, -0.0001, -0.0, -0.0, -0.0001, -0.0, -0.0, -0.0, 0.0003, -0.0, -0.0, -0.0, -0.0, -0.0, -0.0, -0.0, -0.0, -0.0, -0.0, -0.0, -0.0, -0.0, -0.0, -0.0, -0.0, -0.0, -0.0, -0.0, -0.0, -0.0, -0.0, -0.0, -0.0, -0.0, -0.0, -0.0, -0.0, -0.0, -0.0, -0.0, -0.0, -0.0, -0.0, -0.0, -0.0, -0.0, -0.0, -0.0]",0.0
2026-07-07_12-22-22.mp4,1,92.0,15.0,0.0,motion,0.0,0.0,0.0,0.0,0.0,0.3248,2.797,0.345,0.3696,0.014,0.0016,,"[-0.0001, -0.0002, 0.0012, -0.0003, 0.0001, 0.0001, 0.0001, 0.0001, 0.0, 0.0, 0.0, 0.0, 0.0, 0.0, -0.0, -0.0, -0.0, -0.0, 0.0, -0.0, -0.0, -0.0, -0.0, 0.0, 0.0, 0.0, 0.0, 0.0, -0.0, -0.0, 0.0001, -0.0, -0.0, -0.0, -0.0, -0.0, -0.0, -0.0001, -0.0, -0.0, -0.0, -0.0, -0.0, 0.0003, -0.0, -0.0, -0.0, 0.0, -0.0, 0.0001, -0.0, 0.0, -0.0, -0.0, -0.0, -0.0, -0.0, -0.0, -0.0, 0.0, 0.0001, -0.0, -0.0001, -0.0, -0.0, -0.0, -0.0, -0.0, -0.0, -0.0, -0.0, -0.0, -0.0, -0.0, -0.0, -0.0, -0.0, -0.0, -0.0, -0.0, -0.0, 0.0003, -0.0, -0.0, -0.0, -0.0, -0.0, -0.0, -0.0, -0.0, -0.0]",0.0
2026-07-23_17-05-46.mp4,1,120.0,15.0,0.0,motion,0.0,0.0,0.0,0.0,0.0,0.2991,2.288,0.23,0.1583,1.298,0.0389,,"[0.0001, -0.0001, 0.0, 0.0028, -0.0008, -0.0001, -0.0002, -0.0001, -0.0004, -0.0, -0.0003, -0.0, -0.0, -0.0001, -0.0006, 0.0001, 0.0001, 0.0001, 0.0001, -0.0008, 0.0002, 0.0002, -0.0001, 0.0003, 0.0003, 0.0003, 0.0003, 0.0003, -0.0, -0.0007, 0.0002, -0.0004, 0.0002, -0.0013, 0.0001, 0.0, -0.0003, -0.0022, 0.0, 0.0, 0.0, 0.0, 0.0, 0.0, 0.0001, 0.0, -0.0009, -0.0001, -0.0001, 0.0059, -0.0001, -0.0001, -0.0001, -0.0002, -0.0002, -0.0002, -0.0002, -0.0002, -0.0002, -0.0014, -0.0001, 0.0016, -0.0002, -0.0002, -0.0002, -0.0, -0.0, -0.0, -0.0, 0.0, 0.0, -0.0006, -0.0, -0.0, -0.0, -0.0, -0.0, 0.0, 0.0, 0.0, 0.0, -0.0001, -0.0001, -0.0001, -0.0003, -0.0001, -0.0, 0.0004, -0.0001, -0.0001, -0.0001, 0.0, -0.0, -0.0, 0.0004, -0.0, 0.002, -0.0001, -0.0001, -0.0001, -0.0001, -0.0001, -0.0001, 0.0001, 0.0003, 0.0005, -0.0015, 0.0016, 0.0011, 0.0012, 0.0015, 0.0017, 0.0051, 0.0021, 0.0023, 0.0025, 0.0027, 0.0029, -0.0031]",0.0
2026-07-08_22-38-40.mp4,1,120.0,15.0,0.0,motion,0.0,0.0,0.0,0.0,0.0,0.1369,0.763,0.0,0.38,1.106,0.0,,"[0.0134, -0.0256, -0.0117, -0.0109, -0.01, -0.0084, -0.0083, -0.0074, -0.0065, -0.0057, -0.0048, -0.0039, -0.0031, -0.0022, -0.0013, -0.0005, 0.0004, -0.0, -0.0, -0.0, -0.0, 0.0, 0.0, 0.0, 0.0, 0.0, 0.0, 0.0, 0.0, 0.0, 0.0, 0.0, 0.0, 0.0, 0.0, 0.0, 0.0, 0.0, 0.0, 0.0, 0.0, 0.0, 0.0, 0.0, -0.0, -0.0001, -0.0001, -0.0001, -0.0001, -0.0001, -0.0001, -0.0001, -0.0001, -0.0001, -0.0001, -0.0001, -0.0001, -0.0001, -0.0001, 0.0014, 0.002, 0.0002, -0.0001, -0.0001, -0.0001, -0.0001, -0.0001, -0.0001, -0.0001, -0.0001, -0.0001, -0.0001, -0.0001, -0.0001, -0.0001, -0.0001, -0.0, -0.0, 0.0, 0.0, 0.0, 0.0, 0.0, 0.0, 0.0, 0.0, 0.0, 0.0, 0.0, 0.0, 0.0, 0.0, 0.0, 0.0, 0.0, 0.0, 0.0, 0.0, 0.0, 0.0, 0.0, 0.0, 0.0, 0.0, 0.0, 0.0, 0.0, 0.0, 0.0, 0.0, 0.0, 0.0, 0.0, 0.0, 0.0, 0.0, 0.0, 0.0, 0.0]",0.0
2026-07-02_22-31-38.mp4,1,120.0,15.0,0.0,motion,0.0,0.0,0.0,0.0,0.0,0.3086,0.763,0.597,0.3543,3.176,0.1402,,"[-0.0042, 0.0039, 0.0022, 0.006, -0.0063, 0.0041, 0.005, 0.0029, 0.0036, 0.0021, 0.002, 0.0019, 0.0014, 0.0011, 0.0008, 0.0007, 0.0002, 0.0002, 0.0001, 0.0002, -0.0001, -0.0001, -0.0, -0.0, -0.0, -0.0, -0.0002, 0.0, 0.0, 0.0, 0.0, 0.0, 0.0003, 0.0003, 0.0003, 0.0003, 0.0003, 0.0003, 0.0003, 0.0003, 0.0003, 0.0003, 0.0002, 0.0002, 0.0002, 0.0002, 0.0002, -0.0087, 0.0002, 0.0002, 0.0002, 0.0003, 0.0002, 0.0002, 0.0005, 0.0012, 0.0002, 0.0002, 0.0002, 0.0005, 0.0008, 0.0007, 0.0002, -0.0004, -0.0006, -0.0002, -0.0005, 0.0002, 0.0002, -0.0001, -0.0002, -0.0, -0.0002, -0.0, -0.0, -0.0, 0.0005, 0.0, 0.0, 0.0, -0.0, -0.0, -0.0, -0.0, -0.0, -0.0, -0.0, 0.0, -0.0004, -0.0004, -0.0004, -0.0004, -0.0004, -0.0004, -0.0004, -0.0004, -0.0004, -0.0004, -0.0004, -0.0004, -0.0004, -0.0004, -0.0015, 0.0132, -0.0004, -0.0004, -0.0004, -0.0004, -0.0004, -0.0004, -0.0004, -0.0004, -0.0004, -0.0004, -0.0004, -0.0004, -0.0004, -0.0008, -0.0004]",0.0
2026-07-11_17-22-06.mp4,1,120.0,15.0,0.217,motion,0.0,0.0,0.0,0.0,0.0,0.6519,0.763,0.627,0.6393,2.441,0.29,,"[-0.0, -0.0, -0.0, -0.0, -0.0, -0.0, -0.0, -0.0, -0.0, -0.0, -0.0, -0.0, -0.0, -0.0001, -0.0, 0.0004, -0.0002, -0.0002, -0.0002, -0.0002, -0.0002, -0.0002, -0.0002, -0.0002, -0.0002, -0.0003, 0.0, -0.0003, -0.0002, -0.0004, -0.0001, 0.0057, -0.0003, -0.0002, -0.0002, -0.0002, 0.0002, -0.0002, -0.0006, 0.0003, 0.002, -0.0002, -0.0003, -0.0004, -0.0015, -0.0005, -0.0005, -0.0011, -0.0003, -0.0002, -0.0006, -0.0003, -0.0003, -0.0003, -0.0003, -0.0002, -0.0002, 0.001, -0.0002, 0.0074, -0.0002, -0.0001, -0.0001, -0.0001, -0.0001, -0.0001, -0.0001, -0.0001, -0.0002, -0.0002, -0.0021, 0.0021, -0.0002, -0.0003, -0.0022, -0.0017, -0.0023, -0.0009, -0.0002, -0.0002, 0.0001, 0.0, 0.0011, 0.0015, 0.0013, -0.0013, -0.0011, 0.0002, -0.0017, -0.0015, -0.0017, -0.0038, -0.003, -0.0023, -0.0037, 0.0001, -0.0011, 0.0059, 0.0074, 0.0118, 0.0103, 0.0056, 0.0011, -0.0012, -0.0018, -0.0027, -0.0031, -0.0037, -0.0035, -0.0012, -0.0039, -0.004, -0.0082, -0.006, -0.0032, -0.0039, -0.0017, 0.0011, 0.0034]",0.0
2026-07-16_07-56-46.mp4,1,120.0,15.0,0.025,motion,0.0,0.0,0.0,0.0,0.0,0.1708,1.78,0.484,0.1158,1.123,0.0437,,"[-0.0004, -0.0004, -0.0004, -0.0027, 0.0112, -0.0051, 0.0089, 0.0002, -0.0004, -0.0034, 0.0, -0.0004, -0.0003, -0.0008, -0.0002, -0.0001, -0.0005, -0.0004, -0.0004, -0.0005, -0.0001, -0.0002, 0.0001, -0.0, 0.0, -0.0, -0.0001, -0.0001, -0.0001, -0.0002, -0.0001, 0.0001, -0.0001, 0.0002, 0.0002, -0.0003, -0.0028, 0.004, 0.0045, 0.0046, 0.0036, 0.0035, 0.0043, 0.0033, 0.0034, 0.0033, 0.0033, -0.0009, 0.0069, 0.0016, 0.0097, 0.0807, -0.2121, 0.0218, 0.0027, 0.0071, 0.005, 0.0051, 0.0114, 0.005, 0.0052, 0.005, 0.005, 0.0048, 0.0049, 0.005, 0.0297, -0.0047, -0.0078, 0.0153, -0.059, -0.006, 0.0013, 0.0013, 0.0015, 0.0015, 0.0016, 0.0016, 0.0016, 0.0016, 0.0015, 0.0037, 0.0018, 0.0019, 0.0017, 0.0021, 0.0002, -0.0, -0.0001, -0.0, 0.0001, -0.0, -0.0002, 0.0, -0.0, -0.0001, -0.0001, 0.0, 0.0001, -0.0, 0.0, 0.0, 0.0, 0.0006, -0.0004, -0.0004, 0.0, 0.0, -0.0, 0.0, 0.0, -0.0, -0.0, -0.0, 0.0, 0.0, 0.0, -0.0, 0.0]",0.0
2026-07-06_00-33-00.mp4,1,120.0,15.0,0.142,motion,0.0,0.0,0.0,0.0,0.0,0.2454,2.288,0.526,0.3237,1.28,0.0725,,"[-0.0, -0.0, 0.0001, 0.0001, 0.0001, -0.0001, -0.0, 0.0001, -0.0, -0.0, 0.0, -0.0, -0.0, 0.0, -0.0, -0.0, -0.0, -0.0, 0.0, -0.0, 0.0, 0.0, 0.0, -0.0001, 0.0, 0.0, 0.0, 0.0, 0.0, 0.0, -0.0001, -0.0001, 0.0, 0.0001, 0.0, 0.0, 0.0, 0.0, 0.0, 0.0, -0.0, -0.0, -0.0, 0.0, 0.0, -0.0, 0.0001, 0.0, 0.0, 0.0, 0.0, -0.0001, 0.0, 0.0001, 0.0, 0.0001, 0.0001, 0.0001, -0.0006, 0.0, 0.0, 0.0, 0.0, 0.0, 0.0002, -0.001, 0.0, 0.0003, -0.0, 0.0, -0.0, 0.0001, -0.0001, 0.0002, -0.0, 0.0, 0.0, 0.0, 0.0, 0.0, 0.0, -0.0, 0.0001, -0.0, -0.0, -0.0, -0.0, -0.0, 0.0001, -0.0, -0.0, -0.0, -0.0001, -0.0, 0.0, 0.0001, -0.0, -0.0001, -0.0, -0.0, 0.0, -0.0, 0.0001, 0.0001, -0.0, 0.0, -0.0, 0.0001, 0.0, 0.0001, -0.0, -0.0, -0.0, -0.0, 0.0, -0.0, -0.0, -0.0, -0.0]",0.0
2026-07-07_12-25-04.mp4,1,120.0,15.0,0.008,motion,0.0,0.0,0.0,0.0,0.0,0.5275,1.525,0.119,0.2645,12.46,0.0582,,"[-0.0001, 0.0001, -0.0, -0.0, 0.0002, 0.0007, 0.0009, 0.0011, 0.0012, 0.0005, 0.0007, 0.0009, 0.0009, 0.0009, 0.0009, 0.0009, 0.0008, 0.0009, 0.0017, -0.01, -0.0096, -0.0023, -0.002, -0.0014, 0.0017, 0.0009, 0.0033, 0.0013, 0.0004, 0.0005, 0.0004, 0.0004, 0.0011, 0.001, 0.0009, 0.0005, 0.0003, 0.0002, 0.0001, -0.0001, 0.0002, 0.0001, 0.0003, 0.0003, 0.0001, 0.0003, -0.0001, -0.0002, -0.0005, -0.0005, -0.0008, 0.0001, 0.0003, -0.0003, -0.0, 0.0001, 0.001, -0.0058, 0.0001, -0.0007, -0.0005, 0.0059, 0.0017, -0.0006, 0.0001, 0.0001, -0.0004, -0.0001, -0.0001, 0.0002, 0.0, 0.0001, 0.0, -0.0, 0.0, -0.0004, -0.0003, 0.0001, -0.0, 0.0002, -0.0001, 0.0, -0.0001, -0.0001, -0.0002, -0.0002, 0.0001, -0.0, 0.0002, -0.0002, -0.0004, -0.0001, -0.0005, 0.0013, -0.0002, -0.0002, 0.0008, 0.0011, -0.0008, 0.0006, 0.0001, -0.0011, -0.0025, 0.0024, -0.0003, 0.0004, -0.0001, -0.0001, -0.0001, 0.0017, 0.0001, 0.0002, 0.0001, -0.0002, 0.0001, 0.0002, 0.0001, 0.0002, -0.0004]",0.0
2026-07-02_12-30-47.mp4,1,120.0,15.0,0.0,motion,0.0,0.0,0.0,0.0,0.0,0.2473,0.763,0.325,0.3918,5.234,0.0675,,"[-0.0004, 0.0001, -0.0002, 0.0, 0.0007, -0.0007, -0.0009, 0.0005, 0.0004, 0.0005, 0.0005, 0.0009, 0.0002, 0.0002, 0.0001, 0.0003, -0.0001, 0.0008, 0.0001, -0.0001, -0.0001, -0.0001, -0.0002, -0.0002, -0.0003, -0.0003, -0.0007, 0.0001, -0.0005, -0.0004, -0.0005, -0.0001, -0.0, -0.0013, 0.0041, -0.0001, -0.0002, -0.0, 0.0012, -0.0001, -0.0001, -0.0001, -0.0005, 0.0, -0.0001, -0.0001, 0.0004, 0.0002, -0.0001, -0.0005, -0.0002, -0.0, 0.0, 0.0, 0.0001, 0.0001, 0.0001, 0.0002, 0.0002, 0.0001, 0.0004, 0.0003, 0.0017, -0.0025, 0.0003, 0.0003, -0.0012, -0.0005, 0.0001, 0.0002, -0.0004, 0.0006, -0.0016, -0.0003, 0.0002, 0.0002, 0.0002, 0.0005, 0.0003, 0.0002, 0.0002, 0.0002, 0.0002, -0.0002, -0.0006, 0.0001, -0.0009, -0.0, -0.0011, 0.0, -0.0002, -0.0005, -0.0001, -0.0003, -0.0002, -0.0007, -0.0005, -0.0002, 0.0002, 0.0003, 0.0027, 0.0088, 0.001, -0.0006, -0.0021, -0.0032, -0.0041, -0.0052, -0.0067, -0.008, -0.0092, -0.0106, -0.0096, -0.0098, -0.0058, -0.0591, -0.0284, -0.0072, 0.0195]",0.0
2026-07-16_18-55-16.mp4,1,120.0,15.0,0.058,motion,0.0,0.0,0.0,0.0,0.0,0.3379,0.763,0.0,0.571,50.609,0.0,,"[0.0, 0.0, 0.0, 0.0, 0.0, 0.0, -0.0004, 0.0, 0.0, 0.0, 0.0, 0.0, 0.0, 0.0, 0.0, 0.0, 0.0, 0.0, 0.0, -0.0001, 0.0, -0.0002, -0.0002, 0.0, 0.0, 0.0, 0.0, 0.0, 0.0, 0.0, 0.0, 0.0, 0.0, 0.0, 0.0, 0.0, 0.0, 0.0, -0.0, -0.0, -0.0, -0.0, -0.0, -0.0, -0.0, -0.0, -0.0001, -0.0001, 0.0001, -0.0001, 0.0004, -0.0003, -0.0003, 0.0001, -0.0, -0.0, -0.0, 0.0006, -0.0, -0.0001, 0.0003, 0.0, -0.0, 0.0001, -0.0, -0.0, 0.0, 0.0, 0.0001, 0.0, 0.0001, 0.0001, 0.0005, 0.0002, 0.0004, 0.0004, 0.0001, 0.0004, 0.0002, 0.0002, 0.0002, -0.0004, -0.0001, 0.0002, 0.0003, -0.0021, -0.0017, -0.0056, -0.0002, 0.0005, 0.0006, 0.0064, 0.0063, 0.0059, 0.0074, 0.0056, 0.0047, 0.0046, 0.003, 0.0035, 0.0046, 0.0045, 0.0035, 0.0031, 0.0032, -0.0037, -0.1624, 0.0068, 0.043, 0.0055, 0.0051, 0.005, 0.0044, 0.0044, 0.0043, 0.0041, 0.0043, 0.0043, 0.0043]",0.0
2026-07-05_09-12-40.mp4,1,120.0,15.0,0.0,motion,0.0,0.0,0.0,0.0,0.0,0.2474,2.034,0.132,0.2413,23.667,0.0312,,"[0.0029, -0.6637, 0.4093, 0.0025, 0.0025, 0.0025, 0.0226, 0.0025, 0.0025, 0.0025, -0.0027, -0.007, -0.0059, -0.0172, 0.1479, -0.0042, 0.0123, -0.0255, -0.0124, -0.0124, -0.0124, -0.0124, 0.0016, -0.0066, -0.0066, -0.0183, 0.2965, -0.0527, 0.3294, -0.4245, -0.0152, -0.0152, -0.0099, -0.0123, -0.0123, -0.0123, -0.0123, -0.4259, 0.2411, -0.0119, -0.0119, -0.0122, 0.4071, -0.0036, 0.0316, 0.0185, 0.0185, -0.1268, 0.0901, 0.0187, 0.0187, 0.0187, 0.0158, 0.0128, 0.0209, 0.0209, 0.0209, 0.0209, 0.0341, -0.7064, 0.0341, 0.0341, 0.033, 0.0283, 0.0306, 0.0293, 0.0293, -0.2028, 0.0289, 0.0289, 0.0246, 0.0246, 0.0246, 0.0246, 0.0246, 0.0007, 0.0007, 0.0365, 0.0021, 0.0021, 0.0419, 0.0053, -0.0034, -0.0112, -0.018, 0.1249, -0.0203, -0.0203, -0.0203, -0.0248, -0.0411, -0.0565, -0.1174, -0.0736, -0.074, -0.0667, -0.1833, 0.1946, -0.0671, 0.1301, -0.3166, 0.2309, -0.0831, -0.0831, 0.056, 0.4201, 0.3947, 0.4835, -0.0838, -0.0708, 0.0021, -0.0838, -0.0872, -0.0784, 0.085, -0.0712, -0.0833, 0.1432, -0.0703]",0.0
2026-07-21_00-55-08.mp4,1,120.0,15.0,0.0,motion,0.0,0.0,0.0,0.0,0.0,0.1731,0.763,0.069,0.4038,1.853,0.0077,,"[-0.0, 0.0001, -0.0001, 0.0002, -0.0, 0.0, 0.0, 0.0, 0.0, 0.0003, 0.0, -0.001, 0.0003, -0.0001, 0.0002, 0.0001, -0.0, 0.0, -0.0, -0.0002, -0.0001, -0.0002, 0.0, -0.0001, -0.0002, 0.0002, -0.0, 0.0002, -0.0001, 0.0004, 0.0002, 0.0002, -0.0001, 0.0001, -0.0001, 0.0, -0.0, -0.0, -0.0, -0.0, -0.0, -0.0001, 0.0001, -0.0001, 0.0, -0.0, 0.0001, 0.0, 0.0001, -0.0, -0.0, -0.0, -0.0, -0.0, -0.0, -0.0, -0.0, -0.0, 0.0, -0.0, -0.0, -0.0, 0.0, 0.0, 0.0, 0.0, 0.0, 0.0, 0.0, -0.0, -0.0, 0.0, 0.0, 0.0, 0.0, 0.0, 0.0, -0.0001, 0.0, 0.0, -0.001, 0.0008, 0.0, 0.0, 0.0, 0.0, 0.0, 0.0, 0.0, 0.0001, 0.0, 0.0, 0.0, 0.0, 0.0, 0.0, -0.0, -0.0, -0.0, -0.0, -0.0, -0.0, -0.0, -0.0, -0.0, 0.0, 0.0, 0.0, 0.0, 0.0, 0.0, 0.0, 0.0, 0.0, 0.0, 0.0, 0.0, 0.0, 0.0]",0.0
2026-07-10_13-22-14.mp4,1,120.0,15.0,0.05,motion,0.0,0.0,0.0,0.0,0.0,0.6574,1.525,0.184,0.2872,5.871,0.1034,,"[0.0, -0.0, -0.0, -0.0, 0.0001, -0.0, -0.0, 0.0, 0.0001, 0.0, 0.0, -0.0, 0.0, -0.0, -0.0, -0.0, -0.0, -0.0, -0.0, -0.0, -0.0, -0.0, -0.0, 0.0, 0.0, 0.0, 0.0, 0.0, -0.0, -0.0, 0.0, 0.0, 0.0, 0.0, 0.0, 0.0, -0.0, 0.0, 0.0, 0.0, 0.0, 0.0, 0.0, 0.0001, -0.0001, 0.0, -0.0, 0.0, -0.0001, -0.0004, 0.0, 0.0, 0.0, 0.0001, 0.0, 0.0, 0.0, 0.0, 0.0, 0.0, 0.0, 0.0, 0.0, 0.0, 0.0, 0.0, -0.0, 0.0, 0.0, 0.0, 0.0, 0.0, 0.0, 0.0001, 0.0, -0.0, -0.0002, 0.0001, 0.0, 0.0, 0.0, 0.0002, 0.0, 0.0, 0.0, 0.0, -0.0002, -0.0004, -0.0003, -0.0001, 0.0, 0.0001, 0.0005, 0.0, -0.0001, 0.0, 0.0, 0.0, 0.0, 0.0, 0.0, 0.0001, 0.0, -0.0, -0.0, -0.0, -0.0, -0.0, -0.0, -0.0, -0.0, -0.0, -0.0, -0.0, -0.0, -0.0, -0.0, -0.0, 0.0]",0.0
2026-07-25_23-35-26.mp4,1,120.0,15.0,0.042,motion,0.0,0.0,0.0,0.0,0.0,0.1727,1.525,0.552,0.3462,0.087,0.0077,,"[-0.0, 0.0001, -0.0002, 0.0, 0.0, 0.0001, -0.0, 0.0, -0.0, -0.0, -0.0, 0.0001, -0.0, -0.0, -0.0001, -0.0, -0.0001, -0.0, -0.0, 0.0001, 0.0002, -0.0, 0.0001, -0.0, -0.0, -0.0, -0.0, 0.0007, -0.0, -0.0002, 0.0001, -0.0, -0.0, 0.0, -0.0002, 0.0001, 0.0001, -0.0, -0.0, 0.0, -0.0002, -0.0, -0.0, -0.0001, -0.0006, 0.0001, -0.0, 0.0, -0.0, 0.0, 0.0001, -0.0, 0.0, 0.0, 0.0, -0.0, -0.0, 0.0, -0.0002, 0.0002, 0.0, -0.0, -0.0, 0.0, 0.0001, -0.0, 0.0003, 0.0001, 0.0003, -0.0001, 0.0001, 0.0001, -0.0002, -0.0001, 0.0, -0.0001, -0.0, -0.0001, 0.0002, -0.0006, -0.0001, 0.0004, 0.0001, -0.0001, 0.0002, -0.0001, 0.0, -0.0, 0.0003, -0.0004, -0.0007, 0.0006, 0.0, -0.0001, 0.0001, -0.0, 0.0005, -0.0, -0.0006, 0.0003, -0.0002, -0.0003, -0.0, 0.0003, 0.0, 0.0, 0.0, 0.0003, -0.0001, 0.0001, 0.0001, 0.0001, 0.0002, 0.0002, 0.0002, 0.0, 0.0005, 0.0008, -0.0003]",0.0
2026-07-04_01-38-23.mp4,1,111.0,15.0,0.0,motion,0.0,0.0,0.0,0.0,0.0,0.431,2.542,0.0,0.4777,0.307,0.0,,"[-0.0001, 0.0, -0.0005, 0.0001, 0.0002, 0.0004, 0.0002, 0.0001, -0.0006, 0.0001, -0.0003, 0.0, 0.0001, 0.0005, -0.0, 0.0002, -0.0003, -0.0001, -0.0001, -0.0001, 0.0002, -0.0001, -0.0001, 0.0003, 0.0004, -0.0001, 0.0004, 0.0004, -0.0003, -0.0002, -0.0002, 0.0007, 0.0002, -0.0003, 0.0001, -0.0007, 0.0003, 0.0016, -0.0001, -0.0, -0.0006, -0.0001, -0.0002, 0.0001, 0.0001, -0.0001, -0.0001, -0.0, 0.0001, 0.0003, 0.0002, -0.0011, -0.0008, 0.0001, -0.0004, 0.0001, 0.0001, 0.0002, -0.0005, -0.0001, 0.0001, 0.0002, 0.0001, -0.0001, 0.0001, 0.0002, 0.0001, 0.0001, 0.0, 0.0, 0.0, 0.0, 0.0, 0.0, 0.0, 0.0, 0.0, 0.0, -0.0001, 0.0, -0.0001, -0.0, 0.0001, 0.0, 0.0, -0.0002, 0.0001, 0.0, 0.0, -0.0, -0.0001, 0.0, 0.0001, 0.0, 0.0, 0.0, 0.0001, 0.0001, 0.0001, 0.0001, 0.0004, -0.0004, -0.0004, 0.0002, -0.0002, 0.0002, -0.0002, -0.0001, 0.0007, -0.0001]",0.0
2026-07-08_20-37-08.mp4,1,120.0,15.0,0.008,motion,0.0,0.0,0.0,0.0,0.0,0.7031,0.763,0.509,0.5309,99.0,0.3578,,"[-0.0002, -0.0005, -0.005, -0.0069, -0.001, 0.0064, 0.0097, 0.0093, 0.0087, 0.0193, 0.0523, 0.0428, 0.0102, -0.0424, -0.03, -0.0174, -0.0256, -0.0426, -0.0578, -0.0822, -0.0112, -0.0052, -0.0074, 0.0124, 0.0028, 0.0111, 0.023, 0.0297, 0.0467, 0.0476, 0.0835, 0.0967, 0.063, 0.0002, -0.0569, -0.0817, -0.085, -0.0871, -0.0873, -0.0875, -0.0875, -0.0883, -0.089, -0.0882, 0.1058, -0.7042, -1.5708, 0.5334, 1.303, 1.6191, 0.5513, 0.0007, -0.0701, -0.1558, -0.1511, -0.1786, -0.1445, -0.1142, -0.2598, -0.476, -1.0269, -0.5556, -0.3269, -0.0559, 0.6711, 1.3416, 0.0497, 0.2186, 0.989, 0.5642, -0.0954, -0.0953, -0.0977, -0.1141, -0.0922, -0.1049, -0.1292, -0.1707, -0.1684, -0.1557, -0.1335, -0.0847, -0.0865, -0.0891, -0.1052, -0.0013, -0.0212, -0.0347, -0.0123, -0.029, -0.0972, 0.1055, 0.2245, 0.1697, -0.0192, -0.0243, -0.0292, -0.1518, -0.0191, 0.1658, 0.1389, 0.0763, -0.0669, -0.1196, -0.0231, 0.0709, -0.028, -0.0246, 0.0267, -0.0121, -0.0132, -0.0174, -0.0836, -0.103, -0.021, 0.0189, 0.0402, -0.0069, 0.0122]",0.0
2026-07-01_12-06-33.mp4,1,120.0,15.0,0.008,motion,0.0,0.0,0.0,0.0,0.0,0.1806,0.763,0.62,0.2717,5.239,0.094,,"[0.0, -0.0, -0.0, -0.0, -0.0, -0.0, 0.0, -0.0, 0.0, -0.0, -0.0001, 0.0, 0.0, -0.0001, -0.0, -0.0, -0.0, -0.0001, -0.0, -0.0, -0.0, -0.0, -0.0, -0.0, -0.0, 0.0008, -0.0003, 0.0001, 0.0001, 0.0001, -0.0001, -0.0001, 0.0, -0.0, 0.0, -0.0001, -0.0001, -0.0001, -0.0, -0.0, -0.0, 0.0002, 0.0001, -0.0001, 0.0002, 0.0, -0.0, -0.0, -0.0, 0.0002, -0.0001, -0.0002, -0.0, -0.0, -0.0, -0.0, -0.0, -0.0001, 0.0, -0.0001, 0.0, 0.0, 0.0, 0.0, 0.0, 0.0, 0.0001, 0.0, 0.0, 0.0, 0.0, 0.0, 0.0, -0.0, -0.0001, -0.0, -0.0001, 0.0, 0.0, 0.0001, -0.0, 0.0, 0.0, 0.0, 0.0, 0.0, 0.0, 0.0, 0.0, 0.0, 0.0, 0.0, -0.0, -0.0, -0.0, 0.0, 0.0, 0.0, 0.0, 0.0, 0.0, 0.0, -0.0, 0.0, 0.0, 0.0, 0.0, 0.0, 0.0, 0.0, 0.0, 0.0, 0.0, 0.0, 0.0, 0.0, 0.0, 0.0, -0.0]",0.0
2026-07-09_08-42-40.mp4,1,120.0,15.0,0.0,motion,0.0,0.0,0.0,0.0,0.0,0.4776,2.797,0.366,0.3389,0.019,0.0032,,"[0.0009, -0.0037, -0.0177, 0.0012, 0.004, 0.0012, -0.0044, 0.0012, -0.0008, 0.0013, 0.001, 0.001, 0.001, 0.001, 0.001, 0.001, 0.001, 0.0009, -0.0108, 0.0003, 0.0004, 0.0004, 0.0002, 0.0066, 0.0001, 0.0001, 0.0001, 0.0003, 0.0001, 0.0001, 0.0007, 0.0012, 0.0015, 0.0005, 0.0002, 0.0002, 0.0002, 0.0, 0.0002, 0.0004, 0.0003, 0.0003, 0.0003, 0.0003, 0.0003, -0.0163, -0.0161, 0.0047, 0.0165, -0.0004, 0.0003, 0.0003, 0.0004, 0.0004, 0.0004, 0.0036, 0.0, 0.0003, -0.0, 0.0026, 0.0003, -0.0002, -0.0007, -0.0006, -0.0001, -0.0001, -0.0004, -0.003, -0.0001, -0.0001, 0.0005, 0.0001, 0.0022, 0.0003, -0.0012, 0.0001, 0.0001, -0.001, 0.0001, 0.0001, 0.0001, 0.0001, 0.0001, -0.0, -0.0, -0.0, -0.0, -0.0, 0.0001, 0.0001, 0.0, 0.0, 0.0, -0.0, -0.0, 0.0, -0.0, -0.0, -0.0, -0.0, -0.0, -0.0, -0.0, -0.0, -0.0, -0.0, -0.0, -0.0, -0.0, -0.0, -0.0, 0.0, 0.0, 0.0, 0.0, 0.0, 0.0, 0.0, 0.0]",0.0
2026-07-06_03-21-22.mp4,1,120.0,15.0,0.0,motion,0.0,0.0,0.0,0.0,0.0,0.5338,0.763,0.474,0.286,99.0,0.2531,,"[-0.0333, 0.077, 0.0311, 0.03, 0.0232, 0.021, 0.0187, -0.09, 0.014, 0.012, -0.1285, 0.0262, 0.0342, 0.0363, 0.0374, 0.2332, 0.033, 0.0344, 0.0343, 0.1425, 0.0314, 0.0248, 0.0248, 0.0195, 0.0195, 0.0143, -0.5688, -0.3062, -0.126, -0.091, 0.0098, 0.0145, 0.0162, 0.0178, 0.1137, 0.0201, 0.2243, 0.02, 0.0767, 0.0201, 0.1779, 0.0169, -0.0018, -0.0125, -0.0208, -0.0229, -0.0229, -0.0229, -0.0348, -0.0233, -0.0202, -0.0202, -0.0136, -0.0136, -0.0136, 0.0952, -0.0054, -0.0054, 0.0117, 0.1166, -0.0424, -0.005, -0.005, -0.0078, -0.0082, -0.0082, -0.0082, -0.0083, -0.0083, 0.048, -0.1006, -0.0049, -0.0049, -0.0049, -0.0047, -0.0005, -0.0017, -0.0017, 0.0868, -0.0017, -0.0017, -0.0017, -0.0017, -0.0021, -0.0017, 0.0001, -0.0028, -0.0029, -0.0029, -0.0029, -0.0025, -0.0029, -0.0033, -0.0029, 0.0, 0.0, 0.0, 0.0, 0.0, 0.0005, 0.0, 0.0, 0.0016, 0.0, -0.0, -0.0, -0.0, -0.0, -0.0, -0.0023, -0.0003, -0.0, -0.0, 0.0001, -0.0007, 0.0001, 0.0001, 0.0001, 0.0002]",0.0
2026-07-07_17-24-25.mp4,1,120.0,15.0,0.033,motion,0.0,0.0,0.0,0.0,0.0,0.2775,0.763,0.0,0.3803,0.012,0.0,,"[-0.0003, -0.0005, 0.0, 0.0002, 0.0038, -0.0011, -0.0012, -0.0006, -0.0013, 0.0009, -0.0008, 0.0, 0.0054, 0.0098, 0.0001, 0.0001, -0.0011, 0.004, 0.0001, 0.0001, 0.0001, 0.0003, 0.0003, -0.0183, -0.0017, -0.011, -0.0004, 0.0001, 0.0013, 0.0007, 0.0008, 0.0008, 0.0007, 0.0051, 0.0009, 0.0009, 0.0013, 0.0008, -0.0011, -0.0002, -0.0008, 0.0039, 0.0062, -0.0021, -0.0032, -0.001, -0.0001, -0.0001, -0.0001, 0.0001, 0.0001, 0.0002, 0.0003, 0.0003, 0.0005, 0.0, -0.0012, 0.0005, 0.0007, 0.0009, -0.0006, 0.0006, 0.0008, 0.0008, 0.0005, -0.002, -0.0007, -0.0013, -0.0001, 0.0002, -0.006, 0.0003, 0.0006, 0.0003, -0.0003, -0.005, -0.0004, 0.0001, 0.0004, 0.0007, 0.0046, 0.0027, 0.001, 0.0005, 0.0022, 0.0011, -0.0003, 0.0005, 0.0005, 0.0002, 0.0001, -0.0, -0.0001, -0.0007, -0.0011, -0.0107, 0.0013, 0.0001, -0.0, -0.0059, -0.0187, -0.0141, -0.0141, -0.0123, -0.0108, -0.01, -0.0084, -0.0074, 0.0023, -0.0014, -0.0024, -0.0033, -0.0026, -0.0052, 0.1925, 0.4057, -0.1496, 0.0308, -0.037]",0.0
2026-07-09_16-17-59.mp4,1,120.0,15.0,0.042,motion,0.0,0.0,0.0,0.0,0.0,0.3594,0.763,0.22,0.1582,1.06,0.0407,,"[-0.0, -0.0001, 0.0001, -0.0002, 0.0006, 0.0011, -0.0008, -0.0002, 0.0002, 0.0001, -0.0001, -0.0001, -0.0, -0.0001, -0.0001, -0.0001, -0.0001, -0.0001, -0.0001, -0.0001, -0.0, -0.0, -0.0, -0.0, 0.0003, 0.0001, -0.0002, 0.0, 0.0, 0.0, 0.0, 0.0, -0.0, -0.0, -0.0, -0.0, -0.0, -0.0, -0.0001, -0.0, -0.0, 0.0, -0.0002, -0.0, -0.0001, -0.0, 0.0003, 0.0, 0.0, 0.0, 0.0002, 0.0, 0.0, 0.0, 0.0, 0.0, -0.0, 0.0, -0.0, -0.0001, -0.0001, -0.0001, -0.0, 0.0, 0.0, 0.0, 0.0, 0.0, 0.0, 0.0, 0.0, 0.0, -0.0, 0.0, 0.0, 0.0, 0.0, 0.0, 0.0, 0.0, 0.0, 0.0, 0.0, 0.0, 0.0, 0.0, 0.0, 0.0, 0.0, 0.0, -0.0002, 0.0, -0.0002, 0.0, 0.0, 0.0, 0.0, 0.0, 0.0, 0.0, 0.0, -0.0001, 0.0001, 0.0, 0.0, 0.0, 0.0, -0.0001, -0.0001, 0.0, 0.0001, 0.0, -0.0002, 0.0, 0.0, 0.0, 0.0, 0.0, 0.0]",0.0
2026-07-05_10-25-01.mp4,1,120.0,15.0,0.0,motion,0.0,0.0,0.0,0.0,0.0,0.426,2.797,0.358,0.3079,0.086,0.0121,,"[0.0, 0.0003, -0.0001, -0.0001, -0.0, -0.0002, 0.0001, -0.0, -0.0001, -0.0, -0.0, -0.0, -0.0, 0.0, 0.0, 0.0001, 0.0, -0.0001, 0.0, 0.0, 0.0, 0.0, -0.0, 0.0, 0.0, 0.0, 0.0, 0.0, 0.0, 0.0, 0.0, 0.0, 0.0, 0.0, -0.0, -0.0, -0.0, 0.0001, -0.0004, 0.0001, -0.0, 0.0, 0.0, 0.0, 0.0001, 0.0, 0.0, 0.0, 0.0007, -0.0003, 0.0001, 0.0, 0.0001, -0.0003, -0.0003, -0.0004, -0.0002, 0.0002, 0.0003, -0.0001, 0.0, 0.0, 0.0, 0.0, 0.0, 0.0, 0.0, 0.0, 0.0, 0.0001, 0.0, -0.0001, -0.0, -0.0, -0.0, -0.0, -0.0, -0.0, -0.0, -0.0, -0.0, -0.0, -0.0, -0.0, -0.0, -0.0, 0.0003, -0.0, -0.0, -0.0, -0.0, -0.0, -0.0, -0.0, -0.0, -0.0, -0.0, 0.0, 0.0, 0.0, 0.0, 0.0, 0.0, 0.0, 0.0, 0.0001, 0.0, -0.0001, 0.0001, 0.0001, 0.0001, -0.0004, -0.0001, 0.0, -0.0, 0.0, -0.0002, 0.0, 0.0]",0.0
2026-07-05_01-02-54.mp4,1,120.0,15.0,0.0,motion,0.0,0.0,0.0,0.0,0.0,0.3487,1.525,0.497,0.1767,99.0,0.1731,,"[0.0659, -0.0766, 0.263, -0.0656, -0.0597, -0.0549, -0.0502, -0.0456, -0.0408, -0.0361, -0.2638, 0.037, -0.0219, -0.0171, -0.0125, -0.0076, -0.0029, -0.0029, -0.0398, -0.0274, 0.0079, 0.0079, 0.0121, 0.0079, 0.0079, 0.0079, 0.0004, 0.0065, 0.0005, 0.0025, 0.003, 0.0081, 0.0081, 0.0081, 0.0064, 0.0054, -0.0062, -0.0062, -0.0061, -0.0061, -0.0061, -0.0061, -0.0061, -0.006, -0.0008, -0.018, -0.1637, -0.0056, -0.0048, -0.0047, -0.0047, 0.3553, -0.0009, 0.0002, 0.0002, 0.0002, -0.0048, -0.0048, -0.0048, -0.1653, 0.0568, 0.0807, -0.0105, -0.0366, -0.0108, -0.0042, -0.004, -0.112, -0.028, 0.0029, 0.0029, 0.1585, 0.0029, 0.0029, 0.0024, -0.0028, -0.0008, 0.0019, 0.0019, 0.0011, -0.1892, 0.0009, 0.0011, -0.0028, 0.136, -0.0039, -0.0039, 0.0011, 0.0011, 0.0165, 0.002, 0.0053, 0.0054, 0.0054, 0.0054, 0.0002, -0.0057, -0.0057, -0.0057, -0.0057, -0.0012, -0.0013, -0.0013, -0.0013, -0.0013, -0.0008, -0.1316, -0.0019, -0.0008, -0.0008, 0.1515, -0.0008, -0.0008, -0.0008, -0.0008, -0.0008, 0.0036, -0.0008, -0.0008]",0.0
2026-07-05_22-01-20.mp4,1,120.0,15.0,0.0,motion,0.0,0.0,0.0,0.0,0.0,0.3395,0.763,0.0,0.1127,40.232,0.0,,"[0.0, -0.0168, -0.0004, 0.0013, 0.0011, 0.0011, 0.001, 0.001, 0.001, 0.0009, 0.0009, 0.0008, 0.0008, 0.0008, 0.0007, 0.0007, 0.0006, 0.0, -0.0, 0.0, 0.0, 0.0, 0.0, 0.0, 0.0, 0.0, 0.0, 0.0, 0.0, 0.0, 0.0, 0.0, 0.0, 0.0, 0.0, 0.0, 0.0, 0.0, 0.0003, 0.0003, 0.0003, 0.0004, 0.0004, 0.0004, 0.0003, 0.0003, 0.0003, 0.0003, 0.0003, 0.0003, 0.0003, 0.0001, -0.0005, -0.0091, 0.0003, 0.0003, -0.0005, 0.0003, 0.0003, 0.0028, 0.0003, 0.0003, 0.0003, 0.0003, 0.0002, 0.0003, 0.0003, 0.0003, 0.0002, -0.0001, -0.0001, -0.0001, -0.0, -0.0001, -0.0001, -0.0, -0.0, -0.0, -0.0, -0.0, -0.0, -0.0, -0.0, -0.0, -0.0, -0.0, -0.0, -0.0, -0.0, -0.0, -0.0, -0.0, -0.0, -0.0, -0.0, -0.0, -0.0, -0.0, -0.0, -0.0, -0.0, -0.0, -0.0, -0.0, -0.0, -0.0, -0.0, -0.0, -0.0, -0.0, -0.0, -0.0, -0.0, -0.0, -0.0, -0.0, -0.0, -0.0, -0.0]",0.0
2026-07-16_20-57-51.mp4,1,120.0,15.0,0.0,motion,0.0,0.0,0.0,0.0,0.0,0.1432,2.797,0.36,0.3235,0.008,0.0004,,"[0.0002, -0.0013, -0.0003, -0.0, -0.0, -0.0, -0.0, -0.0, -0.0003, 0.0, 0.0, 0.0, 0.0, 0.0, 0.0, 0.0001, 0.0001, 0.0, 0.0, 0.0, 0.0, 0.0, 0.0, 0.0, 0.0, 0.0, 0.0, 0.0, 0.0, 0.0, 0.0, 0.0, 0.0, 0.0, -0.0, -0.0, -0.0, -0.0, -0.0, -0.0, -0.0, -0.0, -0.0, 0.0, -0.0, -0.0, -0.0, -0.0, -0.0, 0.0002, -0.0, -0.0, -0.0, -0.0, -0.0, -0.0, -0.0, -0.0, -0.0004, 0.0007, -0.0, -0.0, -0.0, -0.0, -0.0, -0.0, -0.0, -0.0, -0.0, -0.0, -0.0, -0.0, -0.0, -0.0, -0.0, 0.0, 0.0, 0.0, 0.0, 0.0, 0.0, 0.0, 0.0, 0.0, 0.0, 0.0, 0.0, 0.0, 0.0, 0.0, 0.0, 0.0, 0.0, 0.0, 0.0, 0.0, 0.0, 0.0, 0.0, 0.0, 0.0, 0.0, 0.0, -0.0, -0.0, -0.0, -0.0, -0.0, -0.0, -0.0, -0.0, -0.0, -0.0, -0.0, -0.0, -0.0, -0.0, -0.0, 0.0]",0.0
2026-07-14_05-24-31.mp4,1,45.0,15.0,0.0,motion,0.0,0.0,0.0,0.0,0.0,0.3732,1.705,0.324,0.2186,0.493,0.0399,,"[0.0038, 0.001, 0.0006, -0.0885, 0.1775, -0.0134, -0.0739, 0.0982, -0.0605, 0.0167, 0.0025, 0.0036, -0.0749, -0.0501, 0.0035, -0.0003, 0.0035, 0.0034, -0.0022, -0.005, -0.0008, -0.0014, 0.0039, 0.0084, 0.0063, 0.0067, 0.001, 0.003, 0.0003, -0.0017, -0.002, -0.0012, -0.0026, 0.1691, -0.022, 0.0538, -0.0031, -0.2448, -0.0474, -0.0038, -0.0041, 0.1725, -0.0684, 0.0023]",0.0
2026-07-08_02-20-16.mp4,1,120.0,15.0,0.0,motion,0.0,0.0,0.0,0.0,0.0,0.3402,1.78,0.388,0.2156,0.184,0.0205,,"[0.0, -0.0, -0.0001, -0.0, 0.0, -0.0, -0.0, -0.0, 0.0001, 0.0001, -0.0001, -0.0002, 0.0002, -0.0001, -0.0001, -0.0, 0.0, 0.0, -0.0001, 0.0, 0.0, 0.0001, 0.0, -0.0, 0.0, -0.0, -0.0, -0.0, -0.0, -0.0, -0.0, -0.0, -0.0, 0.0, -0.0001, 0.0002, -0.0, -0.0, -0.0, -0.0001, 0.0004, -0.0, 0.0001, -0.0001, 0.0, -0.0001, -0.0, -0.0, 0.0001, -0.0, 0.0, -0.0001, 0.0, -0.0, -0.0, -0.0, -0.0001, 0.0, 0.0, -0.0, -0.0, -0.0, -0.0, -0.0, -0.0, 0.0, -0.0, 0.0, -0.0, 0.0, -0.0, -0.0, -0.0, -0.0, 0.0, -0.0, 0.0002, -0.0, 0.0, -0.0, -0.0, -0.0, -0.0, -0.0, -0.0, 0.0, 0.0, 0.0001, -0.0001, -0.0001, -0.0, -0.0, -0.0, 0.0001, -0.0001, 0.0001, 0.0001, -0.0005, -0.0, 0.0001, 0.0006, 0.0003, -0.0, 0.0003, -0.0001, -0.0002, -0.0001, -0.0001, 0.0001, 0.0003, -0.0003, 0.0001, 0.0001, -0.0001, -0.0, -0.0003, -0.0, -0.0, -0.0]",0.0
2026-07-02_08-58-30.mp4,1,120.0,15.0,0.0,motion,0.0,0.0,0.0,0.0,0.0,0.4613,1.78,0.393,0.3631,0.232,0.0342,,"[-0.0001, -0.0002, 0.0019, 0.0011, -0.0001, -0.0001, -0.0001, 0.0, 0.0, 0.0, -0.0, -0.0001, -0.0001, -0.0002, -0.0002, -0.0001, 0.0004, -0.0001, -0.0001, 0.0, 0.0, 0.0004, -0.0043, -0.0, -0.0, 0.0013, 0.0025, 0.0007, 0.0007, 0.0, -0.0006, -0.0002, -0.0, -0.0002, -0.0007, -0.0002, 0.0003, -0.0001, -0.0, -0.0002, -0.0003, -0.0005, -0.0009, -0.0003, -0.0002, -0.0001, -0.0001, -0.001, 0.0005, 0.0031, -0.0002, 0.0005, 0.0008, -0.0009, -0.0001, -0.0, 0.0006, 0.0033, -0.0001, -0.0005, -0.0001, -0.0002, -0.0004, -0.0001, 0.0003, 0.0, -0.0007, -0.0009, -0.0008, -0.0018, -0.0, -0.0015, -0.0002, -0.0004, 0.0005, -0.0005, 0.0009, -0.0001, -0.0022, 0.0009, 0.0014, 0.0029, 0.0031, 0.0001, 0.0003, -0.0005, -0.0003, -0.0, 0.0005, -0.002, -0.0001, -0.0002, -0.0003, -0.0004, -0.0004, -0.0004, -0.0008, -0.0006, -0.0004, -0.0002, -0.0, -0.0005, -0.0002, 0.0006, -0.0011, -0.001, 0.0016, 0.0044, -0.0002, 0.0014, 0.0003, 0.0001, -0.0003, -0.0002, 0.0006, -0.0005, 0.0, -0.0012, -0.0003]",0.0
2026-07-19_00-21-44.mp4,1,120.0,15.0,0.0,motion,0.0,0.0,0.0,0.0,0.0,0.5059,0.763,0.615,0.2489,3.65,0.2441,,"[-0.0, -0.0, 0.0, 0.0, 0.0, 0.0, 0.0, 0.0, 0.0, 0.0, 0.0, 0.0, 0.0, -0.0, -0.0, 0.0001, 0.0, 0.0, -0.0003, 0.0, 0.0, -0.0001, 0.0, 0.0, 0.0, -0.0, 0.0, 0.0001, -0.0, -0.0, -0.0, 0.0, 0.0, 0.0, -0.0001, 0.0002, -0.0001, -0.0, -0.0, 0.0003, -0.002, -0.0009, -0.0006, -0.0007, -0.0007, -0.0007, -0.0007, -0.0007, -0.0007, -0.0006, -0.0007, -0.0007, -0.0007, -0.0007, -0.0128, 0.0727, -0.0365, -0.0067, 0.0033, -0.0047, -0.0038, 0.0032, 0.0056, 0.0056, 0.0056, 0.008, 0.0052, 0.0059, 0.0053, 0.0067, 0.0061, 0.0075, 0.0065, 0.0064, 0.0744, 0.0012, -0.2418, -0.0553, -0.0285, -0.0616, -0.0869, -0.0862, -0.0811, -0.0722, -0.0978, -0.0708, -0.0749, -0.0906, -0.0672, -0.0923, 0.1554, 0.4093, -0.209, 0.4023, 0.8812, 0.6242, -0.0889, 0.0426, -0.1959, -0.2915, -0.0858, 0.0155, -0.0532, -0.0865, -0.0875, -0.0878, -0.0803, -0.0645, -0.0617, -0.066, -0.0217, 0.0019, 0.0028, 0.007, 0.0013, -0.0022, -0.0046, -0.0019, -0.0002]",0.0
2026-07-19_17-47-15.mp4,1,114.0,15.0,0.0,motion,0.0,0.0,0.0,0.0,0.0,0.3572,0.763,0.13,0.1597,17.341,0.044,,"[0.0, 0.0008, -0.0001, -0.0001, -0.0001, -0.0001, -0.0, -0.0, -0.0, -0.0, -0.0, -0.0, -0.0, -0.0, -0.0, -0.0002, -0.0, 0.0, 0.0, 0.0, 0.0, 0.0, 0.0, 0.0, 0.0, 0.0, 0.0, 0.0, 0.0, 0.0, 0.0, 0.0, 0.0, 0.0, 0.0, -0.0, -0.0, -0.0, -0.0, -0.0, -0.0, -0.0, -0.0, -0.0, -0.0, -0.0, -0.0, 0.0, 0.0, 0.0, 0.0004, 0.0004, -0.0003, 0.0, 0.0, 0.0, 0.0, 0.0, 0.0, -0.0004, 0.0, 0.0, -0.0003, -0.0005, 0.0, 0.0, 0.0, 0.0002, -0.0001, 0.0, 0.0, 0.0, 0.0, 0.0, 0.0, 0.0, 0.0, 0.0, 0.0, -0.0, -0.0, -0.0, -0.0, 0.0, -0.0, -0.0, -0.0, -0.0, -0.0, -0.0, -0.0, -0.0, -0.0, -0.0, -0.0, -0.0, -0.0, -0.0, -0.0, -0.0, -0.0, -0.0, -0.0, -0.0, -0.0, -0.0, -0.0, -0.0, -0.0, -0.0, -0.0, -0.0, -0.0]",0.0
2026-07-02_23-01-44.mp4,1,120.0,15.0,0.0,motion,0.0,0.0,0.0,0.0,0.0,0.3618,0.763,0.469,0.2748,0.254,0.0344,,"[0.0004, -0.0005, 0.0021, -0.0006, -0.0006, -0.0006, -0.0005, -0.0004, -0.0004, -0.0004, -0.0003, 0.0004, -0.0003, -0.0002, 0.0014, 0.0001, -0.0006, -0.0002, -0.0001, -0.0001, 0.0006, -0.003, -0.0001, -0.0001, -0.0001, -0.0001, -0.0008, 0.0018, -0.0, 0.001, 0.0, 0.0, 0.0, 0.0, 0.0, -0.0003, -0.0002, -0.0003, -0.0003, -0.0003, -0.0003, -0.0003, -0.0004, -0.0003, -0.0004, -0.0003, -0.0003, -0.0003, -0.0003, -0.0003, -0.0003, 0.0062, -0.0002, 0.0014, -0.0003, -0.0003, -0.0002, -0.0002, -0.0003, 0.0029, -0.0021, -0.0007, -0.0001, -0.0007, -0.0007, -0.0007, 0.0008, -0.0059, 0.0003, -0.0004, -0.0004, -0.0005, -0.0004, -0.0003, 0.0054, 0.0079, -0.0004, -0.0004, -0.0004, -0.0005, -0.0005, -0.0002, -0.0003, -0.0006, -0.0005, -0.0005, -0.0002, -0.0002, -0.0002, -0.0002, 0.0, 0.0003, 0.0003, 0.0002, 0.0003, 0.0003, 0.0007, 0.0003, 0.0002, 0.0003, 0.0003, 0.0003, -0.0084, 0.0003, 0.0003, 0.0003, 0.0006, -0.0, 0.0003, 0.0003, 0.0003, 0.0003, 0.0003, 0.0003, 0.0003, 0.0003, 0.0003, -0.0008, 0.0]",0.0
2026-07-08_08-49-52.mp4,1,120.0,15.0,0.0,motion,0.0,0.0,0.0,0.0,0.0,0.267,2.797,0.191,0.1749,0.344,0.0131,,"[0.0, -0.0001, -0.0, -0.0, 0.0, -0.0, 0.0, -0.0, -0.0, -0.0, 0.0, 0.0, -0.0, 0.0, 0.0, -0.0, -0.0, 0.0, 0.0, -0.0, -0.0, 0.0, -0.0, -0.0, 0.0, -0.0, -0.0, -0.0, 0.0001, -0.0, -0.0, -0.0, -0.0, -0.0, -0.0, -0.0, -0.0, -0.0, -0.0, 0.0, -0.0, -0.0, -0.0, -0.0, -0.0, -0.0, 0.0, -0.0, -0.0, -0.0, -0.0, -0.0, -0.0, -0.0, -0.0, -0.0, 0.0001, -0.0, -0.0, -0.0, -0.0, -0.0, 0.0001, -0.0, -0.0, -0.0, -0.0, -0.0, -0.0, -0.0, -0.0, -0.0, -0.0, -0.0, -0.0, -0.0, -0.0, -0.0, 0.0, -0.0, 0.0, -0.0, -0.0, -0.0, -0.0, -0.0, -0.0, -0.0, -0.0, -0.0, -0.0, -0.0, -0.0, -0.0, -0.0, -0.0, 0.0, -0.0, -0.0, -0.0, 0.0, -0.0, -0.0, -0.0, -0.0, -0.0, -0.0, -0.0, -0.0, -0.0, -0.0, -0.0, -0.0, -0.0, -0.0, -0.0, -0.0, -0.0, -0.0]",0.0
2026-07-15_10-21-25.mp4,1,120.0,15.0,0.0,motion,0.0,0.0,0.0,0.0,0.0,0.2797,2.288,0.576,0.2366,5.298,0.1355,,"[-0.0, -0.0, 0.0001, -0.0001, 0.0, 0.0001, -0.0, -0.0, -0.0, -0.0, -0.0, -0.0, 0.0, -0.0, -0.0, 0.0001, -0.0, -0.0, -0.0, 0.0001, -0.0, -0.0, 0.0, 0.0, 0.0, 0.0, 0.0, 0.0, -0.0, -0.0, -0.0001, -0.0, -0.0, -0.0, 0.0, -0.0, -0.0, -0.0, -0.0002, -0.0, -0.0001, 0.0, -0.0, 0.0002, 0.0001, 0.0001, -0.0001, -0.0, -0.0, -0.0, -0.0, -0.0, -0.0, -0.0, -0.0, 0.0, 0.0, 0.0, -0.0001, 0.0002, -0.0001, 0.0001, -0.0001, 0.0, -0.0, 0.0001, -0.0, -0.0, -0.0, -0.0, -0.0001, -0.0001, -0.0, 0.0001, -0.0001, -0.0, -0.0001, 0.0, -0.0001, 0.0, 0.0001, -0.0003, 0.0, 0.0001, -0.0, 0.0012, -0.0002, -0.0001, -0.0, -0.0, -0.0001, 0.0, -0.0, -0.0001, -0.0002, -0.0, -0.0001, 0.0, -0.0, 0.0001, -0.0, -0.0, -0.0001, 0.0, 0.0001, 0.0, -0.0001, 0.0, -0.0, 0.0, -0.0, 0.0, 0.0, 0.0002, -0.0004, 0.0003, -0.0, -0.0002, 0.0]",0.0
2026-07-17_08-06-02.mp4,1,120.0,15.0,0.383,motion,0.0,0.0,0.0,0.0,0.0,0.3402,2.542,0.208,0.5611,14.208,0.0662,,"[0.0, 0.0, 0.0, 0.0, 0.0, 0.0, 0.0, 0.0, 0.0, 0.0, 0.0, 0.0001, 0.0003, 0.0003, 0.0003, 0.0003, 0.0003, 0.0002, 0.0002, 0.0002, 0.0002, 0.0002, 0.0002, 0.0002, 0.0002, 0.0002, -0.0041, -0.005, -0.0, -0.0002, -0.0003, 0.0005, 0.0041, 0.0004, 0.0001, 0.0003, -0.0004, 0.0004, 0.0007, 0.0003, -0.0006, 0.0004, 0.0001, -0.0001, -0.0001, -0.0001, -0.0001, -0.0001, 0.0, 0.0, -0.0002, 0.0007, -0.0, 0.0001, 0.0001, 0.0001, 0.0001, 0.0001, 0.0001, -0.0012, 0.0001, 0.0001, 0.0001, 0.0001, -0.0001, 0.0001, -0.0002, 0.0015, -0.0031, -0.0022, -0.0005, -0.0008, -0.0003, -0.0006, -0.0003, -0.0016, -0.0009, -0.0009, -0.0001, 0.0033, 0.0009, 0.0022, -0.0009, 0.0012, 0.0056, -0.0007, 0.0001, -0.0019, -0.0009, -0.0022, 0.0188, -0.0006, -0.0011, 0.0008, -0.0006, -0.001, -0.0004, -0.0003, -0.0048, -0.0033, -0.0005, 0.0001, 0.0001, -0.0034, -0.0029, -0.0054, 0.0009, 0.0006, 0.0009, 0.0028, 0.0011, 0.0011, 0.0012, 0.0012, -0.0002, 0.0006, 0.0007, 0.003, -0.0005]",0.0
2026-07-08_08-40-28.mp4,1,120.0,15.0,0.0,motion,0.0,0.0,0.0,0.0,0.0,0.2861,2.542,0.217,0.3501,48.582,0.0609,,"[0.0013, -0.0079, 0.0014, 0.0004, 0.0005, -0.0017, -0.001, -0.0011, 0.0, -0.0003, -0.0003, -0.0002, -0.0003, -0.0001, -0.0001, -0.0, 0.0, -0.0001, -0.0001, 0.0001, -0.0, -0.0, -0.0, -0.0001, 0.0002, -0.0, -0.0, -0.0, -0.0, -0.0, -0.0, 0.0, 0.0, -0.0, -0.0, -0.0, -0.0001, -0.0, -0.0, -0.0, -0.0, -0.0, -0.0, 0.0007, -0.0, -0.0, -0.0021, -0.0, 0.0021, -0.0, -0.0, -0.0, -0.0, -0.0, -0.0, -0.0, -0.0, 0.0001, -0.0, 0.0002, -0.0, -0.0, -0.0001, -0.0001, -0.0, -0.0, -0.0, -0.0, -0.0, -0.0, -0.0, -0.0, -0.0, -0.0, -0.0, -0.0, -0.0, -0.0, 0.0, 0.0001, -0.0, -0.0, -0.0, -0.0, -0.0, -0.0, -0.0, -0.0, -0.0, -0.0, -0.0, -0.0, -0.0, -0.0, -0.0, 0.0, 0.0, 0.0, -0.0, 0.0, 0.0, 0.0, 0.0, 0.0, 0.0, 0.0, 0.0, 0.0, 0.0, 0.0, 0.0, 0.0, -0.0, 0.0, 0.0, 0.0, 0.0, 0.0, 0.0]",0.0
2026-07-02_03-25-28.mp4,1,90.0,15.0,0.0,motion,0.0,0.0,0.0,0.0,0.0,0.2135,2.034,0.181,0.283,0.053,0.002,,"[-0.0003, 0.0002, 0.0002, 0.0006, -0.0001, 0.0002, -0.0001, 0.0002, 0.0002, 0.0002, 0.0002, 0.0001, 0.0001, 0.0001, 0.0001, 0.0, 0.0, 0.0, 0.0, 0.0, 0.0, 0.0, -0.0, -0.0, -0.0, -0.0, 0.0, 0.0, 0.0, 0.0, 0.0, 0.0, 0.0, 0.0, 0.0, 0.0, 0.0, 0.0, 0.0, 0.0, 0.0, 0.0, 0.0, 0.0, 0.0, 0.0, 0.0, -0.0003, 0.0, 0.0, 0.0, -0.0, -0.0, -0.0, -0.0, -0.0, -0.0, -0.0, 0.0003, -0.0001, -0.0, -0.0, -0.0, -0.0, -0.0, -0.0, 0.0002, -0.0, -0.0, 0.0, -0.0, -0.0, 0.0, 0.0, 0.0, 0.0, 0.0, 0.0, 0.0, 0.0, 0.0, 0.0001, 0.0, 0.0, 0.0001, -0.0002, 0.0, -0.0006, 0.0]",0.0
2026-07-03_11-02-50.mp4,1,49.0,15.0,0.0,motion,0.0,0.0,0.0,0.0,0.0,0.2212,0.937,0.402,0.2538,6.285,0.0766,,"[-0.0, 0.0002, -0.0001, -0.0003, -0.0, 0.0003, -0.0, 0.0, -0.0007, 0.0012, -0.0005, -0.0001, -0.0001, -0.0001, -0.0001, -0.0001, -0.0001, -0.0001, -0.0001, -0.0001, -0.0001, -0.0002, 0.0015, -0.0001, -0.0001, -0.0, -0.0001, -0.0001, -0.0001, 0.0001, -0.0001, -0.0001, 0.0001, 0.0002, 0.0004, 0.0005, 0.0007, 0.0008, 0.001, 0.0012, 0.0013, 0.0015, 0.0016, 0.0018, 0.0019, 0.0021, 0.0022, -0.0022]",0.0
2026-07-05_15-23-34.mp4,1,120.0,15.0,0.0,motion,0.0,0.0,0.0,0.0,0.0,0.3784,0.763,0.644,0.2807,1.352,0.1401,,"[-0.0001, -0.0, 0.0003, -0.0002, -0.0001, 0.0004, 0.0, 0.0, 0.0, 0.0, 0.0002, -0.0002, -0.0, -0.0, -0.0001, -0.0001, 0.0, -0.0001, -0.0, 0.0, -0.0, 0.0, 0.0, 0.0, 0.0, 0.0, -0.0, -0.0, 0.0, 0.0, 0.0003, -0.0, 0.0001, -0.0, -0.0004, 0.0001, -0.0002, -0.0001, -0.0, 0.0001, -0.0, -0.0, -0.0, 0.0001, 0.0, 0.0001, 0.0001, 0.0001, 0.0, -0.0001, 0.0, 0.0, -0.0, 0.0, 0.0, -0.0001, 0.0, 0.0, 0.0, 0.0, -0.0, -0.0, -0.0004, 0.0, -0.0, 0.0, 0.0, 0.0, 0.0001, 0.0, 0.0, -0.0, 0.0, 0.0, -0.0, 0.0, 0.0, -0.0001, 0.0, 0.0, 0.0, 0.0001, 0.0, -0.0, 0.0, -0.0, 0.0, 0.0, 0.0, 0.0001, -0.0, -0.0, -0.0, -0.0, -0.0, -0.0, -0.0, -0.0, -0.0001, 0.0001, 0.0, -0.0001, 0.0001, -0.0001, 0.0, 0.0001, 0.0, 0.0, 0.0, 0.0001, 0.0, 0.0001, 0.0, 0.0, 0.0, 0.0001, -0.0, -0.0002, -0.0]",0.0
2026-07-05_15-40-34.mp4,1,120.0,15.0,0.042,motion,0.0,0.0,0.0,0.0,0.0,0.4635,2.797,0.047,0.3836,3.767,0.0172,,"[0.0774, 0.0805, -0.0935, 0.04, -0.1034, -0.1621, -0.0697, -0.0569, 0.0003, -0.0022, -0.1031, -0.0546, -0.0278, 0.0232, 0.0589, 0.1727, 0.2682, 0.1909, 0.191, 0.2078, -0.2787, 0.5769, -0.0083, -1.3848, 0.47, 1.3371, 1.0673, -0.442, -1.1888, -0.7554, 0.1698, -0.5121, -0.6007, -0.5016, -0.3748, -0.6307, -0.2439, 0.2187, 0.197, 0.1049, 0.1699, 0.2061, 0.2347, 0.1701, 0.1849, 0.1404, 0.203, 0.1265, 0.1162, 0.0591, 0.039, 0.016, 0.016, 0.0035, -0.0054, -0.0146, -0.0043, -0.032, -0.0537, -0.0975, 0.0164, -0.0291, -0.0047, -0.0031, 0.2183, 0.0282, -0.0029, -0.003, -0.0036, -0.0023, -0.0023, -0.0026, -0.0027, -0.0037, -0.0045, -0.0093, -0.0128, -0.007, -0.0058, -0.0044, 0.0044, -0.0001, 0.0093, 0.0118, 0.0176, 0.0205, 0.0205, 0.0291, 0.0276, 0.0301, 0.0298, 0.0211, 0.0077, 0.005, 0.0001, -0.0129, 0.0129, 0.0164, -0.0732, -0.1279, -0.0328, 0.0684, -0.0118, 0.0187, -0.0757, 0.0791, -0.0024, 0.0856, -0.1652, 0.0906, 0.0927, -0.1686, -0.0229, 0.0918, 0.0956, -0.0736, -0.2124, 0.1, -0.0061]",0.0
2026-07-14_13-33-56.mp4,1,120.0,15.0,0.142,motion,0.0,0.0,0.0,0.0,0.0,0.554,0.763,0.537,0.3414,8.609,0.2665,,"[-0.0001, 0.0001, 0.0005, 0.0001, 0.0, 0.0, -0.0002, 0.0002, 0.0001, 0.0, 0.0, 0.0, -0.0001, 0.0001, 0.0001, 0.0002, 0.0001, 0.0001, 0.0001, 0.0002, 0.0001, 0.0001, 0.0002, 0.0004, 0.0011, 0.0011, 0.0026, 0.0027, 0.0004, 0.0029, 0.0031, 0.004, 0.0034, 0.0038, 0.0006, 0.0039, 0.0012, -0.0018, -0.0052, -0.0173, -0.0021, -0.0449, -0.0154, 0.0009, 0.0007, 0.0007, -0.0267, 0.0007, 0.0006, 0.0459, 0.0237, 0.0211, 0.0005, 0.0004, 0.0024, -0.0019, -0.0005, 0.0072, -0.003, -0.0019, -0.0027, -0.0028, -0.004, -0.0018, -0.0037, -0.0023, -0.0011, 0.0019, 0.0007, -0.0009, -0.0015, -0.0007, -0.001, -0.0008, 0.0042, 0.0009, 0.0032, -0.0005, -0.0008, -0.0007, -0.0007, -0.0007, 0.001, -0.0006, 0.0, -0.0007, 0.0003, -0.0007, -0.0007, 0.0002, -0.0007, -0.0006, 0.0014, -0.0002, 0.0001, -0.0004, -0.0004, -0.0004, -0.0004, 0.001, 0.0017, -0.0005, -0.0004, -0.0004, 0.0027, -0.0004, -0.0004, -0.0004, -0.0004, -0.0003, -0.0003, -0.0003, -0.0003, 0.0004, -0.0003, 0.0028, -0.0006, -0.0002, -0.0002]",0.0
2026-07-19_04-01-24.mp4,1,120.0,15.0,0.0,motion,0.0,0.0,0.0,0.0,0.0,0.3473,0.763,0.681,0.2729,0.655,0.0936,,"[0.0001, -0.0002, -0.0, -0.0, -0.0, -0.0, -0.0, -0.0, -0.0, -0.0003, -0.0, -0.0, -0.0, 0.0, 0.0, -0.0001, 0.0, 0.0, 0.0, 0.0, 0.0, 0.0, 0.0002, 0.0, 0.0, -0.0, 0.0, -0.0002, -0.0001, -0.0001, -0.0, -0.0, -0.0, -0.0, -0.0001, -0.0, -0.0, -0.0, -0.0, -0.0, 0.0, -0.0, -0.0, 0.0008, -0.0001, -0.0, -0.0, -0.0, -0.0, -0.0, -0.0, -0.0, -0.0001, -0.0, -0.0001, -0.0, -0.0, -0.0, -0.0, 0.0001, 0.0001, 0.0, -0.0, 0.0, -0.0, 0.0, 0.0, 0.0001, 0.0, 0.0, 0.0, -0.0001, 0.0, 0.0, -0.0001, 0.0, -0.0001, 0.0, 0.0, 0.0, 0.0, 0.0, 0.0, 0.0, 0.0, 0.0, 0.0, 0.0, 0.0, 0.0, 0.0, 0.0, -0.0, 0.0, 0.0, 0.0, 0.0, 0.0, 0.0, 0.0, 0.0, 0.0, 0.0, 0.0, 0.0, 0.0, 0.0, 0.0, 0.0, 0.0, 0.0, 0.0, 0.0, 0.0, 0.0, 0.0, 0.0, 0.0, 0.0]",0.0
2026-07-10_16-37-35.mp4,1,120.0,15.0,0.0,motion,0.0,0.0,0.0,0.0,0.0,0.1365,1.017,0.285,0.23,21.023,0.0372,,"[-0.0001, 0.0002, 0.0001, 0.0, 0.0002, -0.0001, -0.0005, 0.0001, 0.0, -0.0, 0.0002, 0.0001, -0.0, 0.0, 0.0, -0.0001, -0.0001, 0.0, 0.0, 0.0, 0.0, 0.0, -0.0, 0.0, 0.0, 0.0, 0.0001, 0.0001, 0.0002, 0.0, 0.0, -0.0, -0.0, 0.0002, -0.0002, -0.0, -0.0, -0.0, 0.0, -0.0, -0.0016, 0.0, -0.0, 0.0, 0.0005, 0.0006, 0.001, 0.0006, -0.0003, -0.0002, -0.0, -0.0002, 0.0, 0.0, -0.0003, 0.0, -0.0, -0.0, -0.0007, 0.0001, -0.0, 0.0004, 0.0, 0.0, 0.0, 0.0001, -0.0001, 0.0003, -0.0001, 0.0001, -0.0001, 0.0, 0.0, 0.0, 0.0, 0.0, 0.0001, 0.0001, 0.0001, 0.0001, -0.0007, -0.0, 0.0002, 0.0003, 0.0004, 0.0007, 0.0002, 0.0002, 0.0002, 0.0002, 0.0012, -0.0027, 0.0003, 0.0003, 0.0003, -0.0065, 0.0015, 0.0003, -0.0003, -0.0002, -0.0002, -0.0002, -0.0002, -0.0002, -0.0002, -0.0006, -0.0002, -0.0004, -0.0002, -0.0002, -0.0, -0.0005, -0.0019, 0.0192, -0.0051, -0.0004, -0.0004, -0.0004, -0.0004]",0.0
2026-07-18_11-45-04.mp4,1,120.0,15.0,0.058,motion,0.0,0.0,0.0,0.0,0.0,0.4286,2.797,0.344,0.4264,0.115,0.0151,,"[-0.004, -0.0032, -0.0051, -0.0004, -0.0106, -0.0064, -0.0163, 0.0169, 0.0311, 0.048, 0.052, 0.0477, 0.0844, 0.0623, 0.071, 0.038, 0.0284, 0.1085, -0.0912, 0.289, 0.1227, 0.1737, -1.0007, -0.3956, -0.2691, 0.0491, 0.1513, -0.1007, 0.0317, 0.0501, 0.0511, 0.0496, 0.0504, 0.0523, 0.0479, 0.0565, 0.057, 0.0648, 0.0291, 0.0294, 0.0594, -0.3662, 1.0859, 0.0583, -0.9812, -0.0006, 0.0013, 0.0105, 0.011, 0.0082, 0.0103, 0.0047, 0.0069, -0.0054, 0.0053, -0.0049, 0.0045, -0.02, 0.0292, 0.0316, -0.0005, -0.0009, -0.0011, -0.0015, 0.0072, -0.0083, 0.0029, 0.0074, -0.0012, 0.0326, -0.0002, -0.0014, 0.0053, 0.0129, 0.0299, 0.0354, 0.0291, 0.034, 0.0216, 0.0209, 0.0182, 0.0094, -0.0021, -0.0102, -0.0026, -0.0147, -0.0352, -0.1748, -0.3754, -0.4168, -0.0292, -0.0172, -0.032, 0.0915, 0.0398, 0.0177, 0.2113, 0.3168, 0.1882, 0.0478, 0.1288, -0.0078, -0.0166, 0.0236, -0.0622, -0.2182, -0.5143, 0.5981, 0.7397, -0.0783, -0.0728, -0.0722, -0.0649, -0.0533, -0.0465, -0.0427, -0.0377, -0.0346, -0.0326]",0.0
2026-07-06_00-35-00.mp4,1,120.0,15.0,0.992,lips,0.505,0.763,1.75,0.587,0.0067,0.2169,0.763,0.437,0.4885,0.0,0.0,"[0.011, 0.003, 0.014, 0.018, 0.022, 0.021, 0.02, 0.025, 0.025, 0.023, 0.022, 0.011, 0.013, 0.008, 0.022, 0.033, 0.032, 0.023, 0.024, 0.022, 0.014, 0.011, 0.013, 0.012, 0.015, 0.014, 0.02, 0.015, 0.017, 0.018, 0.019, 0.016, 0.013, 0.012, 0.013, 0.013, 0.019, 0.015, 0.019, 0.018, 0.014, 0.014, 0.013, 0.012, 0.006, 0.007, 0.008, 0.008, 0.009, 0.009, 0.011, 0.009, 0.011, 0.01, 0.013, 0.009, 0.01, 0.01, 0.013, 0.012, 0.016, 0.017, 0.013, 0.012, 0.015, 0.014, 0.014, 0.015, 0.018, 0.013, 0.016, 0.014, 0.014, 0.015, 0.01, 0.021, 0.025, 0.019, 0.017, 0.008, 0.011, 0.02, -1.0, 0.006, 0.024, 0.018, 0.029, 0.025, 0.028, 0.031, 0.031, 0.035, 0.033, 0.027, 0.021, 0.021, 0.02, 0.016, 0.012, 0.012, 0.007, 0.007, 0.004, 0.013, 0.01, 0.009, 0.005, 0.01, 0.007, 0.015, 0.012, 0.014, 0.016, 0.02, 0.015, 0.021, 0.008, 0.004, 0.011, 0.012]","[-0.0001, 0.0001, 0.0001, 0.0, 0.0002, 0.0, 0.0, 0.0, 0.0, 0.0, 0.0001, 0.0, 0.0, 0.0, -0.0, -0.0, 0.0, -0.0, -0.0, 0.0, -0.0, -0.0, -0.0, -0.0, -0.0, -0.0, -0.0, -0.0, -0.0, 0.0, -0.0, -0.0, -0.0, -0.0, -0.0, -0.0, -0.0, -0.0, -0.0, -0.0, -0.0, -0.0, -0.0, -0.0, 0.0, 0.0, 0.0, 0.0, 0.0, 0.0, 0.0, -0.0, -0.0, -0.0, -0.0, -0.0, -0.0, -0.0, -0.0, -0.0001, -0.0, -0.0, -0.0, -0.0, -0.0, -0.0, 0.0005, -0.0, -0.0, -0.0, -0.0, -0.0, -0.0, -0.0, -0.0, -0.0, -0.0, -0.0, -0.0, -0.0, -0.0, -0.0001, -0.0, 0.0, 0.0, 0.0, 0.0, 0.0, 0.0, 0.0, 0.0, 0.0, 0.0, 0.0, 0.0, 0.0, 0.0, 0.0, -0.0, -0.0, -0.0, -0.0, -0.0001, -0.0001, -0.0002, -0.0002, -0.0003, -0.0003, -0.0004, -0.0004, -0.0005, -0.0005, -0.0006, -0.0004, -0.0006, -0.0004, -0.0006, -0.0003, 0.0008]",0.0
2026-07-07_14-12-57.mp4,1,120.0,15.0,0.0,motion,0.0,0.0,0.0,0.0,0.0,0.3298,0.763,0.574,0.461,2.65,0.1375,,"[-0.0, -0.0, 0.0001, 0.0, 0.0001, 0.0001, 0.0, 0.0, 0.0, 0.0, -0.0002, 0.0001, 0.0001, 0.0, -0.0001, 0.0, -0.0004, 0.0, -0.0, 0.0, 0.0, 0.0, 0.0001, 0.0002, 0.0001, 0.0002, 0.0001, 0.0001, 0.0, -0.0001, -0.0, 0.0, -0.0002, -0.0001, -0.0001, 0.0, -0.0001, 0.0001, 0.0, -0.0001, 0.0001, -0.0, 0.0, -0.0, 0.0, -0.0, 0.0, 0.0, -0.0, -0.0002, 0.0, 0.0, -0.0001, 0.0001, 0.0, 0.0, -0.0, -0.0001, 0.0003, -0.0, -0.0001, 0.0001, -0.0, 0.0, -0.0, 0.0, 0.0, 0.0, -0.0002, 0.0, 0.0, 0.0, 0.0, -0.0001, -0.0001, 0.0, -0.0, 0.0, 0.0, 0.0, 0.0, 0.0, 0.0002, 0.0, -0.0, -0.0001, -0.0, -0.0001, 0.0, -0.0, 0.0, 0.0, -0.0, -0.0, -0.0, 0.0, 0.0001, 0.0, -0.0, 0.0, -0.0, 0.0001, 0.0001, -0.0001, 0.0, -0.0, 0.0, -0.0001, -0.0001, -0.0001, 0.0001, -0.0, -0.0001, -0.0, -0.0, 0.0, 0.0001, 0.0, 0.0]",0.0
2026-07-15_15-01-08.mp4,1,120.0,15.0,0.0,motion,0.0,0.0,0.0,0.0,0.0,0.6239,2.797,0.217,0.4678,3.331,0.1043,,"[-0.0987, -0.0989, -0.1091, -0.1285, -0.1677, -0.0079, 0.0739, 0.1713, 0.1443, 0.3151, -0.1907, -0.1947, -0.0514, 0.5919, 0.265, -0.1984, -0.2188, 0.0975, 0.38, 0.3074, 0.1717, -0.3964, -0.1806, 0.6071, 0.3695, 0.2622, -0.002, -0.201, -0.1726, -0.0914, -0.1535, -0.1517, -0.152, -0.1563, -0.1284, 0.0881, -0.052, -0.096, -0.2336, -0.0758, 0.2946, 0.2807, 0.0794, -0.0432, -0.035, -0.0798, -0.0057, -0.0181, 0.0135, 0.0765, -0.0806, -0.0256, -0.0329, -0.064, 0.0854, -0.0483, 0.0167, 0.0037, 0.011, -0.0803, -0.0174, 0.0158, -0.0186, -0.0053, 0.0009, 0.0039, -0.0195, -0.0146, -0.0068, 0.002, -0.0225, 0.0738, 0.0098, 0.0101, 0.0106, 0.0081, 0.005, 0.0085, 0.0085, -0.0607, 0.0073, 0.0073, -0.0184, 0.0042, -0.022, -0.0065, -0.1195, -0.0217, -0.0317, -0.0366, -0.0367, -0.0384, -0.0443, -0.0303, -0.0444, -0.0336, -0.0507, -0.0023, -0.0409, 0.0942, -0.0205, 0.1976, 0.2663, 0.3256, 0.095, -0.0544, -0.0077, -0.0586, -0.059, 0.1228, -0.051, 0.0532, -0.0555, -0.058, -0.0202, -0.0857, 0.0151, -0.0395, -0.0294]",0.0
2026-07-07_12-27-46.mp4,1,120.0,15.0,0.0,motion,0.0,0.0,0.0,0.0,0.0,0.3497,1.78,0.493,0.2914,0.225,0.0317,,"[0.0, 0.0, 0.0, -0.0, -0.0, 0.0001, -0.0001, -0.0, -0.0, -0.0, -0.0, 0.0001, -0.0, -0.0, -0.0, -0.0, -0.0, -0.0, -0.0, -0.0, -0.0, -0.0, 0.0, -0.0, -0.0, -0.0, 0.0, -0.0, -0.0, -0.0, -0.0, 0.0001, -0.0, -0.0, -0.0, 0.0001, 0.0, -0.0, -0.0, -0.0, -0.0001, -0.0, -0.0, -0.0, -0.0, -0.0, -0.0, -0.0001, -0.0, -0.0, -0.0, 0.0, 0.0, 0.0, 0.0, 0.0, -0.0, -0.0, -0.0, 0.0001, -0.0, -0.0, -0.0, -0.0, -0.0, -0.0, -0.0, -0.0, -0.0, -0.0, -0.0, -0.0, 0.0, -0.0, -0.0, 0.0001, -0.0, 0.0, 0.0, 0.0, 0.0, 0.0, 0.0, 0.0, 0.0, 0.0, 0.0, 0.0, 0.0001, -0.0, -0.0, -0.0, -0.0005, -0.0, -0.0, -0.0, -0.0, -0.0, -0.0, -0.0, -0.0, -0.0, -0.0, -0.0, 0.0004, 0.0001, 0.0001, -0.0, -0.0, 0.0001, -0.0001, -0.0, -0.0, 0.0, -0.0, -0.0, -0.0, -0.0, -0.0]",0.0
2026-07-10_16-31-23.mp4,1,120.0,15.0,0.0,motion,0.0,0.0,0.0,0.0,0.0,0.2404,2.542,0.342,0.4569,0.473,0.0264,,"[0.0, -0.0, -0.0, -0.0, -0.0, -0.0002, -0.0, -0.0, 0.0, -0.0, 0.0002, -0.0, -0.0, -0.0, 0.0, -0.0, -0.0, -0.0, -0.0, -0.0, -0.0, 0.0, -0.0, 0.0, -0.0, -0.0, 0.0, 0.0, -0.0, -0.0, 0.0, 0.0, 0.0, 0.0, 0.0, 0.0, -0.0001, -0.0, 0.0, -0.0, -0.0, -0.0, -0.0, -0.0, 0.0, 0.0, -0.0, -0.0, -0.0, -0.0, -0.0, 0.0002, -0.0, -0.0, 0.0, -0.0, -0.0, 0.0, -0.0001, -0.0001, 0.0001, 0.0, -0.0, 0.0, 0.0, 0.0, -0.0, 0.0, 0.0, -0.0, 0.0, -0.0, -0.0, -0.0, -0.0, -0.0, -0.0, -0.0, -0.0, -0.0, -0.0, -0.0, -0.0, -0.0, -0.0, -0.0, -0.0, 0.0, -0.0001, 0.0, 0.0, -0.0, -0.0, -0.0, 0.0001, 0.0, 0.0001, -0.0, 0.0, -0.0, -0.0, 0.0001, -0.0, -0.0, 0.0, 0.0, 0.0, 0.0, 0.0, 0.0, 0.0, 0.0, 0.0001, 0.0001, -0.0001, 0.0001, 0.0001, 0.0001, -0.0001]",0.0
2026-07-24_07-27-21.mp4,1,120.0,15.0,0.367,motion,0.0,0.0,0.0,0.0,0.0,0.5826,2.797,0.591,0.1899,0.67,0.1381,,"[0.0016, -0.0024, -0.0018, -0.0018, -0.0019, -0.002, -0.0014, 0.0012, -0.0001, -0.0013, -0.0015, -0.0011, -0.0011, -0.0011, 0.0018, 0.0031, 0.0, -0.0005, -0.0006, -0.0003, -0.0008, -0.0005, -0.0006, 0.0003, 0.0007, -0.0005, 0.0026, 0.0019, -0.0035, 0.0007, 0.0013, -0.0001, -0.0002, 0.0004, -0.0001, -0.0008, -0.0, 0.0004, -0.0002, -0.0004, -0.0013, -0.0005, 0.0003, 0.0004, 0.0002, -0.0001, 0.0005, 0.0003, 0.0006, 0.0006, 0.0003, -0.0001, 0.0009, 0.0004, 0.0008, -0.0005, -0.0033, -0.0054, -0.0009, 0.0004, 0.0004, -0.0007, 0.0002, 0.0011, 0.001, 0.001, 0.0015, 0.0014, 0.0007, 0.001, 0.0013, 0.0011, 0.0014, -0.0006, 0.0032, 0.0029, 0.0042, -0.0092, -0.0137, -0.0019, 0.0013, 0.0009, 0.001, 0.001, -0.0014, -0.0003, -0.0003, 0.0003, 0.0011, 0.0006, 0.0005, 0.0008, 0.0009, 0.001, 0.0004, 0.0001, -0.0003, 0.0004, 0.0004, -0.0001, -0.0002, 0.0002, 0.0007, 0.0003, 0.0001, -0.0, -0.0001, -0.0003, -0.0, -0.0, -0.0001, -0.0, 0.0002, -0.0003, 0.0, 0.0, 0.0003, -0.0003, -0.0001]",0.0
2026-07-09_16-17-11.mp4,1,120.0,15.0,0.35,motion,0.0,0.0,0.0,0.0,0.0,0.5829,0.763,0.0,0.4867,0.287,0.0,,"[-0.0046, -0.0014, 0.0015, 0.0091, 0.0107, 0.0156, 0.0161, 0.0099, 0.0075, 0.0418, 0.0098, 0.0114, 0.0815, 0.061, -0.0227, 0.0097, -0.0712, -0.0873, -0.2246, -0.0129, 0.011, 0.01, 0.0101, 0.0095, 0.0103, 0.0102, 0.0116, 0.0086, 0.0136, 0.0152, 0.0141, 0.0139, 0.0114, 0.0084, 0.0007, -0.0002, 0.0011, 0.0001, 0.0001, 0.0001, 0.0001, 0.0, 0.0001, -0.0, -0.0, 0.0001, 0.0, -0.0, -0.0, -0.0, -0.0001, -0.0001, 0.0001, 0.0001, 0.0001, 0.0003, -0.0001, 0.0001, 0.0001, -0.0002, -0.0004, 0.0001, 0.0001, 0.0, 0.0002, -0.0002, -0.0008, -0.0002, 0.0001, 0.0, 0.0001, 0.0, 0.0001, 0.0001, -0.0001, 0.0001, 0.0, -0.0002, 0.0001, 0.0001, 0.0002, 0.0001, 0.0005, -0.0002, -0.0, 0.0, 0.0001, -0.0, -0.0001, 0.0001, -0.0, -0.0, -0.0, -0.0, -0.0, -0.0, -0.0003, 0.0001, 0.0, 0.0, 0.0, 0.0, 0.0002, -0.0, 0.0002, -0.0001, 0.0001, -0.0001, 0.0001, -0.0003, -0.0001, -0.0, -0.0, -0.0001, -0.0, -0.0001, 0.0002, 0.0001, 0.0]",0.0
2026-07-17_22-02-24.mp4,1,120.0,15.0,0.008,motion,0.0,0.0,0.0,0.0,0.0,0.5696,0.763,0.0,0.3194,33.871,0.0,,"[0.0, 0.0, -0.0, 0.0, -0.0, 0.0, -0.0, -0.0, 0.0, -0.0, 0.0001, -0.0, -0.0, -0.0001, -0.0, -0.0, -0.0, -0.0, -0.0001, -0.0, -0.0001, -0.0001, -0.0, -0.0, -0.0001, -0.0001, 0.0, -0.0, -0.0001, 0.0002, 0.0009, 0.0001, 0.0002, -0.0001, -0.0, -0.0001, -0.0001, -0.0001, -0.0, -0.0, -0.0001, -0.0, -0.0, -0.0001, -0.0001, -0.0, -0.0, -0.0, 0.0, 0.0, 0.0, -0.0001, -0.0, -0.0, 0.0, 0.0, -0.0, -0.0, -0.0, 0.0001, -0.0, -0.0, 0.0001, -0.0, -0.0, 0.0001, -0.0, -0.0, -0.0001, -0.0, 0.0001, 0.0002, 0.0001, 0.0002, 0.0002, 0.0003, 0.0002, 0.0001, 0.0002, 0.0002, 0.0002, 0.0002, -0.0001, 0.0028, -0.0015, -0.0031, -0.0024, -0.0005, -0.0001, 0.0002, -0.0001, 0.0006, -0.0002, 0.0002, 0.0002, 0.001, 0.0004, 0.0002, 0.0002, 0.0006, 0.0006, 0.0008, -0.0, -0.0005, -0.0001, 0.0, -0.0006, -0.0012, -0.0006, 0.0001, 0.0004, 0.0003, 0.0001, 0.0001, 0.0007, 0.0001, 0.0001, 0.0003, -0.0001]",0.0
2026-07-10_17-16-45.mp4,1,120.0,15.0,0.0,motion,0.0,0.0,0.0,0.0,0.0,0.3442,1.525,0.088,0.3098,0.364,0.0081,,"[0.0, 0.0001, -0.0001, -0.0, 0.0001, 0.0, 0.0002, 0.0, 0.0, 0.0, -0.0001, -0.0001, -0.0001, -0.0002, 0.0, 0.0, 0.0, 0.0, 0.0, 0.0, 0.0, -0.0001, 0.0001, 0.0, 0.0, 0.0, 0.0, 0.0, 0.0, 0.0, 0.0, 0.0, 0.0, 0.0, 0.0, 0.0, 0.0, -0.0, 0.0, 0.0, 0.0, 0.0, 0.0, 0.0, -0.0, -0.0, -0.0, -0.0, -0.0, -0.0, -0.0, -0.0, -0.0, -0.0, -0.0, -0.0, -0.0, -0.0, -0.0, 0.0001, 0.0, 0.0, -0.0, -0.0, -0.0, 0.0, 0.0, -0.0, -0.0, 0.0001, -0.0, -0.0, -0.0, -0.0, -0.0, -0.0, -0.0, -0.0, -0.0, -0.0, -0.0, 0.0, -0.0, -0.0, -0.0, -0.0, -0.0, -0.0, 0.0, 0.0, 0.0, 0.0, 0.0, 0.0, 0.0, 0.0, 0.0, 0.0, 0.0, 0.0, 0.0, 0.0, 0.0001, -0.0001, -0.0, 0.0, 0.0, 0.0, 0.0, 0.0, 0.0, 0.0, 0.0, 0.0, 0.0, 0.0, 0.0, 0.0, 0.0]",0.0
2026-07-03_23-17-16.mp4,1,120.0,15.0,0.008,motion,0.0,0.0,0.0,0.0,0.0,0.412,1.525,0.648,0.3318,0.002,0.0004,,"[-0.0005, -0.0016, -0.0015, 0.0006, 0.0005, -0.0, -0.0008, -0.0003, -0.0005, -0.0005, -0.0005, -0.0005, 0.01, -0.0004, 0.0027, -0.0006, -0.0015, -0.001, -0.0007, -0.0006, -0.0007, -0.0005, -0.0006, 0.0041, -0.0011, -0.0012, -0.0008, -0.0005, -0.001, 0.0018, -0.0005, 0.0005, 0.002, -0.0004, -0.0004, -0.0003, -0.0005, -0.0013, -0.0016, 0.0001, -0.0015, -0.0003, -0.0012, 0.0044, 0.0039, 0.0003, -0.0011, 0.0008, -0.0014, -0.0013, -0.0009, -0.001, 0.0004, -0.0004, 0.0017, -0.0003, -0.0009, -0.001, -0.0004, 0.001, -0.0001, -0.0001, -0.0002, 0.0014, 0.0028, -0.0017, -0.0008, 0.0008, -0.0009, -0.0003, -0.0002, -0.0002, -0.0002, -0.0005, -0.0002, -0.0002, 0.0017, 0.0018, -0.0001, -0.0002, -0.0001, -0.0002, -0.0001, -0.0002, -0.0008, -0.0001, -0.0001, 0.0005, 0.0006, -0.0012, -0.0001, 0.0001, -0.0004, 0.0006, 0.0, 0.0, 0.0001, 0.0001, 0.0007, 0.0001, 0.0001, 0.0001, -0.0017, 0.0001, 0.0001, 0.0001, 0.0005, 0.0001, 0.0001, 0.0001, 0.0001, -0.002, 0.0002, 0.0001, 0.0001, 0.0001, 0.0001, 0.0001, 0.0001]",0.0
2026-07-02_09-58-07.mp4,1,120.0,15.0,0.0,motion,0.0,0.0,0.0,0.0,0.0,0.3104,0.763,0.362,0.3107,9.412,0.1016,,"[-0.0121, -0.1052, 0.025, -0.02, 0.0418, 0.0667, 0.0959, 0.1076, -0.0046, -0.0238, -0.0229, -0.0223, -0.0218, 0.0032, -0.0068, -0.0214, -0.021, 0.089, 0.0427, -0.0173, 0.0412, 0.0011, 0.0414, -0.01, -0.0093, -0.0458, -0.0252, -0.0248, -0.021, -0.0237, 0.0142, -0.0172, -0.0237, -0.001, 0.0326, -0.033, 0.1065, -0.054, -0.0057, -0.0025, 0.0063, -0.0046, -0.0039, -0.0072, -0.0084, -0.0097, -0.02, -0.0979, -0.0218, -0.0132, -0.0093, 0.0056, -0.0643, 0.0938, 0.0716, 0.0579, 0.066, 0.0331, 0.0325, 0.0215, 0.0139, 0.0094, -0.0012, 0.0266, 0.0005, -0.0653, -0.0002, -0.057, -0.0164, -0.0238, -0.0438, 0.009, -0.0127, 0.0147, -0.1136, -0.1398, -0.0415, -0.0296, -0.0762, -0.0176, -0.0167, 0.2251, 0.0633, -0.055, 0.0867, 0.0886, 0.0588, 0.03, 0.0849, 0.0693, 0.0867, -0.0275, -0.0285, -0.0288, -0.0308, -0.0332, -0.0305, -0.0222, -0.0204, -0.0216, -0.0181, -0.0146, -0.012, -0.0103, -0.0069, -0.004, 0.0039, 0.0073, -0.0005, -0.0005, -0.0005, -0.0099, -0.0141, 0.0273, -0.0006, -0.0005, -0.0006, -0.0006, -0.0006]",0.0
2026-07-01_23-19-22.mp4,1,120.0,15.0,0.0,motion,0.0,0.0,0.0,0.0,0.0,0.4003,2.542,0.669,0.3342,0.153,0.0354,,"[0.0007, 0.0001, -0.0017, 0.0003, 0.0005, 0.0013, 0.0013, 0.0014, -0.0012, -0.0065, 0.0013, 0.0039, 0.0013, 0.0006, -0.0082, -0.0024, 0.0217, 0.0009, -0.0076, -0.0034, -0.0248, 0.0008, 0.0085, -0.003, -0.0047, -0.0002, -0.0002, 0.0004, 0.0022, 0.0043, 0.0022, 0.0004, -0.0007, -0.001, -0.0027, 0.0001, -0.0022, -0.0004, 0.0011, -0.0023, 0.0146, -0.0027, -0.0026, -0.0027, 0.006, 0.0092, 0.0107, -0.0021, 0.0003, -0.002, 0.0003, 0.0015, -0.0009, 0.0006, -0.0007, 0.0043, -0.0002, -0.001, 0.0021, -0.0012, -0.0099, 0.004, 0.0009, 0.0009, 0.001, 0.001, -0.028, -0.0058, 0.0014, 0.0008, 0.0014, 0.0013, 0.0021, 0.0013, 0.0014, 0.0014, 0.001, 0.0012, 0.0009, 0.0014, 0.0012, 0.0011, 0.0001, -0.0003, -0.0002, 0.0002, -0.0, -0.0, -0.0002, 0.0, 0.0002, 0.0, 0.0, 0.0001, 0.0001, 0.0001, -0.0001, 0.0001, 0.0002, -0.0, -0.0, 0.0002, 0.0001, 0.0001, -0.0006, 0.0001, 0.0001, 0.0, 0.0001, 0.0001, 0.0002, 0.0001, -0.0012, 0.0001, 0.0001, 0.0001, 0.0001, -0.0002, 0.0001]",0.0
2026-07-20_11-27-38.mp4,1,120.0,15.0,0.008,motion,0.0,0.0,0.0,0.0,0.0,0.1182,1.78,0.248,0.2015,0.0,0.0,,"[-0.0, -0.0, -0.0, 0.0, -0.0, 0.0, 0.0, 0.0, 0.0, 0.0, 0.0, 0.0, 0.0, 0.0, -0.0, 0.0, -0.0, -0.0, -0.0, -0.0, 0.0, 0.0, 0.0, 0.0, 0.0001, 0.0, 0.0, 0.0, 0.0, -0.0, 0.0, -0.0, 0.0, 0.0, 0.0001, -0.0002, 0.0, 0.0, 0.0, 0.0, 0.0, 0.0, 0.0, 0.0, 0.0, 0.0, 0.0, 0.0, 0.0, 0.0, 0.0, -0.0, -0.0, -0.0, -0.0, -0.0, -0.0, -0.0, -0.0, 0.0, -0.0, -0.0, -0.0, -0.0, -0.0, -0.0, -0.0, -0.0, -0.0, -0.0, -0.0, -0.0, -0.0, -0.0, -0.0, 0.0, 0.0, 0.0, -0.0, 0.0, 0.0, 0.0, 0.0, 0.0, 0.0, 0.0, 0.0, 0.0, 0.0, 0.0, 0.0, 0.0, 0.0, 0.0, -0.0, -0.0, -0.0, -0.0, -0.0, -0.0, -0.0, -0.0, -0.0, -0.0, -0.0, -0.0, -0.0, -0.0, -0.0, -0.0, -0.0, -0.0, -0.0, -0.0, -0.0, -0.0, -0.0, -0.0, -0.0]",0.0
2026-07-23_21-01-51.mp4,1,120.0,15.0,0.0,motion,0.0,0.0,0.0,0.0,0.0,0.4574,0.763,0.527,0.3194,99.0,0.2401,,"[0.0006, 0.0005, 0.0011, 0.0035, -0.0029, 0.0003, 0.0022, 0.0031, 0.0016, -0.005, -0.0139, 0.0039, 0.0014, 0.0014, 0.0013, 0.001, 0.0011, 0.0017, -0.0004, 0.0062, -0.0008, -0.0324, 0.0007, -0.0097, -0.0061, 0.011, 0.0193, -0.0061, 0.0007, 0.0041, -0.0025, 0.0083, -0.0037, 0.0075, 0.0009, 0.0003, 0.0114, 0.0001, -0.0017, 0.0064, -0.0048, -0.0161, 0.0001, -0.0001, -0.0001, -0.0001, 0.0034, -0.0011, 0.0001, 0.0061, 0.0007, -0.0003, 0.0014, 0.0012, -0.0054, -0.0064, 0.0018, 0.0029, 0.0053, 0.0058, 0.0102, -0.01, 0.0217, -0.0002, 0.0, 0.0003, 0.0007, 0.0026, 0.0029, 0.0025, -0.0026, -0.009, -0.0499, -0.0946, 0.0033, 0.0034, 0.0054, 0.0031, 0.0468, 0.0026, 0.0032, 0.0, 0.0784, 0.0015, 0.002, 0.0044, -0.0028, -0.0033, -0.0207, -0.0229, -0.0081, -0.0049, -0.0052, -0.0059, 0.0001, -0.003, -0.0025, -0.0095, 0.0486, 0.0066, 0.0223, 0.0069, -0.0014, -0.0008, -0.0085, -0.0429, 0.0302, -0.0021, -0.0021, -0.0022, -0.0021, -0.0021, -0.0021, -0.0023, -0.0007, -0.0002, 0.0005, 0.0006, 0.0005]",0.0
2026-07-10_13-31-44.mp4,1,120.0,15.0,0.008,motion,0.0,0.0,0.0,0.0,0.0,0.2372,0.763,0.578,0.3015,0.08,0.0101,,"[0.0, -0.0, 0.0001, -0.0002, -0.0, -0.0001, -0.0, -0.0001, -0.0, 0.0001, -0.0, 0.0, -0.0002, 0.0002, 0.0, 0.0, 0.0, 0.0, 0.0, 0.0, -0.0001, 0.0002, 0.0001, 0.0, -0.0001, 0.0001, 0.0, -0.0003, -0.0001, 0.0, 0.0, -0.0002, -0.0, 0.0001, 0.0, -0.0002, 0.0, 0.0, 0.0, 0.0, 0.0001, 0.0, 0.0001, 0.0, 0.0, 0.0, -0.0, 0.0001, -0.0, 0.0001, 0.0, 0.0, 0.0, -0.0, -0.0001, 0.0, 0.0, 0.0001, -0.0003, 0.0, 0.0001, -0.0001, 0.0, -0.0, -0.0001, 0.0001, 0.0, 0.0, 0.0, -0.0002, 0.0002, -0.0, 0.0, -0.0, -0.0, -0.0, -0.0, -0.0, 0.0001, -0.0001, -0.0, -0.0, -0.0, -0.0, -0.0, -0.0, 0.0007, -0.0, -0.0, -0.0, 0.0001, -0.0003, -0.0001, -0.0, -0.0, -0.0, -0.0, -0.0, -0.0, -0.0, -0.0, -0.0, 0.0, -0.0001, 0.0, -0.0001, 0.0, 0.0, 0.0001, -0.0, -0.0, 0.0, -0.0001, 0.0, -0.0001, -0.0, 0.0, 0.0, 0.0]",0.0
2026-07-25_15-54-30.mp4,1,120.0,15.0,0.025,motion,0.0,0.0,0.0,0.0,0.0,0.282,2.034,0.643,0.4386,0.07,0.0118,,"[0.0, -0.0001, -0.0001, -0.0001, -0.0, -0.0, -0.0, -0.0, 0.0, -0.0, -0.0, -0.0001, -0.0, 0.0, -0.0001, 0.0001, -0.0, 0.0001, 0.0, 0.0, -0.0002, 0.0002, -0.0002, -0.0004, 0.0008, 0.0, 0.0002, -0.0, -0.0001, 0.0, -0.0002, 0.0, -0.0002, -0.0, -0.0004, 0.0, 0.0001, -0.0, 0.0, 0.0, -0.0, 0.0003, -0.0001, -0.0, -0.0, 0.0, 0.0, 0.0, 0.0, 0.0003, 0.0, 0.0, 0.0, 0.0, 0.0, 0.0, 0.0, 0.0001, -0.0, -0.0003, -0.0002, -0.0005, 0.0002, -0.0001, 0.0001, -0.0, 0.0001, 0.0001, 0.0001, 0.0001, 0.0001, -0.0001, 0.0, 0.0001, 0.0001, -0.0002, -0.0, 0.0, -0.0002, -0.0001, -0.0001, 0.0002, 0.0, -0.0002, 0.0, -0.0, 0.0001, -0.0, -0.0001, -0.0, -0.0001, -0.0, -0.0, -0.0001, 0.0019, -0.0003, -0.0, -0.0, -0.0, -0.0004, -0.0, 0.0003, -0.0, -0.0, -0.0, -0.0005, -0.0, 0.0001, -0.0, -0.0, 0.0, 0.0, -0.0001, -0.0002, 0.0, 0.0, 0.0, 0.0, 0.0]",0.0
2026-07-04_05-04-07.mp4,1,120.0,15.0,0.0,motion,0.0,0.0,0.0,0.0,0.0,0.2429,2.034,0.179,0.3934,0.002,0.0001,,"[0.0, -0.0001, 0.0, 0.0001, 0.0002, -0.0, -0.0, -0.0003, 0.0002, -0.0002, 0.0004, -0.0001, 0.0003, 0.0, -0.0001, 0.0001, -0.0, 0.0, 0.0, -0.0002, -0.0008, 0.0, 0.0, 0.0, 0.0, 0.0, 0.0001, 0.0001, -0.0003, -0.0, -0.0003, 0.0004, -0.0002, 0.0003, -0.0002, 0.0001, 0.0001, 0.0001, 0.0001, 0.0001, 0.0001, 0.0001, 0.0001, 0.0001, 0.0, 0.0, 0.0, 0.0, -0.0002, -0.0007, 0.0003, 0.0, 0.0, 0.0, 0.0, 0.0, 0.0, 0.0, 0.0, 0.0002, -0.0002, 0.0, 0.0, 0.0002, -0.0003, -0.0, 0.0, 0.0, 0.0, -0.0002, 0.0001, 0.0, 0.0, 0.0, 0.0, 0.0, 0.0, 0.0, 0.0, -0.0, -0.0, -0.0, -0.0, -0.0, -0.0, -0.0, -0.0, -0.0, -0.0, -0.0, -0.0, -0.0, -0.0, -0.0, 0.0004, -0.0, -0.0, -0.0, -0.0, -0.0, -0.0, -0.0, -0.0, -0.0, -0.0, -0.0, -0.0, -0.0, -0.0, -0.0, 0.0, 0.0, 0.0, 0.0, 0.0, 0.0, 0.0, 0.0, 0.0]",0.0
2026-07-09_01-04-27.mp4,1,120.0,15.0,0.0,motion,0.0,0.0,0.0,0.0,0.0,0.2614,1.017,0.198,0.4573,0.001,0.0001,,"[0.0, -0.0, -0.0, -0.0, -0.0, -0.0, -0.0, -0.0, -0.0, -0.0, -0.0, -0.0, -0.0, -0.0, 0.0, 0.0, 0.0, 0.0, 0.0, 0.0, 0.0, 0.0, 0.0, 0.0, 0.0, 0.0, 0.0, -0.0002, 0.0, -0.0, 0.0, 0.0, 0.0, 0.0, 0.0, 0.0, 0.0, 0.0, 0.0, 0.0, -0.0, -0.0001, -0.0002, 0.0002, 0.0002, 0.0002, 0.0002, 0.0002, 0.0002, 0.0002, 0.0002, 0.0002, 0.0002, 0.0002, 0.0002, 0.0007, 0.0016, 0.0049, -0.0114, -0.0002, -0.0002, 0.0002, 0.0001, 0.0002, 0.0002, 0.0003, 0.0001, 0.0002, 0.0002, 0.0002, 0.0002, -0.0, 0.0001, 0.0001, -0.0004, -0.0005, -0.0008, -0.0007, -0.0008, -0.0007, -0.0009, -0.001, -0.0009, -0.0009, -0.0005, -0.0012, 0.0007, 0.0009, 0.0049, 0.0026, 0.0009, 0.0067, -0.0013, -0.0012, -0.0015, -0.0002, -0.0013, 0.0074, 0.0013, -0.0037, 0.0096, 0.0063, 0.0032, 0.002, 0.0051, 0.0053, 0.0064, 0.0073, 0.0057, -0.0271, 0.0095, 0.0119, 0.0081, 0.0089, 0.0128, 0.002, 0.0091, 0.0039, -0.0129]",0.0
2026-07-19_10-13-20.mp4,1,120.0,15.0,0.675,lips,0.4372,1.78,1.875,0.238,0.0348,0.6762,1.525,0.0,0.4407,0.001,0.0001,"[0.109, 0.121, 0.059, 0.033, -1.0, 0.125, 0.109, 0.105, 0.062, 0.038, -1.0, 0.126, 0.101, 0.053, 0.03, -1.0, -1.0, 0.12, 0.079, 0.045, 0.053, -1.0, -1.0, -1.0, -1.0, 0.091, 0.073, 0.044, 0.057, 0.035, -1.0, -1.0, -1.0, 0.136, 0.051, 0.054, 0.042, 0.028, -1.0, 0.074, 0.083, 0.063, 0.04, 0.045, -1.0, 0.092, 0.052, 0.038, -1.0, -1.0, -1.0, -1.0, 0.084, 0.078, -1.0, 0.053, 0.068, 0.046, 0.025, -1.0, 0.053, 0.046, -1.0, 0.066, 0.058, -1.0, 0.049, 0.068, -1.0, 0.04, 0.036, -1.0, 0.066, 0.014, 0.024, 0.037, -1.0, 0.129, 0.051, 0.072, -1.0, 0.145, 0.032, -1.0, 0.135, 0.057, 0.045, -1.0, 0.175, 0.074, -1.0, 0.113, 0.047, 0.022, 0.015, -1.0, 0.032, 0.025, -1.0, -1.0, 0.046, -1.0, 0.035, 0.04, -1.0, -1.0, 0.034, -1.0, 0.017, -1.0, 0.034, -1.0, 0.027, 0.02, -1.0, 0.044, -1.0, 0.072, 0.029, 0.024]","[0.0, 0.0006, -0.0001, -0.0001, -0.0002, -0.0003, -0.0002, -0.0003, -0.0003, -0.0002, -0.0002, -0.0002, -0.0003, -0.0004, -0.0003, -0.0004, -0.0009, 0.0021, 0.0029, 0.0014, 0.0001, -0.0002, -0.0, -0.0002, 0.0004, -0.0003, -0.0002, -0.0002, -0.0002, -0.0002, -0.0002, -0.0002, -0.0003, -0.0004, -0.0001, -0.0, -0.0001, 0.0, 0.0, 0.0, 0.0001, 0.0001, -0.0, 0.0, 0.0, 0.0002, -0.0001, -0.0, 0.0, -0.0, 0.0001, 0.0, -0.0, -0.0, -0.0, -0.0, -0.0, -0.0, -0.0, -0.0, -0.0, 0.0, -0.0, 0.0001, 0.0, -0.0001, -0.0, -0.0, -0.0, 0.0, -0.0, -0.0, 0.0, -0.0, 0.0, 0.0, 0.0, 0.0, -0.0, 0.0001, 0.0001, 0.0002, 0.0004, 0.0004, 0.0003, 0.0004, 0.0003, 0.0003, 0.0004, 0.0002, 0.0001, -0.0002, 0.0004, 0.0015, -0.0005, -0.0013, -0.0042, -0.0033, -0.0006, 0.0005, -0.0012, 0.001, 0.0012, 0.0014, 0.0001, 0.0001, -0.0026, -0.0037, -0.0038, -0.0004, 0.0, 0.0113, 0.0041, -0.0003, 0.0003, 0.0006, 0.0006, -0.0003, -0.0003]",0.0
2026-07-17_13-16-46.mp4,1,120.0,15.0,0.117,motion,0.0,0.0,0.0,0.0,0.0,0.5331,0.763,0.0,0.3919,3.659,0.0,,"[-0.0, -0.0, -0.0, -0.0, -0.0, -0.0, 0.0, 0.0, -0.0, -0.0, -0.0, -0.0, -0.0, -0.0, -0.0, -0.0, -0.0, -0.0, -0.0, -0.0, -0.0, -0.0, 0.0001, -0.0, -0.0, -0.0, -0.0, -0.0, -0.0, -0.0, -0.0, -0.0, -0.0, -0.0, -0.0, -0.0, -0.0, -0.0, 0.0, 0.0, 0.0, -0.0, -0.0, -0.0, 0.0, -0.0, -0.0, 0.0001, -0.0001, -0.0, 0.0, -0.0, -0.0, -0.0, -0.0, -0.0, 0.0, 0.0001, 0.0, -0.0, 0.0001, -0.0, -0.0, -0.0002, 0.0087, 0.023, 0.0239, 0.0232, 0.0233, 0.0233, 0.0234, 0.0227, 0.0234, 0.0229, 0.0234, 0.0234, 0.0234, 0.0233, 0.0341, -0.2568, -0.4293, 0.0229, 0.0235, 0.0233, 0.0234, 0.0229, 0.0229, 0.0236, 0.0234, 0.0232, 0.0232, 0.0233, 0.0236, 0.0233, 0.0237, 0.0146, 0.0001, 0.0, -0.0, 0.0001, 0.0, 0.0, 0.0, -0.0, 0.0, 0.0001, 0.0, -0.0001, -0.0, -0.0001, -0.0002, -0.0001, 0.0, -0.0004, 0.0004, 0.0002, 0.0001, 0.0005, -0.0001]",0.0
2026-07-07_19-13-13.mp4,1,120.0,15.0,0.0,motion,0.0,0.0,0.0,0.0,0.0,0.3415,0.763,0.305,0.4817,0.811,0.0467,,"[0.0002, -0.0001, -0.0003, -0.0004, -0.0, -0.0001, -0.0001, 0.0002, -0.0002, 0.0001, -0.0001, -0.0001, -0.0001, -0.0001, -0.0001, -0.0001, -0.0, -0.0002, -0.0, -0.0004, -0.0001, -0.0002, -0.0, -0.0, -0.0, 0.0, 0.0006, 0.0, 0.0, 0.0, 0.0, 0.0, 0.0, -0.0, -0.0, -0.0, -0.0, -0.0, -0.0, -0.0, -0.0, -0.0, 0.0, 0.0, 0.0, 0.0, 0.0, 0.0, 0.0, 0.0, 0.0, 0.0, 0.0, -0.0002, 0.0, 0.0, 0.0001, -0.0001, 0.0, -0.0001, 0.0, 0.0, 0.0, 0.0, 0.0, 0.0, 0.0, 0.0, 0.0, -0.0, -0.0, -0.0, 0.0, -0.0, -0.0, -0.0, -0.0, -0.0, -0.0, 0.0, -0.0, -0.0, -0.0, 0.0, -0.0, -0.0, 0.0, -0.0, -0.0, -0.0, 0.0001, 0.0, -0.0, -0.0, -0.0, 0.0001, 0.0001, -0.0, -0.0, 0.0, -0.0001, -0.0, -0.0, 0.0003, -0.0, -0.0, -0.0, -0.0, -0.0, -0.0, -0.0001, -0.0, -0.0, -0.0, -0.0, -0.0, -0.0, -0.0, -0.0]",0.0
2026-07-26_02-37-00.mp4,1,120.0,15.0,0.042,motion,0.0,0.0,0.0,0.0,0.0,0.7337,1.78,0.0,0.4324,99.0,0.0,,"[0.0001, 0.0005, -0.0002, -0.0002, -0.0002, -0.0001, -0.0001, -0.0001, -0.0001, -0.0001, -0.0001, -0.0001, -0.0001, -0.0001, -0.0, -0.0, -0.0, 0.0002, 0.0, -0.0, 0.0001, -0.0, 0.0, -0.0, 0.0001, -0.0, -0.0, -0.0, -0.0, -0.0001, -0.0, -0.0, -0.0, -0.0, 0.0, -0.0, -0.0, -0.0, -0.0, -0.0001, 0.0, 0.0, 0.0, 0.0, 0.0, 0.0, 0.0, 0.0, 0.0, -0.0, -0.0, -0.0, -0.0, -0.0, -0.0, -0.0, -0.0, -0.0, -0.0, -0.0, -0.0, -0.0, -0.0, -0.0, 0.0, 0.0002, -0.031, -0.0145, 0.0337, 0.0714, 0.1217, 0.1328, 0.1004, 0.0937, 0.0928, 0.0913, 0.0913, 0.0913, 0.0913, 0.0914, 0.0919, 1.0501, -0.4035, -1.4127, -1.0827, -1.4701, -0.2524, 1.0928, 0.3018, 0.1198, 0.1381, 0.0911, 0.0913, 0.0914, 0.0914, 0.0916, 0.0913, 0.1225, 0.1063, 0.0579, 0.0199, -0.0304, -0.0416, -0.0092, -0.0024, -0.0015, -0.0, -0.0, -0.0, -0.0, -0.0, 0.0, 0.0, 0.0001, -0.0007, -0.0003, -0.0002, -0.0002, 0.0001]",0.0
2026-07-11_01-30-28.mp4,1,110.0,15.0,0.0,motion,0.0,0.0,0.0,0.0,0.0,0.2138,0.763,0.015,0.3538,0.413,0.001,,"[-0.0001, 0.0, 0.0, 0.0001, 0.0003, 0.0, 0.0, 0.0, 0.0001, 0.0, 0.0, 0.0001, -0.0, -0.0, -0.0, -0.0, -0.0, -0.0, -0.0, -0.0, -0.0, -0.0, -0.0, -0.0, -0.0, -0.0, -0.0, -0.0, -0.0, -0.0, -0.0, -0.0, -0.0, -0.0, -0.0, -0.0, -0.0, -0.0, -0.0, -0.0, -0.0, -0.0, -0.0, -0.0, 0.0, -0.0, -0.0, -0.0, -0.0, -0.0, -0.0, -0.0, -0.0, -0.0, -0.0, -0.0, -0.0, -0.0, -0.0, -0.0001, 0.0002, -0.0, 0.0001, -0.0, 0.0003, -0.0, -0.0, -0.0, -0.0, -0.0, -0.0, -0.0, -0.0, -0.0, -0.0, -0.0, -0.0, -0.0, -0.0, -0.0, 0.0, 0.0, -0.0, -0.0, -0.0, -0.0, -0.0, -0.0, -0.0, -0.0, -0.0, -0.0, -0.0, -0.0, -0.0, -0.0, -0.0, 0.0003, 0.0003, -0.0, -0.0, -0.0, 0.0001, 0.0002, -0.0001, -0.0, -0.0, -0.0, -0.0]",0.0
2026-07-06_15-32-12.mp4,1,120.0,15.0,0.0,motion,0.0,0.0,0.0,0.0,0.0,0.3553,1.78,0.428,0.3099,1.929,0.1002,,"[0.0, 0.0, 0.0, 0.0, 0.0, 0.0, 0.0, 0.0, 0.0, 0.0, 0.0, 0.0, -0.0, -0.0, -0.0, -0.0, 0.0, 0.0, 0.0, -0.0002, 0.0, 0.0, -0.0, 0.0001, -0.0, -0.0, -0.0001, 0.0002, 0.0, 0.0001, -0.0, -0.0003, 0.0, -0.0002, 0.0001, -0.0001, -0.0003, 0.0002, 0.0004, 0.0001, 0.0006, -0.0002, 0.0001, -0.0008, 0.0002, 0.0002, -0.0001, 0.0003, 0.0001, -0.0, -0.0, -0.0001, -0.0, -0.0, 0.0, 0.0, 0.0, 0.0002, 0.0, -0.0006, -0.0, 0.0001, 0.0, 0.0, 0.0, 0.0, 0.0, 0.0, 0.0, 0.0, 0.0, 0.0, 0.0, -0.0001, -0.0, 0.0, -0.0002, -0.0, -0.0, 0.0001, -0.0, -0.0001, -0.0, 0.0, 0.0, -0.0, 0.0002, -0.0002, 0.0, 0.0008, 0.0, -0.0, -0.0, 0.0001, -0.0003, -0.0, -0.0, -0.0, -0.0, 0.0001, 0.0, -0.0, -0.0, -0.0, -0.0, -0.0, -0.0, -0.0, -0.0, -0.0, -0.0, -0.0, -0.0, -0.0, -0.0, -0.0, 0.0001, 0.0004, -0.0]",0.0
2026-07-06_19-46-05.mp4,1,120.0,15.0,0.0,motion,0.0,0.0,0.0,0.0,0.0,0.356,2.797,0.235,0.3854,2.343,0.0586,,"[0.0002, -0.0001, -0.0008, -0.0, -0.0002, 0.0005, -0.0002, -0.0002, -0.0002, -0.0001, -0.0001, -0.0001, 0.0005, -0.0002, -0.0002, -0.0001, -0.0001, -0.0001, -0.0002, -0.0001, -0.0001, 0.0003, -0.0001, -0.0001, -0.002, 0.0001, 0.0005, 0.0033, 0.0, -0.0001, -0.0001, -0.0001, -0.0001, -0.0001, -0.0001, -0.0001, -0.0001, -0.0001, -0.0001, -0.0001, -0.0001, -0.0001, -0.0001, -0.0, -0.0, 0.0, 0.0, 0.0, -0.0, -0.0, -0.0, -0.0001, -0.0, -0.0, -0.0, -0.0, 0.0, 0.0, 0.0, 0.0003, -0.0006, 0.0001, -0.0001, 0.0008, 0.0, 0.0, 0.0013, -0.0006, -0.0, 0.0, 0.0, -0.0022, 0.0001, 0.0002, 0.0006, 0.0002, -0.0004, 0.0001, 0.0003, 0.0, 0.0, 0.0, -0.0012, 0.0008, -0.0, -0.0011, 0.0014, -0.0004, -0.0, -0.0, -0.0, -0.0, -0.0, -0.0, -0.0001, 0.0003, 0.0, -0.0001, 0.0001, -0.0, 0.0007, -0.0001, -0.0003, -0.0001, -0.0001, -0.0001, -0.0001, -0.0001, -0.0001, -0.0001, 0.0017, -0.0001, -0.0001, -0.0001, -0.0001, -0.0001, -0.0001, -0.0001, -0.0001]",0.0
2026-07-07_04-40-51.mp4,1,120.0,15.0,0.0,motion,0.0,0.0,0.0,0.0,0.0,0.5214,0.763,0.0,0.4223,99.0,0.0,,"[0.0005, 0.0007, -0.0015, -0.0039, -0.0042, -0.0037, 0.0014, -0.0015, 0.0016, 0.0001, -0.0, -0.0001, -0.0006, 0.0017, 0.0029, 0.0014, 0.0008, 0.0016, 0.0048, 0.0023, -0.0001, -0.0031, -0.0031, -0.0001, -0.0026, -0.0024, -0.0001, -0.0, -0.0001, -0.0001, 0.0, 0.0, 0.0001, 0.0001, 0.0002, 0.0001, 0.0003, 0.0002, 0.0001, -0.0003, -0.0004, -0.0, 0.0003, 0.0001, -0.0003, -0.0004, 0.0, -0.0004, 0.0005, -0.0003, -0.0001, -0.0004, -0.0001, 0.0, 0.001, -0.0006, -0.0009, -0.0008, -0.0005, 0.0159, 0.0083, 0.0139, 0.0156, 0.0231, 0.0231, 0.0229, 0.0229, 0.0209, 0.0118, 0.0078, 0.0117, 0.0155, 0.0027, -0.0062, -0.2551, -0.0105, -0.159, -0.0471, -0.2241, 0.0061, 0.0148, 0.0171, 0.0547, 0.2742, 0.1736, 0.0164, 0.0162, 0.0218, 0.0168, 0.0036, 0.0005, -0.002, -0.0062, -0.0084, -0.0212, -0.0232, -0.0147, -0.0251, -0.0114, -0.0079, -0.0046, -0.0092, -0.0015, 0.0028, 0.0011, 0.0044, 0.0004, 0.0008, -0.0014, -0.0015, 0.004, -0.0165, 0.0054, 0.0009, 0.0034, 0.0008, 0.0016, 0.0005, 0.0003]",0.0
2026-07-07_12-24-52.mp4,1,120.0,15.0,0.0,motion,0.0,0.0,0.0,0.0,0.0,0.5207,1.78,0.584,0.3236,0.671,0.1221,,"[0.0003, 0.0003, -0.0003, -0.0004, -0.0007, 0.0003, -0.0016, -0.0033, 0.0001, -0.0001, -0.0002, 0.0013, 0.0013, -0.001, 0.0002, 0.0008, 0.0005, 0.0001, 0.0014, -0.0005, 0.0003, 0.0008, -0.0001, -0.001, -0.0033, -0.0004, -0.0002, 0.0009, 0.0009, 0.0012, -0.0002, 0.0004, 0.0001, -0.0003, 0.0004, 0.0002, 0.0001, -0.0002, 0.0017, 0.001, -0.0004, -0.0003, -0.0008, -0.0002, -0.0009, 0.0004, 0.0, -0.0004, -0.0001, -0.0, 0.0, -0.0, -0.0, -0.0, -0.0, -0.0004, 0.0001, -0.0006, -0.0, -0.0002, -0.0003, 0.0, 0.0007, 0.0001, -0.0001, 0.0001, -0.0002, -0.0, -0.0, -0.0, -0.0005, 0.0006, 0.0015, 0.0003, -0.0006, -0.0007, -0.0004, -0.0, 0.0003, 0.0003, 0.0, -0.0003, -0.0, -0.0003, -0.0002, 0.0001, 0.0003, -0.0004, 0.0004, 0.0016, -0.0008, -0.0008, -0.0002, -0.0004, -0.0, 0.0002, -0.0006, 0.0005, 0.001, -0.0004, -0.0002, -0.0003, 0.0003, -0.0001, 0.002, -0.0011, -0.0003, 0.0012, -0.0004, 0.0007, 0.0004, -0.0001, -0.0005, -0.0002, -0.0005, -0.0005, -0.0, -0.0001, -0.0001]",0.0
2026-07-06_18-29-36.mp4,1,120.0,15.0,0.0,motion,0.0,0.0,0.0,0.0,0.0,0.3345,2.542,0.564,0.3378,0.155,0.0253,,"[-0.0, 0.0, 0.0, 0.0, 0.0003, 0.0001, 0.0001, -0.0001, -0.0, -0.0, -0.0001, -0.0, 0.0, -0.0, -0.0, -0.0, -0.0, 0.0001, -0.0, -0.0, -0.0001, 0.0, -0.0, 0.0, 0.0, 0.0001, -0.0, -0.0, -0.0, 0.0, -0.0, 0.0, -0.0001, 0.0, 0.0, 0.0001, -0.0001, -0.0, -0.0001, 0.0, 0.0, -0.0, 0.0, 0.0, -0.0, 0.0, 0.0, -0.0, 0.0, 0.0, 0.0, -0.0, 0.0, 0.0, 0.0, 0.0, 0.0, 0.0, 0.0, 0.0, -0.0, -0.0001, 0.0, 0.0, 0.0, 0.0, 0.0, 0.0, 0.0, -0.0, 0.0, 0.0001, -0.0001, 0.0, 0.0, 0.0, 0.0, 0.0, 0.0, 0.0, 0.0, 0.0, 0.0, 0.0001, 0.0, 0.0, 0.0, 0.0, 0.0, -0.0002, 0.0, 0.0, 0.0, 0.0, 0.0, 0.0, 0.0, 0.0, 0.0, 0.0, 0.0, 0.0, 0.0, 0.0, 0.0, -0.0, -0.0, -0.0, -0.0, 0.0, 0.0, 0.0, 0.0, 0.0, 0.0, 0.0, 0.0, 0.0, -0.0]",0.0
2026-07-03_23-04-34.mp4,1,120.0,15.0,0.0,motion,0.0,0.0,0.0,0.0,0.0,0.1446,2.797,0.272,0.3304,0.217,0.007,,"[0.0, -0.0006, -0.0003, -0.0006, 0.0005, 0.0008, 0.001, -0.0, 0.0015, 0.0, 0.0, 0.0, -0.0, -0.0, 0.0001, -0.0001, -0.0001, -0.0002, -0.0002, 0.0012, -0.0008, -0.0088, -0.0006, -0.0008, -0.0005, -0.0007, -0.0003, 0.0016, 0.0018, 0.0022, 0.0006, -0.0, 0.0056, 0.0001, 0.0043, 0.0153, 0.0006, 0.0004, -0.002, -0.0026, 0.0054, -0.0126, -0.0104, -0.0052, 0.0005, -0.0036, -0.0008, -0.0028, 0.0004, 0.0004, 0.0005, -0.0018, 0.001, 0.0009, 0.0009, 0.0008, 0.001, -0.0013, 0.009, 0.0019, 0.0003, 0.0003, 0.0, 0.0016, 0.0001, 0.0001, 0.0001, 0.0, 0.0, 0.0, -0.0005, 0.0, 0.0, -0.0059, 0.0003, -0.0042, 0.0003, 0.0003, 0.0003, 0.0004, 0.0004, 0.0004, 0.0001, 0.0004, -0.0008, 0.0019, 0.0019, 0.0008, 0.0008, 0.0006, 0.0013, 0.0015, 0.0015, 0.0015, 0.0015, 0.0015, 0.0015, 0.0089, -0.0071, 0.0451, -0.0897, 0.0027, 0.0381, 0.0031, 0.003, -0.0178, -0.0106, 0.0032, 0.0032, 0.0028, 0.0044, 0.0028, 0.0027, 0.0029, 0.0026, -0.0021, -0.0299, -0.0121, 0.0032]",0.0
2026-07-10_14-13-43.mp4,1,120.0,15.0,0.017,motion,0.0,0.0,0.0,0.0,0.0,0.4127,1.525,0.485,0.3662,0.157,0.0272,,"[0.0001, 0.0025, 0.0014, 0.0022, 0.0005, 0.0018, 0.0, -0.0019, -0.0003, 0.0016, 0.0001, 0.0003, 0.0013, 0.0009, -0.001, 0.0009, -0.0007, 0.0014, -0.0034, 0.0001, 0.0028, -0.0017, -0.0046, -0.0038, -0.0215, 0.0022, 0.0007, 0.0018, 0.0027, 0.0257, 0.0009, -0.0125, 0.0017, 0.0018, 0.0017, -0.0122, 0.0015, 0.002, -0.0002, 0.0003, -0.0007, -0.0008, -0.0016, -0.0024, -0.0008, -0.0029, -0.0001, 0.0005, -0.0031, -0.0004, -0.0059, -0.0011, 0.021, 0.0161, 0.001, -0.0007, -0.0016, -0.0018, -0.002, -0.0015, -0.0012, -0.0007, -0.001, -0.001, -0.0008, -0.0005, -0.0009, -0.001, -0.0001, 0.001, 0.0001, 0.0047, 0.0017, 0.0017, 0.0039, -0.0028, -0.002, -0.0046, -0.0018, -0.0002, 0.0021, 0.0068, -0.0164, 0.0009, -0.0004, 0.0006, 0.0006, -0.0014, 0.0005, 0.0006, 0.0007, 0.0007, 0.0006, 0.0003, 0.0004, 0.0004, 0.0004, 0.0007, -0.0001, 0.0002, 0.0001, -0.0, -0.0001, 0.0002, -0.0002, -0.0002, -0.0001, 0.0005, -0.0, -0.0, -0.0001, -0.0001, -0.0001, -0.0001, 0.0001, -0.0001, -0.0, -0.0001, 0.0001]",0.0
2026-07-05_22-15-31.mp4,1,31.0,15.0,0.0,motion,0.0,0.0,0.0,0.0,0.0,0.3232,1.0,0.0,0.1531,0.702,0.0,,"[-0.0002, 0.0005, 0.0002, 0.0001, 0.0001, 0.0001, 0.0001, 0.0002, 0.0001, 0.0001, 0.0001, 0.0001, 0.0, 0.0, 0.0, 0.0, -0.0, -0.0, -0.0, -0.0, -0.0, -0.0, -0.0, -0.0, -0.0, -0.0, -0.0, -0.0, -0.0, -0.0]",0.0
2026-07-05_12-58-02.mp4,1,120.0,15.0,0.0,motion,0.0,0.0,0.0,0.0,0.0,0.3754,1.017,0.303,0.333,0.194,0.0185,,"[0.0002, 0.0007, 0.0015, 0.0017, 0.0002, 0.0001, 0.0001, 0.0002, 0.0001, 0.0002, 0.0002, -0.0048, -0.0009, 0.0001, -0.0006, -0.0024, 0.0007, -0.0, 0.0, 0.0, -0.0001, -0.0001, -0.0006, 0.0, -0.0001, -0.0001, 0.0028, 0.0004, -0.0003, -0.0014, -0.0003, -0.0004, 0.004, -0.0011, 0.0012, 0.0031, -0.0008, -0.0008, -0.0008, -0.0008, -0.0008, -0.0008, -0.0007, -0.0006, -0.0015, 0.0, -0.0007, -0.0007, 0.0085, 0.0022, -0.0005, -0.0004, -0.0003, -0.0004, -0.0004, -0.0004, -0.0004, -0.0004, -0.0004, 0.0004, -0.0004, -0.0004, -0.0004, -0.0004, -0.0001, -0.0, -0.0, -0.0, -0.0, -0.0, -0.0, -0.0, -0.0, -0.0, -0.0, -0.0, -0.0, -0.0, -0.0, -0.0, -0.0, -0.0001, 0.0, -0.0001, -0.0002, -0.0002, -0.0002, -0.0002, 0.0001, -0.0002, -0.0002, -0.0002, -0.0001, -0.0002, -0.0002, -0.0002, -0.0007, -0.0002, -0.0002, 0.0062, -0.0002, -0.0002, -0.0002, -0.0002, -0.0002, -0.0009, -0.0002, -0.0002, -0.0002, -0.0002, -0.0002, -0.0002, -0.0002, -0.0002, -0.0002, 0.0, 0.0, 0.0, 0.0]",0.0
2026-07-09_12-22-32.mp4,1,120.0,15.0,0.0,motion,0.0,0.0,0.0,0.0,0.0,0.2389,2.797,0.419,0.395,0.003,0.0003,,"[0.0001, 0.0018, 0.0002, -0.0023, -0.0114, 0.0083, 0.0, -0.0002, -0.0002, 0.0005, 0.0005, -0.0003, -0.0009, 0.0001, -0.0002, 0.0003, 0.0, 0.0002, 0.0003, 0.0003, 0.0002, 0.0006, 0.0004, 0.0007, 0.0003, 0.0012, 0.0142, 0.0172, -0.0293, -0.0014, 0.0006, 0.0041, -0.0022, -0.0057, -0.0048, -0.0021, -0.0005, 0.0003, 0.0004, 0.0005, 0.0004, 0.0003, 0.0007, 0.0015, 0.0008, 0.0005, 0.0006, 0.0012, 0.001, 0.0007, 0.0005, -0.0, -0.0, -0.0001, -0.0001, -0.0002, 0.0001, -0.0002, -0.0008, -0.0002, 0.0, -0.0001, -0.0001, 0.0, -0.0001, -0.0002, 0.0001, 0.0001, 0.0002, 0.0002, 0.0001, -0.0001, 0.0002, 0.0002, 0.0002, 0.0001, 0.0002, -0.0001, 0.0002, -0.0, 0.0001, 0.0001, 0.0002, -0.0039, 0.0003, 0.0001, 0.0001, 0.0004, 0.0004, 0.0001, -0.0, 0.0001, 0.0003, -0.0007, 0.0003, 0.0001, 0.0001, 0.0001, -0.0, 0.0013, -0.0001, -0.0001, -0.0001, -0.0, 0.0, -0.0, 0.0002, -0.0, 0.0, -0.0, -0.0001, 0.0001, 0.0, 0.0, 0.0, 0.0001, 0.0004, 0.0001, -0.0001]",0.0
2026-07-14_05-54-01.mp4,1,40.0,15.0,0.0,motion,0.0,0.0,0.0,0.0,0.0,0.7242,1.538,0.0,0.2274,57.524,0.0,,"[0.013, -0.1403, -0.0069, -0.0315, -0.0317, 0.0601, -0.1521, 0.108, 0.2818, 0.0591, -0.0314, -0.0314, -0.0314, -0.4092, -0.4356, -0.0326, -0.0323, 0.6104, 0.7217, -0.0295, -0.037, -0.0341, -0.038, -0.0336, -0.0234, -0.0205, -0.0205, -0.0204, -0.0204, -0.0326, -0.0456, -0.0456, -0.0456, -0.0247, -0.0004, 0.0, -0.0, 0.0001, -0.0]",0.0
2026-07-06_18-21-06.mp4,1,120.0,15.0,0.0,motion,0.0,0.0,0.0,0.0,0.0,0.2744,1.78,0.465,0.2922,7.043,0.1118,,"[0.0001, -0.0002, -0.0001, -0.0, -0.0001, -0.0002, -0.0001, -0.0001, -0.0002, 0.0001, -0.0001, -0.0001, -0.0002, -0.0001, -0.0007, 0.0006, 0.0006, -0.0001, -0.0001, -0.0001, -0.0003, -0.0001, -0.0001, -0.0001, 0.001, -0.0001, -0.0001, -0.0001, -0.0001, -0.0001, -0.0001, -0.0001, -0.0, -0.0, 0.0001, -0.0, -0.0001, -0.0001, -0.0, -0.0001, 0.0, -0.0, 0.0, -0.0, -0.0, -0.0, 0.0, -0.0003, -0.0001, 0.0, -0.0001, 0.0004, 0.0001, -0.0006, 0.0002, 0.0005, 0.0, 0.0, -0.0001, -0.0001, 0.0, -0.0002, 0.0004, 0.0003, -0.0004, 0.0002, -0.0001, -0.0003, -0.0001, 0.0008, 0.0001, -0.0001, -0.0, -0.0, -0.0, 0.0001, 0.0, -0.0, -0.0, -0.0, -0.0, -0.0, 0.0001, -0.0, -0.0002, 0.0, 0.0, -0.0, -0.0011, 0.0002, -0.0001, 0.0003, 0.0, 0.0002, 0.0002, 0.0003, -0.0002, 0.0001, -0.0, 0.0001, -0.0, 0.0001, 0.0001, -0.0001, -0.0003, 0.0003, -0.0005, -0.0002, -0.0, 0.0001, -0.0, 0.0001, -0.0, 0.0002, -0.0, -0.0, 0.0001, 0.0004, -0.0]",0.0
2026-07-07_17-16-01.mp4,1,120.0,15.0,0.0,motion,0.0,0.0,0.0,0.0,0.0,0.2556,2.542,0.335,0.3454,0.002,0.0001,,"[0.002, -0.0031, -0.002, -0.0018, -0.0018, -0.0016, -0.0015, -0.0013, -0.0012, -0.0011, -0.0009, -0.0008, -0.0006, -0.0005, 0.0017, -0.0003, -0.0001, -0.0002, -0.0002, 0.0014, -0.0, -0.0001, -0.0002, -0.0001, -0.0001, -0.0001, -0.0001, -0.0, 0.0012, -0.0004, -0.0, -0.0, 0.0011, -0.0, -0.0027, 0.0, 0.0, 0.0006, 0.0003, 0.0, 0.0, 0.0, -0.0008, 0.0, 0.0001, 0.0, 0.0, 0.0, 0.0, 0.0, -0.0, -0.0, -0.0, -0.0, -0.0, -0.0, -0.0, -0.0, -0.0001, 0.0001, 0.0009, -0.0001, -0.0001, 0.0003, -0.0001, -0.0001, -0.0001, -0.0001, 0.0003, -0.0001, -0.0001, -0.0001, -0.0001, -0.0001, -0.0001, -0.0001, -0.0, -0.0, -0.0, -0.0, 0.0007, -0.0, -0.0, -0.0, -0.0, -0.0, -0.0, -0.0, -0.0, -0.0, -0.0, -0.0, -0.0, -0.0, -0.0, -0.0, -0.0, -0.0, -0.0, -0.0, -0.0, -0.0, -0.0, 0.0001, 0.0004, -0.0, -0.0, -0.0, -0.0, -0.0, -0.0, -0.0, -0.0, -0.0, -0.0, -0.0, -0.0, -0.0, -0.0]",0.0
2026-07-21_12-53-48.mp4,1,120.0,15.0,0.0,motion,0.0,0.0,0.0,0.0,0.0,0.2142,2.797,0.469,0.3183,0.0,0.0,,"[-0.0, 0.0001, 0.0, 0.0, 0.0, 0.0, 0.0, 0.0, 0.0, 0.0, 0.0, 0.0, 0.0, 0.0, 0.0, -0.0, -0.0, -0.0, -0.0, -0.0, -0.0, -0.0, -0.0, -0.0, -0.0, -0.0, -0.0, -0.0, -0.0, -0.0, -0.0, 0.0, 0.0, -0.0, 0.0, 0.0, 0.0, 0.0, 0.0, 0.0, 0.0, 0.0, 0.0, -0.0, 0.0, 0.0, -0.0, 0.0, -0.0, -0.0, 0.0, 0.0, 0.0, 0.0, -0.0, 0.0, 0.0, 0.0, 0.0, -0.0001, 0.0, 0.0, 0.0, 0.0, 0.0, 0.0, 0.0, 0.0, 0.0, 0.0, 0.0, 0.0, 0.0, 0.0, 0.0, -0.0, -0.0, -0.0, -0.0, -0.0, -0.0, -0.0, -0.0, -0.0, -0.0, -0.0, -0.0, -0.0, -0.0, 0.0, -0.0, -0.0, -0.0, -0.0, -0.0, -0.0, -0.0, -0.0, -0.0, -0.0, -0.0, -0.0, -0.0, -0.0, -0.0, -0.0, -0.0, -0.0, -0.0, -0.0, -0.0, -0.0, -0.0, -0.0, -0.0, -0.0, -0.0, -0.0, -0.0]",0.0
2026-07-13_21-00-06.mp4,1,120.0,15.0,0.0,motion,0.0,0.0,0.0,0.0,0.0,0.3336,1.78,0.0,0.4019,1.817,0.0,,"[-0.0218, 0.4432, -0.0389, -0.0217, -0.0544, 0.0101, -0.0076, 0.0021, 0.0169, -0.0123, -0.0279, -0.038, 0.1075, -0.0169, 0.0158, 0.0352, -0.0176, -0.0026, -0.1479, -0.0032, -0.0044, -0.0035, -0.0031, -0.0025, -0.0014, -0.0012, -0.0015, -0.0022, 0.0019, 0.0019, 0.003, 0.0041, 0.0041, 0.0041, -0.0006, -0.0006, -0.0006, -0.0019, -0.0019, -0.0019, -0.0019, -0.0019, -0.0019, -0.002, -0.0085, -0.0085, 0.0091, -0.0079, -0.0079, -0.0079, -0.006, -0.006, 0.032, -0.0061, -0.0061, -0.0061, -0.0061, -0.0016, -0.0016, 0.2014, -0.0021, -0.0023, -0.0081, -0.001, -0.001, -0.0599, -0.001, 0.0009, 0.0002, 0.0003, 0.0003, 0.0003, -0.1344, 0.004, 0.004, 0.0137, 0.0106, 0.0105, -0.003, 0.0102, 0.0102, 0.0083, 0.0082, 0.0083, 0.0083, 0.0083, 0.0082, -0.1062, 0.0044, 0.0044, 0.0013, 0.0051, 0.0064, 0.0043, 0.0038, 0.0038, 0.0038, 0.0038, 0.0038, 0.0037, 0.0037, 0.0037, 0.0037, -0.0, -0.0, -0.0, -0.0001, -0.0001, 0.0, 0.0, 0.0, 0.0, 0.0, 0.0, 0.0, 0.0, 0.0, 0.0, 0.0]",0.0
2026-07-03_19-57-18.mp4,1,120.0,15.0,0.0,motion,0.0,0.0,0.0,0.0,0.0,0.385,1.78,0.563,0.3089,10.973,0.1985,,"[0.0003, -0.0007, 0.0003, -0.0006, -0.0003, -0.0002, -0.0007, -0.0004, -0.0002, 0.0008, -0.0001, 0.0002, -0.0005, -0.0002, -0.0, 0.0, -0.0, 0.0006, 0.0004, 0.0001, -0.0, 0.0, 0.0, -0.0004, -0.0, -0.0001, -0.0001, -0.0012, -0.0007, -0.0001, -0.0001, 0.0008, -0.0001, -0.0001, -0.0001, -0.0001, -0.001, -0.0001, -0.0001, -0.0001, 0.0051, -0.0001, -0.0002, -0.0002, -0.0002, -0.0002, -0.0002, -0.0002, -0.0002, -0.0002, -0.0002, -0.0002, -0.0002, -0.0002, -0.0002, -0.0002, -0.0, 0.0016, -0.0, -0.0002, -0.0, -0.0, -0.0, -0.0001, -0.0, -0.0001, -0.0001, -0.0001, -0.0001, -0.0001, -0.0001, -0.0001, -0.0001, -0.0, -0.0, -0.0, -0.0001, -0.0, -0.0, -0.0, 0.0004, 0.0, -0.0, -0.0, -0.0, -0.0, -0.0, -0.0, -0.0, -0.0, -0.0, -0.0, -0.0, -0.0, -0.0, -0.0, -0.0, 0.0, 0.0, 0.0, 0.0, 0.0, -0.0, -0.0, -0.0, -0.0, -0.0, -0.0, -0.0, -0.0, -0.0, -0.0, -0.0, -0.0, -0.0, -0.0, -0.0, 0.0001, -0.0]",0.0
2026-07-10_10-27-22.mp4,1,120.0,15.0,0.0,motion,0.0,0.0,0.0,0.0,0.0,0.5374,1.78,0.742,0.2,99.0,0.3985,,"[-0.0001, 0.0004, -0.0003, 0.0, 0.0, 0.0004, 0.0, 0.0001, 0.0001, -0.0001, 0.0005, 0.0006, -0.0003, -0.0, 0.0, -0.0001, -0.0003, -0.0003, 0.0002, 0.001, 0.001, 0.001, 0.0007, 0.0001, 0.0018, 0.0001, -0.0011, -0.0011, -0.004, -0.005, -0.0054, -0.0012, -0.0011, -0.0203, -0.028, -0.0167, -0.0229, -0.0104, -0.0074, -0.0253, -0.0255, 0.018, -0.0402, 0.0989, -0.0258, -0.0199, -0.0249, -0.1475, -0.0343, 0.1371, 0.2736, 0.0618, 0.0536, 0.0703, -0.0287, -0.0286, 0.0249, -0.0271, -0.0275, 0.0538, -0.0224, -0.0219, -0.0246, -0.0282, -0.0594, -0.0228, -0.0112, -0.0084, -0.0057, -0.0025, -0.0051, -0.0025, -0.0005, -0.0008, -0.0007, -0.0279, 0.0013, 0.0147, 0.0017, 0.0029, 0.0004, 0.0004, 0.0004, 0.0004, 0.0017, 0.0004, 0.0003, 0.0047, 0.0003, -0.0001, 0.0003, -0.0006, -0.0011, 0.0002, -0.0002, 0.0002, -0.0002, -0.0002, -0.0002, -0.0002, -0.0002, -0.0002, -0.0002, -0.0, -0.0, -0.0001, -0.0001, 0.0007, -0.0001, 0.0003, -0.0, -0.0, -0.0, -0.0, -0.0, -0.0, -0.0, -0.0, -0.0001]",0.0
2026-07-06_21-08-10.mp4,1,120.0,15.0,0.0,motion,0.0,0.0,0.0,0.0,0.0,0.4588,1.78,0.472,0.4577,0.0,0.0,,"[0.0, -0.0002, -0.0, 0.0001, 0.0, 0.0002, -0.0001, 0.0, -0.0001, -0.0, -0.0, -0.0, -0.0, -0.0001, -0.0, -0.0, -0.0, -0.0, -0.0, -0.0, -0.0, 0.0, 0.0, 0.0001, 0.0001, 0.0001, 0.0004, 0.0001, 0.0002, 0.0002, -0.0, 0.0006, -0.0001, 0.0002, 0.0003, 0.0001, -0.0006, 0.0003, 0.0003, -0.0004, -0.002, -0.0014, -0.002, 0.0015, 0.0008, -0.0001, -0.0005, 0.0001, -0.0002, 0.0001, -0.0008, 0.0006, -0.0, 0.0006, 0.0012, 0.0004, 0.0003, 0.0001, 0.0002, -0.0005, 0.0001, 0.0002, 0.0003, 0.0004, -0.0009, 0.0003, -0.0001, -0.0002, -0.0005, -0.0001, 0.0002, 0.0001, 0.0011, 0.0001, -0.0003, -0.0002, -0.0004, -0.0004, -0.0004, 0.0003, -0.0001, 0.0, 0.0001, -0.0003, -0.0001, 0.0001, 0.0007, -0.0, 0.0001, -0.0002, -0.0, -0.0004, -0.0002, 0.0001, 0.0001, -0.0, 0.0, -0.0, 0.0, 0.0, 0.0, 0.0006, 0.0003, 0.0003, -0.0003, 0.0001, -0.0009, 0.0004, -0.0, 0.0, 0.0002, -0.0001, -0.0, -0.0001, 0.0004, 0.0, 0.0, -0.0001, -0.0]",0.0
2026-07-05_17-14-30.mp4,1,120.0,15.0,0.0,motion,0.0,0.0,0.0,0.0,0.0,0.3248,0.763,0.911,0.3027,99.0,0.2958,,"[0.0059, -0.0003, -0.0173, -0.0035, -0.0032, -0.0029, -0.0025, -0.0084, -0.0018, -0.0015, -0.0016, -0.0008, -0.0005, -0.0148, 0.0045, 0.0005, 0.0009, 0.001, 0.0005, 0.0005, 0.0005, 0.0005, 0.0005, 0.0003, 0.0003, 0.0003, 0.0003, 0.0003, 0.0004, -0.0001, 0.0, 0.0, 0.0, 0.0, 0.0, 0.0, 0.0, 0.0, 0.0, 0.0, 0.0, 0.0, 0.0, -0.001, 0.0029, 0.0029, 0.0029, 0.0029, 0.0029, 0.0029, 0.0029, 0.0029, 0.0029, 0.0029, 0.0029, 0.0029, 0.0029, 0.0029, 0.0029, -0.0852, 0.0028, 0.0028, 0.0028, 0.0028, 0.0028, 0.0028, 0.0028, 0.0028, 0.0028, 0.0028, 0.0028, 0.0028, 0.0028, 0.0028, 0.0028, -0.0, -0.0, -0.0, -0.0, -0.0, -0.0, -0.0, -0.0, -0.0, -0.0, -0.0, -0.0, -0.0, -0.0, -0.0, -0.0, -0.0, -0.0, -0.0, -0.0, -0.0, -0.0, -0.0, -0.0, 0.0, -0.0003, -0.0003, -0.0003, -0.0003, -0.0003, -0.0003, -0.0003, -0.0003, -0.0003, -0.0003, -0.0003, -0.0003, -0.0003, -0.0003, -0.0017, 0.009, -0.0004, -0.0004, -0.0001]",0.0
2026-07-10_22-22-24.mp4,1,120.0,15.0,0.083,motion,0.0,0.0,0.0,0.0,0.0,0.2673,1.78,0.091,0.5015,0.0,0.0,,"[-0.0001, 0.0001, 0.0001, 0.0001, -0.0, 0.0001, 0.0, 0.0001, 0.0001, 0.0, 0.0001, 0.0, 0.0, 0.0, 0.0, 0.0, 0.0, 0.0, 0.0, 0.0, 0.0, 0.0, 0.0, 0.0, 0.0, 0.0, 0.0, 0.0, 0.0, 0.0, 0.0, 0.0, -0.0, 0.0, 0.0, 0.0, 0.0, -0.0, 0.0, 0.0, 0.0, -0.0001, 0.0, -0.0, 0.0, -0.0, 0.0, 0.0, 0.0, 0.0, 0.0, 0.0, 0.0, 0.0, 0.0, 0.0, -0.0, -0.0, -0.0, -0.0002, -0.0, -0.0, -0.0, -0.0, -0.0, -0.0, -0.0, 0.0, 0.0001, -0.0, 0.0, 0.0, 0.0003, 0.0001, -0.0001, 0.0, 0.0, 0.0001, 0.0002, -0.0001, 0.0003, 0.0, -0.0003, -0.0008, 0.0002, -0.0001, -0.0, -0.0001, 0.0, 0.0001, -0.0001, -0.0004, 0.0001, 0.0, 0.0, 0.0, 0.0, 0.0, 0.0, -0.0, -0.0, -0.0, -0.0, -0.0, 0.0003, -0.0, -0.0, 0.0002, 0.0004, -0.0, -0.0001, -0.0001, -0.0, -0.0001, -0.0001, 0.0001, -0.0001, -0.0001, -0.0]",0.0
2026-07-26_02-41-00.mp4,1,120.0,15.0,0.0,motion,0.0,0.0,0.0,0.0,0.0,0.3233,0.763,0.0,0.2588,29.197,0.0,,"[-0.0004, 0.0004, 0.0004, 0.0003, 0.0003, 0.0003, 0.0003, 0.0002, 0.0002, 0.0002, 0.0001, 0.0001, 0.0001, 0.0001, 0.0, 0.0, -0.0, -0.0, -0.0, -0.0, -0.0, -0.0, -0.0, 0.0, -0.0, -0.0, -0.0, -0.0, -0.0, -0.0, -0.0, -0.0, -0.0, -0.0, -0.0, -0.0, -0.0, -0.0, -0.0, 0.0, 0.0, 0.0, 0.0, 0.0, 0.0001, 0.0001, 0.0001, 0.0001, 0.0001, 0.0001, 0.0001, 0.0001, 0.0001, 0.0001, 0.0001, 0.0001, 0.0001, 0.0001, 0.0001, -0.0033, 0.0001, 0.0001, 0.0001, 0.0001, 0.0001, 0.0001, 0.0001, 0.0001, 0.0001, 0.0001, 0.0001, 0.0001, 0.0001, 0.0001, 0.0001, 0.0, 0.0, 0.0, 0.0, -0.0005, 0.0001, 0.0, 0.0, 0.0, 0.0, 0.0, 0.0, 0.0, 0.0, 0.0, 0.0, 0.0, 0.0, 0.0, 0.0, -0.0, -0.0, -0.0, -0.0, -0.0, -0.0, -0.0, -0.0, -0.0, 0.0, 0.0, 0.0, 0.0, 0.0, 0.0, 0.0, 0.0, 0.0, 0.0, 0.0, 0.0, 0.0, 0.0, 0.0]",0.0
2026-07-02_18-29-08.mp4,1,120.0,15.0,0.0,motion,0.0,0.0,0.0,0.0,0.0,0.2881,2.797,0.326,0.2069,1.454,0.0556,,"[-0.0, -0.0001, -0.0001, -0.0, 0.0002, -0.0001, -0.0001, 0.0001, 0.0001, -0.0001, -0.0001, 0.0004, -0.0, -0.0, -0.0, -0.0, -0.0, -0.0, -0.0001, -0.0, -0.0, -0.0, -0.0, 0.0001, -0.0, -0.0, -0.0, -0.0, -0.0, -0.0, -0.0, -0.0, -0.0, -0.0, -0.0, -0.0, -0.0, -0.0, -0.0, 0.0, 0.0, 0.0, 0.0, 0.0, 0.0, 0.0, 0.0, 0.0, 0.0, 0.0, 0.0, 0.0, 0.0, 0.0, 0.0, 0.0, 0.0, 0.0, 0.0, -0.0002, 0.0001, 0.0, 0.0, 0.0, 0.0, 0.0, 0.0, 0.0, 0.0, 0.0, 0.0, 0.0, 0.0, 0.0, 0.0, -0.0, 0.0, -0.0, -0.0, -0.0, -0.0, -0.0, -0.0, -0.0, -0.0, -0.0, -0.0001, 0.0001, -0.0001, -0.0, -0.0, -0.0, 0.0003, -0.0, -0.0, -0.0, -0.0, -0.0, -0.0, -0.0, -0.0, -0.0, -0.0, -0.0, -0.0, -0.0, -0.0, -0.0001, 0.0001, -0.0, 0.0, -0.0001, -0.0, -0.0, 0.0003, -0.0002, -0.0, 0.0008, -0.0]",0.0
2026-07-06_15-54-54.mp4,1,120.0,15.0,0.0,motion,0.0,0.0,0.0,0.0,0.0,0.2774,2.542,0.833,0.2002,99.0,0.2294,,"[0.0001, -0.0001, -0.0001, -0.0001, -0.0001, -0.0001, 0.0001, -0.0001, -0.0001, 0.0001, -0.0001, -0.0001, -0.0001, -0.0001, -0.0001, -0.0001, -0.0, -0.0, -0.0001, 0.0, 0.0001, -0.0, -0.0, -0.0, -0.0, 0.0001, -0.0, 0.0007, -0.0001, -0.0002, 0.0002, 0.0003, 0.0001, -0.0, -0.0004, 0.001, 0.001, 0.001, 0.0007, 0.0007, 0.0006, 0.0009, 0.001, 0.0012, -0.0018, 0.0006, 0.0009, 0.0002, 0.0069, -0.0068, -0.0214, 0.0009, 0.001, 0.0008, 0.0014, 0.0005, 0.0006, 0.0007, 0.0008, 0.0006, 0.0015, 0.0013, 0.0001, 0.0008, 0.0015, 0.0006, 0.0001, -0.0002, 0.0004, -0.0005, 0.0003, 0.0001, -0.0002, -0.0005, 0.0003, -0.0002, -0.0, -0.0001, -0.0, -0.0004, -0.0003, -0.0001, 0.0002, -0.0003, -0.0001, -0.0002, -0.0005, -0.0003, 0.0012, -0.0003, -0.0002, -0.0007, -0.0014, 0.0006, 0.0076, -0.003, -0.0006, -0.0034, -0.0023, 0.0058, 0.0056, 0.0203, -0.0074, 0.0072, 0.0061, 0.0065, 0.0225, -0.0041, 0.0144, 0.0027, 0.007, 0.0064, 0.0066, 0.0902, -0.27, 0.0029, -0.0093, 0.0069, 0.0065]",0.0
2026-07-10_22-03-01.mp4,1,120.0,15.0,0.0,motion,0.0,0.0,0.0,0.0,0.0,0.1477,2.542,0.587,0.3497,0.654,0.0343,,"[-0.0, -0.0, -0.0001, 0.0001, -0.0, -0.0, -0.0, -0.0, 0.0003, 0.0001, 0.0, -0.0, 0.0, 0.0001, 0.0001, -0.0, 0.0002, 0.0001, 0.0001, 0.0001, 0.0001, 0.0001, 0.0001, -0.0002, -0.0021, 0.0032, -0.0004, -0.0018, 0.0001, -0.0013, 0.0001, 0.0001, 0.0001, 0.0001, 0.0001, 0.0001, 0.0001, 0.0001, 0.0001, 0.0001, 0.0001, -0.0008, 0.0001, 0.0003, 0.0001, 0.0, 0.0, 0.0, 0.0, -0.0, -0.0, -0.0, -0.0, -0.0, -0.0, -0.0, -0.0, -0.0002, -0.0, 0.0008, -0.0, -0.0001, 0.0, -0.0, 0.0, 0.0002, -0.0003, -0.0, 0.0001, -0.0, -0.0, -0.0, -0.0, -0.0001, 0.0004, -0.0002, -0.0002, -0.0, -0.0, -0.0, 0.0001, 0.0, -0.0, -0.0, -0.0, -0.0, -0.0, -0.0, -0.0, -0.0, -0.0, -0.0, 0.0002, 0.0, -0.0, -0.0, -0.0, -0.0, -0.0, -0.0, 0.0, 0.0, -0.0, 0.0, 0.0001, 0.0, 0.0, -0.0, 0.0, 0.0, 0.0, 0.0, -0.0003, -0.0, -0.0, -0.0001, -0.0001, -0.0, 0.0]",0.0
2026-07-10_00-37-46.mp4,1,120.0,15.0,0.142,motion,0.0,0.0,0.0,0.0,0.0,0.184,1.017,0.448,0.1641,0.889,0.0388,,"[0.0001, 0.0007, -0.0, 0.0004, -0.0058, 0.0007, 0.0001, 0.0002, 0.0002, 0.0001, 0.0001, 0.0002, 0.0001, 0.0002, 0.0002, 0.0002, 0.0002, 0.0002, -0.0001, 0.0001, 0.0001, 0.0002, 0.0002, 0.0002, 0.0002, 0.0001, -0.0003, 0.001, -0.0007, 0.0003, 0.0004, -0.0003, 0.0013, -0.0003, -0.003, -0.0009, 0.0001, -0.0001, 0.0001, 0.0002, 0.0001, 0.0004, -0.0005, 0.0003, 0.0001, 0.0001, 0.0001, 0.0, -0.0002, 0.0001, 0.0001, 0.0003, -0.0001, 0.0, -0.0, -0.0, -0.0, 0.0002, 0.0003, 0.0001, 0.0, -0.0001, 0.0002, 0.0002, -0.0003, -0.0004, -0.0005, -0.0004, -0.0006, 0.0002, 0.0, -0.0006, -0.0009, -0.0017, 0.0003, -0.0003, 0.0045, -0.0005, -0.0005, 0.0018, 0.0042, -0.0013, -0.0014, 0.0038, -0.0009, -0.0018, 0.0, -0.0009, -0.0003, 0.0016, -0.0023, -0.0002, -0.0003, -0.0001, -0.0002, -0.0001, 0.0001, 0.0001, -0.0001, -0.0017, -0.0009, -0.0006, -0.0006, 0.0001, 0.0001, 0.0005, 0.0006, 0.0001, -0.0004, 0.0023, -0.0007, -0.0002, -0.0013, 0.0052, -0.0002, -0.0002, -0.0003, -0.0002, -0.0003]",0.0
2026-07-06_13-29-39.mp4,1,120.0,15.0,0.0,motion,0.0,0.0,0.0,0.0,0.0,0.4284,1.525,0.37,0.2891,0.002,0.0004,,"[0.0008, -0.0025, -0.0002, -0.0022, -0.0023, 0.0006, -0.0004, -0.0002, -0.0002, -0.0002, -0.0001, -0.0001, -0.0, 0.0, 0.0, 0.0001, 0.0001, 0.0001, 0.0001, 0.0, -0.0, -0.0, -0.0, -0.0, -0.0, -0.0, 0.0, 0.0, 0.0, -0.0, 0.0, 0.0, 0.0, 0.0, 0.0, 0.0, 0.0, 0.0, 0.0, 0.0, 0.0001, 0.0001, 0.0001, 0.0002, 0.0001, 0.0001, 0.0001, 0.0001, 0.0002, -0.0005, 0.0001, -0.0003, 0.0007, 0.0003, -0.001, -0.0022, 0.0001, -0.0005, -0.0007, 0.001, 0.0002, 0.0008, 0.0001, 0.0001, 0.0001, 0.0001, 0.0001, 0.0001, 0.0001, 0.0001, 0.0001, -0.0, -0.0, 0.0006, -0.0001, -0.0, -0.0007, -0.0001, 0.0001, 0.0, 0.0, 0.0, 0.0, 0.0, 0.0, 0.0, 0.0, 0.0, 0.0001, -0.0002, 0.0, 0.0, 0.0002, -0.0007, 0.0, 0.0, 0.0, 0.0, 0.0, 0.0, -0.0, 0.0, 0.0, 0.0001, 0.0001, 0.0001, 0.0001, 0.0001, 0.0001, 0.0001, 0.0002, 0.0002, 0.0002, 0.0002, 0.0002, 0.0002, 0.0006, -0.0005, -0.0002]",0.0
2026-07-25_07-29-36.mp4,1,120.0,15.0,0.0,motion,0.0,0.0,0.0,0.0,0.0,0.3439,1.525,0.538,0.2467,0.907,0.088,,"[0.0001, 0.0001, 0.0001, 0.0001, 0.0001, 0.0001, 0.0001, 0.0, 0.0, 0.0001, -0.0, 0.0002, -0.0009, -0.0002, -0.0004, -0.0002, 0.0001, -0.0, 0.0001, 0.0001, 0.0001, -0.0001, 0.0001, 0.0, 0.0003, 0.0, 0.0, -0.0, 0.0001, -0.0, 0.0, 0.0, -0.0, -0.0001, -0.0, -0.0, -0.0, -0.0, -0.0, -0.0, 0.0001, -0.0001, 0.0004, -0.0002, -0.0001, 0.0001, 0.0, -0.0001, -0.0, -0.0002, -0.0, 0.0006, 0.0007, -0.0005, 0.0002, 0.0002, -0.0001, -0.0004, -0.0003, -0.0001, -0.0001, -0.0001, 0.0001, 0.0005, 0.0001, -0.0002, -0.0005, 0.0002, -0.0, -0.0, -0.0002, 0.0003, 0.0, -0.0001, 0.0, 0.0001, -0.0001, -0.0, 0.0, 0.0, 0.0, 0.0, -0.0, 0.0, -0.0, -0.0, 0.0001, 0.0002, -0.0, 0.0, -0.0001, -0.0, 0.0, -0.0001, -0.0001, -0.0, 0.0001, -0.0001, 0.0002, -0.0003, 0.0001, -0.0001, -0.0001, 0.0001, -0.0, 0.0, 0.0, 0.0, 0.0, 0.0, 0.0, 0.0, 0.0, 0.0, 0.0, 0.0, 0.0001, 0.0, -0.0]",0.0
2026-07-07_19-27-37.mp4,1,120.0,15.0,0.0,motion,0.0,0.0,0.0,0.0,0.0,0.5648,0.763,0.293,0.3751,16.03,0.156,,"[-0.0012, -0.0019, -0.0009, -0.0004, -0.0011, -0.0016, -0.001, -0.0024, -0.0049, 0.0048, -0.0292, 0.0589, 0.0002, 0.0006, 0.0043, 0.0013, 0.0002, 0.0008, -0.0128, 0.0009, 0.0051, 0.006, 0.0028, 0.0124, -0.01, 0.0017, -0.0014, 0.0017, -0.0058, -0.0086, 0.0042, -0.0057, -0.0036, -0.0234, -0.0352, 0.01, 0.0025, 0.0036, 0.0033, 0.0036, 0.003, 0.0032, 0.0031, 0.003, 0.0028, -0.0005, 0.0049, 0.0022, 0.0025, 0.0015, -0.0, 0.0002, 0.0002, 0.0008, 0.0007, -0.0, 0.0016, 0.0015, -0.0002, -0.0005, -0.0017, -0.0009, -0.0015, -0.0056, 0.0006, 0.0007, 0.0007, 0.0013, 0.0014, 0.0017, 0.0019, -0.002, 0.0, -0.0022, -0.0021, -0.0045, -0.0046, -0.0076, -0.0114, -0.0108, -0.0102, -0.0046, -0.0035, -0.0043, -0.0047, -0.0065, 0.0015, 0.0865, 0.0397, 0.0162, -0.0041, -0.0048, -0.0053, -0.0079, -0.0039, -0.0046, -0.0049, -0.0055, -0.0053, -0.0052, -0.0063, -0.0058, -0.0054, -0.0024, 0.0003, -0.0002, -0.0003, 0.0012, 0.0003, 0.0039, 0.0028, 0.0001, 0.0037, -0.0006, 0.0001, -0.0014, -0.0014, 0.0054, -0.0013]",0.0
2026-07-07_05-44-32.mp4,1,120.0,15.0,0.0,motion,0.0,0.0,0.0,0.0,0.0,0.3257,1.017,0.285,0.3395,0.201,0.0156,,"[-0.0, 0.0, 0.0, 0.0, 0.0, 0.0, 0.0, 0.0, 0.0, 0.0, 0.0, 0.0, 0.0, 0.0, 0.0, -0.0, -0.0, 0.0, -0.0, -0.0, -0.0, -0.0, -0.0, 0.0, -0.0, -0.0, -0.0, -0.0, -0.0, -0.0, 0.0, -0.0, -0.0, -0.0, 0.0, 0.0, -0.0, -0.0, -0.0, -0.0, -0.0, -0.0, -0.0, -0.0, 0.0, -0.0, 0.0, 0.0, 0.0, 0.0, 0.0, 0.0, 0.0, 0.0, 0.0, 0.0, 0.0, 0.0, 0.0, -0.0001, 0.0, 0.0, 0.0, 0.0, 0.0, 0.0, 0.0, 0.0, 0.0, 0.0, 0.0, 0.0, 0.0, 0.0, 0.0, 0.0, 0.0, 0.0, 0.0, 0.0, 0.0, 0.0, 0.0, 0.0, 0.0, 0.0, 0.0, 0.0, 0.0, -0.0, 0.0, 0.0, 0.0, 0.0, 0.0, 0.0, 0.0, 0.0, 0.0, 0.0, 0.0, 0.0, 0.0, 0.0, 0.0, -0.0, -0.0, -0.0, -0.0, -0.0, -0.0, -0.0, -0.0, -0.0, -0.0, -0.0, -0.0, -0.0, -0.0]",0.0
2026-07-14_18-06-31.mp4,1,120.0,15.0,0.0,motion,0.0,0.0,0.0,0.0,0.0,0.5253,0.763,0.28,0.1825,99.0,0.1473,,"[-0.0008, 0.0004, -0.019, 0.0099, -0.0019, 0.0032, -0.012, -0.0018, 0.0082, -0.0012, 0.0164, -0.0266, -0.0018, 0.0341, 0.0045, -0.0016, -0.0594, 0.1161, -0.0038, -0.0518, -0.0017, -0.0015, -0.0012, -0.0012, -0.0089, 0.0144, -0.0003, 0.0001, -0.0, 0.003, -0.0026, 0.0011, 0.0017, 0.0034, 0.0031, 0.0004, -0.0016, -0.0181, 0.0019, -0.0279, -0.0171, 0.0079, 0.0003, 0.0024, -0.0096, 0.0145, 0.0004, 0.0006, 0.0007, 0.0009, 0.0368, -0.0098, 0.0427, 0.0015, 0.0422, 0.0192, 0.0116, 0.0201, 0.0201, 0.0301, 0.0121, -0.0151, -0.0005, 0.0055, -0.0034, -0.0971, -0.1463, -0.1454, -0.2248, 0.002, 0.0027, 0.0009, -0.0363, 0.002, 0.159, 0.0899, 0.2222, 0.0019, 0.0019, 0.0785, 0.0777, 0.026, -0.0044, -0.0201, -0.051, -0.0151, 0.0403, -0.0149, -0.0584, -0.0394, -0.0136, -0.0088, 0.0056, -0.0038, -0.0038, -0.0159, -0.0387, 0.0019, 0.0197, -0.0178, -0.0441, 0.0004, 0.0023, 0.0598, 0.0218, 0.0007, 0.0014, 0.0006, 0.0007, 0.0009, 0.0008, 0.0003, -0.001, -0.001, -0.0004, -0.0011, -0.0025, -0.0022, -0.0027]",0.0
2026-07-20_14-57-06.mp4,1,120.0,15.0,0.0,motion,0.0,0.0,0.0,0.0,0.0,0.4624,0.763,0.541,0.6249,0.0,0.0,,"[0.0, -0.0004, 0.0005, -0.0001, -0.0, -0.0004, -0.0002, -0.0, 0.0001, 0.0002, -0.0005, 0.0001, -0.0003, -0.0003, -0.0002, 0.0003, -0.0001, -0.0004, -0.0003, -0.0013, -0.0002, -0.0001, -0.0005, 0.0009, -0.0002, 0.0001, 0.0014, -0.0001, 0.0033, -0.0004, -0.0001, 0.0005, 0.0058, 0.0012, -0.0002, -0.0002, -0.0002, -0.0002, -0.0068, -0.0051, -0.0002, -0.0002, -0.0001, -0.0003, -0.0002, -0.0002, 0.0003, 0.0024, 0.0011, -0.0006, -0.0001, 0.0002, -0.0003, -0.0004, -0.001, -0.0012, -0.0014, -0.0014, 0.0045, -0.0013, -0.0012, 0.0016, 0.0001, 0.0001, -0.0009, -0.0009, -0.0011, 0.0046, 0.0039, 0.013, -0.0019, -0.0011, -0.0011, -0.0011, -0.0009, -0.0009, -0.0045, -0.0059, -0.0008, 0.0018, -0.0007, -0.0007, 0.0056, -0.0012, -0.0004, -0.0005, 0.0, 0.0, 0.0, 0.0, 0.0, -0.0003, -0.0004, -0.0006, -0.0008, 0.0002, -0.0005, -0.0005, -0.0002, -0.0003, -0.0003, -0.0003, -0.0003, -0.0003, -0.0003, -0.0003, 0.0085, -0.0003, -0.0003, -0.0003, -0.0003, -0.0003, -0.0003, -0.0006, -0.0003, -0.0003, -0.0003, -0.0004, -0.0003]",0.0
2026-07-26_08-08-22.mp4,1,120.0,15.0,0.4,lips,0.0,0.0,0.0,0.0,0.0,0.2868,2.034,0.521,0.4033,0.007,0.0011,,"[0.0, 0.0, -0.0, -0.0, -0.0, -0.0, -0.0, -0.0, -0.0, -0.0, -0.0, -0.0, -0.0, -0.0, -0.0, 0.0, -0.0, -0.0, 0.0, -0.0, -0.0, -0.0, -0.0, -0.0, -0.0, -0.0, 0.0, 0.0, -0.0, -0.0, -0.0, -0.0, -0.0, -0.0, 0.0, 0.0, -0.0, 0.0, -0.0, -0.0, 0.0, -0.0, 0.0, 0.0001, -0.0, -0.0, -0.0, -0.0, -0.0, -0.0, -0.0, 0.0, -0.0, 0.0, 0.0, 0.0001, 0.0003, -0.0, 0.0, -0.0, 0.0, 0.0, 0.0, 0.0, 0.0, 0.0, 0.0, 0.0, -0.0005, 0.0, 0.0001, -0.0001, -0.0, 0.0, 0.0, 0.0, -0.0001, 0.0, -0.0, 0.0, 0.0, 0.0, -0.0, 0.0, -0.0, -0.0, 0.0002, 0.0001, -0.0, -0.0, 0.0, 0.0, -0.0, 0.0, -0.0, -0.0, -0.0, 0.0, -0.0, -0.0, -0.0, 0.0, 0.0, 0.0, 0.0, -0.0001, 0.0, 0.0, -0.0, 0.0, 0.0, -0.0, 0.0, 0.0, 0.0, 0.0, -0.0001, 0.0, 0.0]",0.0
2026-07-14_11-49-27.mp4,1,120.0,15.0,0.0,motion,0.0,0.0,0.0,0.0,0.0,0.125,0.763,0.527,0.2619,0.374,0.018,,"[0.0, 0.0, 0.0, -0.0, -0.0, -0.0, 0.0001, 0.0001, -0.0, -0.0, 0.0, -0.0, -0.0, -0.0, -0.0, -0.0001, -0.0, -0.0, -0.0, -0.0, -0.0, -0.0, 0.0, -0.0001, -0.0, -0.0, 0.0, -0.0, -0.0, -0.0, 0.0, 0.0, 0.0, 0.0, 0.0, -0.0, 0.0, 0.0, 0.0002, 0.0, 0.0, 0.0, 0.0, 0.0, -0.0, -0.0002, 0.0, 0.0, -0.0001, -0.0, 0.0002, -0.0002, -0.0001, -0.0, -0.0, -0.0, -0.0001, -0.0, -0.0, -0.0, 0.0002, -0.0, -0.0001, 0.0, 0.0003, 0.0, 0.0, -0.0, 0.0005, 0.0, -0.0001, -0.0, 0.0, -0.0001, 0.0, -0.0, -0.0001, -0.0, -0.0, -0.0, -0.0001, 0.0002, -0.0, 0.0, -0.0, -0.0, 0.0, -0.0001, 0.0, -0.0001, -0.0002, 0.0002, -0.0008, 0.0004, -0.0, -0.0, -0.0001, -0.0002, -0.0001, 0.0001, -0.0, -0.0001, -0.0001, 0.0018, -0.0005, -0.0001, -0.0001, 0.0001, 0.0005, -0.0003, -0.0003, 0.0001, -0.0001, -0.0002, -0.0, -0.0001, -0.0004, -0.0004, 0.0001]",0.0
2026-07-02_14-29-10.mp4,1,120.0,15.0,0.0,motion,0.0,0.0,0.0,0.0,0.0,0.1489,1.017,0.605,0.2315,0.055,0.0047,,"[0.0006, -0.0006, -0.001, -0.0005, -0.0004, -0.0004, -0.0003, -0.0003, -0.0003, -0.0002, -0.0002, -0.0002, -0.0001, -0.0001, -0.0001, -0.0, 0.0, 0.0, -0.0, -0.0, -0.0, -0.0, -0.0, -0.0, -0.0, -0.0, -0.0, -0.0, -0.0, -0.0, -0.0, -0.0, -0.0, -0.0, 0.0, 0.0, 0.0, 0.0, 0.0, -0.0, -0.0, 0.0, -0.0, -0.0, -0.0, -0.0, 0.0001, -0.0, 0.0, -0.0, -0.0, 0.0, -0.0, -0.0, -0.0, -0.0, -0.0, -0.0, -0.0, 0.0002, -0.0, -0.0, -0.0, -0.0, -0.0, -0.0, -0.0, -0.0, -0.0, -0.0, -0.0, -0.0, -0.0, -0.0, -0.0, -0.0, -0.0, -0.0, -0.0, -0.0, -0.0, -0.0, -0.0, -0.0, -0.0, 0.0, 0.0, 0.0, 0.0, 0.0, 0.0, 0.0, 0.0, 0.0, 0.0, 0.0, 0.0, 0.0, 0.0, 0.0, -0.0001, 0.0, 0.0, -0.0001, 0.0, 0.0, 0.0, 0.0, 0.0, 0.0, 0.0, 0.0, 0.0, 0.0, 0.0, 0.0, 0.0, 0.0, 0.0]",0.0
2026-07-22_02-53-46.mp4,1,74.0,15.0,0.0,motion,0.0,0.0,0.0,0.0,0.0,0.3527,1.78,0.419,0.1449,0.153,0.0196,,"[0.0, -0.0001, 0.0, -0.0001, 0.0001, -0.0001, -0.0, -0.0, -0.0, -0.0, -0.0, -0.0, -0.0, -0.0, 0.0, -0.0, -0.0, -0.0, -0.0, -0.0, 0.0, -0.0, -0.0, -0.0, -0.0, -0.0, -0.0, -0.0, -0.0, -0.0, 0.0, -0.0, -0.0, -0.0, -0.0, -0.0, -0.0, -0.0, -0.0, -0.0, -0.0, -0.0, -0.0, -0.0, -0.0, -0.0, 0.0001, -0.0, -0.0, 0.0, -0.0, -0.0, -0.0, -0.0, -0.0, -0.0, -0.0, -0.0, -0.0, -0.0, -0.0001, 0.0001, -0.0, 0.0001, 0.0001, -0.0, -0.0, -0.0, -0.0, 0.0, 0.0, -0.0, -0.0]",0.0
2026-07-13_17-13-56.mp4,1,120.0,15.0,0.0,motion,0.0,0.0,0.0,0.0,0.0,0.1186,2.797,0.0,0.1073,75.177,0.0,,"[0.0, 0.0, -0.0, 0.0, 0.0, 0.0, 0.0, 0.0, 0.0, 0.0, 0.0, 0.0, 0.0, 0.0, -0.0, 0.0, -0.0, 0.0, 0.0, 0.0, 0.0, 0.0, 0.0, 0.0, 0.0, 0.0, 0.0, 0.0, 0.0, 0.0, -0.0001, 0.0, 0.0, 0.0, 0.0, 0.0, 0.0, 0.0, 0.0, 0.0, 0.0, 0.0, 0.0, 0.0, 0.0, 0.0, 0.0, 0.0, 0.0, 0.0, 0.0, 0.0, -0.0, 0.0, 0.0, 0.0, 0.0, 0.0, 0.0, -0.0, 0.0, 0.0, 0.0, 0.0, -0.0, -0.0, -0.0, 0.0, -0.0, -0.0, -0.0, -0.0, -0.0001, -0.0, -0.0, -0.0, -0.0, -0.0, -0.0001, 0.0001, -0.0001, -0.0001, -0.0001, -0.0001, -0.0001, -0.0001, -0.0001, 0.0032, -0.0019, -0.0001, -0.0001, -0.0001, -0.0001, -0.0001, -0.0001, -0.0001, 0.0009, 0.0003, -0.0005, -0.0001, -0.0001, -0.0001, -0.0001, 0.0, -0.0, -0.0, -0.0, -0.0, -0.0, -0.0, -0.0, -0.0, 0.0, 0.0, 0.0, 0.0, 0.0, 0.0, -0.0]",0.0
2026-07-21_14-06-30.mp4,1,120.0,15.0,0.042,motion,0.0,0.0,0.0,0.0,0.0,0.3966,2.034,0.566,0.0781,2.225,0.1549,,"[0.0, -0.0001, 0.0, -0.0001, 0.0, 0.0, 0.0001, -0.0001, -0.0, -0.0, 0.0, 0.0, 0.0, 0.0, 0.0, 0.0, 0.0, 0.0, 0.0, 0.0, 0.0, 0.0, 0.0, -0.0, -0.0, -0.0, 0.0, 0.0, 0.0, 0.0, 0.0, -0.0, -0.0, -0.0, -0.0, -0.0, -0.0, -0.0, -0.0, -0.0, -0.0, -0.0, 0.0, 0.0001, -0.0, -0.0, -0.0, 0.0, 0.0, 0.0, 0.0, 0.0, 0.0, 0.0001, 0.0, -0.0002, 0.0004, 0.0004, 0.0004, 0.001, -0.0004, 0.0004, 0.0004, 0.0004, 0.0004, 0.0004, 0.0002, -0.0001, 0.0003, 0.0009, 0.0069, -0.0146, 0.0027, 0.0022, 0.0025, 0.0023, -0.0011, 0.0028, 0.0032, 0.0031, 0.0032, 0.0033, 0.0035, 0.003, 0.003, -0.0001, -0.0272, -0.0182, 0.0094, -0.004, 0.0054, 0.0039, 0.0045, -0.0224, 0.0039, -0.0041, 0.0039, 0.0039, 0.0004, 0.0038, -0.0198, 0.0038, 0.0024, 0.0017, 0.0036, 0.0016, 0.0016, 0.0017, 0.0017, 0.0008, 0.0008, 0.0006, 0.0006, 0.0006, 0.0005, -0.0021, -0.0003, 0.0099, -0.0003]",0.0
2026-07-04_22-25-34.mp4,1,120.0,15.0,0.033,motion,0.0,0.0,0.0,0.0,0.0,0.2781,1.525,0.104,0.3564,0.011,0.0003,,"[-0.0073, 0.0017, 0.0111, 0.0017, 0.0158, 0.014, 0.019, -0.0052, -0.0077, 0.0224, -0.0043, -0.0043, -0.0029, -0.001, -0.004, 0.0052, -0.0046, -0.0041, -0.0043, -0.0057, -0.0038, 0.0397, -0.0028, -0.0037, 0.0144, 0.0001, -0.0024, -0.0024, -0.0021, -0.0023, -0.0023, -0.002, -0.002, -0.0019, -0.002, -0.0021, -0.0021, -0.0007, -0.0007, -0.0001, -0.0001, -0.0, -0.0, 0.0012, 0.0003, 0.0, -0.0004, -0.0004, -0.0004, -0.0004, 0.0017, 0.0001, 0.0002, 0.0002, -0.0189, 0.0159, -0.0007, -0.0007, -0.0007, -0.0106, 0.0082, 0.0139, -0.0006, -0.0006, -0.0006, -0.0197, -0.0006, -0.0009, -0.0006, -0.0006, 0.0257, -0.0007, -0.0007, -0.0007, -0.0007, -0.001, -0.0007, -0.0003, -0.0003, -0.002, -0.0003, 0.0018, -0.0009, -0.0009, -0.0009, -0.0009, -0.0, -0.0, -0.0, -0.0, -0.0, -0.0, -0.0, -0.0, -0.0012, 0.0004, -0.0004, -0.0003, -0.0003, -0.0003, -0.0003, -0.0003, -0.0003, -0.0003, -0.0003, -0.0003, -0.0003, -0.0003, -0.0003, 0.0091, -0.0003, -0.0003, 0.0003, -0.0002, -0.0003, -0.0003, -0.0003, -0.0003, -0.0003]",0.0
2026-07-04_09-32-28.mp4,1,120.0,15.0,0.075,motion,0.0,0.0,0.0,0.0,0.0,0.278,0.763,0.542,0.3469,10.744,0.1379,,"[-0.0004, -0.0006, -0.0009, -0.0007, 0.002, 0.0064, -0.0027, -0.0013, -0.0047, -0.0035, -0.0045, -0.0042, -0.0046, -0.0055, -0.0037, -0.004, -0.0044, -0.0041, -0.0042, -0.0378, 0.1372, 0.0091, -0.0036, -0.0035, -0.0038, -0.0036, -0.0035, -0.0037, -0.0036, -0.0073, -0.009, -0.0042, -0.0037, -0.0033, -0.0037, -0.0046, 0.0001, 0.0007, 0.0002, -0.0003, 0.0013, 0.0019, 0.0007, 0.0023, 0.0022, 0.001, 0.0004, 0.0011, -0.0007, -0.0004, 0.0002, 0.0011, -0.0019, -0.0019, -0.0012, -0.0083, -0.0001, -0.0015, -0.0, 0.0001, -0.0014, -0.0018, -0.0023, 0.0014, 0.0009, 0.0005, 0.0007, 0.0003, 0.0005, 0.0005, 0.0003, 0.0002, 0.0, -0.0009, -0.0, -0.0001, 0.0003, 0.0025, 0.0019, 0.0044, 0.0043, 0.0029, -0.0005, -0.0014, 0.0004, 0.0007, 0.0006, 0.0008, 0.0005, 0.0006, 0.0008, 0.0006, 0.0008, -0.0005, 0.0006, 0.0029, -0.0094, -0.0102, -0.0045, 0.0012, -0.007, 0.0003, 0.0016, 0.0019, 0.0018, 0.0018, 0.0017, 0.002, 0.0018, 0.0016, 0.0017, 0.0018, 0.0002, 0.0016, -0.0007, 0.0016, -0.0114, -0.0077, 0.001]",0.0
2026-07-14_18-06-07.mp4,1,120.0,15.0,0.0,motion,0.0,0.0,0.0,0.0,0.0,0.3997,2.542,0.314,0.3581,0.419,0.0371,,"[-0.0709, -0.0177, 0.047, 0.0684, 0.0638, 0.0593, 0.0534, 0.0483, 0.0443, 0.0392, 0.0361, 0.0267, 0.0132, 0.0026, -0.0097, -0.014, -0.0226, -0.0281, -0.0404, -0.0474, -0.0687, -0.0658, -0.0486, -0.0348, -0.0409, -0.0063, -0.047, 0.2191, 0.1509, 0.1583, -0.0694, -0.0101, 0.0462, 0.2933, 0.1865, 0.6977, -0.203, -0.5631, -0.0526, -0.0484, -0.0476, -0.0463, -0.0468, -0.0391, -0.0313, -0.0359, -0.0259, 0.0047, 0.0106, 0.0144, 0.0218, 0.0514, 0.0468, 0.0302, 0.0297, 0.0335, 0.0329, 0.0449, 0.0559, -0.0044, 0.3741, -0.3027, -0.8726, -0.0763, 0.2614, 0.0372, -0.1416, 0.0192, 0.0269, 0.03, 0.03, 0.03, 0.0303, 0.0341, 0.0316, 0.0304, 0.0416, 0.0289, 0.0016, -0.0026, 0.0018, 0.0046, -0.0032, -0.0017, -0.0056, 0.0207, 0.0174, 0.0321, 0.0327, 0.0324, 0.0328, 0.0329, 0.0329, 0.034, 0.0649, 0.0984, 0.0327, 0.0111, -0.0018, 0.1599, -0.7876, 0.1429, -0.418, 0.0058, 0.0297, 0.0265, 0.0234, 0.0226, 0.0211, 0.019, 0.0179, 0.0181, 0.0161, 0.0132, 0.0101, 0.013, -0.016, 0.0035, 0.0289]",0.0
2026-07-17_12-09-17.mp4,1,98.0,15.0,0.184,motion,0.0,0.0,0.0,0.0,0.0,0.5781,1.78,0.682,0.6046,0.214,0.0696,,"[-0.0, -0.0, -0.0, -0.0, -0.0, -0.0, -0.0, -0.0, -0.0, 0.0, 0.0, 0.0, 0.0, 0.0, 0.0, 0.0, 0.0, 0.0, 0.0, 0.0, 0.0, 0.0, 0.0, 0.0, -0.0002, 0.0, 0.0, -0.0001, -0.0, 0.0, 0.0001, 0.0001, 0.0, -0.0002, -0.0002, -0.0001, 0.0, 0.0, 0.0001, 0.0, 0.0, 0.0, 0.0, 0.0, 0.0, 0.0001, 0.0, 0.0002, 0.0, 0.0, -0.0002, -0.0, -0.0, -0.0, -0.0, -0.0, -0.0, -0.0, 0.0001, -0.0, -0.0, -0.0, -0.0, 0.0, 0.0, 0.0, -0.0, -0.0, -0.0, -0.0, -0.0, -0.0, -0.0, -0.0, 0.0, -0.0, 0.0, -0.0, -0.0, -0.0, -0.0, -0.0, -0.0, -0.0, -0.0, -0.0, -0.0, -0.0, -0.0, -0.0, -0.0, -0.0, 0.0, 0.0, 0.0, 0.0, 0.0]",0.0
2026-07-12_19-29-10.mp4,1,120.0,15.0,0.008,motion,0.0,0.0,0.0,0.0,0.0,0.1753,2.542,0.609,0.1161,6.32,0.0921,,"[0.0001, -0.0001, -0.0, -0.0, -0.0, -0.0, -0.0, -0.0001, -0.0, -0.0, -0.0001, -0.0, 0.0, 0.0001, 0.0001, 0.0014, 0.0009, -0.0003, 0.0003, -0.0003, -0.0002, -0.0002, -0.0002, -0.0007, -0.0014, -0.0001, -0.0023, -0.002, -0.0045, -0.0008, -0.0402, 0.014, 0.036, -0.0207, 0.0221, -0.002, -0.0027, -0.0012, 0.0023, 0.0381, -0.0254, 0.0024, 0.001, -0.0003, -0.0033, -0.0003, -0.0026, -0.0009, -0.0002, -0.0017, -0.0005, -0.0008, -0.0005, -0.001, -0.0002, 0.0012, 0.0004, 0.0006, 0.0007, 0.0006, 0.0007, 0.0008, 0.0007, 0.0008, 0.0009, 0.0003, -0.0017, 0.0005, 0.0004, -0.0126, -0.001, 0.0004, -0.0033, -0.0003, 0.0007, 0.0008, 0.0008, 0.0008, 0.0008, -0.0001, 0.0008, 0.0005, 0.0007, 0.0021, 0.0006, 0.0004, 0.0001, 0.0001, -0.0003, 0.0002, -0.0001, 0.0, -0.0001, 0.0002, -0.0002, -0.0001, -0.0003, 0.0001, 0.0, 0.0002, 0.0, 0.0, 0.0001, -0.0002, 0.0002, -0.0002, -0.0001, -0.0001, 0.0001, 0.0001, -0.0, 0.0, 0.0, -0.0, -0.0, 0.0, 0.0001, -0.0, 0.0]",0.0
2026-07-10_08-10-05.mp4,1,120.0,15.0,0.0,motion,0.0,0.0,0.0,0.0,0.0,0.3977,1.78,0.315,0.3445,0.348,0.0324,,"[0.0001, -0.0003, 0.0017, -0.0, -0.0003, -0.0003, -0.0003, -0.0002, -0.0002, -0.0004, -0.0001, -0.0001, -0.0001, -0.0004, 0.0004, -0.0001, -0.0001, 0.0016, -0.0, 0.0, 0.0, -0.0007, -0.0015, 0.0, 0.0, 0.0, 0.0, 0.0, 0.0, 0.0, 0.0, 0.0, 0.0, 0.0001, 0.0001, 0.0001, 0.0001, 0.0, -0.0, -0.0, -0.0, -0.0, -0.0, -0.0, -0.0, -0.0, -0.0, -0.0, -0.0, -0.0, -0.0, -0.0, -0.0, -0.0, -0.0, -0.0, -0.0, -0.0, -0.0, 0.0002, -0.0, -0.0, -0.0, -0.0, -0.0, -0.0, -0.0, -0.0, -0.0, -0.0, -0.0, -0.0, -0.0, -0.0, -0.0, 0.0, 0.0, 0.0, 0.0, 0.0, 0.0, 0.0, 0.0, 0.0, 0.0, 0.0, 0.0, 0.0, 0.0, -0.0002, 0.0, -0.0004, -0.0, -0.0, -0.0, -0.0002, -0.0002, -0.0002, -0.0002, -0.0002, -0.0002, -0.0002, -0.0002, -0.0002, -0.0002, -0.0003, -0.0001, 0.0002, -0.0003, -0.0003, 0.0064, -0.0004, -0.0003, -0.0003, 0.0004, -0.0003, -0.0003, -0.0003, -0.0002]",0.0
2026-07-26_02-18-06.mp4,1,120.0,15.0,0.0,motion,0.0,0.0,0.0,0.0,0.0,0.2318,1.525,0.491,0.3631,1.446,0.0673,,"[0.0, -0.0, 0.0, 0.0, -0.0, 0.0, 0.0001, -0.0001, -0.0001, 0.0001, -0.0001, -0.0002, 0.0003, -0.0001, 0.0, 0.0002, -0.0, -0.0002, 0.0, 0.0, 0.0, -0.0, -0.0, 0.0, 0.0, 0.0, 0.0, 0.0, -0.0001, -0.0, -0.0, 0.0, 0.0, -0.0, -0.0, -0.0, -0.0, -0.0, -0.0, -0.0, -0.0, -0.0, -0.0, 0.0002, -0.0, -0.0, -0.0, -0.0, -0.0, -0.0, -0.0, -0.0, 0.0004, -0.0001, -0.0, -0.0, -0.0, -0.0, -0.0, -0.0, -0.0, -0.0, -0.0, -0.0, -0.0, -0.0, -0.0, -0.0, 0.0, 0.0, 0.0, 0.0, 0.0, 0.0, 0.0, 0.0, 0.0, 0.0, 0.0, -0.0001, 0.0, 0.0, 0.0, 0.0, 0.0, 0.0, 0.0, 0.0, 0.0, 0.0, 0.0, 0.0, 0.0, 0.0, 0.0, -0.0, -0.0, -0.0, -0.0, 0.0, -0.0, -0.0, -0.0, -0.0, -0.0, -0.0, -0.0, -0.0, -0.0, -0.0, -0.0, 0.0, 0.0, 0.0, 0.0, 0.0, 0.0, 0.0, 0.0]",0.0
2026-07-03_05-53-29.mp4,1,120.0,15.0,0.0,motion,0.0,0.0,0.0,0.0,0.0,0.3688,1.78,0.635,0.4146,0.434,0.0709,,"[0.001, -0.0049, 0.0036, -0.001, -0.0009, -0.0008, -0.0008, -0.0007, -0.0005, -0.0006, -0.0005, -0.0038, -0.0004, -0.0004, -0.0003, -0.0002, -0.0004, 0.0075, -0.0004, -0.0004, -0.0004, -0.0004, -0.0004, -0.0004, -0.0004, -0.0004, -0.0004, -0.0005, -0.0003, -0.0008, -0.0005, -0.0005, -0.0005, 0.0075, -0.0003, -0.0002, -0.0002, -0.0002, -0.0002, -0.0002, 0.0002, -0.0002, 0.0, 0.0, 0.0, 0.0, -0.0003, -0.0, -0.0, 0.0002, -0.0022, 0.0002, 0.0002, 0.0002, -0.0001, 0.0002, 0.0002, -0.0053, 0.0002, 0.0003, 0.0002, -0.0002, 0.002, 0.0002, 0.0002, 0.0002, 0.0001, 0.0001, -0.0001, -0.0002, -0.0002, -0.0002, -0.0002, 0.0001, -0.0004, -0.0004, -0.0004, -0.0004, -0.0003, -0.0008, -0.0003, -0.0003, 0.0005, 0.0074, 0.0008, -0.0003, -0.0003, -0.0003, -0.0003, -0.0003, -0.0003, -0.0003, -0.0003, -0.0003, -0.0003, -0.0003, -0.0003, -0.0002, -0.0002, 0.0, -0.001, 0.0, 0.0, 0.0, 0.0, 0.0, 0.0, 0.0, 0.0, 0.0, 0.0, 0.0, -0.0007, 0.0, 0.0, 0.0, 0.0004, 0.0, 0.0]",0.0
2026-07-22_02-08-16.mp4,1,120.0,15.0,0.0,motion,0.0,0.0,0.0,0.0,0.0,0.6125,0.763,0.291,0.3596,8.647,0.1595,,"[0.0013, -0.01, -0.0037, -0.0032, -0.0029, -0.0035, -0.0036, -0.0038, -0.0034, -0.0035, 0.0018, -0.0032, -0.0023, -0.0042, -0.0024, 0.0159, -0.0046, 0.0052, -0.0067, 0.0047, 0.0158, -0.0026, -0.0071, -0.0085, 0.0007, -0.0085, -0.0084, 0.0292, -0.0083, -0.0018, -0.0052, 0.0084, -0.0051, 0.0483, 0.0143, 0.0167, 0.0086, 0.0062, -0.0037, -0.0037, -0.0032, 0.0005, -0.003, -0.0027, -0.0171, -0.0203, -0.0212, -0.0321, -0.0152, -0.0137, 0.0043, 0.0033, 0.0343, 0.0124, 0.0057, 0.001, -0.0115, 0.0092, 0.0318, 0.016, 0.0082, 0.0028, -0.0272, -0.0499, -0.0126, 0.0022, 0.0003, -0.0012, 0.0124, -0.0024, -0.0021, 0.0011, 0.008, 0.0063, -0.0051, 0.0018, 0.0011, 0.0023, 0.0012, -0.0005, -0.0009, -0.0012, -0.0005, 0.0141, 0.0006, -0.0015, -0.0005, -0.0016, -0.0011, 0.0003, -0.0004, -0.0005, -0.0001, 0.0023, -0.0003, -0.0, 0.0007, 0.0007, -0.0001, 0.0004, 0.0005, 0.0005, -0.0005, -0.0024, -0.0006, -0.0001, 0.0027, 0.0054, 0.0032, 0.0041, 0.0042, 0.0057, -0.003, 0.0016, 0.0102, 0.0011, 0.0077, 0.0109, -0.007]",0.0
2026-07-12_06-42-09.mp4,1,120.0,15.0,0.433,lips,0.4534,0.763,0.875,0.305,0.0261,0.5239,1.017,0.507,0.795,0.028,0.0073,"[-1.0, -1.0, -1.0, -1.0, -1.0, -1.0, -1.0, -1.0, -1.0, -1.0, -1.0, -1.0, -1.0, -1.0, -1.0, -1.0, -1.0, -1.0, -1.0, -1.0, -1.0, -1.0, -1.0, -1.0, -1.0, -1.0, -1.0, -1.0, -1.0, -1.0, -1.0, -1.0, -1.0, -1.0, -1.0, -1.0, -1.0, -1.0, -1.0, 0.138, -1.0, -1.0, -1.0, -1.0, -1.0, -1.0, -1.0, -1.0, -1.0, -1.0, -1.0, -1.0, -1.0, -1.0, 0.067, 0.054, 0.023, 0.034, 0.014, 0.009, 0.027, 0.017, 0.031, 0.033, 0.023, 0.026, 0.028, 0.02, 0.012, 0.024, 0.017, 0.027, 0.019, 0.018, 0.03, 0.016, 0.017, 0.01, 0.017, 0.017, 0.019, -1.0, 0.061, 0.069, 0.016, 0.013, 0.011, 0.02, 0.011, 0.003, 0.005, 0.018, 0.003, 0.006, 0.005, 0.006, 0.01, 0.018, 0.025, 0.005, 0.017, -1.0, -1.0, 0.109, 0.066, -1.0, 0.062, 0.05, -1.0, 0.057, -1.0, -1.0, -1.0, -1.0, -1.0, -1.0, -1.0, -1.0, -1.0, -1.0]","[-0.0135, 0.07, 0.0527, 0.0166, 0.0548, -0.0103, 0.0067, -0.0085, -0.0071, -0.0054, -0.0014, -0.0045, -0.0022, -0.0053, -0.0047, -0.0093, -0.0047, 0.0467, 0.0559, 0.038, 0.0094, -0.0074, -0.0594, 0.0097, -0.025, -0.0694, -0.0316, 0.0111, -0.0037, -0.0039, 0.0017, 0.0012, 0.001, 0.0007, 0.004, 0.0058, 0.0032, 0.0059, 0.004, 0.0043, 0.0035, 0.0012, 0.0002, 0.0005, 0.0003, 0.0002, 0.0002, 0.0002, 0.0002, 0.0002, 0.0002, 0.0002, 0.0001, 0.0001, 0.0001, 0.0001, 0.0002, 0.0001, 0.0001, 0.0, -0.0, -0.0007, -0.0001, -0.0002, -0.0001, -0.0002, 0.0, -0.0002, -0.0003, 0.0003, -0.0, -0.0001, 0.0002, 0.0001, 0.0003, 0.0001, 0.0002, 0.0007, -0.0001, -0.0001, -0.0001, -0.0003, -0.0, -0.0, -0.0001, 0.0, 0.0001, 0.0001, 0.0001, 0.0, 0.0001, 0.0001, 0.0001, 0.0001, 0.0001, 0.0001, -0.0001, -0.0, -0.0002, -0.0012, -0.0001, -0.0001, 0.0, 0.0001, 0.0001, 0.0001, 0.0001, 0.0001, 0.0001, -0.0001, -0.0, 0.0003, 0.0001, -0.0003, 0.0001, -0.0, 0.0, -0.0, 0.0]",0.0
2026-07-06_00-44-54.mp4,1,120.0,15.0,0.033,motion,0.0,0.0,0.0,0.0,0.0,0.1057,2.797,0.667,0.3071,1.678,0.0441,,"[0.0, 0.0, 0.0, 0.0, 0.0, 0.0, 0.0, 0.0, 0.0, 0.0, 0.0, 0.0, -0.0, -0.0, -0.0, -0.0, -0.0, -0.0, -0.0, -0.0, -0.0, -0.0, -0.0, -0.0, 0.0001, 0.0003, -0.0052, -0.0052, -0.0047, -0.0052, -0.0052, -0.0052, -0.0052, -0.0052, -0.0052, -0.0052, -0.0052, -0.0052, -0.0053, -0.0105, -0.0155, 0.16, -0.0071, -0.009, -0.0116, -0.0111, -0.0072, -0.0104, -0.0106, -0.0106, -0.0109, -0.0104, -0.0104, -0.008, 0.0182, 0.147, -0.0971, -0.0488, 0.0516, 0.0723, -0.0086, -0.1359, 0.0966, 0.0005, -0.0055, -0.005, -0.0057, -0.0065, -0.0047, -0.0054, -0.0044, 0.0007, -0.0021, -0.0034, -0.0018, 0.001, 0.0006, -0.0035, -0.0002, -0.0001, -0.0002, -0.0005, -0.0006, -0.0005, -0.0005, -0.0003, -0.0004, -0.0001, -0.0006, -0.0003, -0.0004, -0.0004, -0.0005, -0.0005, 0.0031, 0.0012, 0.0094, 0.0028, -0.0041, -0.0013, -0.0006, -0.0014, -0.0004, -0.0004, -0.0002, -0.0003, -0.0004, -0.0004, -0.0004, -0.0003, -0.0002, -0.0004, 0.0001, 0.0002, 0.0, 0.0, 0.0, 0.0, -0.0]",0.0
2026-07-22_11-04-16.mp4,1,120.0,15.0,0.0,motion,0.0,0.0,0.0,0.0,0.0,0.3097,1.525,0.569,0.3522,0.119,0.0187,,"[0.001, -0.0024, -0.0002, -0.0014, 0.0118, 0.0097, -0.0041, -0.0116, -0.0044, -0.0005, -0.0005, -0.0001, -0.0023, -0.0004, -0.0002, -0.0004, -0.0004, -0.0002, -0.0001, -0.0012, 0.0003, 0.0006, 0.0006, 0.0002, -0.0, 0.0001, -0.0004, 0.0004, 0.0032, -0.0018, 0.0018, 0.0004, -0.0, -0.0018, 0.0002, -0.0001, -0.0004, -0.0008, -0.0011, 0.0006, 0.0008, 0.0005, -0.0002, -0.0002, -0.0021, -0.001, -0.0005, -0.0001, -0.0001, 0.0012, -0.0001, 0.0031, -0.0001, 0.0017, 0.0015, -0.001, -0.0004, -0.0001, -0.0001, -0.0001, -0.0002, 0.0002, -0.0, -0.0012, -0.0002, -0.0009, -0.0005, -0.0001, -0.0001, -0.0001, 0.0002, 0.0002, 0.001, -0.0005, 0.0002, 0.0, 0.0001, 0.0009, -0.0002, -0.0001, -0.0002, -0.0001, -0.0002, -0.0001, 0.0, -0.0003, -0.0001, 0.0012, -0.0006, 0.0, -0.0008, -0.0002, -0.0001, -0.0001, -0.0, 0.0, -0.0001, 0.0, 0.0001, -0.0002, -0.0002, -0.0003, 0.0004, 0.0013, 0.001, -0.0009, 0.0005, -0.0007, -0.0001, 0.0001, -0.0002, 0.0001, -0.0001, -0.0001, -0.0006, 0.0002, 0.0004, -0.0003, 0.0]",0.0
2026-07-07_05-36-56.mp4,1,120.0,15.0,0.0,motion,0.0,0.0,0.0,0.0,0.0,0.4452,0.763,0.69,0.3475,0.12,0.0329,,"[-0.0002, 0.0003, 0.0001, 0.0002, 0.0002, 0.0001, 0.0001, 0.0001, 0.0001, 0.0001, 0.0001, 0.0001, 0.0001, 0.0005, 0.0001, 0.0, 0.0, -0.0, 0.0, 0.0, 0.0, 0.0, 0.0003, -0.0016, 0.0, 0.0, 0.0001, 0.0002, 0.0002, 0.0002, 0.0002, 0.0002, 0.0002, 0.0002, 0.0002, 0.0002, 0.0002, 0.0002, 0.0002, 0.0002, 0.0002, -0.0013, -0.0032, 0.0002, 0.0001, 0.0001, 0.0001, 0.0001, 0.0001, 0.0001, 0.0001, 0.0001, 0.0001, 0.0001, 0.0001, 0.0001, 0.0001, 0.0001, -0.0, 0.0006, -0.0, -0.0, -0.0, -0.0, -0.0, -0.0, -0.0, -0.0, -0.0, -0.0, -0.0, -0.0, -0.0, -0.0, -0.0003, 0.0, 0.0, 0.0, 0.0, 0.0, 0.0, 0.0, 0.0, 0.0, 0.0, 0.0, 0.0, 0.0, 0.0, 0.0, -0.0, -0.0, -0.0, -0.0, -0.0, -0.0, -0.0, -0.0, -0.0, -0.0, -0.0, -0.0, -0.0, 0.0, 0.0, 0.0, 0.0, 0.0, 0.0, 0.0, 0.0001, 0.0001, 0.0001, 0.0001, 0.0001, 0.0001, 0.0001, 0.0001, -0.0001]",0.0
2026-07-22_07-31-13.mp4,1,120.0,15.0,0.0,motion,0.0,0.0,0.0,0.0,0.0,0.2476,2.034,0.267,0.3404,0.206,0.0113,,"[-0.0, 0.0001, 0.0, -0.0, 0.0, -0.0, -0.0, 0.0001, -0.0001, -0.0, -0.0, -0.0, -0.0, -0.0, 0.0001, 0.0001, -0.0001, -0.0, 0.0001, -0.0, -0.0, -0.0, -0.0, -0.0, -0.0001, -0.0, -0.0, -0.0, -0.0, -0.0, -0.0, -0.0, -0.0, -0.0, -0.0, 0.0001, -0.0, -0.0, -0.0, -0.0, -0.0, 0.0001, -0.0, -0.0, -0.0, -0.0, -0.0, -0.0, 0.0001, -0.0, 0.0, -0.0, -0.0, -0.0, -0.0, -0.0, -0.0, -0.0, -0.0, -0.0, -0.0, -0.0, -0.0, -0.0, -0.0, -0.0, 0.0, 0.0, -0.0, -0.0, -0.0, -0.0, -0.0, 0.0, -0.0, -0.0, -0.0, -0.0, -0.0, -0.0, -0.0, -0.0, -0.0, -0.0, -0.0, -0.0, -0.0, -0.0, -0.0, 0.0, 0.0, 0.0, 0.0, 0.0, 0.0, 0.0, 0.0, 0.0, 0.0, 0.0, 0.0, 0.0, 0.0, 0.0, 0.0, 0.0, 0.0, 0.0, 0.0, 0.0, 0.0, 0.0, 0.0, 0.0, 0.0, 0.0, 0.0, 0.0, 0.0]",0.0
2026-07-04_09-52-22.mp4,1,120.0,15.0,0.0,motion,0.0,0.0,0.0,0.0,0.0,0.3416,1.525,0.548,0.2347,1.335,0.107,,"[-0.0001, 0.0, 0.0001, 0.0, 0.0, 0.0002, 0.0001, 0.0001, 0.0, -0.0, -0.0, -0.0, -0.0001, -0.0, -0.0, -0.0, 0.0005, -0.0, 0.0002, -0.0, -0.0, -0.0001, -0.0, -0.0, -0.0, -0.0001, 0.0001, 0.0001, -0.0, -0.0, -0.0, -0.0, -0.0, -0.0, -0.0, -0.0, -0.0, -0.0, -0.0, 0.0, -0.0, 0.0, 0.0, -0.0001, 0.0, -0.0, -0.0, -0.0, -0.0, -0.0, -0.0, -0.0, -0.0, 0.0, -0.0, -0.0, -0.0, 0.0001, -0.0, -0.0001, -0.0, -0.0001, 0.0001, -0.0, -0.0, -0.0, -0.0, -0.0, -0.0, -0.0, -0.0, -0.0, -0.0, -0.0, -0.0, -0.0, -0.0, -0.0, 0.0, 0.0, 0.0, -0.0, -0.0, -0.0, 0.0, 0.0, 0.0, -0.0, 0.0001, -0.0, -0.0, -0.0, -0.0, -0.0, -0.0, -0.0, -0.0, -0.0, -0.0, -0.0, -0.0001, -0.0, 0.0, 0.0001, -0.0001, 0.0, -0.0, -0.0, -0.0, -0.0, -0.0, 0.0, -0.0, -0.0, -0.0, -0.0, 0.0, -0.0, -0.0]",0.0
2026-07-13_16-12-27.mp4,1,120.0,15.0,0.017,motion,0.0,0.0,0.0,0.0,0.0,0.3944,2.542,0.546,0.4436,0.907,0.1024,,"[0.0, 0.0, 0.0, 0.0, 0.0, 0.0, 0.0, 0.0, 0.0, 0.0, 0.0, 0.0, 0.0, 0.0, 0.0, -0.0, -0.0001, 0.0, -0.0, -0.0001, -0.0001, -0.0001, -0.0001, -0.0001, -0.0001, -0.0001, -0.0001, -0.0001, -0.0001, -0.0001, 0.0007, 0.0007, -0.0026, 0.0015, 0.0019, 0.0013, 0.0002, -0.0001, -0.0013, -0.0001, -0.0003, 0.0, -0.0, -0.0001, -0.0002, -0.0002, -0.0, 0.0001, -0.0015, -0.0001, 0.0, 0.0001, 0.0019, 0.0007, 0.0001, -0.0003, -0.0002, 0.0001, -0.0001, 0.0002, -0.0004, -0.0002, 0.0002, -0.0003, 0.0001, -0.0003, 0.0, 0.0, 0.0001, -0.0013, 0.0003, 0.0, 0.0001, 0.0001, -0.0, 0.0003, -0.0001, 0.0003, -0.0002, 0.0001, 0.0001, -0.0001, 0.0002, 0.0001, -0.0001, 0.0, 0.0, 0.0001, -0.0, 0.0002, -0.0, -0.0002, -0.0001, 0.0004, 0.0, 0.0, 0.0, 0.0003, -0.0002, 0.0, 0.0, -0.0003, 0.0, 0.0006, -0.0001, -0.0003, 0.0, -0.0008, 0.0, 0.0, 0.0, 0.0, 0.0, 0.0, 0.0, 0.0, 0.0, 0.0006, 0.0]",0.0
2026-07-01_06-29-26.mp4,1,120.0,15.0,0.0,motion,0.0,0.0,0.0,0.0,0.0,0.4686,1.78,0.491,0.4828,0.47,0.0736,,"[0.0005, -0.0009, -0.0097, -0.005, 0.0005, 0.0, 0.0005, 0.0005, -0.0005, 0.0005, 0.0005, 0.0005, 0.0005, 0.0005, 0.0011, 0.0025, 0.0011, 0.0013, 0.0001, -0.0001, -0.0001, -0.0009, 0.0004, -0.0001, -0.0004, 0.0, -0.0003, -0.0002, -0.0005, -0.0005, -0.0005, -0.0004, -0.0004, -0.0004, -0.0004, -0.0004, -0.0004, -0.0004, -0.0004, 0.0079, -0.0009, -0.0001, 0.001, 0.001, -0.0004, -0.0004, -0.0003, -0.0004, -0.0004, -0.0004, -0.0003, -0.0004, -0.0004, -0.0004, -0.0004, -0.0001, -0.0003, -0.0003, -0.0002, 0.0003, 0.0001, 0.0005, 0.0003, 0.0002, 0.0002, 0.0001, 0.0002, 0.0002, 0.0002, -0.0001, 0.0002, 0.0042, 0.0002, -0.0001, -0.0067, -0.0004, -0.0008, 0.0002, 0.0002, -0.0007, 0.0001, 0.0002, 0.0002, 0.0001, 0.0001, 0.0002, 0.0003, 0.0004, 0.0004, 0.0009, 0.0001, 0.0, 0.0, 0.0002, 0.0008, 0.0012, 0.0025, 0.0025, 0.0027, 0.0003, 0.0017, -0.0004, 0.0016, 0.0025, 0.0039, 0.0042, 0.0063, 0.003, -0.0014, -0.0108, -0.0156, -0.0388, 0.003, 0.0295, 0.003, 0.003, -0.0316, -0.0032, 0.0028]",0.0
2026-07-08_21-55-35.mp4,1,120.0,15.0,0.042,motion,0.0,0.0,0.0,0.0,0.0,0.3032,0.763,0.295,0.1757,9.488,0.0808,,"[0.0024, 0.0014, 0.0019, 0.0012, 0.0038, 0.003, -0.0006, 0.0016, 0.0024, 0.0066, -0.0056, -0.0162, -0.0211, -0.021, -0.0007, 0.0018, 0.0123, 0.0019, -0.0045, 0.0048, 0.0025, 0.0016, -0.0009, 0.0029, -0.0007, 0.001, -0.0004, 0.0003, -0.0032, -0.0019, -0.0027, -0.0057, -0.0053, 0.0019, 0.0013, -0.0024, -0.0044, -0.0024, -0.003, -0.0014, 0.006, 0.0207, 0.0129, 0.0193, 0.0018, 0.0055, 0.0112, -0.0074, -0.0042, 0.0013, -0.0096, -0.01, -0.0096, -0.0099, -0.0078, -0.0102, -0.012, 0.0013, -0.0107, -0.0078, 0.0422, -0.0102, -0.0071, -0.0062, 0.0735, -0.0035, -0.0071, -0.0064, -0.0064, -0.0066, 0.0791, -0.0072, -0.0007, -0.0084, -0.0069, -0.0038, -0.006, -0.0003, -0.0061, -0.0216, -0.0182, -0.0189, -0.0223, -0.0038, 0.0033, 0.0043, 0.0126, 0.0072, -0.0022, -0.001, 0.0033, 0.0186, 0.0024, -0.0007, 0.0113, 0.0042, -0.0019, -0.0021, -0.0023, 0.0026, -0.0033, -0.0022, -0.0018, -0.0016, -0.0017, -0.0017, -0.0016, -0.001, -0.001, -0.001, -0.0019, -0.0006, -0.0006, -0.0007, -0.0008, -0.0006, -0.0007, -0.0007, 0.0008]",0.0
2026-07-04_18-00-51.mp4,1,120.0,15.0,0.0,motion,0.0,0.0,0.0,0.0,0.0,0.1907,2.542,0.421,0.2622,37.814,0.0782,,"[0.0014, 0.0026, 0.0036, -0.0022, -0.0325, -0.0005, -0.0044, -0.0235, 0.0148, 0.0019, 0.002, 0.0029, 0.0034, 0.004, 0.0041, 0.0044, 0.0049, 0.0045, 0.0051, 0.0053, 0.0042, 0.006, 0.0026, 0.0017, -0.0063, -0.0086, -0.0125, -0.017, -0.0115, -0.0031, -0.002, 0.0012, 0.0, 0.0053, 0.0051, 0.0034, 0.0013, 0.0011, 0.001, -0.0025, 0.0001, 0.0004, 0.001, -0.0008, -0.0005, 0.0023, -0.0048, -0.0046, -0.0031, 0.0009, 0.0126, 0.0143, 0.0042, -0.0043, -0.0043, -0.004, -0.0152, -0.0172, -0.004, 0.0008, -0.1735, 0.2208, 0.0081, 0.0644, -0.0098, -0.0251, -0.0014, -0.0013, -0.0014, -0.0024, -0.0025, -0.0027, -0.0063, -0.0058, -0.0003, -0.0074, -0.0257, -0.0032, -0.0011, 0.0022, 0.0017, 0.0006, 0.0018, 0.002, 0.0007, 0.0006, 0.0005, 0.0011, 0.0022, -0.0, 0.001, 0.0004, -0.0001, 0.0028, -0.0002, -0.0002, -0.0003, -0.0002, 0.001, -0.0009, -0.0015, -0.0013, -0.002, -0.0047, -0.0018, -0.0019, -0.0019, -0.0018, -0.0018, -0.0018, -0.0022, 0.0008, -0.0033, 0.0075, 0.0071, 0.0175, -0.0027, 0.0178, -0.0017]",0.0
2026-07-02_07-48-47.mp4,1,120.0,15.0,0.0,motion,0.0,0.0,0.0,0.0,0.0,0.5643,1.525,0.544,0.1024,8.104,0.2735,,"[0.0006, -0.001, 0.0, -0.0005, -0.0012, -0.0008, -0.0009, -0.0001, -0.0009, 0.0007, 0.0001, -0.0004, 0.0001, -0.0, 0.0, -0.0001, -0.0, 0.0001, 0.0004, 0.0007, 0.0, -0.0002, 0.0003, 0.0003, 0.0003, 0.0003, -0.001, 0.0001, 0.0001, 0.0001, 0.0001, 0.0001, 0.0001, 0.0001, 0.0009, -0.0008, -0.0038, -0.0037, -0.0005, 0.0001, 0.0001, 0.0032, 0.002, 0.0001, -0.0001, 0.0, -0.0003, 0.001, 0.0003, 0.0007, 0.0002, -0.0002, 0.0008, 0.0007, -0.0002, -0.0008, -0.0001, -0.0, -0.0, -0.0002, 0.0001, -0.0002, 0.0001, -0.0001, -0.0013, -0.0009, 0.0005, 0.0002, 0.0, -0.001, 0.0013, -0.0004, 0.0001, 0.0, 0.0001, 0.0, 0.0001, 0.0, -0.0006, -0.0009, -0.0006, -0.001, -0.0001, 0.0009, 0.0004, -0.0002, 0.0007, 0.0006, 0.0001, 0.0002, 0.0013, 0.0, 0.0001, 0.0011, 0.0002, -0.0002, 0.0001, -0.0, 0.0, 0.0001, 0.0002, -0.0, 0.0, -0.0003, 0.0001, -0.0006, 0.0005, -0.0004, 0.0, -0.0009, -0.0012, -0.002, -0.0018, 0.0004, 0.0007, -0.0001, -0.0001, -0.0005, 0.0005]",0.0
2026-07-20_19-57-59.mp4,1,120.0,15.0,0.0,motion,0.0,0.0,0.0,0.0,0.0,0.3125,2.288,0.205,0.303,5.409,0.0541,,"[0.0, -0.0, -0.0, -0.0, -0.0, -0.0, 0.0, -0.0, -0.0, -0.0, -0.0, -0.0, -0.0, -0.0, -0.0, 0.0, 0.0, -0.0001, 0.0, 0.0, 0.0, 0.0, 0.0, 0.0, 0.0, 0.0, 0.0, 0.0, 0.0, 0.0, 0.0, 0.0, 0.0, 0.0, 0.0, 0.0, 0.0, 0.0, -0.0, 0.0, 0.0, -0.0, 0.0, 0.0, 0.0, 0.0, 0.0, 0.0, 0.0, 0.0, 0.0, 0.0, -0.0, 0.0, 0.0, 0.0, -0.0, 0.0, -0.0, 0.0, -0.0, -0.0, -0.0, -0.0, -0.0, -0.0, -0.0, 0.0001, -0.0001, -0.0, -0.0, -0.0001, 0.0002, -0.0001, -0.0, -0.0, -0.0, -0.0, -0.0, -0.0, -0.0, -0.0, -0.0001, 0.0, -0.0001, 0.0011, -0.0, -0.0001, -0.0, -0.0, -0.0, -0.0, -0.0, -0.0, -0.0, -0.0, -0.0, -0.0, -0.0, -0.0, -0.0, -0.0, -0.0, -0.0, -0.0, -0.0, 0.0, -0.0, 0.0, 0.0, -0.0, -0.0, -0.0, -0.0, -0.0, -0.0, -0.0, -0.0, 0.0]",0.0
2026-07-17_07-53-32.mp4,1,120.0,15.0,0.0,motion,0.0,0.0,0.0,0.0,0.0,0.353,2.797,0.632,0.2989,5.49,0.1886,,"[-0.0001, -0.0, -0.0, 0.0001, -0.0, -0.0, 0.0, 0.0, -0.0001, 0.0, -0.0, -0.0002, -0.0001, 0.0004, 0.0004, -0.0001, 0.0, 0.0003, -0.0, 0.0001, -0.0, -0.0, -0.0, 0.0002, -0.0005, -0.0, 0.0002, -0.0, 0.0001, 0.0002, -0.0, -0.0, -0.0007, -0.0, -0.0, -0.0, -0.0003, -0.0, 0.0003, -0.0002, 0.0001, 0.0, -0.0, -0.0, -0.0002, 0.0001, 0.0005, -0.0, 0.0003, 0.0001, 0.0, -0.0003, 0.0, -0.0, 0.0002, -0.0, -0.0001, 0.0002, -0.0001, -0.0005, -0.0, -0.0, 0.0, -0.0, 0.0001, -0.0, -0.0, -0.0001, -0.0, -0.0, -0.0, -0.0, 0.0001, -0.0001, 0.0001, -0.0002, 0.0001, -0.0, -0.0001, -0.0001, 0.0005, 0.0008, 0.0002, -0.0004, -0.0004, -0.0001, 0.0001, 0.0002, -0.0002, -0.0001, 0.0001, -0.0001, 0.0, -0.0001, 0.0001, 0.0004, 0.0001, 0.0001, 0.0002, -0.0, -0.0, -0.0, 0.0001, 0.0001, 0.0002, 0.0001, -0.0024, 0.0002, 0.0, 0.0016, -0.0022, -0.0026, 0.0031, 0.0011, 0.0, 0.0005, 0.0, -0.0, 0.0]",0.0
2026-07-05_11-59-02.mp4,1,115.0,15.0,0.0,motion,0.0,0.0,0.0,0.0,0.0,0.322,0.763,0.512,0.1215,43.549,0.1611,,"[0.0001, 0.0007, -0.0004, 0.0008, -0.0002, -0.0002, -0.0001, -0.0002, -0.0002, -0.0001, -0.0001, -0.0001, -0.0001, -0.0001, -0.0001, -0.0001, -0.0001, -0.0, -0.0, -0.0, 0.0001, 0.0001, 0.0001, 0.0001, 0.0001, 0.0001, 0.0001, 0.0001, 0.0001, 0.0001, 0.0001, 0.0001, 0.0001, 0.0001, 0.0001, -0.0017, 0.0001, -0.0002, -0.0002, 0.0001, 0.0001, 0.0001, 0.0001, 0.0001, 0.0001, 0.0001, 0.0001, 0.0001, 0.0001, 0.0004, 0.0001, -0.0, 0.0, -0.0, -0.0, -0.0, -0.0, 0.0002, -0.0, -0.0001, 0.0, 0.0, 0.0, 0.0, 0.0, 0.0001, 0.0001, 0.0001, 0.0001, 0.0001, 0.0001, 0.0, 0.0001, 0.0001, -0.0011, -0.0001, -0.0002, -0.0001, 0.0, 0.0001, 0.0001, 0.0001, 0.0001, 0.0001, -0.0, 0.0001, 0.0006, -0.0003, 0.0002, 0.0001, 0.0006, -0.0007, -0.0001, -0.0, -0.0, -0.0, -0.0, -0.0, -0.0, -0.0, -0.0, -0.0, 0.0, 0.0, 0.0, 0.0, 0.0, 0.0, 0.0, 0.0, 0.0, 0.0, 0.0, 0.0]",0.0
2026-07-03_05-50-29.mp4,1,120.0,15.0,0.0,motion,0.0,0.0,0.0,0.0,0.0,0.151,0.763,0.178,0.2338,99.0,0.0268,,"[-0.0058, -0.0031, -0.0032, -0.0031, -0.0031, -0.0033, -0.0033, -0.0034, -0.1751, 0.28, -0.0038, -0.0038, -0.0039, 0.019, -0.0041, -0.0042, -0.0043, -0.0043, -0.0043, -0.0043, -0.0043, -0.0043, -0.0043, -0.0043, -0.0099, -0.0007, -0.001, -0.0007, -0.0007, 0.0, 0.0, 0.0, 0.0, 0.0, 0.0, 0.0, 0.0, 0.0, 0.0, -0.001, -0.001, -0.001, -0.001, -0.001, -0.001, -0.001, -0.001, -0.001, -0.001, -0.001, -0.001, -0.001, -0.001, -0.001, 0.0303, -0.001, -0.001, -0.001, -0.001, -0.0006, -0.0013, -0.001, -0.001, -0.001, -0.001, -0.001, -0.001, -0.001, -0.001, -0.001, -0.0, -0.0, -0.0, -0.0, -0.0, 0.0, -0.0, -0.0, -0.0, -0.0, -0.0, -0.0, -0.0, -0.0, -0.0, -0.0, -0.0, -0.0, -0.0, -0.0, -0.0, -0.0, -0.0, -0.0, -0.0, -0.0, -0.0, -0.0, -0.0, 0.0013, 0.0013, 0.0013, 0.0013, 0.0013, 0.0013, 0.0013, 0.0013, 0.0013, 0.0013, 0.0013, 0.0013, 0.0013, 0.0013, 0.0013, -0.0378, 0.0009, 0.0013, 0.0013, 0.0013]",0.0
2026-07-20_23-48-21.mp4,1,120.0,15.0,0.017,motion,0.0,0.0,0.0,0.0,0.0,0.2916,1.78,0.054,0.5095,2.182,0.0108,,"[-0.0, 0.002, -0.0012, -0.0004, -0.0, 0.0, -0.0004, 0.0, -0.0004, 0.0, -0.0003, -0.0002, -0.0001, -0.0, -0.0001, -0.0005, 0.0016, -0.0005, 0.0011, 0.0, 0.0017, -0.0002, -0.0002, -0.0001, -0.0002, -0.0001, 0.001, -0.0002, -0.0001, -0.0001, -0.0001, -0.0016, -0.0001, -0.0001, -0.0001, -0.0, 0.0, 0.0, 0.0, 0.0, 0.0, 0.0, 0.0, 0.0, 0.0, 0.0, 0.0, -0.0, -0.0, -0.0, -0.0, -0.0, -0.0001, -0.0, -0.0, -0.0, -0.0, -0.0, -0.0, 0.0009, -0.0002, -0.0001, -0.0001, -0.0001, -0.0001, -0.0001, -0.0, -0.0003, -0.0001, -0.0001, -0.0004, -0.0001, -0.0003, -0.0002, 0.0001, 0.0033, -0.0007, -0.0001, -0.0001, -0.001, 0.0005, -0.0001, -0.0001, -0.0001, 0.0004, -0.0001, -0.0001, 0.0002, -0.0001, -0.0001, -0.0001, 0.0, -0.0, -0.0, -0.0, -0.0, -0.0, -0.0, -0.0, -0.0001, -0.0, -0.0001, -0.0001, -0.0, 0.0, 0.0001, 0.0001, 0.0001, 0.0002, 0.0002, 0.0002, 0.0003, 0.0003, 0.0003, 0.0014, 0.0004, 0.001, 0.0005, -0.0006]",0.0
2026-07-21_13-04-42.mp4,1,120.0,15.0,0.0,motion,0.0,0.0,0.0,0.0,0.0,0.3438,0.763,0.44,0.2005,0.181,0.0232,,"[0.0, -0.0001, -0.0001, -0.0001, 0.0, 0.0, 0.0, 0.0, 0.0, -0.0, -0.0001, 0.0, 0.0, 0.0, 0.0, 0.0, 0.0, 0.0, 0.0, 0.0, 0.0, 0.0, 0.0, 0.0, 0.0, 0.0, -0.0, -0.0, -0.0, -0.0, -0.0, -0.0, -0.0, -0.0, -0.0, -0.0, -0.0, -0.0, -0.0, -0.0, -0.0, -0.0, -0.0, -0.0, -0.0, -0.0, -0.0, -0.0, -0.0, -0.0, -0.0, -0.0, -0.0, -0.0, -0.0, -0.0, -0.0, -0.0, -0.0, 0.0, -0.0, -0.0, -0.0, 0.0, 0.0, 0.0, 0.0, 0.0, 0.0, 0.0, 0.0, 0.0, 0.0, 0.0, 0.0, 0.0, 0.0, 0.0, -0.0001, 0.0, 0.0, 0.0, 0.0, 0.0, 0.0, 0.0, 0.0, 0.0, 0.0, 0.0, 0.0, 0.0, 0.0, 0.0, -0.0, -0.0, -0.0, -0.0, -0.0, -0.0, -0.0, -0.0, 0.0, -0.0, -0.0001, -0.0, -0.0, -0.0, -0.0, -0.0, 0.0005, 0.0001, 0.0, -0.0, -0.0, -0.0, -0.0, -0.0, -0.0]",0.0
2026-07-19_23-51-24.mp4,1,120.0,15.0,0.0,motion,0.0,0.0,0.0,0.0,0.0,0.5262,2.034,0.347,0.2713,0.363,0.0486,,"[-0.0, 0.0, 0.0001, -0.0001, 0.0, 0.0, 0.0001, 0.0, 0.0, 0.0, 0.0, 0.0, 0.0, 0.0, 0.0, 0.0, 0.0, 0.0, 0.0, 0.0, 0.0, 0.0, 0.0, 0.0, 0.0, 0.0, 0.0, 0.0, 0.0, -0.0001, 0.0, 0.0, 0.0, 0.0, 0.0, 0.0, 0.0, 0.0, 0.0, 0.0, 0.0, 0.0001, 0.0, 0.0, 0.0, 0.0, 0.0, -0.0, -0.0, -0.0, -0.0, -0.0, -0.0, -0.0, -0.0, -0.0, -0.0, -0.0, -0.0, -0.0002, -0.0, -0.0, 0.0002, 0.0002, -0.0, -0.0, -0.0, -0.0, -0.0, -0.0, -0.0, -0.0, -0.0, -0.0, -0.0, -0.0, -0.0, 0.0002, -0.0, -0.0, -0.0, -0.0, -0.0, -0.0, 0.0001, -0.0, -0.0, -0.0, -0.0, -0.0, -0.0, 0.0, -0.0, 0.0, 0.0, 0.0, 0.0, 0.0, 0.0, 0.0, 0.0, 0.0, 0.0, 0.0, 0.0, 0.0, 0.0, -0.0001, 0.0, 0.0, 0.0, 0.0, 0.0, 0.0, 0.0, 0.0, 0.0, 0.0, -0.0]",0.0
2026-07-01_18-51-43.mp4,1,120.0,15.0,0.0,motion,0.0,0.0,0.0,0.0,0.0,0.4199,0.763,0.414,0.5347,0.001,0.0002,,"[0.0022, -0.003, -0.0021, -0.0014, -0.0016, -0.0017, -0.0015, -0.0014, -0.0012, -0.0009, -0.0006, -0.0002, -0.0006, -0.0005, -0.0003, -0.0005, -0.0003, -0.0008, -0.0003, -0.0002, 0.0015, -0.001, -0.0001, -0.0, -0.0043, 0.0002, 0.0004, 0.0031, -0.0001, 0.0003, 0.0079, -0.0002, -0.0001, -0.0001, -0.0024, -0.0, 0.0001, 0.0004, -0.0, -0.0, -0.0026, -0.0027, 0.0001, -0.0, -0.0014, 0.0035, 0.0002, 0.0003, 0.0002, 0.0003, -0.0037, 0.0003, 0.0007, 0.0012, 0.0003, 0.0003, 0.0002, 0.0001, 0.0001, 0.0002, -0.0002, -0.0015, -0.0003, 0.0, -0.0007, -0.0014, -0.0009, -0.0025, -0.0006, -0.0008, -0.0002, -0.0002, -0.0002, -0.0001, 0.0002, -0.0, -0.0, 0.0018, 0.0021, 0.0102, 0.0249, -0.0001, 0.0001, -0.0002, 0.0001, -0.0303, -0.0002, -0.0015, -0.0004, -0.0001, -0.003, -0.0007, -0.0026, 0.0015, 0.0004, 0.0003, 0.0004, 0.0015, 0.0022, 0.0016, 0.0014, 0.0008, 0.0016, 0.0005, 0.0005, -0.0004, -0.0074, 0.0006, -0.0012, -0.0001, 0.0003, 0.0003, 0.0003, 0.0003, 0.0014, -0.0002, 0.0003, 0.0003, 0.0003]",0.0
2026-07-09_14-27-48.mp4,1,120.0,15.0,0.0,motion,0.0,0.0,0.0,0.0,0.0,0.4572,2.542,0.526,0.4869,2.807,0.1772,,"[0.0, -0.0, -0.0002, -0.0, -0.0, -0.0, -0.0, -0.0, -0.0, -0.0, 0.0002, -0.0, -0.0, -0.0, -0.0, -0.0, -0.0, -0.0, -0.0, -0.0, -0.0, -0.0, -0.0, -0.0, -0.0, 0.0001, -0.0, -0.0, -0.0, -0.0, -0.0, -0.0, -0.0, -0.0, -0.0, -0.0, -0.0, -0.0, -0.0, -0.0, -0.0, -0.0, -0.0, 0.0, 0.0, -0.0, 0.0, 0.0, 0.0, 0.0, 0.0, 0.0, 0.0, 0.0, 0.0, 0.0, 0.0, -0.0, -0.0, -0.0003, 0.0, 0.0, 0.0001, -0.0, -0.0, 0.0, 0.0, 0.0, 0.0, 0.0, 0.0, 0.0, 0.0, 0.0, 0.0, -0.0, -0.0, -0.0, -0.0, 0.0, -0.0, -0.0, -0.0, 0.0, 0.0, 0.0, 0.0, 0.0, 0.0, 0.0, 0.0, 0.0, 0.0, 0.0, 0.0, 0.0, 0.0, 0.0, 0.0, 0.0, -0.0, 0.0, 0.0, 0.0, 0.0, 0.0, 0.0, 0.0, 0.0, 0.0, 0.0, 0.0, 0.0, 0.0, 0.0, 0.0, 0.0, 0.0, 0.0]",0.0
2026-07-06_00-35-24.mp4,1,50.0,15.0,0.92,lips,0.6714,0.9,1.2,0.739,0.0117,0.2854,2.755,0.662,0.3844,0.0,0.0,"[0.031, 0.021, 0.012, -1.0, 0.032, 0.02, 0.022, 0.028, 0.022, 0.024, 0.024, 0.029, 0.033, 0.021, 0.016, 0.011, 0.014, 0.01, 0.01, 0.012, 0.013, 0.012, 0.015, 0.015, 0.015, 0.009, 0.016, 0.022, 0.017, 0.02, 0.017, 0.013, 0.004, 0.007, 0.011, 0.01, 0.01, 0.007, 0.007, 0.017, 0.018, 0.061, 0.064, 0.03, -1.0, 0.024, -1.0, 0.015, 0.012, -1.0]","[-0.0, -0.0001, -0.0, 0.0001, 0.0001, -0.0, -0.0, -0.0, 0.0, 0.0, 0.0001, -0.0, 0.0, -0.0, -0.0, 0.0, 0.0001, -0.0, -0.0, -0.0, -0.0, -0.0, -0.0, -0.0, -0.0, -0.0001, 0.0, 0.0, 0.0, 0.0, 0.0, -0.0001, 0.0, 0.0, 0.0, 0.0, 0.0, 0.0, 0.0002, 0.0, -0.0004, 0.0001, -0.0, -0.0001, -0.0, -0.0, 0.0, -0.0, 0.0]",0.0
2026-07-03_14-22-00.mp4,1,120.0,15.0,0.0,motion,0.0,0.0,0.0,0.0,0.0,0.2849,2.034,0.247,0.4044,0.007,0.0005,,"[0.0001, -0.0003, 0.0001, -0.0003, -0.0001, -0.0, -0.0, -0.0, -0.0, -0.0, -0.0, -0.0, -0.0, -0.0, -0.0, -0.0, 0.0, -0.0001, -0.0, -0.0, -0.0, -0.0005, -0.0, 0.0009, -0.0, -0.0, -0.0, -0.0, -0.0, -0.0, -0.0, -0.0, -0.0, -0.0, -0.0, -0.0, -0.0, -0.0, -0.0, 0.0, 0.0, 0.0, -0.0, -0.0, 0.0, 0.0, 0.0, 0.0, 0.0, 0.0001, 0.0, 0.0001, 0.0001, 0.0001, 0.0001, 0.0001, 0.0001, 0.0001, 0.0001, -0.0005, 0.0, -0.0003, 0.0003, 0.0005, -0.0006, -0.0005, -0.0005, 0.0001, 0.0001, 0.0001, 0.0001, 0.0001, 0.0002, -0.0005, 0.0001, 0.0, 0.0, 0.001, -0.0003, 0.0, 0.0, -0.0, -0.0, -0.0, -0.0, -0.0, -0.0, 0.001, -0.0004, -0.0, -0.0, -0.0, -0.0, -0.0, -0.0, -0.0, -0.0, -0.0, -0.0, -0.0, -0.0, -0.0, -0.0, 0.0, -0.0, 0.0002, -0.0, -0.0002, -0.0, -0.0, -0.0, -0.0, -0.0, -0.0, -0.0, -0.0, -0.0, -0.0, -0.0]",0.0
2026-07-25_17-54-23.mp4,1,120.0,15.0,0.0,motion,0.0,0.0,0.0,0.0,0.0,0.2959,1.78,0.442,0.3914,0.07,0.0085,,"[0.0, 0.0002, -0.0005, -0.0003, 0.0005, 0.0, -0.0, -0.0002, -0.0001, 0.0001, -0.0002, -0.0018, 0.0017, 0.0003, 0.0004, -0.0003, 0.0001, -0.0, -0.0001, -0.0002, -0.0002, 0.0002, -0.0, 0.0001, -0.0, -0.0001, -0.0002, 0.0004, 0.0004, 0.0, 0.0, 0.0001, 0.0, 0.0, 0.0, -0.0002, -0.0001, 0.0001, 0.0001, -0.0006, 0.0, 0.0001, -0.0009, 0.0, 0.0, 0.0001, 0.0, 0.0, 0.0, 0.0, 0.0, 0.0001, 0.0001, -0.0001, 0.0001, 0.0, 0.0, 0.0, 0.0, 0.0008, 0.0, 0.0, 0.0, 0.0, 0.0, -0.0001, -0.001, 0.0, 0.0, 0.0, 0.0, 0.0, 0.0, -0.0001, -0.0001, -0.0001, -0.0002, -0.0001, -0.0001, -0.0001, -0.0001, -0.0001, -0.0001, -0.0001, -0.0001, -0.0001, -0.0002, -0.0001, 0.0043, -0.0003, -0.0002, -0.0001, -0.0001, -0.0001, -0.0001, -0.0001, -0.0001, -0.0001, -0.0001, -0.0001, -0.0001, -0.0001, -0.0001, -0.0001, -0.0001, -0.0, -0.0, 0.0, -0.0, -0.0, -0.0, -0.0, 0.0001, -0.0, -0.0, -0.0, -0.0, -0.0, -0.0]",0.0
2026-07-22_00-42-41.mp4,1,120.0,15.0,0.0,motion,0.0,0.0,0.0,0.0,0.0,0.1306,0.763,0.0,0.3577,0.02,0.0,,"[-0.0025, 0.0004, 0.0024, 0.0022, 0.002, 0.0017, 0.0018, 0.0016, 0.0015, 0.0011, 0.0014, 0.0007, 0.001, 0.0008, 0.0008, 0.0003, 0.0001, 0.0, -0.0, -0.0, -0.0001, -0.0002, -0.0002, -0.0001, -0.0, -0.0, -0.0, -0.0, -0.0, 0.0, 0.0, 0.0, 0.0, 0.0, 0.0, 0.0, 0.0, 0.0, 0.0, -0.0, 0.0, 0.0, 0.0, 0.0, 0.0, 0.0, 0.0, 0.0, 0.0, 0.0, 0.0, 0.0, 0.0, 0.0, 0.0, -0.0, 0.0, 0.0, 0.0, -0.0, 0.0, 0.0, 0.0, 0.0, 0.0, 0.0, 0.0, 0.0, 0.0, 0.0, -0.0, -0.0, -0.0, -0.0, -0.0, -0.0, -0.0001, -0.0, -0.0, -0.0, -0.0, 0.0001, -0.0, -0.0, 0.0, 0.0001, -0.0, -0.0, -0.0, -0.0, -0.0, -0.0, -0.0, -0.0, -0.0, -0.0, -0.0, -0.0, -0.0, -0.0, -0.0, -0.0, -0.0, -0.0, -0.0, -0.0, -0.0, -0.0, -0.0, -0.0, -0.0, -0.0, 0.0, -0.0, -0.0, -0.0, -0.0, -0.0, -0.0]",0.0
2026-07-05_05-33-53.mp4,1,120.0,15.0,0.242,motion,0.0,0.0,0.0,0.0,0.0,0.5013,0.763,0.19,0.4696,0.019,0.0018,,"[-0.0005, -0.0008, 0.0011, -0.0006, 0.0, -0.0013, 0.0005, -0.0001, -0.0007, -0.0004, 0.0007, -0.0012, -0.001, -0.0003, 0.0001, 0.0072, -0.0012, -0.0011, -0.0, 0.0164, -0.0115, -0.0051, -0.0049, -0.0056, -0.0071, -0.0065, -0.0062, -0.0066, -0.0063, -0.0063, -0.0063, -0.0063, -0.0106, -0.0045, -0.0061, 0.0321, 0.1283, 0.0032, -0.0044, -0.0063, -0.0055, -0.0067, -0.0074, -0.0044, -0.0049, -0.0059, -0.0054, -0.0056, -0.006, -0.0059, -0.0059, -0.0041, -0.0004, 0.0004, 0.0006, 0.0035, -0.0001, 0.0001, -0.0001, -0.0005, -0.0013, -0.0011, -0.0018, -0.0008, -0.0006, -0.0, -0.0001, -0.0003, -0.0001, -0.0003, -0.0005, -0.0, 0.0002, 0.0004, -0.0004, -0.0005, -0.0006, -0.0009, -0.0007, -0.0003, -0.0004, 0.002, 0.0051, -0.0052, 0.001, 0.0067, 0.0052, 0.0006, -0.0003, -0.001, -0.0004, -0.0015, -0.0014, -0.0008, -0.0006, -0.0001, -0.001, -0.0014, -0.0021, -0.0007, -0.0024, -0.0026, 0.0011, -0.0013, -0.0011, 0.0038, 0.0022, 0.0017, -0.0016, -0.0019, -0.0019, -0.0022, -0.0025, -0.0021, -0.0033, -0.004, -0.0025, 0.0008, 0.0027]",0.0
2026-07-02_14-24-58.mp4,1,120.0,15.0,0.0,motion,0.0,0.0,0.0,0.0,0.0,0.4101,0.763,0.286,0.4157,0.04,0.0045,,"[-0.0026, 0.0052, 0.0002, 0.0015, 0.0011, 0.0011, 0.0017, -0.0037, 0.0238, 0.0078, -0.0011, -0.0086, -0.0028, -0.0017, -0.0027, -0.0028, -0.0008, -0.0014, -0.0009, -0.0005, -0.001, 0.001, -0.0098, 0.0017, 0.0029, 0.016, -0.0025, 0.0002, -0.0045, -0.004, -0.0054, -0.005, -0.0048, -0.0048, -0.0294, -0.004, 0.0138, 0.0271, 0.0284, -0.003, 0.0065, -0.0015, 0.0513, -0.0002, -0.0048, 0.0286, -0.0145, -0.0031, -0.0002, -0.0215, -0.0036, -0.0067, -0.0024, -0.0142, -0.0052, -0.0151, -0.0136, -0.0114, -0.0002, 0.0036, 0.003, 0.0022, -0.0261, 0.0043, 0.0041, 0.0066, 0.0112, 0.0059, 0.0062, 0.0029, 0.0031, -0.0054, 0.0004, 0.0007, 0.0002, 0.0004, -0.0, -0.0001, -0.0008, 0.0014, -0.0005, -0.0019, -0.0022, 0.0022, 0.0015, 0.0034, 0.0029, -0.001, -0.0002, 0.0016, -0.0001, -0.0008, -0.0009, -0.0009, 0.0065, -0.0004, -0.0007, -0.0006, -0.0006, -0.0007, 0.0035, 0.0029, -0.02, -0.0, -0.0004, -0.0003, 0.0185, -0.0005, -0.0097, -0.0024, -0.0005, 0.0066, -0.0001, -0.0001, 0.0002, 0.0007, -0.001, 0.0015, -0.0005]",0.0
2026-07-17_12-58-41.mp4,1,120.0,15.0,0.0,motion,0.0,0.0,0.0,0.0,0.0,0.2695,2.797,0.347,0.6013,0.03,0.0027,,"[0.0, 0.0, 0.0, 0.0, -0.0003, -0.0, -0.0, -0.0, -0.0, -0.0, -0.0, -0.0, -0.0, -0.0003, -0.0001, 0.0001, -0.0001, -0.0003, 0.0005, -0.0001, 0.0006, -0.0001, -0.0004, 0.0, -0.0001, -0.0001, -0.0001, -0.0001, -0.0001, -0.0001, 0.0022, -0.0001, -0.0001, 0.0, -0.0001, 0.0, -0.0001, -0.0001, -0.0001, -0.0001, -0.0003, -0.0, -0.0001, -0.0001, -0.0, -0.0001, -0.0, -0.0, -0.0, 0.0, -0.0, -0.0, 0.0, -0.0, 0.0, 0.0, 0.0001, 0.0, 0.0, -0.0, 0.0, 0.0001, -0.0002, -0.0, -0.0001, 0.0002, -0.0002, 0.0002, 0.0004, -0.001, -0.0, -0.0001, 0.0001, -0.0005, 0.0005, 0.0001, -0.0, 0.0011, -0.0001, 0.0, -0.0001, 0.0, -0.0, -0.0, -0.0, -0.0, -0.0001, -0.0, -0.0, -0.0, -0.0, -0.0, -0.0, -0.0003, 0.0004, -0.0, -0.0, -0.0003, 0.0001, 0.0002, -0.0001, 0.0, 0.0005, 0.0, 0.0001, 0.0002, 0.0002, 0.0003, 0.0003, 0.0002, 0.0001, 0.0002, 0.0016, -0.0043, 0.0, -0.0003, 0.0009, -0.0009, 0.0]",0.0
2026-07-06_16-36-53.mp4,1,72.0,15.0,0.0,motion,0.0,0.0,0.0,0.0,0.0,0.2133,2.797,0.42,0.2609,1.083,0.0465,,"[0.0, -0.0013, 0.0, 0.0001, 0.0001, 0.0001, 0.0, 0.0, 0.0, 0.0, 0.0, 0.0, 0.0, 0.0, 0.0, 0.0, -0.0001, -0.0001, -0.0015, 0.0, 0.0006, 0.0011, -0.0004, -0.0002, -0.0002, -0.0002, -0.0005, 0.0008, -0.0002, -0.0002, -0.0015, 0.0045, -0.0002, -0.0002, 0.0, -0.0002, -0.0002, -0.0002, 0.0012, -0.0002, -0.0002, -0.0002, -0.0003, -0.0002, -0.0001, -0.0001, -0.0001, 0.0, 0.0, 0.0001, 0.0001, 0.0001, 0.0001, 0.0001, 0.0001, 0.0001, 0.0001, 0.0001, 0.0001, -0.0011, -0.0011, 0.0001, 0.0001, 0.0001, -0.0006, -0.0011, 0.0004, 0.0001, 0.0001, 0.0002, 0.0001]",0.0
2026-07-04_21-38-35.mp4,1,120.0,15.0,0.0,motion,0.0,0.0,0.0,0.0,0.0,0.5916,0.763,0.375,0.4252,0.001,0.0001,,"[0.0003, 0.0002, 0.0007, -0.0001, -0.0001, -0.0001, -0.0001, -0.0001, -0.0001, -0.0, -0.0, -0.0, -0.0037, 0.0, -0.0003, 0.0, 0.0011, 0.0, 0.0001, 0.0001, 0.0008, 0.0001, 0.0001, 0.0001, 0.0002, 0.0001, 0.0001, 0.0001, 0.0, 0.0, 0.0, 0.0003, 0.0001, -0.0004, -0.0001, -0.0012, 0.0005, 0.0007, 0.0009, 0.0011, 0.0013, 0.0011, 0.0011, 0.0011, 0.001, 0.0005, -0.0008, 0.0013, 0.0012, -0.0006, 0.0003, -0.0067, -0.0066, -0.006, -0.005, 0.0028, 0.0004, 0.0017, -0.0007, 0.0008, 0.0011, 0.0025, 0.0002, 0.0009, 0.0009, 0.001, 0.0008, 0.0004, 0.0007, 0.0002, 0.0, 0.0007, -0.0001, -0.0001, -0.0002, -0.0002, -0.0002, -0.0012, 0.0008, -0.0005, -0.0019, 0.0042, -0.0006, -0.0006, -0.0007, -0.0015, 0.0011, 0.0028, 0.0004, -0.0003, -0.0002, -0.0001, -0.0001, -0.0004, -0.0001, 0.0003, -0.0002, -0.0001, -0.0, 0.0002, 0.0005, 0.0007, 0.0007, 0.001, 0.0008, 0.0008, 0.0008, 0.0008, 0.0008, 0.0008, 0.0008, 0.0016, 0.0007, -0.0016, -0.0024, -0.0133, -0.0078, 0.0029, 0.0008]",0.0
2026-07-01_21-19-17.mp4,1,120.0,15.0,0.0,motion,0.0,0.0,0.0,0.0,0.0,0.3684,1.271,0.571,0.2183,0.944,0.1021,,"[0.0, -0.0, -0.0, 0.0, 0.0, 0.0, -0.0, -0.0, -0.0, -0.0, -0.0, 0.0, -0.0002, 0.0001, -0.0, 0.0, 0.0, -0.0, -0.0, -0.0, 0.0, 0.0, 0.0, -0.0, 0.0, 0.0, -0.0, -0.0, -0.0, -0.0, -0.0, -0.0, -0.0, -0.0, -0.0, -0.0, -0.0, -0.0, -0.0, -0.0, 0.0, 0.0, 0.0, -0.0, 0.0, 0.0001, 0.0, -0.0, 0.0, 0.0, 0.0, 0.0, 0.0, -0.0, 0.0, 0.0, -0.0, 0.0, -0.0001, -0.0001, 0.0, 0.0, 0.0, 0.0, 0.0, 0.0, 0.0, 0.0, 0.0, 0.0, 0.0, 0.0, 0.0, 0.0, -0.0001, 0.0, 0.0001, -0.0001, 0.0, 0.0, 0.0, -0.0, -0.0001, -0.0, 0.0, 0.0, 0.0, 0.0, 0.0, 0.0, 0.0, 0.0, 0.0, -0.0, 0.0, -0.0002, 0.0, 0.0, 0.0, 0.0, 0.0001, -0.0, -0.0, -0.0, -0.0, -0.0, -0.0, -0.0, -0.0, -0.0, 0.0001, -0.0, -0.0, -0.0, 0.0, -0.0, -0.0, -0.0, -0.0]",0.0
2026-07-23_00-45-26.mp4,1,120.0,15.0,0.183,motion,0.0,0.0,0.0,0.0,0.0,0.2689,0.763,0.427,0.3038,0.545,0.0405,,"[-0.0, 0.0, 0.0001, -0.0, 0.0, 0.0, 0.0, 0.0001, 0.0, 0.0, 0.0, 0.0, 0.0, 0.0, -0.0002, -0.0, -0.0, -0.0, -0.0, 0.0, -0.0, -0.0, -0.0, 0.0001, 0.0, 0.0, 0.0, 0.0, 0.0, 0.0, -0.0, -0.0, -0.0, -0.0, -0.0, -0.0, -0.0, -0.0, -0.0, 0.0, -0.0, -0.0, -0.0, -0.0, -0.0, 0.0, -0.0, 0.0, -0.0, -0.0, 0.0, -0.0, -0.0, -0.0, -0.0, 0.0002, -0.0, -0.0001, -0.0, -0.0, -0.0001, 0.0, -0.0, 0.0, -0.0001, 0.0002, -0.0, -0.0, 0.0001, 0.0001, 0.0001, -0.0, 0.0, -0.0, -0.0, 0.0, -0.0, -0.0, -0.0, -0.0, 0.0, -0.0, -0.0, -0.0, -0.0, 0.0, -0.0, -0.0, -0.0, -0.0, -0.0, -0.0, -0.0, 0.0, 0.0, -0.0, -0.0, 0.0001, -0.0001, -0.0, -0.0, -0.0, -0.0, -0.0, -0.0, -0.0, -0.0001, -0.0, -0.0001, -0.0001, 0.0004, 0.0001, 0.0, 0.0002, -0.0, -0.0, -0.0001, -0.0001, -0.0]",0.0
2026-07-07_00-41-47.mp4,1,120.0,15.0,0.0,motion,0.0,0.0,0.0,0.0,0.0,0.1639,1.78,0.61,0.3648,0.477,0.0323,,"[0.0002, 0.0, -0.0002, -0.0002, -0.0001, -0.0001, -0.0001, -0.0001, -0.0001, 0.0, 0.0001, -0.0001, -0.0006, 0.0001, -0.0002, 0.0, -0.0, 0.0002, -0.0, -0.0001, -0.0, -0.0, -0.0, -0.0, -0.0, -0.0, 0.0, -0.0, 0.0, -0.0, -0.0, -0.0, 0.0001, 0.0, 0.0001, -0.0, 0.0001, -0.0001, -0.0, -0.0, -0.0, 0.0, -0.0001, -0.0, -0.0, 0.0002, -0.0, -0.0, -0.0001, 0.0001, -0.0002, -0.0, 0.0, 0.0, -0.0, 0.0, 0.0, 0.0, -0.0001, -0.0, 0.0002, 0.0, 0.0, -0.0, 0.0003, -0.0004, 0.0002, 0.0001, -0.0001, -0.0001, 0.0001, -0.0001, -0.0, 0.0, 0.0, 0.0, 0.0, 0.0, 0.0001, 0.0, 0.0, -0.0, -0.0, 0.0, 0.0, -0.0, 0.0, -0.0, -0.0, -0.0002, -0.0, -0.0, -0.0, -0.0001, 0.0001, 0.0002, 0.0, -0.0003, 0.0001, -0.0001, 0.0002, -0.0, 0.0, 0.0, -0.0, 0.0, 0.0, 0.0, -0.0, -0.0001, 0.0, -0.0, -0.0, -0.0, -0.0, -0.0, -0.0, -0.0, 0.0]",0.0
2026-07-08_01-46-10.mp4,1,120.0,15.0,0.558,lips,0.4462,1.017,1.625,0.546,0.017,0.409,1.271,0.578,0.6951,0.0,0.0,"[-1.0, -1.0, -1.0, -1.0, -1.0, -1.0, -1.0, -1.0, -1.0, -1.0, -1.0, -1.0, -1.0, 0.04, 0.052, 0.054, 0.046, 0.044, 0.033, -1.0, -1.0, -1.0, -1.0, -1.0, -1.0, -1.0, -1.0, -1.0, -1.0, -1.0, 0.077, 0.052, 0.052, 0.05, 0.037, 0.048, 0.053, 0.046, 0.038, 0.034, -1.0, 0.06, 0.081, 0.073, 0.061, 0.047, 0.035, 0.032, 0.04, 0.029, -1.0, 0.05, 0.066, 0.054, 0.036, 0.041, -1.0, 0.097, 0.047, 0.052, -1.0, -1.0, -1.0, -1.0, -1.0, 0.086, -1.0, -1.0, 0.07, 0.059, 0.081, -1.0, 0.069, -1.0, -1.0, 0.07, 0.045, 0.04, 0.037, 0.025, 0.036, 0.036, 0.032, 0.038, 0.036, -1.0, 0.049, 0.033, -1.0, -1.0, -1.0, -1.0, -1.0, 0.061, 0.035, 0.04, 0.049, -1.0, 0.079, 0.053, -1.0, 0.07, 0.045, 0.05, 0.046, -1.0, 0.066, -1.0, -1.0, -1.0, -1.0, 0.086, 0.047, 0.038, 0.039, -1.0, -1.0, 0.101, 0.061, -1.0]","[0.0, -0.0, -0.0001, 0.0, -0.0, 0.0, 0.0001, 0.0, 0.0, 0.0, -0.0001, -0.0, 0.0, -0.0, -0.0, 0.0, -0.0, -0.0, 0.0, 0.0001, -0.0, -0.0, -0.0001, 0.0, -0.0, 0.0, -0.0, -0.0, -0.0, 0.0, 0.0, 0.0, 0.0, 0.0, -0.0, -0.0, -0.0, -0.0, 0.0, -0.0, -0.0, 0.0, 0.0, -0.0, -0.0, -0.0, -0.0001, -0.0, 0.0, 0.0, 0.0, 0.0, 0.0, 0.0, 0.0, -0.0, -0.0, 0.0, -0.0, -0.0, -0.0, 0.0, 0.0, -0.0, -0.0, -0.0, -0.0, -0.0, -0.0, -0.0, 0.0, -0.0, 0.0002, 0.0, -0.0001, 0.0, 0.0, -0.0001, 0.0, 0.0, 0.0, 0.0001, 0.0, -0.0, -0.0, -0.0, -0.0, -0.0001, -0.0, 0.0, 0.0, -0.0, -0.0, -0.0, -0.0, 0.0001, -0.0, 0.0, -0.0, -0.0, -0.0, -0.0, -0.0, 0.0, -0.0, -0.0, -0.0, 0.0, -0.0001, -0.0, -0.0, 0.0001, 0.0001, 0.0, 0.0, 0.0, 0.0001, 0.0, -0.0]",0.0
2026-07-05_09-12-04.mp4,1,120.0,15.0,0.0,motion,0.0,0.0,0.0,0.0,0.0,0.4143,2.288,0.884,0.3334,99.0,0.3662,,"[0.0032, 0.0082, -0.102, 0.0032, 0.0032, 0.0032, 0.0032, 0.0032, 0.0032, 0.0032, 0.0032, 0.0032, 0.0032, 0.0032, 0.0056, 0.0126, 0.0126, 0.0088, 0.0054, 0.0054, 0.0054, 0.0054, 0.0054, 0.0054, 0.0058, 0.0058, 0.0058, 0.0091, 0.0091, -0.064, -0.2078, 0.0066, 0.13, 0.0066, 0.0066, 0.0066, 0.0066, 0.0066, 0.0066, -0.0066, 0.0066, 0.0066, -0.0957, 0.0066, 0.0038, 0.0014, 0.0716, -0.0055, -0.0016, -0.002, -0.0016, -0.0016, -0.002, -0.0016, -0.0016, -0.002, -0.002, -0.002, -0.0053, 0.0827, -0.0053, -0.0053, -0.0028, -0.0028, -0.0028, -0.0028, -0.0028, -0.0028, -0.0028, -0.0028, -0.0028, -0.0028, -0.0028, -0.0028, -0.0028, 0.0, 0.0, 0.0, 0.0, 0.0, 0.0, 0.0, 0.0, 0.0, 0.0, 0.0, 0.0, 0.0, 0.0, 0.0, 0.0, 0.0, 0.0, 0.0, 0.0, 0.0, 0.0, 0.0, 0.0, 0.0, 0.0, 0.0, 0.0, 0.0, 0.0, 0.0, 0.0, 0.0, 0.0, 0.0, 0.0, 0.0, 0.0, 0.0, 0.0, 0.0, 0.0, 0.0, 0.0]",0.0
2026-07-05_15-51-34.mp4,1,120.0,15.0,0.0,motion,0.0,0.0,0.0,0.0,0.0,0.2111,1.525,0.604,0.3418,0.262,0.0265,,"[-0.0, -0.0, 0.0001, 0.0001, 0.0, -0.0001, 0.0, 0.0, -0.0001, 0.0, 0.0, -0.0, 0.0, -0.0, 0.0, 0.0, -0.0001, 0.0, -0.0, -0.0, -0.0, -0.0, 0.0002, -0.0, 0.0, -0.0, 0.0, -0.0, 0.0, -0.0, 0.0, -0.0, 0.0, -0.0, 0.0, 0.0, -0.0001, -0.0, -0.0, -0.0, 0.0, 0.0, 0.0, 0.0, 0.0, 0.0, -0.0, 0.0, 0.0, 0.0, 0.0, 0.0, 0.0, 0.0, -0.0, 0.0, -0.0, 0.0, 0.0, -0.0, 0.0, 0.0, 0.0, 0.0, 0.0, 0.0, 0.0, 0.0, -0.0, 0.0001, -0.0, 0.0, 0.0, -0.0, 0.0, 0.0, 0.0, 0.0, 0.0, 0.0, 0.0, 0.0, 0.0, 0.0, 0.0, 0.0, 0.0, 0.0, -0.0, 0.0, 0.0, 0.0, 0.0, 0.0, 0.0, 0.0, 0.0, 0.0, 0.0, 0.0, 0.0, 0.0, 0.0, 0.0, -0.0, -0.0, -0.0, -0.0, -0.0, -0.0, -0.0, -0.0, -0.0, -0.0, -0.0, -0.0, -0.0, -0.0, 0.0]",0.0
2026-07-06_18-04-18.mp4,1,120.0,15.0,0.0,motion,0.0,0.0,0.0,0.0,0.0,0.3409,1.525,0.538,0.4474,3.465,0.1424,,"[0.0001, -0.0007, -0.0001, -0.0002, -0.0001, -0.0001, -0.0001, -0.0001, -0.0001, -0.0, -0.0002, 0.0003, 0.0004, -0.0, -0.0001, 0.0004, 0.0001, 0.0001, 0.0001, 0.0001, 0.0001, 0.0001, 0.0001, 0.0001, 0.0001, 0.0004, -0.0026, -0.0005, -0.0001, 0.0001, 0.0001, 0.0003, 0.0007, 0.0, 0.0001, -0.0002, -0.0004, 0.0001, 0.0001, 0.0001, 0.0001, -0.0, 0.0, 0.0002, -0.0, -0.0, 0.0, -0.0001, -0.0002, 0.0001, -0.0001, 0.0003, 0.0003, 0.0001, 0.0001, -0.0003, 0.0005, -0.0006, 0.0001, 0.0005, 0.0002, -0.0005, -0.0002, 0.0, 0.0001, 0.0003, 0.0001, 0.0002, 0.0005, -0.0012, 0.0002, -0.0016, 0.0002, 0.0001, 0.0001, 0.0001, -0.0006, 0.0001, 0.0001, 0.0001, 0.0001, 0.0001, 0.0, 0.0001, 0.0001, 0.0, 0.0, -0.0, -0.0, -0.0, -0.0, 0.0, 0.0003, -0.0003, -0.0, 0.0001, -0.0002, 0.0016, -0.0003, -0.0005, -0.0, -0.0, -0.0, -0.0, -0.0, -0.0002, 0.0007, -0.0001, -0.0002, 0.0001, -0.0, -0.0001, -0.0, 0.0001, 0.0, 0.0, 0.0, 0.0, -0.0001]",0.0
2026-07-01_23-13-58.mp4,1,120.0,15.0,0.0,motion,0.0,0.0,0.0,0.0,0.0,0.3209,2.542,0.923,0.454,0.429,0.0889,,"[0.0137, -0.0395, -0.0525, 0.0187, 0.0023, -0.0088, -0.007, -0.0099, -0.0018, 0.0029, -0.0048, -0.0037, -0.0027, -0.011, -0.0014, -0.0005, 0.004, 0.0035, -0.0007, -0.0007, 0.0001, -0.0004, -0.0004, -0.0005, -0.0001, -0.0003, 0.0003, -0.0001, -0.0001, 0.0003, -0.0004, -0.0004, 0.0013, -0.0002, 0.0005, 0.0002, -0.0022, -0.0002, -0.0002, 0.0006, -0.0002, -0.0002, -0.0002, 0.0001, -0.0, -0.0, -0.0, -0.0, 0.0001, -0.0001, 0.0001, 0.0, -0.0, -0.0, -0.0, 0.0, 0.0, -0.0, 0.0001, -0.0, 0.0, 0.0, -0.0, -0.0, -0.0, 0.0, -0.0, -0.0, 0.0001, -0.0001, 0.0, 0.0, -0.0, -0.0, -0.0, -0.0001, 0.0, 0.0001, 0.0, 0.0, 0.0001, -0.0, 0.0, -0.0, 0.0, -0.0, -0.0, 0.0, 0.0001, -0.0001, -0.0002, 0.0, 0.0002, -0.0004, 0.0001, 0.0003, -0.0001, -0.0001, 0.0001, -0.0, -0.0001, -0.0002, -0.0, 0.0002, 0.0001, 0.0, 0.0, -0.0, 0.0, 0.0, 0.0, 0.0, 0.0001, -0.0001, 0.0, 0.0, 0.0001, 0.0, -0.0]",0.0
2026-07-07_18-38-13.mp4,1,120.0,15.0,0.0,motion,0.0,0.0,0.0,0.0,0.0,0.5984,1.525,0.0,0.6179,2.079,0.0,,"[0.0, -0.0001, -0.0001, -0.0001, -0.0003, -0.0003, -0.0003, -0.0003, -0.0003, -0.0003, -0.0003, -0.0003, -0.0003, -0.0016, -0.0034, -0.0045, -0.0023, -0.0038, -0.0029, 0.0052, -0.0015, -0.0012, -0.0024, -0.003, -0.0031, -0.0036, -0.0038, -0.0035, 0.0382, 0.0619, 0.0443, 0.0239, -0.0214, -0.019, -0.0275, 0.0025, 0.01, 0.0447, 0.0314, 0.0132, 0.0289, 0.0159, 0.0044, -0.0395, -0.2714, -0.0715, 0.0008, 0.004, 0.0107, 0.0119, 0.0112, 0.0129, 0.012, 0.0132, 0.0136, 0.0139, 0.0142, 0.0148, 0.0143, 0.0131, 0.0039, 0.0032, 0.0014, 0.0003, 0.0002, 0.0006, -0.0002, -0.0, 0.0002, -0.0001, -0.0001, 0.0005, -0.0002, -0.0002, -0.001, -0.0008, -0.0002, -0.0002, -0.0001, -0.0001, -0.0006, -0.0001, -0.0001, -0.0005, 0.0012, 0.0043, -0.0009, -0.0001, -0.0002, -0.0002, -0.0003, -0.0003, -0.0003, -0.0, 0.0003, -0.0001, -0.0001, -0.0002, -0.0001, 0.0002, -0.0001, 0.0008, -0.0001, -0.0002, 0.0003, -0.0003, 0.0, 0.0004, -0.0002, -0.0007, -0.0007, 0.0003, 0.0, -0.0001, -0.0014, -0.0, 0.0003, -0.0003, 0.0002]",0.0
2026-07-12_11-44-06.mp4,1,120.0,15.0,0.108,motion,0.0,0.0,0.0,0.0,0.0,0.3381,2.542,0.471,0.3435,2.536,0.1142,,"[-0.0002, -0.0, -0.0, 0.0003, 0.0008, 0.0003, 0.0002, 0.0004, -0.0003, 0.0003, 0.0004, -0.0001, -0.0004, 0.0001, -0.0001, -0.0003, 0.0004, -0.0009, -0.0003, -0.0011, 0.0002, 0.0002, -0.0005, -0.0008, -0.0102, 0.008, 0.0017, 0.0046, 0.0018, 0.0003, -0.0008, 0.0001, 0.0007, -0.0003, -0.0003, -0.0, -0.0016, 0.0015, 0.0016, -0.0012, -0.0018, -0.0012, 0.0001, 0.0005, 0.0002, -0.0003, 0.0001, 0.0006, -0.0002, 0.0003, 0.0009, 0.0002, 0.0003, 0.0007, 0.0003, 0.001, 0.0002, -0.0, -0.0016, -0.0009, -0.001, 0.0008, 0.001, -0.001, -0.0032, -0.0037, 0.0023, -0.0038, 0.0004, 0.0007, 0.0005, 0.0006, 0.0005, 0.0007, 0.0009, 0.0005, 0.0003, 0.0004, 0.0004, 0.0003, 0.0001, 0.0001, 0.0001, -0.0, -0.0003, -0.0009, 0.0007, -0.0, 0.0001, -0.0, -0.0, 0.0, -0.0, -0.0, -0.0001, 0.0001, 0.0001, 0.0001, 0.0, -0.0, -0.0, -0.0, 0.0, -0.0001, 0.0, -0.0, 0.0001, -0.0001, -0.0, 0.0, -0.0002, -0.0, -0.0001, 0.0002, 0.0, 0.0, 0.0001, -0.0, 0.0]",0.0
2026-07-05_01-02-18.mp4,1,120.0,15.0,0.008,motion,0.0,0.0,0.0,0.0,0.0,0.1778,1.525,0.563,0.3111,2.446,0.071,,"[0.0, 0.0, 0.0, -0.0, 0.0, 0.0, -0.0, -0.0, 0.0, -0.0, -0.0, -0.0, -0.0, 0.0, -0.0, -0.0, -0.0, 0.0, 0.0, 0.0, 0.0, 0.0, 0.0002, -0.0, 0.0, 0.0, -0.0001, 0.0, -0.0, -0.0002, -0.0, 0.0001, 0.0, 0.0001, -0.0, -0.0, -0.0, -0.0001, -0.0, -0.0, -0.0001, -0.0001, -0.0, 0.0001, 0.0001, -0.0001, 0.0, -0.0001, -0.0, -0.0, -0.0001, -0.0002, 0.0014, -0.0004, 0.0001, -0.0, 0.0, 0.0, -0.0002, -0.0001, -0.0, -0.0, -0.0, -0.0, -0.0, -0.0, 0.0, -0.0, 0.0001, -0.0003, 0.0, 0.0, 0.0, 0.0, 0.0, 0.0001, 0.0, 0.0, -0.0, 0.0, -0.0, 0.0, 0.0, 0.0001, 0.0001, 0.0001, -0.0, -0.0, -0.0001, 0.0, 0.0, -0.0, -0.0, -0.0, -0.0, 0.0001, -0.0, 0.0, 0.0, -0.0, 0.0, 0.0, 0.0, -0.0, 0.0, 0.0, 0.0, 0.0, -0.0001, 0.0, 0.0, 0.0, 0.0, 0.0, 0.0, 0.0, 0.0, 0.0, -0.0]",0.0
2026-07-24_13-26-17.mp4,1,120.0,15.0,0.008,motion,0.0,0.0,0.0,0.0,0.0,0.4862,1.525,0.191,0.3385,0.45,0.0288,,"[0.0004, 0.0002, 0.0005, 0.0005, 0.0004, -0.0039, -0.0004, -0.0275, -0.0036, 0.0006, 0.0106, 0.0083, 0.0047, 0.0014, 0.0008, 0.0007, 0.0008, 0.0006, 0.0007, 0.0008, 0.0008, 0.0006, 0.0006, -0.0003, -0.0005, -0.0006, -0.0003, -0.0018, -0.0004, -0.0003, 0.0002, 0.0002, -0.0014, -0.0036, -0.0002, 0.0002, 0.0002, 0.0002, -0.0002, 0.0002, 0.0026, 0.0009, 0.0006, 0.0, 0.0001, 0.0001, -0.0001, 0.0001, -0.0, -0.0001, -0.0001, -0.0003, -0.0001, -0.0, -0.0002, -0.0002, 0.0005, -0.0, -0.0001, 0.0003, 0.0001, -0.0001, -0.0001, -0.0001, -0.0001, 0.0, -0.0001, -0.0001, -0.0001, -0.0, -0.0001, -0.0, 0.0, 0.0007, 0.0001, 0.0001, 0.0001, 0.0001, 0.0, 0.0, 0.0001, 0.0, 0.0001, 0.0, -0.0002, -0.0007, 0.0001, -0.0006, 0.0001, 0.0003, -0.0009, -0.0, 0.0001, 0.0001, -0.0012, -0.0001, 0.0001, 0.0001, 0.0, -0.0002, 0.0, -0.0, -0.0, -0.0, -0.0001, 0.0002, -0.0001, -0.0001, 0.0007, -0.0001, -0.0002, 0.0002, 0.0002, 0.0018, -0.0002, 0.0001, -0.0002, 0.0, -0.0001]",0.0
2026-07-09_21-49-38.mp4,1,120.0,15.0,0.008,motion,0.0,0.0,0.0,0.0,0.0,0.1614,0.763,0.513,0.6113,0.002,0.0002,,"[0.0002, -0.0001, -0.0001, -0.0003, -0.0002, 0.0003, -0.0001, -0.0013, -0.0, -0.0004, -0.0, -0.0, 0.0, 0.0, 0.0, 0.0, 0.0001, 0.0001, 0.0001, -0.0003, 0.0, 0.0001, 0.0001, 0.0002, 0.0, -0.0, 0.0, 0.0, 0.0, 0.0, 0.0, 0.0, 0.0, 0.0, 0.0, -0.0, -0.0, -0.0, -0.0, 0.0, 0.0, -0.0001, 0.0, 0.0001, 0.0002, 0.0003, 0.0002, 0.0002, 0.0001, 0.0, -0.0, -0.0, -0.0, -0.0001, -0.0001, -0.0003, 0.0037, -0.0042, -0.0034, -0.0033, -0.002, 0.0031, 0.0002, 0.0014, 0.003, 0.0026, -0.0, 0.0, 0.0017, 0.0005, -0.0, -0.0001, 0.0001, 0.0001, -0.0001, -0.0002, -0.0046, -0.0001, -0.0001, -0.0, 0.0001, 0.0002, -0.0001, -0.0002, 0.0012, -0.0001, -0.0029, -0.0022, -0.0038, -0.0029, 0.0025, -0.0076, -0.0034, -0.0028, -0.0043, -0.0028, -0.0028, 0.0012, 0.0055, -0.0441, 0.08, 0.0064, 0.0083, 0.0055, 0.0097, -0.0092, -0.0025, -0.0023, -0.0028, -0.0031, -0.0031, -0.0035, -0.003, -0.0016, -0.0014, -0.0032, -0.0014, -0.001, -0.0005]",0.0
2026-07-09_22-31-35.mp4,1,30.0,15.0,0.0,motion,0.0,0.0,0.0,0.0,0.0,0.0775,2.586,0.536,0.3419,0.1,0.0038,,"[0.0001, -0.0005, 0.0002, -0.0003, -0.0001, -0.0001, 0.0007, -0.0001, -0.0001, -0.0001, -0.0001, -0.0001, -0.0001, -0.0001, 0.0005, -0.0001, -0.0018, 0.0012, -0.0, -0.0001, -0.0, -0.0, 0.0003, 0.0, 0.0, 0.0, 0.0, 0.0, 0.0]",0.0
2026-07-23_09-12-39.mp4,1,120.0,15.0,0.067,motion,0.0,0.0,0.0,0.0,0.0,0.3388,1.78,0.5,0.192,0.155,0.0227,,"[-0.0001, 0.0001, -0.0002, 0.0002, 0.0001, 0.0001, 0.0001, 0.0, 0.0001, 0.0001, 0.0001, 0.0, 0.0, 0.0, 0.0, 0.0, 0.0, -0.0, 0.0, 0.0, -0.0002, 0.0001, -0.0, -0.0005, 0.0, 0.0, 0.0, -0.0002, 0.0, 0.0, 0.0001, 0.0002, -0.0002, 0.0002, 0.0003, -0.0001, -0.0001, 0.0, 0.0, 0.0001, 0.0001, 0.0001, 0.0, -0.0001, 0.0002, -0.0001, -0.0001, -0.0001, 0.0, 0.0, 0.0001, 0.0003, 0.0001, -0.0004, -0.0005, -0.0001, 0.0001, 0.0, -0.0001, -0.0001, 0.0, 0.0, 0.0, 0.0, -0.0, 0.0001, -0.0, 0.0001, 0.0, 0.0001, -0.0003, 0.0, 0.0002, -0.0001, -0.0001, 0.0001, 0.0004, -0.0001, 0.0, -0.0, 0.0, -0.0, 0.0001, 0.0001, 0.0001, -0.0, -0.0001, 0.0, -0.0002, -0.0, -0.0, -0.0001, 0.0001, -0.0001, -0.0, -0.0, 0.0002, -0.0004, -0.0001, 0.0, -0.0, 0.0, 0.0, 0.0, 0.0001, 0.0003, 0.0, 0.0, -0.0, -0.0002, -0.0001, 0.0, 0.0, -0.0, -0.0, -0.0, -0.0, -0.0, 0.0]",0.0
2026-07-12_19-04-59.mp4,1,38.0,15.0,0.079,motion,0.0,0.0,0.0,0.0,0.0,0.2108,0.811,0.0,0.2867,1.137,0.0,,"[0.0, 0.0009, -0.0003, -0.0002, -0.0001, 0.0002, -0.0007, -0.0, -0.0, -0.0, -0.0, -0.0, -0.0, -0.0, -0.0, -0.0, 0.0, 0.0, 0.0, 0.0, 0.0, 0.0, -0.0, -0.0, -0.0, 0.0, -0.0, -0.0, -0.0, -0.0, -0.0, -0.0, -0.0, -0.0, -0.0, -0.0, -0.0]",0.0
2026-07-10_09-27-29.mp4,1,120.0,15.0,0.0,motion,0.0,0.0,0.0,0.0,0.0,0.3582,1.525,0.395,0.3723,0.373,0.0384,,"[-0.0, -0.0001, 0.0001, 0.0001, 0.0001, 0.0001, 0.0, 0.0, 0.0, 0.0, 0.0, 0.0, -0.0, 0.0, -0.0, -0.0, -0.0, -0.0, -0.0, -0.0, -0.0002, 0.0002, 0.0001, 0.0001, -0.0001, -0.0001, 0.0, -0.0, -0.0, -0.0, -0.0, -0.0, -0.0, -0.0, -0.0, -0.0, -0.0, -0.0, 0.0, -0.0, -0.0001, 0.0, 0.0, 0.0, 0.0002, 0.0, 0.0001, -0.0001, 0.0, 0.0, -0.0002, 0.0, -0.0, 0.0, 0.0001, -0.0, 0.0, -0.0001, 0.0, -0.0001, -0.0, -0.0, 0.0001, 0.0001, -0.0001, 0.0001, -0.0001, 0.0, -0.0, 0.0, 0.0, 0.0, 0.0, 0.0, 0.0, 0.0001, -0.0, 0.0, -0.0, -0.0, -0.0, -0.0, -0.0, 0.0, -0.0001, -0.0, -0.0, -0.0, 0.0001, -0.0, -0.0, -0.0, -0.0, -0.0, 0.0001, -0.0, -0.0, -0.0, 0.0, 0.0001, -0.0, 0.0, -0.0, 0.0, -0.0, 0.0, 0.0, 0.0, 0.0, 0.0, 0.0, 0.0001, 0.0002, -0.0, 0.0, 0.0001, 0.0001, 0.0001, -0.0001]",0.0
2026-07-14_14-16-26.mp4,1,120.0,15.0,0.008,motion,0.0,0.0,0.0,0.0,0.0,0.2011,0.763,0.431,0.5294,6.611,0.0754,,"[-0.0, 0.0009, -0.0008, -0.0011, -0.0013, 0.0116, -0.0034, -0.0003, -0.0013, -0.0003, -0.0014, -0.0003, -0.0002, -0.0002, -0.0002, -0.0002, -0.0002, -0.0001, -0.0002, -0.0004, -0.0005, 0.0002, 0.0001, 0.0001, 0.0005, 0.0004, -0.0, -0.0, -0.0001, -0.0001, -0.0001, -0.0005, -0.0001, -0.0001, -0.0001, -0.0001, -0.0002, -0.0, -0.0002, -0.0002, -0.0001, -0.0001, -0.0001, 0.0041, -0.0002, -0.0002, -0.0002, -0.0004, -0.0004, -0.0003, -0.0003, -0.0003, -0.0003, -0.0003, -0.0003, -0.0003, -0.0003, -0.0003, -0.0003, 0.0029, -0.0022, -0.0001, 0.0055, -0.0006, -0.0003, -0.0002, -0.0006, -0.0002, -0.0002, -0.0002, -0.0002, -0.0002, -0.0002, -0.0002, -0.0003, -0.0002, -0.0002, -0.0002, -0.0, -0.0, -0.0001, -0.0001, -0.0001, -0.0001, -0.0001, -0.0001, -0.0001, -0.0001, -0.0001, 0.0019, -0.0001, -0.0001, -0.0001, -0.0001, -0.0001, -0.0001, -0.0001, -0.0001, -0.0001, -0.0001, -0.0001, -0.0001, -0.0001, -0.0001, -0.0001, 0.0, 0.0, 0.0, 0.0, 0.0, 0.0, 0.0, 0.0, 0.0, 0.0, 0.0, 0.0, 0.0, 0.0]",0.0
2026-07-08_20-25-44.mp4,1,120.0,15.0,0.025,motion,0.0,0.0,0.0,0.0,0.0,0.4277,1.017,0.295,0.3058,0.201,0.0211,,"[0.0012, 0.0011, 0.0007, 0.0006, 0.0015, -0.0003, -0.0006, 0.0001, -0.0025, -0.007, 0.0005, -0.0022, -0.0123, -0.0055, 0.0008, 0.0008, 0.0034, 0.0024, 0.0045, 0.0032, 0.0016, 0.0002, 0.0011, 0.0009, 0.0006, 0.0005, 0.0007, 0.0003, 0.0007, -0.0001, -0.0003, -0.0012, -0.0008, -0.0012, -0.0007, -0.0004, -0.0008, -0.0009, -0.0008, -0.0024, -0.0015, -0.0019, 0.0023, 0.0096, 0.0026, 0.0022, -0.0002, 0.0002, -0.0001, -0.0009, -0.0005, -0.0002, -0.0005, -0.0008, -0.0008, -0.0009, -0.0042, -0.0068, -0.0066, -0.0059, -0.0066, -0.0047, -0.0043, -0.0033, -0.0037, -0.004, -0.0038, -0.0043, 0.0046, -0.0037, -0.0033, 0.096, 0.0672, -0.0055, -0.0055, 0.0095, -0.0573, -0.0173, -0.0247, -0.0054, -0.0054, 0.0016, -0.0005, -0.0154, -0.0024, 0.0009, 0.0436, -0.0017, 0.0001, 0.0007, 0.0007, -0.0008, -0.0005, -0.0009, -0.0014, -0.0014, -0.0207, -0.0527, 0.0609, -0.0015, -0.003, -0.0029, 0.001, -0.0014, -0.0014, -0.0014, -0.0014, -0.0015, -0.0015, -0.0042, -0.0013, -0.0015, -0.0021, -0.0037, -0.0017, 0.0494, 0.0012, -0.0017, -0.0017]",0.0
2026-07-09_13-21-25.mp4,1,120.0,15.0,0.0,motion,0.0,0.0,0.0,0.0,0.0,0.2991,2.542,0.271,0.2933,99.0,0.0804,,"[-0.0001, -0.0024, 0.0017, 0.0004, -0.0, -0.0005, 0.0, 0.0005, 0.0004, -0.001, 0.0003, 0.0002, -0.0008, 0.001, 0.0014, -0.0002, 0.0001, -0.0001, 0.0002, 0.0001, -0.0, 0.0002, 0.0002, 0.0002, 0.0003, 0.0002, -0.0001, 0.0003, -0.0005, 0.0003, 0.0004, 0.0, 0.0003, -0.0017, 0.0003, 0.0007, 0.0011, -0.0029, -0.0023, 0.0011, 0.0018, 0.001, -0.0015, 0.0009, 0.0008, 0.0008, 0.0008, 0.0008, 0.0008, 0.0015, -0.0107, 0.0008, 0.0008, 0.0007, 0.0006, -0.0054, 0.0006, 0.0006, 0.0008, 0.0008, 0.0006, 0.0006, 0.0006, 0.0006, 0.001, -0.0, 0.0002, 0.0002, 0.0002, -0.0006, 0.0002, 0.0, 0.0001, 0.0001, 0.0002, 0.0001, 0.0001, 0.0001, 0.0001, 0.0001, 0.0001, 0.0001, 0.0001, 0.0002, 0.0001, 0.0001, -0.0004, -0.001, 0.0003, 0.0007, 0.0005, 0.0005, 0.0005, 0.0005, 0.0005, 0.0005, 0.0005, -0.002, 0.0005, 0.0009, 0.0006, -0.0008, 0.0005, -0.0039, -0.0018, -0.0047, 0.0004, 0.0004, 0.0007, -0.0005, 0.0003, 0.0003, 0.0012, 0.0002, -0.0017, 0.0002, 0.0002, 0.0024, 0.0006]",0.0
2026-07-07_02-08-58.mp4,1,120.0,15.0,0.0,motion,0.0,0.0,0.0,0.0,0.0,0.2374,1.525,0.343,0.3254,99.0,0.0814,,"[-0.0001, 0.0002, 0.0001, 0.0001, 0.0001, 0.0001, 0.0001, 0.0001, 0.0001, 0.0001, 0.0001, 0.0001, 0.0001, 0.0001, 0.0001, 0.0001, 0.0001, 0.0001, 0.0, 0.0, 0.0, -0.0015, -0.0009, 0.0004, 0.0003, 0.0, 0.0, 0.0, 0.0, 0.0001, 0.0002, 0.0007, 0.0004, 0.0008, 0.0006, 0.0004, 0.0004, 0.0003, 0.001, -0.0002, 0.0003, 0.0003, -0.0002, 0.0003, -0.0002, -0.004, -0.0092, 0.0049, -0.0015, 0.0016, 0.0005, 0.0002, -0.0004, 0.0022, -0.0099, -0.0099, -0.0095, -0.0125, -0.0111, -0.0117, -0.011, -0.0127, -0.0129, -0.0122, -0.017, -0.017, -0.0171, -0.0174, -0.0475, 0.3249, -0.0162, -0.028, 0.0797, -0.0588, 0.0022, -0.0191, 0.001, -0.016, -0.0157, 0.1109, -0.0087, 0.0011, -0.015, -0.0135, -0.0167, -0.0131, -0.0184, -0.0061, -0.008, -0.0136, -0.013, 0.0022, -0.0075, -0.0109, -0.0031, 0.0018, -0.0013, 0.0072, -0.0005, 0.0063, -0.0135, 0.0011, 0.0012, 0.0031, 0.0027, -0.0041, -0.0043, -0.003, -0.001, -0.0002, -0.0007, -0.0004, -0.0005, -0.0005, -0.0006, 0.0052, 0.0077, 0.0046, 0.0006]",0.0
2026-07-22_22-38-22.mp4,1,120.0,15.0,0.0,motion,0.0,0.0,0.0,0.0,0.0,0.3321,0.763,0.0,0.3225,0.436,0.0,,"[0.0, -0.0003, -0.0002, -0.0003, 0.0, 0.0, 0.0, 0.0, 0.0, 0.0, 0.0, 0.0, 0.0, 0.0, 0.0, 0.0, 0.0, 0.0, 0.0, -0.0, 0.0, 0.0, 0.0, 0.0, 0.0, 0.0, 0.0, 0.0, 0.0, 0.0, 0.0, 0.0, 0.0, 0.0, 0.0, 0.0, 0.0, 0.0, 0.0, 0.0, 0.0, 0.0, 0.0, 0.0, 0.0, 0.0, 0.0, 0.0, 0.0, 0.0, 0.0, 0.0, 0.0, 0.0, 0.0, 0.0, 0.0, 0.0, 0.0, -0.0002, 0.0, 0.0, 0.0, 0.0, 0.0, 0.0, 0.0, 0.0, 0.0, 0.0, 0.0, 0.0, 0.0, 0.0, 0.0, 0.0, 0.0, 0.0, 0.0, 0.0, 0.0, 0.0, 0.0, 0.0, 0.0, 0.0, 0.0, 0.0, 0.0, -0.0, -0.0, -0.0, -0.0, -0.0, -0.0, -0.0, -0.0, -0.0, -0.0, -0.0, -0.0, -0.0, 0.0, 0.0, 0.0001, 0.0, 0.0, -0.0, -0.0, -0.0, -0.0, -0.0, -0.0, -0.0, -0.0, -0.0, -0.0, -0.0004, 0.0]",0.0
2026-07-07_12-11-58.mp4,1,120.0,15.0,0.0,motion,0.0,0.0,0.0,0.0,0.0,0.2689,0.763,0.399,0.3591,0.0,0.0,,"[0.0001, -0.0005, 0.0003, -0.0, 0.0001, -0.0002, -0.0001, -0.0004, -0.0003, -0.0001, -0.0001, -0.0001, 0.0, -0.0, -0.0, -0.0, 0.0, -0.0, 0.0004, -0.0002, 0.0, 0.0, 0.0, 0.0, -0.0, 0.0003, -0.0, -0.0, -0.0, -0.0, -0.0, -0.0003, 0.0, 0.0, 0.0, 0.0, 0.0, 0.0, -0.0, 0.0, 0.0, 0.0001, 0.0, 0.0, -0.0, 0.0002, 0.0001, 0.0001, -0.0009, 0.0001, 0.0001, 0.0001, -0.0002, 0.0001, 0.0001, 0.0001, 0.0001, 0.0001, 0.0001, -0.0001, 0.0, 0.0001, -0.0002, 0.0, 0.0, 0.0, 0.0, 0.0, 0.0, 0.0, 0.0, -0.0, -0.0003, 0.0, 0.0, 0.0, -0.0, -0.0, 0.0004, -0.0, -0.0, -0.0, -0.0001, 0.0003, -0.0, -0.0, -0.0, -0.0, -0.0, -0.0, -0.0, -0.0, -0.0, -0.0, -0.0, -0.0, -0.0, -0.0, -0.0, -0.0, 0.0005, -0.0, -0.0, -0.0, -0.0, 0.0001, -0.0005, -0.0, -0.0, -0.0001, -0.0, 0.0, -0.0, 0.0002, -0.0, -0.0, 0.0, 0.0, 0.0]",0.0
2026-07-07_10-57-29.mp4,1,120.0,15.0,0.0,motion,0.0,0.0,0.0,0.0,0.0,0.3475,1.78,0.0,0.2269,10.357,0.0,,"[0.0024, -0.0028, -0.0023, -0.0024, -0.0023, -0.0008, -0.0019, -0.0017, -0.0016, 0.0027, -0.0012, -0.001, -0.0009, -0.0007, -0.0005, -0.0004, -0.0002, -0.0002, -0.0002, -0.0002, -0.0002, -0.0001, -0.0001, -0.0001, -0.0001, -0.0, -0.0, -0.0, -0.0, -0.0, -0.0, -0.0, -0.0, 0.0, 0.0, 0.0, 0.0, 0.0, 0.0, 0.0001, 0.0001, 0.0001, 0.0001, 0.0001, 0.0, 0.0003, 0.0003, 0.0003, -0.0001, -0.0032, -0.0032, -0.0032, -0.0032, -0.0032, -0.0046, -0.0032, -0.0032, -0.0032, -0.0032, -0.0023, -0.011, -0.0039, -0.0032, -0.0032, 0.106, -0.0032, -0.0032, -0.0036, -0.0034, -0.0032, -0.0033, -0.0033, -0.0033, -0.0033, -0.0032, -0.0036, -0.0035, -0.0035, -0.0035, -0.0035, 0.0001, 0.0001, 0.0001, 0.0, 0.0, 0.0, 0.0, 0.0, 0.0, 0.0, 0.0, 0.0, 0.0, 0.0, -0.0008, 0.0, 0.0, 0.0, 0.0, 0.0, 0.0, 0.0, 0.0, 0.0, 0.0, 0.0, 0.0, 0.0, 0.0, 0.0, -0.0, -0.0, -0.0, -0.0, -0.0, -0.0, -0.0, -0.0, -0.0]",0.0
2026-07-09_14-38-30.mp4,1,35.0,15.0,0.0,motion,0.0,0.0,0.0,0.0,0.0,0.3332,0.882,0.0,0.2837,0.017,0.0,,"[0.0, -0.0001, -0.0, -0.0, -0.0, -0.0, -0.0, -0.0, -0.0, -0.0, -0.0, -0.0, -0.0, -0.0, -0.0, -0.0, -0.0, -0.0, -0.0, 0.0, -0.0, -0.0, -0.0, -0.0, -0.0, -0.0, -0.0, -0.0, -0.0, -0.0, -0.0, -0.0, -0.0, -0.0]",0.0
2026-07-18_17-57-06.mp4,1,120.0,15.0,0.0,motion,0.0,0.0,0.0,0.0,0.0,0.1799,0.763,0.512,0.3009,0.835,0.0419,,"[0.0, 0.0001, 0.0001, 0.0, 0.0001, 0.0001, 0.0001, -0.0008, 0.0001, 0.0001, 0.0001, -0.0, 0.0003, -0.0003, 0.0005, -0.0008, -0.0002, -0.0001, 0.0002, -0.0001, 0.0002, 0.0001, 0.0001, 0.0002, -0.0001, 0.0001, 0.0006, 0.0, 0.0001, 0.0, -0.0, -0.0001, 0.0001, 0.0, -0.0, -0.0, -0.0012, -0.0, -0.0, -0.0, -0.0001, -0.0, 0.0003, -0.0005, 0.0001, 0.0002, 0.0003, 0.0001, 0.0, 0.0004, 0.0002, 0.0, -0.0002, 0.0001, 0.0003, -0.0001, -0.0001, 0.0, -0.0002, -0.0003, -0.0001, -0.0001, -0.0001, -0.0003, 0.0006, -0.0, -0.0, 0.0003, 0.0001, -0.0001, -0.0, -0.0, -0.0001, -0.0, -0.0, 0.0001, 0.0001, 0.0003, -0.0002, -0.0001, -0.0002, 0.0, 0.0001, -0.0001, -0.0001, 0.0, -0.0, -0.0003, -0.0003, -0.001, -0.0005, -0.0004, -0.0005, -0.0015, -0.0009, -0.0005, -0.0009, -0.0007, -0.0004, -0.0003, -0.0006, 0.0034, 0.0034, -0.0005, 0.0174, -0.0102, 0.0045, 0.0004, 0.0, -0.0014, -0.0006, -0.0053, -0.0078, -0.0007, -0.0026, -0.0026, -0.008, -0.0052, 0.0025]",0.0
2026-07-01_06-29-14.mp4,1,120.0,15.0,0.025,motion,0.0,0.0,0.0,0.0,0.0,0.6306,0.763,0.334,0.5053,0.349,0.0544,,"[0.0002, -0.0, 0.0004, 0.001, 0.001, 0.0001, 0.0008, -0.0006, 0.0, 0.0006, 0.0008, 0.0006, 0.0008, 0.0009, 0.0006, 0.0009, 0.0048, -0.0078, -0.0165, 0.0012, 0.0005, 0.0006, -0.0, -0.0003, 0.0033, -0.0, -0.0015, -0.0016, -0.0096, -0.0136, -0.0158, -0.002, 0.005, 0.0114, -0.0029, 0.0134, -0.0031, 0.0163, 0.0206, -0.0005, 0.0126, -0.0014, -0.0005, -0.0037, -0.0005, 0.0057, -0.0031, 0.001, -0.0011, 0.0012, -0.0022, 0.0002, -0.0001, 0.0001, -0.0018, -0.0027, -0.0061, -0.0058, -0.0053, -0.0057, -0.0058, -0.0055, -0.0031, -0.0258, -0.0323, -0.0322, -0.0111, -0.0051, -0.0125, 0.081, 0.0455, 0.0786, 0.0081, 0.0019, -0.0005, -0.0062, -0.005, -0.0049, -0.0058, -0.0057, -0.0066, -0.0074, -0.0078, -0.0074, -0.006, -0.0053, -0.0035, -0.0003, -0.0004, -0.0004, -0.0003, -0.0, 0.0003, 0.0002, -0.0002, 0.0003, -0.0002, -0.0003, 0.0002, -0.0002, 0.0001, -0.0002, 0.0006, -0.0012, -0.0005, 0.0, 0.0001, -0.0003, -0.0001, 0.001, 0.0009, 0.0, 0.0, 0.0, 0.0001, 0.0001, 0.0001, 0.0016, -0.0003]",0.0
2026-07-23_00-49-32.mp4,1,120.0,15.0,0.183,motion,0.0,0.0,0.0,0.0,0.0,0.3732,1.525,0.546,0.4738,0.0,0.0,,"[-0.0001, 0.0001, 0.0001, 0.0001, 0.0001, 0.0001, 0.0, 0.0, 0.0, 0.0, -0.0, 0.0, 0.0, -0.0, 0.0, -0.0001, 0.0, -0.0001, -0.0, -0.0, 0.0001, 0.0002, 0.0001, 0.0, -0.0001, -0.0, -0.0, -0.0, -0.0, -0.0, -0.0, -0.0, 0.0, -0.0, -0.0, 0.0, -0.0, -0.0, -0.0, 0.0, -0.0, -0.0, -0.0, 0.0, 0.0, -0.0, -0.0, -0.0, -0.0, -0.0, -0.0, 0.0001, -0.0, 0.0001, 0.0, -0.0, -0.0001, -0.0001, -0.0001, 0.0001, -0.0001, 0.0001, 0.0005, -0.0001, 0.0, -0.0, -0.0001, -0.0, -0.0, -0.0, -0.0, -0.0, -0.0, -0.0, -0.0, -0.0, -0.0, 0.0, 0.0, 0.0, 0.0, -0.0, 0.0, -0.0, -0.0, -0.0, 0.0, -0.0, 0.0, -0.0, -0.0, -0.0001, 0.0, -0.0, -0.0, -0.0001, 0.0, -0.0, 0.0001, -0.0, 0.0, 0.0, 0.0001, -0.0, -0.0001, 0.0, 0.0001, 0.0002, -0.0, 0.0001, 0.0, -0.0, -0.0, -0.0, 0.0, 0.0, -0.0001, -0.0, -0.0]",0.0
2026-07-09_10-36-27.mp4,1,120.0,15.0,0.0,motion,0.0,0.0,0.0,0.0,0.0,0.271,1.78,0.43,0.2129,0.012,0.0013,,"[-0.0013, 0.0007, 0.0016, 0.002, 0.0011, 0.0008, 0.0007, 0.0007, 0.0006, 0.0005, 0.0004, 0.0032, -0.0018, 0.0001, 0.0001, 0.0, -0.0001, -0.0, -0.0001, -0.0, -0.0, -0.0, -0.0, -0.0001, -0.0001, -0.0001, -0.0001, 0.0, -0.0, -0.0, -0.0, -0.0, -0.0001, -0.0, -0.0, -0.0, -0.0, 0.0002, 0.0007, -0.0002, -0.0002, -0.0002, -0.0001, -0.0002, -0.0002, -0.0002, -0.0008, -0.0003, -0.0003, -0.0003, -0.0003, -0.0003, 0.0052, -0.0003, -0.0003, -0.0003, -0.0003, -0.0002, -0.0002, 0.0007, -0.0002, 0.0021, -0.0003, -0.0003, -0.0004, -0.0003, -0.0003, -0.0003, -0.0001, -0.0001, -0.0001, -0.0001, -0.0029, 0.0016, 0.0002, -0.0001, -0.0001, 0.0005, -0.0, 0.0, 0.0, 0.0, 0.0, 0.0, 0.0, 0.0, 0.0, -0.0002, -0.0002, -0.0002, -0.0002, -0.0002, -0.0002, -0.0002, -0.0002, -0.0002, -0.0002, -0.0002, -0.0002, -0.0002, -0.0002, -0.0002, 0.0052, -0.0004, -0.0002, -0.0002, -0.0002, -0.0002, -0.0002, -0.0002, -0.0002, -0.0002, -0.0002, -0.0002, -0.0002, -0.0002, -0.0002, -0.0002, 0.0]",0.0
2026-07-10_16-30-59.mp4,1,120.0,15.0,0.0,motion,0.0,0.0,0.0,0.0,0.0,0.2346,0.763,0.19,0.176,99.0,0.0443,,"[0.0, 0.0, -0.0002, -0.0, 0.0004, -0.0001, -0.0001, -0.0, 0.0001, -0.0001, -0.0, 0.0002, -0.0, -0.0, -0.0, -0.0001, -0.0, -0.0001, -0.0, 0.0, 0.0, 0.0001, -0.0, -0.0, -0.0, -0.0, -0.0, -0.0, -0.0, 0.0, 0.0, -0.0001, 0.0002, 0.0001, -0.0001, -0.0001, -0.0, 0.0, 0.0, 0.0002, 0.0, 0.0001, 0.0, 0.0, -0.0, 0.0, -0.0, 0.0, -0.0006, 0.0003, 0.0, 0.0, -0.0001, -0.0001, -0.0003, 0.0, 0.0001, 0.0001, 0.0, -0.0, 0.0001, -0.0001, 0.0001, -0.0001, -0.0001, -0.0001, -0.0, -0.0001, -0.0002, -0.0003, -0.0004, -0.0005, -0.0001, -0.0006, -0.0003, -0.0003, -0.0003, 0.0001, -0.0003, 0.0022, -0.0003, -0.0005, 0.0001, 0.0058, -0.0006, -0.0004, -0.0002, -0.0003, -0.0003, -0.0003, -0.0002, -0.0003, -0.0003, -0.0003, -0.0003, -0.0002, -0.0001, -0.0002, -0.0002, -0.0, -0.0, -0.0, -0.0, -0.0, -0.0003, 0.0, 0.0002, 0.0, -0.0, -0.0, -0.0, -0.0, 0.0005, 0.0, -0.0001, -0.0, -0.0001, -0.0001, 0.0]",0.0
2026-07-09_21-36-44.mp4,1,120.0,15.0,0.0,motion,0.0,0.0,0.0,0.0,0.0,0.2061,2.797,0.448,0.2683,99.0,0.0919,,"[0.0146, -0.0137, -0.033, -0.0043, -0.0109, -0.0094, -0.0089, -0.0098, -0.0078, -0.0061, -0.0036, -0.0042, -0.0032, -0.0023, -0.0013, -0.0004, 0.0001, -0.002, -0.0001, 0.0001, 0.0001, 0.0001, 0.0001, 0.0001, 0.0, -0.0, 0.0001, 0.0001, 0.0001, 0.0001, 0.0001, 0.0001, 0.0001, 0.0, 0.0, 0.0, 0.0, 0.0, 0.0, 0.0, 0.0, 0.0, 0.0, 0.0, 0.0002, 0.0003, -0.0004, -0.0003, -0.0003, -0.0002, -0.0002, -0.0002, -0.0002, -0.0002, -0.0002, -0.0002, -0.0013, -0.0002, -0.0002, -0.005, -0.0024, 0.0188, -0.0025, -0.0002, -0.0016, -0.0002, -0.0002, -0.0002, -0.0002, -0.0002, -0.0002, -0.0002, -0.0003, -0.0003, -0.0003, -0.0004, -0.0005, 0.0001, 0.0, 0.0, 0.0, 0.0, 0.0, 0.0, 0.0, 0.0, 0.0, 0.0, 0.0, 0.0, 0.0, 0.0, 0.0, 0.0, 0.0, 0.0, 0.0, 0.0, 0.0, 0.0, 0.0, 0.0, 0.0, 0.0, 0.0, 0.0, 0.0, 0.0, 0.0, 0.0, 0.0, 0.0, 0.0, 0.0, 0.0, 0.0, 0.0, 0.0, 0.0]",0.0
2026-07-05_16-12-04.mp4,1,120.0,15.0,0.0,motion,0.0,0.0,0.0,0.0,0.0,0.3106,2.542,0.489,0.1493,0.217,0.0271,,"[0.0, 0.0, -0.0, -0.0, -0.0, -0.0, -0.0, -0.0, -0.0, -0.0, -0.0, -0.0, -0.0, -0.0, -0.0, 0.0001, -0.0, -0.0, -0.0, -0.0, -0.0, -0.0, -0.0, -0.0, -0.0, -0.0001, 0.0, -0.0, -0.0, -0.0, -0.0, 0.0, 0.0, 0.0, 0.0, 0.0, 0.0, 0.0, 0.0, 0.0, 0.0, -0.0001, 0.0, 0.0, 0.0, -0.0, 0.0, 0.0, -0.0, 0.0, 0.0, 0.0, -0.0, -0.0001, -0.0, 0.0, 0.0001, -0.0, 0.0, -0.0, 0.0, 0.0, 0.0, 0.0, 0.0, 0.0, 0.0001, -0.0, -0.0001, 0.0001, 0.0, -0.0002, -0.0, -0.0, 0.0001, -0.0002, 0.0, -0.0, 0.0002, 0.0, 0.0001, -0.0, 0.0, -0.0, 0.0, 0.0, 0.0, 0.0, -0.0001, 0.0, 0.0, -0.0, -0.0, -0.0, 0.0, -0.0, 0.0, 0.0, 0.0, 0.0, 0.0, -0.0, -0.0, 0.0, -0.0, 0.0001, 0.0001, 0.0, 0.0001, -0.0001, 0.0001, -0.0001, -0.0, 0.0, 0.0001, 0.0, 0.0, -0.0001, -0.0]",0.0
2026-07-01_14-42-05.mp4,1,120.0,15.0,0.025,motion,0.0,0.0,0.0,0.0,0.0,0.2329,2.542,0.521,0.2775,0.863,0.0562,,"[-0.1113, 0.3641, 0.2323, 0.0963, 0.0923, 0.0849, 0.0905, 0.0691, 0.0509, 0.0273, 0.048, -0.0199, 0.0331, -0.1755, -0.0705, 0.0106, 0.0032, 0.0107, 0.0149, -0.1051, 0.0001, 0.0, -0.0006, -0.0066, -0.0075, -0.0125, -0.0083, -0.0108, -0.0108, -0.0173, -0.0202, -0.0198, -0.0026, -0.02, 0.4486, -0.0252, -0.0231, 0.0118, 0.1605, -0.0097, -0.0235, -0.015, -0.0236, -0.0159, -0.023, -0.0236, -0.0234, -0.0264, -0.0312, -0.0257, -0.0045, -0.0083, -0.0055, -0.0057, 0.0031, -0.001, -0.0007, -0.0008, -0.0007, -0.0038, 0.0025, 0.0017, 0.0002, 0.0119, 0.0007, 0.0009, 0.001, 0.001, 0.001, 0.0037, -0.0009, 0.0012, 0.0085, -0.006, -0.0089, -0.0169, -0.0016, -0.0035, -0.0024, -0.0017, -0.0052, 0.0006, 0.003, 0.0017, 0.0016, 0.0017, 0.0016, 0.0015, 0.0019, 0.0037, -0.0012, 0.0, 0.0012, 0.0004, 0.0004, 0.0003, 0.0026, -0.0036, -0.0007, 0.0009, -0.0002, 0.0003, 0.0, -0.0014, 0.0021, 0.0001, -0.0, -0.0, 0.0, 0.0, -0.0, 0.0001, 0.0001, -0.0, -0.0, -0.0, -0.0, -0.0, -0.0]",0.0
2026-07-22_07-36-01.mp4,1,120.0,15.0,0.0,motion,0.0,0.0,0.0,0.0,0.0,0.2719,0.763,0.0,0.3983,0.555,0.0,,"[-0.0003, 0.0004, 0.0003, 0.0001, 0.0002, 0.0002, 0.0002, 0.0002, 0.0, 0.0001, -0.0, 0.0001, 0.0001, 0.0001, 0.0, 0.0, -0.0, 0.0, 0.0, 0.0001, -0.0, 0.0, 0.0, 0.0, -0.0, -0.0, 0.0002, -0.0, -0.0, -0.0, -0.0, -0.0, -0.0, -0.0, -0.0, -0.0001, -0.0, -0.0, -0.0, -0.0, -0.0, 0.0001, -0.0, -0.0, -0.0, -0.0, -0.0, -0.0, -0.0, -0.0, -0.0, -0.0, -0.0, -0.0, -0.0, -0.0, -0.0, 0.0, 0.0, -0.0001, 0.0, 0.0, 0.0, 0.0, 0.0, 0.0, 0.0, 0.0, 0.0, 0.0, 0.0, 0.0, 0.0, 0.0, 0.0, -0.0, -0.0, -0.0, -0.0, -0.0, -0.0, -0.0, -0.0, -0.0, -0.0, -0.0, -0.0, -0.0, -0.0, -0.0, -0.0, -0.0, -0.0, -0.0, -0.0, -0.0, 0.0, 0.0, 0.0, 0.0, 0.0, 0.0, 0.0, 0.0, 0.0, 0.0, 0.0, 0.0, 0.0001, -0.0, 0.0, -0.0001, 0.0, 0.0, 0.0, -0.0002, 0.0, 0.0001, 0.0]",0.0
2026-07-24_10-48-13.mp4,1,120.0,15.0,0.042,motion,0.0,0.0,0.0,0.0,0.0,0.4282,2.034,0.519,0.3887,1.203,0.1214,,"[-0.0, -0.0005, 0.0002, -0.0, -0.0002, -0.0002, -0.0001, 0.0003, -0.0001, 0.0001, -0.0, 0.0002, -0.0004, 0.0, 0.0005, 0.0002, -0.0001, -0.0002, -0.0002, -0.0001, 0.0, 0.0003, -0.0003, -0.0, -0.0003, -0.0003, -0.0002, -0.0002, -0.0011, 0.0012, -0.0012, 0.0036, 0.0026, -0.0002, -0.0027, 0.0003, 0.0001, 0.0002, 0.0004, 0.0024, -0.0, -0.0025, -0.0016, -0.0003, -0.0001, 0.0006, -0.0002, -0.0001, -0.0003, -0.0003, -0.0001, -0.0, 0.0022, -0.0001, -0.0005, 0.0001, -0.0, -0.0006, -0.0003, -0.0005, -0.0001, 0.0003, 0.0014, -0.0004, -0.0, -0.0002, -0.0001, 0.0004, 0.0, -0.0001, 0.0001, 0.0003, -0.0001, -0.0001, -0.0, -0.0001, -0.0002, -0.0001, -0.0001, 0.0, 0.0, -0.0, -0.0001, -0.0, -0.0001, 0.0008, -0.0001, -0.0, -0.0, 0.0001, -0.0, -0.0001, 0.0005, 0.0009, 0.0001, 0.0001, 0.0003, 0.0002, 0.0001, 0.0001, 0.0001, 0.0, 0.0005, -0.002, -0.0003, 0.0002, 0.001, -0.0038, -0.0011, -0.0, 0.0006, 0.0007, 0.0002, -0.0017, 0.0009, 0.0004, 0.0009, 0.0007, 0.0002]",0.0
2026-07-13_10-35-13.mp4,1,120.0,15.0,0.0,motion,0.0,0.0,0.0,0.0,0.0,0.2822,2.288,0.406,0.3678,0.433,0.0346,,"[-0.0001, 0.0, 0.0003, 0.0, -0.0, 0.0002, 0.0001, 0.0, 0.0002, 0.0001, 0.0, 0.0002, -0.0, -0.0, 0.0001, -0.0, -0.0001, -0.0, -0.0001, -0.0, 0.0, 0.0, 0.0, 0.0, -0.0001, -0.0001, 0.0001, 0.0, 0.0001, 0.0, -0.0, 0.0001, -0.0006, 0.0001, 0.0001, -0.0, 0.0001, 0.0001, 0.0001, 0.0001, 0.0001, 0.0, -0.0, 0.0001, -0.0, -0.0005, -0.0001, 0.0001, -0.0001, 0.0, 0.0001, 0.0001, 0.0, 0.0, 0.0, 0.0, 0.0, 0.0, 0.0001, -0.0001, 0.0, -0.0, -0.0, -0.0, -0.0, -0.0, -0.0, -0.0, -0.0, -0.0001, -0.0, -0.0, -0.0, -0.0001, -0.0, -0.0001, 0.0013, -0.0002, 0.0, -0.0001, -0.0, -0.0, -0.0, 0.0001, -0.0, -0.0, -0.0, -0.0, -0.0, 0.0001, -0.0, -0.0, 0.0, 0.0, 0.0, 0.0, 0.0, -0.0, 0.0, 0.0, 0.0, -0.0001, 0.0, -0.0001, -0.0002, 0.0, -0.0, 0.0002, 0.0, 0.0001, -0.0004, -0.0, 0.0002, 0.0, -0.0, 0.0, 0.0, -0.0003, 0.0]",0.0
2026-07-04_05-53-14.mp4,1,120.0,15.0,0.0,motion,0.0,0.0,0.0,0.0,0.0,0.2838,1.525,0.089,0.3095,1.164,0.0137,,"[0.0002, -0.0, -0.0004, -0.0002, -0.0002, -0.0002, -0.0, -0.001, 0.0004, -0.0, 0.0, 0.0, 0.0001, 0.0001, 0.0001, 0.0001, 0.0001, 0.0001, 0.0, -0.0004, 0.0, 0.0, 0.0, -0.0, -0.0, -0.0, -0.0001, -0.0011, 0.0002, -0.0, 0.0001, 0.0001, 0.0002, 0.0016, 0.0001, -0.0, 0.0, 0.0, 0.0, 0.0002, 0.0, 0.0, -0.0, 0.0003, 0.0001, 0.0, -0.0031, 0.0, -0.0, 0.0001, 0.0001, 0.0001, 0.0, 0.0001, 0.0001, 0.0, 0.0002, 0.0, 0.0, 0.0001, -0.0007, 0.0021, 0.0001, -0.0002, -0.0001, -0.0001, 0.0002, -0.0001, -0.0001, -0.0001, -0.0001, -0.0001, -0.0001, -0.0002, -0.0001, -0.0001, -0.0002, 0.0001, -0.0, 0.0, -0.0, -0.0, -0.0, 0.0001, -0.0, 0.0001, -0.0, -0.0, -0.0, -0.0, -0.0, -0.0, -0.0, -0.0, -0.0, -0.0, 0.0, -0.0, -0.0, -0.0, -0.0, 0.0, 0.0, 0.0, 0.0, 0.0, 0.0, 0.0, -0.0001, 0.0, 0.0, -0.0001, 0.0, 0.0001, 0.0002, 0.0, -0.0002, 0.0, 0.0]",0.0
2026-07-15_17-48-07.mp4,1,120.0,15.0,0.0,motion,0.0,0.0,0.0,0.0,0.0,0.3545,0.763,0.304,0.2456,5.916,0.0921,,"[-0.0002, 0.0004, 0.0003, -0.0005, 0.0002, 0.0, 0.0, -0.0002, 0.0006, -0.0001, 0.0001, 0.0, -0.0003, -0.0001, 0.0001, 0.0001, 0.0003, -0.0001, -0.0001, 0.0002, 0.0023, -0.0, -0.0001, -0.0002, -0.0001, 0.0001, -0.0002, -0.0004, -0.0001, -0.0002, -0.0, -0.0003, 0.0001, 0.0, -0.0001, -0.0002, -0.0, 0.0, -0.0, -0.0001, -0.0, 0.0001, -0.0, 0.0, 0.0002, 0.0, 0.0, -0.0005, 0.0005, 0.0, -0.0015, -0.0012, 0.0003, -0.0008, 0.0007, -0.0027, -0.0007, -0.0018, -0.0023, 0.0004, -0.0004, -0.0106, -0.0104, -0.0257, -0.0113, -0.0367, -0.045, -0.0474, -0.0469, -0.0452, -0.0465, -0.0422, -0.049, -0.0024, -0.1254, -0.0271, 0.2835, -0.0435, 0.385, 0.3235, -0.0444, 0.2201, 0.0282, -0.0578, -0.0806, -0.0227, -0.0866, -0.0484, -0.0462, -0.0469, -0.0501, -0.0511, -0.0441, -0.046, -0.0293, -0.0213, -0.0305, -0.0231, -0.0306, -0.033, -0.0329, -0.0093, -0.0282, -0.0287, -0.001, -0.0018, 0.0009, 0.062, 0.0114, -0.0675, -0.0005, 0.2589, -0.0436, 0.2598, -0.0089, -0.0597, 0.0808, -0.0564, -0.0149]",0.0
2026-07-10_15-03-31.mp4,1,120.0,15.0,0.075,motion,0.0,0.0,0.0,0.0,0.0,0.3162,2.797,0.0,0.2535,2.293,0.0,,"[-0.0001, -0.0001, -0.0014, 0.0, 0.0001, 0.0012, 0.0011, 0.0, -0.0, 0.0001, 0.0, 0.0, 0.0, 0.0, -0.0, 0.0001, -0.0, -0.0, -0.0001, -0.0001, -0.0001, -0.0, -0.0, -0.0, -0.0, -0.0, -0.0, -0.0, -0.0, -0.0, -0.0, 0.0, 0.0, 0.0, 0.0, 0.0, 0.0, 0.0, -0.0, 0.0, 0.0, 0.0, 0.0, 0.0, 0.0, 0.0, 0.0, 0.0, 0.0, 0.0, 0.0, 0.0, 0.0, 0.0, 0.0, 0.0, 0.0, 0.0, 0.0, -0.0001, -0.0001, -0.0002, 0.0002, 0.0, -0.0002, 0.0, 0.0, 0.0, 0.0, 0.0, 0.0, 0.0, 0.0, 0.0, 0.0, 0.0, -0.0, -0.0, 0.0, 0.0, 0.0, -0.0, -0.0, -0.0, -0.0, -0.0, -0.0, -0.0, -0.0, 0.0001, -0.0, -0.0, 0.0, -0.0002, 0.0001, -0.0, 0.0001, -0.0, 0.0, -0.0, 0.0003, 0.0001, 0.0, -0.0, -0.0001, 0.0001, 0.0, -0.0, -0.0, -0.0001, -0.0, -0.0, -0.0, -0.0, -0.0, -0.0, -0.0, -0.0, 0.0]",0.0
2026-06-30_13-14-43.mp4,1,120.0,15.0,0.0,motion,0.0,0.0,0.0,0.0,0.0,0.3562,2.542,0.414,0.2115,0.28,0.0322,,"[-0.0, 0.0004, -0.0, 0.0002, -0.0, -0.0019, -0.001, 0.0014, 0.0, 0.0, 0.0, -0.0, -0.0, 0.0, 0.0012, -0.0001, 0.0001, -0.0, -0.0, 0.0, 0.0, -0.0012, 0.0001, 0.0001, -0.0, 0.0003, 0.0002, 0.0001, -0.0005, 0.0005, 0.0002, 0.0004, -0.0, -0.0006, -0.0, -0.0, -0.0, -0.0001, -0.0001, -0.0003, -0.0001, 0.0003, -0.0, 0.0009, 0.0009, -0.0, -0.0014, 0.0, 0.0, 0.0003, -0.0, -0.0, -0.0, -0.0, -0.0, -0.0, -0.0, 0.0, -0.0013, 0.0006, 0.0001, 0.0001, 0.0, 0.0, 0.0001, 0.0001, 0.0001, 0.0001, 0.0, 0.0, 0.0, 0.0, 0.0, 0.0, -0.0, 0.0, 0.0, 0.0, 0.0, -0.0014, -0.0001, 0.0, 0.0005, 0.0003, -0.0002, 0.0006, -0.0, -0.0, -0.0, -0.0, -0.0, -0.0004, 0.0005, -0.0, -0.0, -0.0001, -0.0001, -0.0001, -0.0001, -0.0001, -0.0001, 0.0, 0.0007, -0.0006, 0.0002, -0.0001, -0.0001, -0.0002, 0.0, 0.0003, 0.0003, 0.0004, -0.0001, -0.0001, -0.0003, 0.0, -0.0, -0.0, -0.0]",0.0
2026-07-03_15-33-17.mp4,1,120.0,15.0,0.0,motion,0.0,0.0,0.0,0.0,0.0,0.274,2.797,0.406,0.6832,0.0,0.0,,"[0.0002, -0.0002, 0.0, 0.0011, -0.0003, -0.0003, -0.0003, -0.0003, 0.0005, -0.0002, 0.0003, -0.0002, -0.0002, -0.0002, -0.0001, -0.0001, -0.0001, 0.0002, -0.0001, -0.0, -0.0, -0.0, -0.0003, 0.0, -0.0002, -0.0, -0.0, -0.0, -0.0, -0.0, -0.0, -0.0, -0.0, 0.0, 0.0, 0.0001, 0.0, 0.0, -0.0, 0.0, -0.0, -0.0, -0.0, -0.0, -0.0, -0.0, -0.0, -0.0, -0.0, -0.0, -0.0, -0.0, -0.0, -0.0, -0.0, -0.0, -0.0, -0.0, 0.0001, 0.0002, -0.0, -0.0, -0.0, -0.0, 0.0, -0.0, -0.0, -0.0, -0.0, -0.0, -0.0, -0.0, -0.0, -0.0, -0.0, -0.0, -0.0, -0.0, -0.0, -0.0004, 0.0005, 0.0001, -0.0, -0.0, -0.0, -0.0, -0.0, 0.0, -0.0, -0.0, -0.0, -0.0, 0.0004, -0.0, -0.0, -0.0001, 0.0002, 0.0001, -0.0, -0.0, -0.0, -0.0, -0.0, -0.0, -0.0, -0.0, -0.0, -0.0, 0.0, -0.0, -0.0, -0.0, -0.0, 0.0, -0.0, -0.0, -0.0, -0.0, -0.0]",0.0
2026-07-23_23-21-44.mp4,1,120.0,15.0,0.0,motion,0.0,0.0,0.0,0.0,0.0,0.4079,1.78,0.541,0.184,67.349,0.2173,,"[-0.0, -0.0, -0.0, -0.0, -0.0, -0.0, -0.0, -0.0, -0.0, -0.0, -0.0, -0.0, -0.0, -0.0, 0.0, -0.0, -0.0, -0.0, -0.0, 0.0001, 0.0001, 0.0001, 0.0002, 0.0002, 0.0002, 0.0002, 0.0002, 0.0002, 0.0002, 0.0003, 0.0005, 0.0007, 0.0003, -0.0002, -0.0015, -0.0003, -0.0017, -0.0009, 0.0007, 0.001, 0.0013, 0.0011, 0.0002, 0.002, -0.0016, 0.0008, 0.0012, 0.0011, 0.0012, 0.001, 0.0112, -0.0154, -0.0174, 0.0005, -0.0008, -0.0005, 0.0022, 0.0033, 0.0006, 0.0009, 0.0005, 0.0004, 0.0, 0.0006, 0.0015, 0.0008, 0.0012, -0.0014, -0.0002, -0.0003, -0.0046, 0.009, 0.0011, -0.0013, 0.0004, 0.0015, 0.0013, -0.0007, 0.0002, -0.0007, -0.0004, -0.0003, 0.0001, -0.0001, -0.0001, -0.0002, -0.0008, -0.0005, 0.0003, -0.0004, -0.0001, -0.0002, 0.0001, -0.0, -0.0, -0.0, -0.0001, -0.0, -0.0001, -0.0, -0.0, -0.0, -0.0, 0.0, -0.0, -0.0, -0.0001, 0.0001, -0.0, -0.0, 0.0003, 0.0004, 0.0004, -0.0002, -0.0004, 0.0002, -0.0001, -0.0, -0.0]",0.0
2026-07-24_05-21-16.mp4,1,120.0,15.0,0.0,motion,0.0,0.0,0.0,0.0,0.0,0.3349,2.797,0.298,0.3982,0.972,0.0492,,"[0.0, -0.0001, -0.0001, -0.0001, 0.0, -0.0, -0.0, -0.0, 0.0, 0.0, -0.0, 0.0, -0.0, -0.0, 0.0, 0.0001, 0.0, -0.0, -0.0, -0.0, -0.0, -0.0001, -0.0, -0.0, -0.0, 0.0, -0.0, -0.0, -0.0, -0.0, -0.0, 0.0, 0.0, 0.0, 0.0, 0.0, 0.0, 0.0, 0.0, 0.0, 0.0, 0.0, 0.0, 0.0, 0.0, 0.0, 0.0, 0.0, 0.0, 0.0, 0.0, 0.0, 0.0, 0.0, -0.0, 0.0, -0.0, -0.0, -0.0001, 0.0001, -0.0, -0.0, -0.0, -0.0, -0.0, -0.0, -0.0, -0.0, -0.0, -0.0, -0.0, 0.0001, -0.0, -0.0, -0.0, -0.0, 0.0, -0.0, -0.0, -0.0, -0.0, 0.0, 0.0, 0.0, 0.0, 0.0, 0.0, 0.0, 0.0, 0.0, -0.0, 0.0, 0.0, 0.0, 0.0, 0.0, -0.0002, 0.0, 0.0, 0.0, 0.0, 0.0, 0.0, 0.0, 0.0001, 0.0, 0.0001, 0.0, 0.0, 0.0, -0.0003, 0.0, 0.0, 0.0, 0.0, 0.0, 0.0, -0.0, -0.0]",0.0
2026-07-26_04-14-23.mp4,1,120.0,15.0,0.0,motion,0.0,0.0,0.0,0.0,0.0,0.5288,0.763,0.614,0.4132,99.0,0.3245,,"[0.0016, 0.0016, 0.0018, 0.0018, -0.0655, 0.0179, -0.0058, -0.006, -0.0057, -0.0052, -0.006, -0.0058, -0.0058, -0.0061, -0.0084, -0.0082, 0.0399, 0.0695, 0.0712, 0.0412, 0.087, 0.3396, 0.2021, 0.1971, 0.1941, 0.246, 0.2284, 0.2326, 0.2292, 0.3142, 0.227, -1.2624, -0.7258, -0.0688, 1.2592, -0.1832, -2.347, -1.5496, 0.0414, 0.3124, -0.1662, 0.0392, 0.3205, 0.3243, 0.3243, 0.3573, 0.3748, 1.4808, 1.9157, -0.9437, -1.6157, -1.0957, -0.3371, -0.5024, 0.1108, 0.1106, 0.0948, 0.0856, 0.087, 0.0852, 0.0841, 0.0858, 0.0873, 0.1253, 0.1726, 0.1329, 0.0797, 0.0314, 0.0148, -0.0053, -0.005, -0.0062, -0.0051, -0.005, -0.0073, -0.0066, 0.0098, -0.0004, 0.0127, 0.1021, 0.0285, 0.0278, 0.0151, 0.0153, 0.0167, 0.0192, 0.0132, 0.0094, 0.007, -0.0015, -0.0276, -0.0599, -0.0403, -0.0881, -0.0096, -0.1713, -0.183, -0.0131, -0.0615, -0.0053, -0.006, 0.0806, -0.005, 0.1027, 0.0761, 0.1648, 0.0523, 0.0901, 0.1361, 0.0109, -0.0116, -0.0169, -0.0192, -0.023, -0.024, -0.024, -0.0239, -0.0229, -0.0225]",0.0
2026-07-18_10-57-11.mp4,1,120.0,15.0,0.025,motion,0.0,0.0,0.0,0.0,0.0,0.5251,0.763,0.127,0.5173,1.164,0.0357,,"[-0.0008, -0.0007, -0.0008, -0.0009, -0.0027, 0.0006, -0.0001, -0.0009, -0.001, -0.001, -0.0035, -0.0064, 0.0062, -0.0011, 0.0104, 0.0062, 0.007, 0.0032, -0.0012, -0.0013, 0.0008, -0.0002, -0.0018, -0.0008, -0.0012, -0.001, -0.0013, -0.0015, -0.0012, -0.0012, -0.001, 0.0015, -0.0004, -0.0002, -0.0002, 0.0013, -0.0004, -0.0002, -0.0001, -0.0001, -0.0001, -0.0001, 0.0005, -0.0001, -0.0002, -0.0002, -0.0002, -0.0001, -0.0001, -0.0001, -0.0001, -0.0, 0.0015, -0.0018, -0.0, -0.0, -0.0, -0.0, -0.0, 0.001, -0.0, -0.0, -0.0, -0.0, -0.0, -0.0, -0.0, -0.0, 0.0, -0.0002, -0.0001, -0.0001, -0.0001, -0.0001, -0.0001, 0.0002, -0.0, -0.0, 0.0, -0.0, -0.0, 0.0005, 0.0, -0.0, -0.0, -0.0001, -0.0001, -0.0001, -0.0001, -0.0001, -0.0001, -0.0001, -0.0001, -0.0001, -0.0001, -0.0001, -0.0001, -0.0, -0.0, -0.0, 0.0013, -0.0, -0.0, -0.0, -0.0, -0.0, -0.0, -0.0, -0.0, -0.0, -0.0, -0.0, -0.0, -0.0001, -0.0, -0.0, 0.0, 0.0, 0.0]",0.0
2026-07-10_18-05-44.mp4,1,120.0,15.0,0.0,motion,0.0,0.0,0.0,0.0,0.0,0.2526,2.797,0.433,0.2647,0.033,0.0035,,"[0.0, -0.0, -0.0, 0.0, 0.0, -0.0, 0.0, 0.0, -0.0, 0.0, 0.0, 0.0, -0.0001, 0.0, 0.0, 0.0, 0.0, 0.0, -0.0, 0.0, 0.0, 0.0, 0.0, 0.0, 0.0, 0.0, 0.0, 0.0, 0.0, 0.0, 0.0, 0.0, 0.0, 0.0, -0.0, -0.0, -0.0, -0.0, 0.0, -0.0, -0.0, -0.0, -0.0, -0.0, -0.0, -0.0, 0.0, -0.0, -0.0, -0.0, 0.0, 0.0, 0.0, 0.0, 0.0, 0.0, 0.0, -0.0, -0.0, 0.0, -0.0, -0.0, 0.0, 0.0, 0.0, -0.0, -0.0, -0.0, -0.0, -0.0, 0.0, 0.0, 0.0, 0.0, -0.0, -0.0, 0.0, 0.0, 0.0, 0.0, 0.0, 0.0, 0.0, 0.0, -0.0, -0.0, 0.0, -0.0, 0.0, 0.0, -0.0, 0.0, 0.0, 0.0, 0.0, 0.0, 0.0, 0.0, 0.0, 0.0, 0.0, 0.0, 0.0, 0.0, 0.0, 0.0, 0.0, 0.0, 0.0, 0.0, 0.0, -0.0, 0.0, 0.0, 0.0, 0.0, 0.0, 0.0, 0.0]",0.0
2026-07-08_13-20-07.mp4,1,120.0,15.0,0.05,motion,0.0,0.0,0.0,0.0,0.0,0.3113,0.763,0.5,0.5435,0.242,0.0303,,"[0.0, 0.0, 0.0, 0.0, 0.0, 0.0001, 0.0001, 0.0001, 0.0001, 0.0001, 0.0001, 0.0002, 0.0002, 0.0002, 0.0003, -0.0006, 0.0002, 0.0002, 0.0001, -0.0005, 0.0001, -0.0019, 0.0002, -0.0003, -0.0006, 0.0001, -0.0007, -0.0001, 0.0002, 0.0003, 0.0002, 0.0001, 0.0002, 0.0002, 0.0002, 0.0003, 0.0002, 0.0005, 0.0001, 0.0001, 0.0, -0.0001, -0.0003, -0.0004, 0.0, 0.0001, 0.0, 0.0001, -0.0001, -0.0001, 0.0001, -0.0015, 0.0001, 0.0, 0.0002, 0.0018, -0.0002, 0.0001, 0.0001, -0.0001, -0.0003, -0.0001, -0.0002, 0.0, 0.0001, -0.0, -0.0002, 0.0006, -0.0002, 0.0, 0.0001, 0.0001, 0.0001, 0.0002, -0.0001, -0.0, 0.0002, -0.0002, 0.0001, -0.0007, 0.0006, -0.0006, 0.0005, -0.0002, 0.0002, -0.0003, 0.0003, -0.0004, -0.0004, -0.0002, -0.0004, 0.0003, -0.0, -0.0001, 0.0002, 0.0002, 0.0001, 0.0, 0.0001, 0.0001, 0.0001, -0.0001, 0.0001, -0.0001, 0.0, 0.0, 0.0, 0.0, 0.0, -0.0, -0.0, 0.0, -0.0001, 0.0, 0.0, 0.0003, 0.0, -0.0, -0.0]",0.0
2026-07-03_16-13-23.mp4,1,120.0,15.0,0.0,motion,0.0,0.0,0.0,0.0,0.0,0.3182,2.797,0.028,0.2889,0.029,0.0003,,"[-0.0005, -0.0009, 0.0008, 0.0012, 0.0008, 0.0006, 0.0006, 0.0006, 0.0005, 0.0005, 0.0004, 0.0004, 0.0004, -0.0009, 0.0003, -0.0028, 0.0005, 0.0004, 0.0004, 0.0004, 0.0004, 0.0004, 0.0007, 0.0004, 0.0004, -0.0003, 0.0006, 0.0005, 0.0004, 0.0005, -0.007, 0.0005, 0.0001, 0.0003, 0.0003, 0.0003, 0.0003, 0.0003, 0.0003, 0.0003, 0.0003, -0.0005, 0.0003, 0.0003, 0.0003, 0.0003, 0.0001, 0.0001, 0.0001, 0.0001, 0.0001, 0.0001, 0.0001, 0.0001, 0.0001, 0.0001, 0.0001, 0.0001, 0.0001, -0.0019, 0.0001, 0.0001, 0.0001, 0.0001, 0.0001, 0.0001, 0.0001, 0.0001, 0.0001, 0.0001, 0.0001, 0.0001, 0.0001, 0.0001, 0.0001, 0.0, 0.0, 0.0, 0.0, 0.0, 0.0, 0.0, 0.0, 0.0, 0.0, 0.0, -0.0001, -0.0001, -0.0001, -0.0001, -0.0001, -0.0001, -0.0001, -0.0001, -0.0001, -0.0001, -0.0001, -0.0001, -0.0001, -0.0001, -0.0001, 0.0022, -0.0007, -0.0001, -0.0001, -0.0001, -0.0001, -0.0001, -0.0001, -0.0001, -0.0001, -0.0001, -0.0001, 0.0, -0.0001, -0.0001, -0.0001, 0.0, -0.0]",0.0
2026-07-19_01-52-07.mp4,1,120.0,15.0,0.017,motion,0.0,0.0,0.0,0.0,0.0,0.2781,0.763,0.268,0.5807,0.234,0.0141,,"[0.0003, 0.0038, 0.0221, -0.0002, 0.0098, -0.0126, -0.0471, -0.0025, -0.0066, -0.004, -0.0013, -0.0003, 0.0034, 0.0046, 0.0063, -0.0013, 0.0273, 0.0059, 0.0032, 0.0039, 0.0016, 0.0028, -0.0003, 0.0001, 0.0001, 0.002, -0.0007, -0.0017, -0.0052, 0.0056, 0.0167, 0.0047, 0.0147, 0.013, 0.0242, 0.0258, 0.0257, 0.0257, 0.0258, 0.0244, 0.0333, 0.0257, 0.0429, 0.0281, -0.3684, 0.08, -0.4031, 0.0572, -0.0265, 0.0204, 0.0185, 0.0196, 0.0199, 0.0198, 0.0199, 0.0198, 0.0199, 0.0161, -0.0077, -0.0227, 0.2105, 0.0144, -0.0036, -0.0044, -0.0015, -0.003, -0.0027, -0.0017, -0.0024, -0.0021, -0.0028, 0.0008, 0.0026, 0.0046, 0.0218, -0.0105, -0.0079, -0.0445, -0.0395, -0.0022, 0.001, 0.0024, 0.0039, 0.0054, 0.0124, -0.0125, 0.0294, 0.0117, -0.0026, 0.0101, 0.0509, 0.009, 0.0019, 0.0045, -0.0218, -0.0088, -0.0414, -0.0322, -0.0318, -0.0073, -0.008, 0.0032, 0.0037, 0.0036, 0.0032, 0.0119, 0.0041, 0.0039, 0.0044, 0.0032, 0.0021, -0.0047, -0.0003, -0.0019, 0.0054, 0.0031, -0.0039, -0.004, 0.0034]",0.0
2026-07-26_02-38-12.mp4,1,120.0,15.0,0.383,motion,0.0,0.0,0.0,0.0,0.0,0.5631,0.763,0.377,0.4237,0.523,0.0729,,"[-0.0001, -0.0004, 0.001, -0.0001, -0.0001, 0.0001, -0.0002, 0.0001, -0.0032, -0.0137, -0.0261, -0.022, -0.0266, -0.0278, -0.0242, -0.0161, -0.0134, -0.0134, -0.0133, -0.0219, -0.0234, -0.0209, -0.0259, 0.0623, 0.3377, 0.4219, 0.081, 0.0444, 0.0522, -0.0191, -0.1939, -0.0385, 0.0546, 0.0521, 0.333, 0.0897, -0.0174, 0.1331, 0.2965, -1.204, -1.2715, 0.077, 0.0788, 0.0786, 0.0778, 0.0765, 0.0679, 0.0591, 0.0737, 0.0813, 0.0911, 0.0986, 0.0967, 0.1031, 0.112, 0.0718, 0.0179, 0.0176, 0.0249, 0.025, 0.0203, 0.0108, 0.1294, -0.3337, -0.2381, -0.1881, -0.217, -0.0566, -0.1402, -0.0105, 0.0065, 0.0248, 0.029, 0.0189, 0.067, 0.1412, 0.4534, 0.6652, 0.3298, 0.5428, 0.1339, 0.0092, -0.2831, -0.004, -0.7012, -0.5868, -0.5608, -0.0133, -0.0039, 0.0469, 0.0111, -0.0068, 0.0184, 0.0428, 0.0403, 0.066, 0.0651, 0.0766, 0.064, 0.0623, 0.0389, 0.0224, 0.0008, -0.003, -0.0101, -0.024, -0.0626, 0.05, -0.0587, -0.0207, -0.0251, -0.0134, -0.0085, -0.0099, -0.0091, -0.0102, -0.0078, 0.0156, 0.0219]",0.0
2026-06-30_09-55-09.mp4,1,120.0,15.0,0.0,motion,0.0,0.0,0.0,0.0,0.0,0.1304,2.797,0.669,0.1767,0.0,0.0,,"[0.0, -0.0001, -0.0001, -0.0001, 0.0, -0.0002, 0.0, 0.0, 0.0, 0.0001, 0.0001, 0.0003, -0.0, -0.0, -0.0, 0.0, 0.0001, -0.0, -0.0001, -0.0001, -0.0002, -0.0, 0.0002, 0.0, -0.0001, 0.0001, 0.0001, 0.0001, -0.0, 0.0, 0.0, -0.0002, 0.0003, -0.0002, 0.0001, 0.0, 0.0001, -0.0001, -0.0, 0.0001, 0.0001, -0.0, 0.0005, -0.0007, 0.0002, 0.0, 0.0001, -0.0011, 0.0002, 0.0001, 0.0002, 0.0, -0.0002, 0.0, 0.0, 0.0001, -0.0, -0.0001, 0.0001, 0.0, 0.0, 0.0, 0.0, 0.0, 0.0, 0.0, 0.0, 0.0, 0.0, 0.0, 0.0, 0.0, 0.0, 0.0, 0.0, 0.0, 0.0, 0.0, -0.0, 0.0, -0.0, 0.0, -0.0, -0.0, -0.0, 0.0, 0.0, 0.0, 0.0, 0.0, 0.0, 0.0, 0.0, -0.0, 0.0, -0.0, -0.0, -0.0, -0.0, -0.0, -0.0, -0.0, -0.0, 0.0, 0.0, 0.0, 0.0, 0.0, 0.0, 0.0, 0.0, 0.0, 0.0, 0.0, 0.0, 0.0, 0.0, 0.0, 0.0]",0.0
2026-07-01_23-26-22.mp4,1,120.0,15.0,0.042,motion,0.0,0.0,0.0,0.0,0.0,0.3759,2.288,0.162,0.1935,0.0,0.0,,"[-0.0, -0.0, -0.0, -0.0005, -0.0, -0.0, -0.0, -0.0, -0.0, -0.0001, -0.0001, 0.0015, -0.0005, 0.0001, -0.0001, -0.0001, -0.0001, 0.0002, 0.0001, 0.0, -0.0004, -0.0004, 0.0003, 0.0, 0.0007, -0.0, 0.0001, -0.0, -0.0, -0.0, -0.0, -0.0, -0.0, -0.0001, -0.0, -0.0, -0.0001, -0.0, -0.0, -0.0, -0.0, -0.0, -0.0, 0.0, -0.0, -0.0, -0.0, -0.0, -0.0, -0.0, -0.0, -0.0, -0.0, -0.0, -0.0, -0.0, -0.0, -0.0, -0.0, 0.0002, -0.0, -0.0, -0.0, -0.0, -0.0, -0.0001, -0.0001, -0.0001, -0.0001, -0.0001, -0.0001, -0.0001, -0.0001, -0.0001, -0.0001, -0.0001, -0.0001, -0.0001, -0.0001, 0.0001, 0.001, -0.0, 0.0009, -0.0001, -0.0001, -0.0001, 0.0002, 0.0006, -0.0001, -0.0001, -0.0003, 0.0001, -0.0001, -0.0, 0.0001, -0.0002, -0.0, -0.0001, 0.0, 0.0, 0.0, 0.0, 0.0, -0.0011, 0.0001, 0.0001, 0.0, 0.0, 0.0001, 0.0001, -0.0004, 0.0001, 0.0001, 0.0001, 0.0001, 0.0001, 0.0001, 0.0001, 0.0001]",0.0
2026-07-02_01-33-49.mp4,1,120.0,15.0,0.0,motion,0.0,0.0,0.0,0.0,0.0,0.4805,2.542,0.053,0.3281,7.568,0.0223,,"[-0.0002, 0.0011, 0.0003, 0.0001, 0.0, 0.0, 0.0, 0.0, 0.0, 0.0, 0.0004, -0.0, -0.0, -0.0, -0.0, -0.0, -0.0001, -0.0, -0.0, -0.0, -0.0, -0.0, -0.0, -0.0, -0.0, -0.0, -0.0, -0.0, -0.0, -0.0, -0.0, -0.0, 0.0, 0.0001, -0.0, -0.0, -0.0, -0.0, 0.0, 0.0001, 0.0001, 0.0001, 0.0001, 0.0001, 0.0001, 0.0001, 0.0001, 0.0001, 0.0001, 0.0001, 0.0001, 0.0008, 0.0001, -0.0016, -0.0034, -0.0002, -0.0002, -0.0002, -0.0003, -0.0007, -0.0002, -0.0002, -0.0002, 0.0005, 0.0012, -0.0002, -0.0002, -0.0001, 0.0032, 0.0049, -0.0003, -0.0003, -0.0003, -0.0003, -0.0003, -0.0004, -0.0005, -0.0004, -0.0004, -0.0004, -0.0003, -0.0003, -0.0003, 0.0001, -0.0002, -0.0001, -0.0001, -0.0001, -0.0001, -0.0001, -0.0001, -0.0001, 0.0017, -0.0001, -0.0001, -0.0001, -0.0001, -0.0001, -0.0001, -0.0001, -0.0001, -0.0001, -0.0001, -0.0001, -0.0001, -0.0001, -0.0001, -0.0001, -0.0, -0.0, -0.0, -0.0, -0.0, -0.0, -0.0, -0.0, -0.0, -0.0, -0.0]",0.0
2026-07-03_14-09-42.mp4,1,120.0,15.0,0.0,motion,0.0,0.0,0.0,0.0,0.0,0.2235,0.763,0.658,0.3537,14.585,0.1377,,"[0.0002, -0.0002, 0.0007, -0.0006, -0.0003, -0.001, 0.0005, -0.0001, -0.0001, -0.0002, -0.0001, -0.0001, -0.0001, -0.0001, -0.0001, -0.0, 0.0008, -0.0, -0.0, -0.0, -0.0, -0.0, -0.0, -0.0, 0.0, 0.0007, 0.0003, -0.0006, -0.0005, -0.0, 0.0, -0.0, 0.0, 0.0002, -0.0002, 0.0002, 0.0004, -0.0, -0.0003, -0.001, 0.0004, -0.0002, 0.0002, 0.0001, 0.0001, -0.0004, 0.0005, 0.0001, -0.0002, -0.0, -0.0005, 0.0001, 0.0001, 0.0001, 0.0001, 0.0007, 0.0007, 0.0003, 0.0006, 0.0015, 0.0007, 0.0005, 0.0015, 0.0049, 0.0011, 0.0014, -0.0029, 0.0013, 0.0013, 0.0013, -0.0079, -0.0102, 0.0059, -0.0152, 0.0014, 0.0073, -0.0031, -0.0045, 0.0025, 0.002, 0.002, 0.002, 0.0018, 0.0009, 0.0006, 0.0012, 0.0004, 0.0022, 0.0013, 0.0052, -0.0182, 0.0016, 0.0009, -0.0032, 0.0012, 0.0008, 0.0008, 0.002, 0.0009, 0.0013, 0.0012, 0.0029, 0.0029, 0.0023, 0.0017, 0.0002, -0.0024, -0.0021, -0.0011, -0.002, -0.0033, -0.0029, -0.004, -0.0081, 0.0035, -0.0234, -0.0599, -0.0055, 0.0112]",0.0
2026-07-26_01-49-12.mp4,1,120.0,15.0,0.0,motion,0.0,0.0,0.0,0.0,0.0,0.3211,0.763,0.0,0.3394,99.0,0.0,,"[0.024, 0.0064, 0.0069, 0.0075, 0.0081, 0.0087, 0.0093, 0.0099, -0.46, 0.0111, 0.0116, 0.0122, 0.0128, 0.0134, 0.014, 0.0146, 0.0152, 0.0152, 0.0152, 0.0152, 0.0152, 0.0152, 0.0152, 0.0152, 0.0, 0.0, 0.0, 0.0, 0.0, 0.0, 0.0, 0.0, 0.0, 0.0, 0.0, 0.0, 0.0, -0.0009, 0.0, 0.0, 0.0, 0.0, 0.0, 0.0, -0.0092, -0.0092, -0.0092, -0.0092, -0.0092, -0.0092, -0.0085, -0.0092, -0.0092, -0.0093, -0.0093, -0.0093, -0.0093, -0.0093, -0.0093, 0.277, -0.0093, -0.0093, -0.0093, -0.0093, -0.0093, -0.0093, -0.0092, -0.0092, -0.0092, -0.0092, -0.0092, -0.0092, -0.0092, -0.0092, -0.0092, 0.0, 0.0, 0.0, 0.0, 0.0, 0.0, 0.0, 0.0, 0.0, 0.0208, 0.0208, 0.0208, 0.0208, 0.0208, 0.0208, 0.0208, 0.0208, 0.0208, 0.0208, 0.0209, 0.0209, 0.012, 0.012, 0.012, -0.6342, 0.012, 0.012, 0.012, 0.012, 0.012, 0.012, 0.012, 0.012, 0.012, 0.012, 0.012, 0.2863, 0.012, 0.012, 0.012, -0.0088, -0.0088, -0.0088, -0.0088]",0.0
2026-07-06_16-25-11.mp4,1,120.0,15.0,0.0,motion,0.0,0.0,0.0,0.0,0.0,0.3739,2.542,1.0,0.2891,0.181,0.0572,,"[0.0048, -0.185, 0.0046, 0.1016, -0.0495, -0.024, 0.0032, 0.0048, -0.0021, 0.0431, 0.0051, -0.0076, 0.0013, 0.0055, 0.0048, 0.0176, 0.004, -0.0024, 0.0002, 0.0017, -0.0004, -0.0011, -0.0004, -0.001, -0.0011, 0.0001, 0.0, -0.0003, -0.0005, -0.0003, -0.0004, -0.0, -0.0001, -0.0001, 0.0001, 0.0, -0.0001, -0.0, 0.0004, -0.0, -0.0, 0.0001, -0.0, 0.0002, 0.0003, -0.0, -0.0, -0.0, 0.0003, -0.0007, -0.0, 0.0, -0.0005, -0.0, -0.0002, -0.0001, -0.0, -0.0001, -0.0, -0.0004, 0.0002, 0.0003, 0.0001, 0.0007, -0.0, 0.0002, 0.0002, -0.0006, 0.0, 0.0003, -0.0001, -0.0001, -0.0001, -0.0001, -0.0001, -0.0, -0.0001, -0.0001, 0.0003, -0.0, -0.0, -0.0, -0.0, -0.0, -0.0, -0.0001, 0.0002, -0.0, -0.0, -0.0, -0.0, -0.0, -0.0, -0.0, 0.0, -0.0, -0.0, -0.0, -0.0, -0.0, -0.0, -0.0, -0.0, -0.0, -0.0, -0.0, -0.0, 0.0001, -0.0004, 0.0001, 0.0001, 0.0008, -0.0, -0.0, -0.0, -0.0, -0.0, -0.0, -0.0]",0.0
2026-07-07_08-17-55.mp4,1,120.0,15.0,0.0,motion,0.0,0.0,0.0,0.0,0.0,0.3447,1.525,0.347,0.3386,0.159,0.0164,,"[-0.0, 0.0, -0.0, -0.0001, -0.0001, 0.0, 0.0002, 0.0, 0.0, 0.0001, 0.0, 0.0, 0.0, 0.0, 0.0, 0.0, -0.0, 0.0, -0.0, -0.0, 0.0001, -0.0001, -0.0, -0.0, -0.0, -0.0, 0.0001, -0.0, -0.0, -0.0, -0.0, -0.0, -0.0, -0.0, -0.0, -0.0, -0.0, -0.0, -0.0, -0.0, -0.0, -0.0, -0.0, -0.0, 0.0, 0.0, 0.0, 0.0, 0.0, 0.0, 0.0, 0.0, 0.0, 0.0, 0.0, 0.0, 0.0, 0.0, 0.0, -0.0, -0.0, -0.0, 0.0, 0.0, 0.0, 0.0, 0.0, -0.0, -0.0002, 0.0, 0.0, 0.0, 0.0, 0.0, 0.0, 0.0, 0.0, 0.0, 0.0, 0.0, -0.0, 0.0, 0.0, 0.0, 0.0, 0.0, 0.0, 0.0, 0.0, 0.0, -0.0, -0.0, -0.0, -0.0, -0.0, -0.0, -0.0, -0.0, -0.0001, -0.0, -0.0, 0.0, 0.0, 0.0001, 0.0, 0.0001, 0.0, 0.0, 0.0, 0.0, 0.0, 0.0, -0.0001, 0.0, 0.0, 0.0001, -0.0002, -0.0, 0.0]",0.0
2026-07-15_11-00-00.mp4,1,115.0,15.0,0.0,motion,0.0,0.0,0.0,0.0,0.0,0.2101,0.763,0.0,0.3382,0.0,0.0,,"[-0.0006, -0.0, 0.0006, 0.0004, 0.0006, 0.0005, 0.0005, 0.0004, 0.0004, 0.0003, 0.0003, 0.0002, 0.0002, 0.0002, 0.0001, 0.0001, 0.0, 0.0, 0.0, 0.0, 0.0, 0.0, 0.0, 0.0, 0.0, 0.0, 0.0, 0.0, 0.0, 0.0, 0.0, 0.0, 0.0, 0.0, 0.0, 0.0, 0.0, 0.0, 0.0, -0.0, -0.0, -0.0, -0.0, -0.0, 0.0, 0.0, 0.0, 0.0, 0.0, 0.0, 0.0, 0.0, 0.0, 0.0, 0.0, 0.0, 0.0, 0.0, 0.0, -0.0003, 0.0, 0.0, 0.0, 0.0, 0.0, 0.0, 0.0, 0.0, 0.0, 0.0, 0.0, 0.0, 0.0, 0.0, 0.0, 0.0, 0.0, 0.0, 0.0, 0.0, 0.0, 0.0, 0.0, 0.0, 0.0, 0.0, 0.0, 0.0, 0.0, 0.0, 0.0, 0.0, 0.0, 0.0, 0.0, 0.0, 0.0, 0.0, 0.0, 0.0, 0.0, 0.0, 0.0, 0.0, 0.0, 0.0, 0.0, 0.0, 0.0, 0.0, 0.0, 0.0, 0.0, 0.0]",0.0
2026-07-07_07-25-37.mp4,1,120.0,15.0,0.0,motion,0.0,0.0,0.0,0.0,0.0,0.2427,0.763,0.202,0.3087,99.0,0.0489,,"[-0.001, 0.0021, 0.0009, 0.0008, 0.0007, 0.0007, 0.0006, 0.0005, 0.0005, 0.0004, 0.0003, 0.0003, 0.0002, 0.0001, 0.0001, 0.0, -0.0, -0.0004, -0.0004, -0.0003, -0.0003, -0.0003, -0.0004, -0.0004, -0.0004, -0.0004, -0.0004, -0.0004, -0.0003, -0.0004, -0.0001, 0.0003, 0.0119, -0.0007, -0.0014, -0.0003, -0.0003, 0.0029, -0.0008, -0.0008, -0.0007, -0.0008, -0.0037, -0.0041, -0.0049, -0.0011, -0.0011, -0.0008, -0.0007, -0.0007, 0.005, -0.0007, -0.0007, 0.0126, -0.0006, -0.0031, 0.0023, 0.0097, -0.0006, -0.0016, -0.0008, -0.0008, -0.0008, -0.0, -0.0008, -0.0027, -0.0006, -0.0006, -0.0006, -0.0002, -0.0003, -0.0006, -0.0019, 0.0001, 0.0001, 0.0001, 0.0001, 0.0001, 0.0001, 0.0001, 0.0002, 0.0001, 0.0001, 0.0001, 0.0001, 0.0, 0.0002, 0.0002, 0.0001, -0.0004, 0.0001, 0.0001, 0.0001, 0.0001, 0.0004, -0.0006, 0.0001, 0.0001, 0.0001, 0.0001, 0.0017, -0.0047, 0.0001, 0.0001, 0.0001, -0.0001, 0.0001, 0.0001, 0.0001, 0.0001, 0.0001, 0.0001, 0.0012, 0.0001, 0.0001, 0.0001, 0.0001, -0.0, -0.0]",0.0
2026-07-14_14-49-43.mp4,1,120.0,15.0,0.0,motion,0.0,0.0,0.0,0.0,0.0,0.3826,1.271,0.277,0.3774,0.627,0.0408,,"[0.0003, 0.0004, 0.0003, 0.0005, 0.0006, 0.0002, -0.0018, -0.0007, 0.0033, 0.0037, 0.0005, 0.0005, 0.0005, -0.0038, -0.0029, -0.0035, -0.002, -0.0006, -0.0002, -0.0011, -0.0, 0.0001, -0.0006, -0.0002, -0.0002, -0.0, -0.0005, -0.0, -0.0001, -0.0002, -0.0004, 0.0013, 0.0039, 0.0044, -0.0002, 0.0018, -0.0008, -0.0008, 0.0014, 0.0014, -0.0008, -0.0008, -0.0009, 0.002, -0.0027, -0.0008, -0.0008, 0.0028, -0.0006, -0.0, 0.0013, -0.0004, 0.0002, -0.0005, 0.0003, 0.0, -0.0002, -0.0002, -0.0005, -0.0002, -0.0005, -0.0003, -0.0004, -0.0001, -0.0001, -0.0002, -0.0001, -0.0, -0.0, -0.0001, -0.0001, -0.0001, -0.0001, -0.0001, -0.0001, -0.0003, 0.0009, 0.001, -0.0001, -0.0001, 0.0, 0.0002, -0.0018, 0.0022, -0.0004, -0.0001, -0.0001, -0.0003, -0.0001, 0.0001, -0.0002, -0.0012, 0.0005, -0.0001, -0.0005, 0.0004, 0.0017, -0.0001, 0.0005, 0.0002, -0.0002, -0.0001, -0.0001, -0.0, 0.0002, 0.0, 0.0001, 0.0001, 0.0002, -0.0006, 0.0003, -0.0001, -0.0, -0.0002, 0.0002, -0.0007, 0.0014, 0.0011, -0.0004]",0.0
2026-07-19_17-54-27.mp4,1,120.0,15.0,0.0,motion,0.0,0.0,0.0,0.0,0.0,0.1837,1.017,0.75,0.3576,0.146,0.0176,,"[0.0006, 0.0004, -0.0012, -0.0005, -0.0004, -0.0006, 0.0001, -0.0003, -0.0004, -0.0003, -0.0003, -0.0002, -0.0002, -0.0001, -0.0001, -0.0001, -0.0, -0.0, -0.0, 0.0001, -0.0, -0.0, -0.0, -0.0, -0.0, -0.0, -0.0, -0.0, -0.0, -0.0, -0.0, 0.0001, -0.0, -0.0, -0.0, -0.0, -0.0, -0.0, -0.0, -0.0, -0.0, -0.0, -0.0, -0.0, -0.0, -0.0, 0.0003, -0.0, -0.0, -0.0, -0.0, -0.0, -0.0, -0.0, -0.0, -0.0, -0.0, -0.0, -0.0, -0.0, -0.0, -0.0, -0.0, -0.0, -0.0, -0.0, -0.0, -0.0, -0.0, -0.0, -0.0, -0.0, -0.0, -0.0, -0.0, -0.0, -0.0, -0.0, -0.0, -0.0, -0.0, -0.0, -0.0, -0.0, -0.0, -0.0, -0.0, -0.0, -0.0, -0.0, -0.0, -0.0, -0.0, -0.0, -0.0, -0.0, -0.0, -0.0, -0.0, -0.0, -0.0, -0.0, -0.0, -0.0, -0.0, -0.0, -0.0, -0.0, -0.0001, -0.0001, -0.0001, -0.0001, -0.0001, -0.0001, -0.0001, -0.0001, -0.0001, -0.0001, 0.0001]",0.0
2026-07-13_04-07-01.mp4,1,120.0,15.0,0.0,motion,0.0,0.0,0.0,0.0,0.0,0.2411,2.797,0.0,0.3235,0.011,0.0,,"[-0.0, -0.0004, 0.0, -0.0001, 0.0001, 0.0001, -0.0, -0.0, -0.0, 0.0001, 0.0, 0.0002, 0.0, -0.0, -0.0, -0.0, -0.0, -0.0, 0.0002, -0.0, -0.0, -0.0, -0.0, -0.0, 0.0, -0.0, -0.0, -0.0, -0.0, -0.0, -0.0, -0.0, -0.0, -0.0, 0.0002, -0.0, -0.0001, -0.0, 0.0001, -0.0, -0.0, -0.0, -0.0, -0.0, -0.0, -0.0, 0.0001, -0.0, -0.0, 0.0, 0.0, 0.0, -0.0, -0.0, -0.0, -0.0, -0.0, -0.0, -0.0, -0.0001, -0.0, -0.0, 0.0, 0.0, 0.0, 0.0, 0.0, 0.0, 0.0, 0.0, 0.0, 0.0, 0.0, 0.0, 0.0, -0.0, -0.0, -0.0, -0.0, -0.0, -0.0, -0.0, -0.0, -0.0, -0.0, -0.0, -0.0, -0.0, -0.0, -0.0, 0.0001, -0.0, -0.0, -0.0, -0.0, -0.0, -0.0, -0.0, -0.0, -0.0, -0.0, -0.0, -0.0, -0.0, -0.0, -0.0, -0.0, -0.0, -0.0, -0.0, -0.0, 0.0, -0.0, -0.0, -0.0, -0.0, -0.0, -0.0, -0.0]",0.0
2026-07-13_11-17-19.mp4,1,120.0,15.0,0.008,motion,0.0,0.0,0.0,0.0,0.0,0.4803,0.763,0.416,0.5923,34.888,0.1945,,"[0.0002, 0.0004, 0.0002, 0.0003, 0.0004, 0.0005, 0.0007, 0.001, 0.0017, 0.0018, 0.0017, -0.001, -0.0013, 0.0018, 0.0018, 0.0016, 0.0014, 0.001, -0.0019, -0.0037, -0.0049, -0.0063, -0.0117, -0.0232, -0.004, -0.0017, -0.0008, -0.0009, -0.0008, 0.0006, 0.002, 0.0032, 0.0169, 0.0248, 0.0355, -0.0032, -0.0009, 0.0155, -0.0052, -0.0035, -0.011, -0.0082, -0.0028, -0.0061, -0.0048, -0.002, -0.0081, -0.0096, -0.0012, 0.01, 0.0002, 0.0009, -0.0001, 0.0017, 0.0025, -0.0027, 0.0004, -0.001, -0.0009, -0.0041, -0.0004, -0.0024, 0.0001, -0.0013, -0.0011, -0.0008, -0.0012, -0.0012, -0.0013, -0.003, 0.0114, -0.0058, 0.0343, -0.0026, -0.0011, -0.003, -0.009, -0.0017, -0.0014, -0.0016, -0.002, 0.009, -0.0016, -0.0016, -0.0016, -0.0016, -0.0012, -0.0014, -0.0002, 0.0079, -0.0002, -0.0003, -0.0006, -0.0006, -0.0006, -0.0006, -0.0006, -0.0002, -0.0002, -0.0026, -0.0002, -0.0002, -0.0002, -0.0002, -0.0002, 0.0, 0.0, 0.0014, 0.0, 0.0, 0.0, 0.0, 0.0, 0.0, 0.0, -0.0, -0.0, -0.0, -0.0]",0.0
2026-07-22_03-09-16.mp4,1,120.0,15.0,0.008,motion,0.0,0.0,0.0,0.0,0.0,0.2629,0.763,0.44,0.2436,1.264,0.0645,,"[0.0, 0.0, 0.0, 0.0, 0.0, 0.0, -0.0, 0.0001, -0.0002, -0.0001, 0.0001, -0.0, -0.0, -0.0, -0.0, -0.0, 0.0, -0.0, -0.0, 0.0, 0.0001, 0.0001, 0.0, -0.0, -0.0, 0.0001, -0.0, -0.0, 0.0, -0.0, -0.0, -0.0, -0.0, -0.0, -0.0, -0.0, -0.0, 0.0, 0.0, 0.0, -0.0, -0.0, 0.0, 0.0, -0.0, 0.0, -0.0, 0.0, 0.0, 0.0, 0.0, -0.0001, 0.0, 0.0, 0.0, -0.0001, -0.0, -0.0, -0.0, -0.0, 0.0, -0.0, 0.0, 0.0, 0.0, -0.0, 0.0002, -0.0001, 0.0001, -0.0, -0.0, 0.0, 0.0, 0.0, 0.0, -0.0002, -0.0001, -0.0, 0.0001, -0.0, -0.0, 0.0, -0.0, 0.0, -0.0001, -0.0, -0.0, 0.0001, 0.0001, -0.0, 0.0002, -0.0, 0.0001, -0.0001, -0.0, -0.0, -0.0, -0.0, -0.0, -0.0, -0.0, -0.0, -0.0, 0.0002, 0.0, -0.0, -0.0, -0.0, -0.0, -0.0, 0.0, 0.0, -0.0001, 0.0, -0.0, 0.0, 0.0, 0.0, -0.0]",0.0
2026-07-09_19-02-46.mp4,1,120.0,15.0,0.025,motion,0.0,0.0,0.0,0.0,0.0,0.2027,2.797,0.0,0.41,0.106,0.0,,"[0.0, 0.0001, 0.0001, -0.0, 0.0002, -0.0001, 0.0, 0.0, -0.0, 0.0001, -0.0001, 0.0003, -0.0001, -0.0, 0.0, -0.0002, -0.0004, -0.0001, -0.0004, -0.001, -0.0, 0.0019, -0.0003, -0.0005, 0.0006, 0.0001, 0.0002, 0.0001, -0.0, 0.0, -0.0, 0.0, -0.0001, -0.0, -0.0, -0.0001, 0.0, 0.0002, -0.0, -0.0002, -0.0, -0.0, 0.0, 0.0, 0.0, 0.0, 0.0, 0.0, -0.0001, -0.0002, 0.0, -0.0, 0.0, 0.0, -0.0001, -0.0, 0.0, 0.0, 0.0, 0.0001, 0.0, 0.0, 0.0, 0.0, -0.0, 0.0001, -0.0, -0.0, -0.0, -0.0, -0.0, -0.0, -0.0, -0.0, -0.0, -0.0, -0.0, -0.0, -0.0, -0.0, -0.0, 0.0, 0.0, 0.0, 0.0, -0.0, 0.0, 0.0, 0.0, -0.0, -0.0, 0.0, -0.0, -0.0, -0.0001, 0.0, -0.0, 0.0, -0.0, -0.0001, 0.0, -0.0, -0.0, -0.0, 0.0002, -0.0, -0.0002, 0.0003, -0.0, 0.0, 0.0, 0.0003, 0.0001, -0.0002, -0.0004, -0.0002, -0.0, 0.0002, 0.0]",0.0
2026-07-21_12-16-13.mp4,1,120.0,15.0,0.042,motion,0.0,0.0,0.0,0.0,0.0,0.3687,2.797,0.516,0.3454,0.481,0.0618,,"[0.0, 0.0001, -0.0001, 0.0003, 0.0001, -0.0001, -0.0001, -0.0, 0.0002, -0.0, 0.0001, -0.0001, 0.0001, -0.0001, -0.001, 0.0001, -0.0002, 0.0004, -0.0001, -0.0001, -0.0, 0.0001, 0.0003, -0.0, 0.0, 0.0, 0.0, 0.0001, -0.0002, -0.0, 0.0, -0.0, 0.0, -0.0001, -0.0, -0.0005, -0.0002, -0.0004, -0.0, 0.0, 0.0, -0.0001, -0.0004, 0.0009, 0.0015, 0.0, -0.0003, 0.0001, -0.0004, 0.0009, -0.0002, -0.0001, -0.0002, 0.0002, -0.0002, -0.0004, 0.0002, 0.0, 0.0, -0.0002, -0.0, -0.0, 0.0, -0.0, -0.0003, 0.0003, 0.0004, -0.0, -0.0003, -0.0, -0.0001, 0.0001, -0.0001, 0.0003, -0.0, -0.0, 0.0, 0.0, -0.0, 0.0, -0.0, -0.0002, -0.0, 0.0, 0.0, -0.0, 0.0, 0.0, -0.0, -0.0001, -0.0, -0.0, -0.0, -0.0, -0.0, 0.0, 0.0, -0.0, -0.0, -0.0, -0.0, -0.0, -0.0, 0.0, 0.0, -0.0, 0.0, -0.0, -0.0, -0.0, -0.0, -0.0, -0.0, -0.0, -0.0, -0.0, -0.0, -0.0, -0.0]",0.0
2026-07-04_22-25-22.mp4,1,120.0,15.0,0.008,motion,0.0,0.0,0.0,0.0,0.0,0.4004,0.763,0.304,0.4018,9.584,0.11,,"[0.0, -0.0, 0.0, -0.0001, 0.0, 0.0, 0.0, 0.0, 0.0, 0.0, 0.0, 0.0, 0.0, 0.0, 0.0, 0.0, -0.0, 0.0, 0.0, 0.0, 0.0001, -0.0002, -0.0001, -0.0002, -0.0006, -0.0007, -0.0014, -0.0016, -0.0016, -0.0017, -0.002, -0.0023, -0.0029, -0.003, -0.0035, -0.005, 0.0044, -0.0026, -0.0003, 0.0123, 0.0009, 0.023, 0.0043, 0.0031, 0.002, 0.0092, 0.0077, 0.0063, 0.0263, -0.0, -0.0003, -0.0295, -0.0067, -0.0221, -0.0129, -0.008, -0.0124, -0.0037, -0.0032, -0.0006, -0.0001, 0.0017, 0.0034, 0.0014, 0.0045, 0.0035, 0.0036, 0.0049, 0.0093, -0.0002, 0.0005, 0.0006, -0.0002, -0.0, -0.0002, 0.0003, -0.0005, -0.0007, -0.0002, -0.0004, -0.0002, -0.0008, -0.0075, -0.0079, -0.0077, -0.0077, -0.0081, -0.0079, -0.0134, -0.0059, -0.0101, -0.0137, -0.007, -0.0099, -0.0099, -0.0092, 0.0087, 0.2038, 0.005, -0.0118, -0.0106, -0.0083, -0.0025, 0.0109, 0.0101, 0.009, -0.0097, -0.0098, -0.0097, -0.0097, -0.0318, -0.0097, -0.0091, -0.0117, 0.0172, 0.003, -0.0017, -0.0017, -0.0017]",0.0
2026-07-26_03-29-29.mp4,1,120.0,15.0,0.0,motion,0.0,0.0,0.0,0.0,0.0,0.45,0.763,0.34,0.3302,99.0,0.1532,,"[-0.0747, -0.0837, 0.0311, 0.1447, -0.0984, 0.0208, 0.0659, 0.2663, 0.4185, -0.0198, 0.3257, -0.0051, -0.0088, -0.0227, -0.58, 0.2137, -0.3056, 0.3443, -0.0325, -0.0287, -0.0247, 0.0049, 0.0702, 0.0179, 0.0306, 0.0007, -0.0192, -0.0699, 0.0784, -0.1384, -0.1709, -0.1874, -0.1624, -0.2529, -0.1941, -0.454, -1.1277, 0.1745, -0.8502, -0.0609, 0.6853, 0.7253, 1.3519, 0.7371, 0.9611, 0.0973, 0.698, -0.5355, 0.4415, -0.2033, 0.249, -0.1599, -0.1443, 0.0053, -0.2568, -0.2517, -0.2225, -0.192, -0.1449, -0.4859, -0.0768, -0.0671, -0.0381, -0.0426, -0.0053, 0.1967, -0.0178, -0.0127, -0.0125, -0.0047, -0.0047, -0.0047, -0.0047, 0.1142, -0.0047, -0.0167, -0.0183, -0.0167, -0.0168, -0.0164, -0.0157, 0.1348, -0.0085, -0.0084, -0.0084, -0.0084, -0.0084, -0.0084, -0.0084, -0.0045, -0.0045, -0.0045, -0.0046, -0.0056, -0.0045, -0.0045, -0.0045, 0.0001, 0.0001, 0.0001, 0.0001, 0.0001, 0.0001, 0.0001, 0.0001, 0.0001, 0.0001, 0.0001, -0.0011, -0.0, -0.0, -0.0, -0.0, -0.0, -0.0, 0.0, 0.0, 0.0, 0.0]",0.0
2026-07-03_13-00-49.mp4,1,120.0,15.0,0.0,motion,0.0,0.0,0.0,0.0,0.0,0.3337,2.797,0.319,0.473,39.799,0.1038,,"[0.024, 0.0045, -0.0472, -0.0253, -0.0235, -0.0214, -0.02, -0.0315, -0.0176, -0.0148, -0.013, 0.0648, -0.0095, -0.0144, -0.006, -0.0043, 0.0093, -0.0015, -0.0021, -0.0019, -0.002, -0.002, -0.002, -0.0032, -0.0033, -0.0044, -0.0032, -0.0007, -0.0013, -0.0015, -0.0015, -0.0015, -0.0011, -0.0011, -0.0094, 0.0033, -0.0012, -0.0012, 0.0217, -0.0012, -0.0012, -0.0012, -0.0012, 0.0158, 0.0001, 0.0001, 0.0001, 0.0001, 0.0001, 0.0001, -0.0001, 0.0011, -0.0, -0.0, 0.0005, 0.0007, 0.0007, 0.0007, 0.0007, -0.0393, 0.0013, 0.0013, 0.0013, 0.0013, 0.0013, 0.0013, 0.0013, 0.0013, 0.0013, 0.0013, 0.0013, 0.0013, 0.0014, 0.0014, 0.0011, -0.0001, 0.0, 0.0001, 0.0001, 0.0001, 0.0001, 0.0001, -0.0, -0.0007, -0.0013, -0.0013, -0.0013, -0.003, -0.004, 0.0079, -0.0056, -0.0038, -0.0027, -0.0016, -0.0016, -0.0017, -0.0016, 0.0005, 0.0205, 0.0172, -0.0015, -0.0002, 0.0031, 0.0005, -0.0021, -0.0017, -0.0025, -0.0022, -0.0023, -0.0025, -0.0026, -0.0027, -0.0028, -0.0029, -0.0023, -0.0018, -0.0019, -0.002, 0.0017]",0.0
2026-07-07_06-58-37.mp4,1,120.0,15.0,0.0,motion,0.0,0.0,0.0,0.0,0.0,0.252,2.797,0.572,0.5352,1.469,0.0858,,"[-0.0247, -0.0249, -0.0247, -0.0244, 0.162, -0.0406, 0.5777, -0.0371, -0.0746, 0.0353, -0.031, -0.025, -0.0251, -0.0251, -0.0251, -0.0251, -0.0251, -0.0253, -0.0288, -0.0261, -0.0187, -0.0124, -0.0002, -0.0015, -0.003, -0.001, -0.0002, -0.0009, -0.0004, -0.0016, -0.0013, -0.0015, -0.001, 0.1135, -0.0849, -0.0022, -0.0049, -0.001, -0.001, -0.001, -0.0005, -0.0009, -0.0011, -0.0007, -0.0009, -0.001, 0.0004, -0.0006, -0.0007, 0.003, -0.0016, -0.0005, 0.0024, -0.0022, -0.0004, -0.0013, -0.0007, -0.0006, -0.0006, -0.0007, -0.0012, -0.0389, 0.0279, 0.0043, -0.0005, 0.0577, -0.0528, 0.0193, -0.001, -0.0004, -0.0006, -0.001, -0.0013, 0.0027, 0.0038, 0.0057, 0.0054, 0.0036, 0.005, 0.0051, 0.0079, 0.0097, 0.0082, 0.0082, 0.0099, 0.0096, 0.0097, 0.0439, -0.1521, -0.0379, 0.0096, 0.0096, 0.0097, 0.0092, -0.0007, -0.0783, 0.0168, -0.0001, 0.0168, -0.0158, 0.0088, 0.0072, 0.0095, 0.0109, 0.0057, 0.0037, 0.0039, 0.004, 0.004, 0.004, 0.0036, 0.0009, 0.001, -0.0001, 0.001, 0.0002, 0.0001, 0.0, 0.0]",0.0
2026-07-08_00-06-29.mp4,1,120.0,15.0,0.017,motion,0.0,0.0,0.0,0.0,0.0,0.4342,1.78,0.558,0.6316,0.171,0.0354,,"[-0.0011, -0.0007, -0.0005, 0.0004, 0.0006, 0.0006, 0.0003, 0.0126, -0.0041, 0.0027, 0.0006, 0.0018, -0.0024, 0.0002, 0.0001, 0.0, 0.0011, -0.0002, 0.0005, -0.0002, -0.0029, -0.0003, 0.0001, -0.0067, -0.0002, 0.0001, 0.0001, 0.0002, 0.0001, 0.0014, 0.001, 0.002, 0.0007, 0.0009, -0.0001, 0.0008, 0.0007, 0.0002, 0.0004, -0.0008, -0.0001, 0.0, -0.0003, -0.0002, -0.0004, -0.0003, -0.0013, -0.0005, -0.0031, -0.0034, -0.0005, -0.0003, -0.0006, -0.0017, 0.0055, 0.0034, 0.0025, 0.0012, -0.0003, 0.001, -0.0001, 0.0011, 0.0013, 0.0012, 0.0029, 0.0108, -0.004, 0.0037, -0.0019, -0.003, -0.0022, 0.003, -0.0047, 0.0171, -0.0237, 0.0427, -0.0264, 0.0079, 0.0118, 0.0056, 0.0116, -0.0042, -0.1462, 0.2319, 0.1143, -0.0145, 0.0262, 0.0464, -0.3712, -0.1207, 0.0133, 0.013, 0.0144, 0.0148, 0.0155, 0.0171, 0.0078, -0.0105, -0.0021, 0.0167, 0.0183, 0.0174, 0.0173, 0.0179, 0.007, 0.0013, 0.0055, -0.0211, 0.01, 0.0099, 0.0012, 0.0023, 0.0023, 0.0016, 0.0001, 0.0007, -0.0007, -0.0009, -0.0014]",0.0
2026-07-02_04-05-03.mp4,1,120.0,15.0,0.008,motion,0.0,0.0,0.0,0.0,0.0,0.2672,1.78,0.573,0.1978,0.725,0.0643,,"[0.0001, 0.0019, -0.0002, 0.0, -0.0003, -0.0002, -0.0002, -0.0002, -0.0007, -0.0002, 0.0004, -0.0002, -0.0001, -0.0001, -0.0001, -0.0001, -0.0001, -0.0, -0.0, -0.0, -0.0, -0.0, -0.0, -0.0, -0.0, -0.0, 0.0001, 0.0001, 0.0001, 0.0001, 0.0001, 0.0001, 0.0001, 0.0001, 0.0001, 0.0001, 0.0001, 0.0001, 0.0001, 0.0001, -0.0004, -0.0014, 0.0, 0.0002, 0.0002, 0.0003, 0.0001, 0.0001, 0.0002, -0.0001, -0.0005, 0.0005, 0.0007, 0.0007, 0.0007, 0.0011, 0.0007, 0.0006, -0.0028, -0.0001, -0.0018, 0.004, 0.0013, -0.0005, 0.0096, 0.0123, -0.0298, -0.0046, 0.0005, 0.0015, 0.0017, 0.0012, 0.0013, 0.0021, 0.0014, 0.0001, 0.0008, 0.0014, -0.0008, -0.001, -0.0019, -0.0015, -0.0038, 0.0032, -0.0006, 0.0007, 0.0023, -0.0018, -0.0018, -0.0031, -0.0002, -0.0, 0.001, -0.0028, 0.0018, 0.001, 0.0002, -0.0011, -0.0005, -0.0009, -0.0009, -0.0013, -0.0009, -0.0012, -0.0019, -0.0022, -0.002, 0.0025, -0.0034, 0.0118, -0.0165, 0.0169, -0.0045, -0.0046, 0.0066, -0.0059, 0.0028, -0.0057, 0.0026]",0.0
2026-07-15_18-24-25.mp4,1,120.0,15.0,0.008,motion,0.0,0.0,0.0,0.0,0.0,0.4217,0.763,0.769,0.316,99.0,0.3235,,"[0.0117, -0.0054, -0.0113, -0.0108, -0.0098, -0.0102, -0.0082, -0.0074, -0.0066, -0.0058, -0.0053, -0.003, -0.0032, -0.0024, -0.0019, -0.0013, -0.0003, -0.0001, -0.0, -0.0001, -0.0, 0.0002, 0.0004, 0.0002, -0.0001, -0.0001, -0.0001, 0.0002, -0.0, -0.0, -0.0001, -0.0001, -0.0001, -0.0002, -0.0001, -0.0002, -0.0003, 0.0001, -0.0002, -0.0, -0.0, 0.0018, 0.0007, -0.0003, -0.0, -0.0001, 0.0001, -0.0, -0.0, -0.001, -0.0006, -0.0004, -0.0004, -0.0004, -0.0004, -0.0004, -0.0004, -0.0004, -0.0003, -0.0022, 0.0017, -0.001, -0.0015, 0.0006, 0.0244, -0.0163, 0.0018, -0.0003, -0.0003, -0.0001, -0.0007, -0.0002, -0.0003, -0.0003, -0.0004, -0.0004, -0.0003, -0.0003, -0.0004, -0.0003, 0.0005, -0.0001, 0.0, 0.0, 0.0, 0.0, 0.0004, -0.0016, -0.0017, -0.0019, -0.0019, -0.0029, -0.0049, -0.0056, -0.0093, -0.0198, 0.0037, 0.0259, 0.0493, 0.0495, 0.0337, 0.021, 0.0869, 0.0142, 0.0031, -0.0162, -0.0008, 0.0186, -0.0326, 0.0446, 0.2378, -0.8238, -0.7998, -0.8513, -0.1372, 0.3367, -0.1437, 0.1046, 0.227]",0.0
2026-07-07_17-44-21.mp4,1,120.0,15.0,0.0,motion,0.0,0.0,0.0,0.0,0.0,0.1422,0.763,0.58,0.4147,1.42,0.0484,,"[0.0003, 0.0003, 0.0003, 0.0003, -0.0088, 0.0003, 0.0003, 0.0003, 0.0003, 0.0003, 0.0003, 0.0003, 0.0003, 0.0003, 0.0003, 0.0003, 0.0003, 0.0003, 0.0003, 0.0003, -0.0, -0.0, -0.0, -0.0, -0.0, -0.0, -0.0, -0.0, -0.0, -0.0, -0.0, -0.0001, 0.0055, 0.0001, -0.0007, -0.0007, -0.0033, -0.0036, -0.0036, -0.0056, -0.0063, -0.0065, -0.0067, -0.0108, -0.0201, -0.0141, -0.0353, -0.1724, 0.1466, 0.0009, -0.0218, 0.0603, -0.0138, -0.0217, 0.0384, -0.0017, -0.0145, 0.0007, 0.1042, 0.2652, -0.2077, 0.7229, -1.228, 0.691, -0.0113, 0.0299, 0.0217, 0.0233, 0.0238, 0.029, 0.0356, 0.0401, -0.5545, 0.6418, 0.0475, 0.0515, -0.0494, 0.0636, -0.2527, 0.0298, -1.1591, 0.1428, 0.004, -0.0346, -0.1901, -0.0341, -0.0153, -0.1781, -0.2292, -0.0287, 0.1365, 0.143, 0.0083, 0.6194, -0.1394, 0.3466, 1.2587, -0.0667, -0.0739, -0.0749, -0.0876, -0.0278, -0.0474, -0.0519, -0.0574, -0.057, -0.0514, -0.0455, -0.0438, -0.0225, -0.0239, 0.191, -0.2907, 0.2869, 0.0558, 0.2641, -1.8266, 0.655, 0.0213]",0.0
2026-07-06_06-02-50.mp4,1,120.0,15.0,0.0,motion,0.0,0.0,0.0,0.0,0.0,0.2483,2.797,0.359,0.3609,0.101,0.0082,,"[0.0, 0.0, 0.0, -0.0002, 0.0, -0.0, 0.0, 0.0, 0.0, -0.0, 0.0, 0.0, 0.0, 0.0, -0.0001, 0.0, 0.0001, 0.0, 0.0, 0.0, 0.0, 0.0001, 0.0001, 0.0001, -0.0001, -0.0001, 0.0001, 0.0001, 0.0001, 0.0001, 0.0002, 0.0, -0.0, 0.0002, -0.0005, -0.0007, -0.0029, 0.0007, 0.0001, 0.0044, 0.0037, -0.0082, -0.0, 0.0022, -0.0013, 0.0001, -0.0008, 0.0011, 0.0015, 0.0001, 0.0, -0.0, -0.0001, -0.0002, -0.0012, 0.0001, 0.0002, -0.0001, -0.0001, 0.0005, -0.0, -0.0001, -0.0001, -0.0, 0.0, 0.0, 0.0, 0.0009, 0.0003, -0.0, -0.0031, 0.0018, 0.0001, -0.0004, -0.0, 0.0007, 0.0015, -0.0001, -0.0013, -0.0, -0.0, -0.0, -0.0, -0.0001, -0.0002, 0.0001, -0.0, 0.0, 0.0, 0.0, 0.0, 0.0009, 0.0001, -0.0002, 0.0, -0.0005, 0.0002, 0.0, 0.0, 0.0, -0.0012, 0.0, 0.0, -0.0, 0.0, -0.0001, 0.0001, 0.0001, 0.0001, 0.0002, -0.0005, 0.0018, 0.0, 0.0004, 0.0002, 0.0, 0.0008, 0.0015, -0.0004]",0.0
2026-07-03_23-04-58.mp4,1,120.0,15.0,0.0,motion,0.0,0.0,0.0,0.0,0.0,0.3099,1.017,0.552,0.3414,1.503,0.1028,,"[0.0, 0.0, -0.0, 0.0001, 0.0, -0.0, 0.0, -0.0, -0.0, -0.0, -0.0, -0.0, -0.0, -0.0, -0.0, -0.0, -0.0, -0.0, -0.0, -0.0001, 0.0, -0.0, 0.0, 0.0, 0.0, 0.0, 0.0, 0.0001, 0.0, 0.0, 0.0, -0.0001, 0.0, 0.0, 0.0, 0.0, -0.0, 0.0, 0.0, 0.0, 0.0, 0.0, 0.0, 0.0, 0.0, -0.0002, 0.0, 0.0, 0.0, 0.0001, 0.0, 0.0001, 0.0, 0.0, 0.0, 0.0, 0.0, 0.0, 0.0, -0.0001, 0.0, 0.0, 0.0, 0.0, 0.0, 0.0, 0.0, 0.0, 0.0, 0.0, 0.0, 0.0, 0.0, -0.0, -0.0, -0.0, -0.0, -0.0, -0.0, -0.0, -0.0, -0.0, -0.0, -0.0, -0.0, -0.0, -0.0001, 0.0002, 0.0001, -0.0, -0.0, -0.0, -0.0, -0.0, -0.0, -0.0, -0.0, -0.0, -0.0, 0.0001, -0.0001, 0.0, 0.0001, -0.0, -0.0, -0.0, -0.0, -0.0, -0.0, -0.0, -0.0, -0.0, -0.0001, 0.0001, -0.0, -0.0001, -0.0001, 0.0, 0.0]",0.0
2026-07-17_21-58-48.mp4,1,120.0,15.0,0.0,motion,0.0,0.0,0.0,0.0,0.0,0.31,1.78,0.575,0.1355,85.538,0.1761,,"[-0.0207, 0.0206, 0.0345, 0.0176, 0.017, 0.0156, 0.0132, -0.0152, 0.0114, 0.01, 0.0089, 0.0093, 0.0057, 0.0073, 0.0053, 0.002, 0.0003, 0.0003, 0.0007, 0.0006, 0.0007, 0.0007, 0.0006, -0.0002, -0.0003, -0.0003, -0.0004, -0.0002, 0.0045, -0.0054, 0.0002, 0.0001, 0.0004, 0.0023, 0.002, 0.002, 0.002, 0.0021, 0.0016, 0.0021, 0.002, 0.002, 0.0022, 0.0021, 0.0022, 0.0021, 0.002, 0.0044, -0.0613, -0.0002, 0.0024, 0.002, 0.002, 0.002, 0.002, 0.0019, 0.0019, 0.002, 0.0015, 0.0022, 0.002, 0.0022, 0.002, 0.0022, 0.0002, -0.0002, -0.0001, 0.0008, 0.0003, -0.0, -0.0005, 0.0003, -0.0002, -0.0, -0.0002, -0.0, -0.0004, 0.0005, -0.0, -0.0, -0.0, -0.0001, -0.0001, -0.0, -0.0, 0.0001, -0.0, -0.0, -0.0, -0.0, -0.0, -0.0, -0.0, -0.0, -0.0, -0.0, 0.0007, -0.0, -0.0, -0.0, -0.0, -0.0, -0.0, -0.0, -0.0, -0.0, -0.0, -0.0, -0.0, -0.0, -0.0, -0.0, 0.0, 0.0, 0.0, 0.0, -0.0, 0.0, 0.0]",0.0
2026-07-26_04-31-17.mp4,1,120.0,15.0,0.025,motion,0.0,0.0,0.0,0.0,0.0,0.4481,2.542,0.0,0.3914,1.433,0.0,,"[-0.0003, -0.001, -0.0, -0.0004, -0.0003, 0.007, 0.0006, -0.0001, -0.0002, -0.0004, -0.0007, -0.0001, -0.0001, 0.0005, 0.0012, -0.0013, 0.0013, 0.0001, -0.0001, -0.0007, -0.0011, 0.0005, -0.0, -0.0, -0.0006, -0.001, 0.0, -0.0002, 0.0005, 0.0014, -0.0002, -0.0006, -0.001, -0.0008, 0.0001, 0.0004, 0.0001, -0.0001, 0.0, 0.0002, -0.0001, 0.0, 0.0002, -0.0002, 0.0, 0.0001, 0.0001, 0.0001, 0.0001, 0.0003, 0.0002, -0.0004, -0.0001, 0.0002, 0.0002, 0.0, -0.0002, 0.0001, 0.0, -0.0001, -0.0, -0.0001, -0.0, -0.0001, -0.0, -0.0, -0.0, -0.0, 0.0001, 0.0001, -0.0, -0.0001, 0.0001, -0.0, -0.0, -0.0, 0.0, -0.0001, -0.0002, -0.0, -0.0, 0.0001, -0.0001, 0.0007, -0.0, -0.0, 0.0, -0.0004, 0.0003, 0.0003, 0.0, 0.0013, -0.0, 0.0005, -0.0009, 0.0004, 0.0, 0.0001, -0.0008, -0.0001, 0.0002, -0.0004, 0.0004, -0.0008, 0.0003, -0.0011, -0.0001, -0.0001, -0.0002, -0.0001, 0.0002, 0.0005, 0.0002, 0.0004, -0.0028, 0.0015, 0.0001, 0.0002, 0.0002]",0.0
2026-07-08_02-55-00.mp4,1,120.0,15.0,0.0,motion,0.0,0.0,0.0,0.0,0.0,0.2472,0.763,0.44,0.2252,0.049,0.0051,,"[-0.0025, 0.0028, 0.0022, 0.0021, 0.0019, 0.0017, 0.0016, 0.0014, 0.0012, 0.0034, 0.0009, 0.0001, 0.0006, 0.0004, 0.0003, 0.0001, -0.0001, -0.0001, -0.0001, -0.0001, -0.0001, -0.0001, -0.0001, -0.0001, -0.0001, 0.0, 0.0, -0.0, -0.0, -0.0, 0.0, 0.0, 0.0, 0.0, -0.0001, 0.0, 0.0, 0.0, 0.0, 0.0, 0.0, 0.0, 0.0, 0.0, -0.0002, -0.0001, -0.0001, -0.0001, -0.0001, -0.0001, -0.0001, -0.0001, -0.0001, -0.0001, -0.0001, -0.0001, -0.0001, -0.0001, -0.0001, 0.0048, -0.0008, -0.0001, -0.0001, -0.0001, -0.0001, -0.0001, -0.0001, -0.0001, -0.0001, -0.0001, -0.0001, -0.0001, -0.0001, -0.0001, -0.0001, -0.0001, 0.0, 0.0, 0.0, 0.0, 0.0, 0.0, 0.0, 0.0, 0.0, -0.0, 0.0, 0.0, 0.0, 0.0, 0.0, 0.0, 0.0, 0.0, -0.0, 0.0, 0.0, 0.0, -0.0002, -0.0, -0.0, -0.0, -0.0, -0.0, -0.0, -0.0, -0.0, -0.0, -0.0, -0.0, -0.0, -0.0, -0.0, 0.0, 0.0007, -0.0, -0.0, -0.0, -0.0]",0.0
2026-07-03_08-55-33.mp4,1,120.0,15.0,0.0,motion,0.0,0.0,0.0,0.0,0.0,0.401,2.542,0.285,0.3109,0.083,0.0088,,"[-0.0, 0.0004, 0.0004, 0.0005, 0.0031, -0.0021, 0.0022, 0.0011, 0.0007, 0.001, -0.0017, 0.0002, 0.0005, 0.0002, 0.0008, -0.0036, -0.0049, -0.0017, 0.0005, 0.0001, 0.0003, 0.0002, 0.0004, 0.0002, -0.0021, 0.0029, -0.0016, 0.0004, 0.0004, 0.0004, 0.0012, 0.0004, -0.0, -0.0003, -0.0002, 0.0018, 0.0003, 0.001, -0.001, 0.0006, -0.0004, -0.0, 0.0001, 0.0003, 0.0002, 0.0003, 0.0001, 0.0, 0.0001, -0.0006, -0.0004, -0.0021, -0.002, -0.0003, -0.0006, -0.0001, 0.0001, -0.0002, -0.0006, 0.0002, -0.0003, 0.0004, -0.0006, -0.0005, 0.0002, 0.0005, -0.0002, -0.0005, -0.0008, -0.0009, -0.001, -0.0021, 0.0105, 0.0043, 0.0019, -0.0008, -0.0, 0.0023, -0.0001, -0.0009, -0.0008, -0.0007, -0.0006, -0.0009, -0.0009, -0.0007, -0.0007, -0.0008, -0.0004, -0.0002, -0.0001, -0.0001, -0.0001, -0.0, 0.0, 0.0, 0.0, 0.0, 0.0, 0.0, -0.0, -0.0, -0.0, -0.0, -0.0, -0.0, 0.0, -0.0, -0.0, -0.0, -0.0, -0.0, -0.0, -0.0, -0.0, -0.0, -0.0, -0.0001, 0.0]",0.0
2026-07-18_13-28-51.mp4,1,120.0,15.0,0.0,motion,0.0,0.0,0.0,0.0,0.0,0.3677,0.763,0.634,0.2197,73.97,0.2302,,"[0.0079, 0.0076, -0.0055, -0.0127, -0.0122, -0.1168, 0.0414, 0.0096, -0.0098, -0.0093, -0.0089, -0.0302, -0.0079, -0.0075, 0.0069, 0.0078, 0.0092, 0.0232, 0.2598, 0.0198, 0.1372, 0.0195, 0.0301, -0.1272, 0.0171, 0.0199, 0.0091, 0.0085, 0.0084, -0.4224, -0.021, 0.02, -0.4003, 0.02, 0.1317, 0.0276, -0.0622, 0.0316, 0.1925, 0.0259, -0.0605, 0.3629, 0.0183, 0.015, -0.0353, -0.3019, 0.0085, 0.0107, -0.007, -0.0079, -0.0035, 0.0009, -0.0022, -0.0366, 0.0066, 0.0029, -0.0, 0.314, 0.1098, 0.1068, -0.3071, -0.0444, -0.0637, 0.1284, 0.0052, 0.0039, -0.1308, 0.0034, 0.0028, -0.0028, 0.0057, 0.0037, 0.0026, 0.0053, -0.0005, -0.0329, -0.0628, 0.0053, -0.0185, 0.0073, 0.0265, 0.0528, 0.0341, 0.0097, -0.01, -0.0329, -0.0057, 0.0003, 0.0019, 0.0034, 0.0034, 0.0018, -0.0004, -0.0005, -0.0008, -0.0015, -0.0008, 0.0005, 0.0014, 0.0017, 0.0018, 0.0303, -0.0107, -0.0006, -0.0008, -0.0052, -0.0017, -0.001, -0.0008, 0.0001, 0.0001, 0.0004, 0.0041, 0.0009, -0.0002, 0.0011, 0.0008, 0.0016, -0.0011]",0.0
2026-07-02_09-57-01.mp4,1,115.0,15.0,0.0,motion,0.0,0.0,0.0,0.0,0.0,0.5519,1.78,0.0,0.3699,0.197,0.0,,"[0.0, 0.0, 0.0, -0.0, -0.0, -0.0, -0.0, -0.0, -0.0, -0.0, -0.0, -0.0, -0.0, -0.0, -0.0, -0.0, -0.0, -0.0, 0.0, 0.0, 0.0, 0.0, 0.0, 0.0, 0.0, 0.0, 0.0, 0.0, 0.0, 0.0, 0.0, 0.0, 0.0, 0.0, 0.0, 0.0, 0.0, 0.0, 0.0, -0.0, -0.0, -0.0, -0.0, -0.0, -0.0, -0.0, -0.0, -0.0, -0.0, -0.0, 0.0, 0.0001, 0.0001, 0.0001, 0.0002, 0.0001, 0.0, 0.0001, 0.0, 0.0001, 0.0, 0.0, 0.0, 0.0, 0.0, -0.0016, -0.0017, 0.0002, -0.0002, 0.0, 0.0026, 0.0, 0.0001, 0.0001, 0.0001, 0.0001, 0.0001, 0.0001, 0.0001, 0.0001, 0.0001, 0.0, -0.0009, -0.0, -0.0001, -0.0001, 0.0, 0.0, 0.0, 0.0, 0.0, 0.0, 0.0, 0.0, 0.0, 0.0, 0.0, 0.0, -0.0, -0.0, -0.0, -0.0, -0.0, -0.0, -0.0, -0.0, -0.0, -0.0, -0.0, -0.0, -0.0, -0.0, -0.0, -0.0]",0.0
2026-07-23_17-11-22.mp4,1,120.0,15.0,0.0,motion,0.0,0.0,0.0,0.0,0.0,0.4523,2.542,0.337,0.3016,1.882,0.0996,,"[-0.0, 0.0, 0.0, 0.0, -0.0, 0.0, -0.0, 0.0, 0.0, 0.0, 0.0, 0.0, 0.0, 0.0, 0.0, 0.0, -0.0, 0.0, 0.0001, 0.0001, -0.0004, -0.0001, -0.0002, -0.0002, 0.0003, 0.0004, 0.0002, 0.0002, 0.0002, -0.0001, 0.0007, 0.0002, 0.0002, 0.0002, 0.0002, 0.0004, 0.0025, -0.0004, -0.0053, -0.0029, 0.0005, 0.0002, 0.0002, 0.0002, 0.0003, 0.0002, 0.0003, 0.0004, 0.0003, 0.0003, 0.0003, 0.0003, 0.0004, 0.0, 0.0002, 0.0001, 0.0001, 0.0001, -0.0005, -0.0008, 0.0001, -0.0014, -0.0013, -0.0003, -0.0004, -0.0004, -0.0004, -0.0004, -0.0004, -0.0004, -0.0004, -0.0004, 0.0, 0.0055, -0.0005, -0.0005, -0.0005, -0.0, 0.0054, 0.0041, -0.0005, -0.0006, -0.0006, -0.0006, -0.0006, -0.0006, -0.0006, -0.0005, -0.0004, -0.0004, -0.0003, -0.0002, -0.0003, -0.0003, -0.0001, 0.0, 0.0001, 0.0003, 0.0003, 0.0001, 0.0003, 0.0003, 0.0003, -0.0003, 0.0007, -0.005, 0.0003, 0.0052, -0.0005, 0.0003, 0.0003, -0.0009, -0.0056, 0.0005, 0.0003, -0.0006, 0.0009, 0.0006, 0.0003]",0.0
2026-07-01_16-28-51.mp4,1,120.0,15.0,0.0,motion,0.0,0.0,0.0,0.0,0.0,0.3755,1.525,0.337,0.3836,5.968,0.1082,,"[-0.0006, 0.0007, 0.001, 0.0005, 0.0009, 0.0008, 0.0009, 0.0018, -0.0037, -0.0059, 0.0004, 0.0046, 0.0006, -0.0, 0.0021, 0.0005, 0.0, -0.0, -0.0006, -0.001, 0.0001, -0.0002, 0.0001, 0.0005, 0.0004, 0.0003, -0.0007, 0.0001, 0.0001, 0.001, 0.0003, 0.0009, -0.0012, 0.0137, -0.0053, 0.0015, -0.0055, -0.0063, 0.0005, -0.0026, 0.0009, 0.0007, -0.0, 0.0016, 0.0006, 0.001, 0.0011, 0.0009, 0.0008, 0.0012, -0.0032, -0.0026, -0.0005, -0.0006, -0.0001, -0.0016, 0.0007, -0.0016, -0.0056, -0.0021, 0.0005, 0.0005, 0.0054, 0.0005, 0.0034, 0.0021, -0.0018, 0.0005, -0.0, -0.0, 0.0005, -0.0006, -0.0005, -0.0, -0.0002, 0.0005, 0.0, -0.0004, 0.0001, 0.0011, 0.0016, 0.001, -0.0015, 0.0002, -0.0006, -0.0002, -0.0002, -0.0009, 0.0008, -0.0002, -0.0006, -0.0006, 0.0013, -0.0002, -0.0004, -0.0, 0.0006, 0.0003, -0.0002, -0.0, -0.0002, -0.0003, 0.0002, -0.0002, 0.0005, 0.0002, 0.0001, 0.0002, 0.0001, 0.0002, 0.0002, 0.0002, 0.0001, 0.0007, 0.0012, 0.0004, 0.0004, 0.001, -0.0006]",0.0
2026-07-23_16-37-35.mp4,1,120.0,15.0,0.0,motion,0.0,0.0,0.0,0.0,0.0,0.24,2.542,0.3,0.2909,0.088,0.0058,,"[-0.0002, 0.0007, 0.0005, 0.0002, 0.0001, 0.0001, 0.0001, 0.0001, 0.0001, 0.0001, 0.0001, 0.0, 0.0, 0.0, -0.0, -0.0001, -0.0003, 0.0001, -0.0001, 0.0, -0.0, -0.0001, -0.0004, -0.0003, 0.0005, -0.0005, -0.0004, -0.0001, -0.0001, 0.0009, 0.0009, 0.0004, 0.0007, 0.0001, 0.0, -0.0, 0.0002, 0.0001, -0.0005, 0.0002, 0.0002, -0.0004, 0.0003, -0.0007, -0.0012, -0.0003, -0.0001, -0.0, 0.0004, 0.001, -0.0006, 0.0, 0.0, -0.0002, 0.0001, -0.0003, 0.0005, 0.0001, 0.0004, -0.0003, 0.0, -0.0, -0.0001, -0.0001, 0.0002, -0.0001, -0.0002, -0.0001, -0.0002, -0.0009, -0.0006, -0.0007, -0.0002, 0.002, -0.0022, -0.0004, 0.0005, 0.0021, -0.0002, -0.0003, -0.0003, -0.0002, 0.0003, 0.0001, -0.0001, -0.0003, -0.0002, -0.0001, 0.0023, 0.0124, -0.0081, -0.0007, -0.0007, -0.0028, 0.0014, -0.0004, -0.0004, -0.001, -0.0005, -0.0003, -0.0004, 0.0011, -0.0002, -0.0004, -0.0003, 0.0012, -0.0002, -0.0002, -0.0002, -0.0003, 0.0004, 0.0001, 0.0001, 0.0004, -0.0, 0.0002, 0.0001, -0.0004, -0.0]",0.0
2026-07-02_01-25-13.mp4,1,120.0,15.0,0.0,motion,0.0,0.0,0.0,0.0,0.0,0.4715,0.763,0.308,0.1452,3.189,0.1104,,"[0.0003, 0.0002, -0.0002, -0.0002, -0.0002, -0.0002, 0.0036, -0.0001, -0.0001, 0.0003, -0.0001, -0.0038, -0.0001, -0.0, -0.0, -0.0, -0.0025, 0.0001, 0.0001, 0.0001, 0.0001, 0.0005, 0.0002, 0.0002, 0.0002, 0.0001, 0.0011, 0.0005, -0.0008, 0.0001, 0.0003, 0.0005, -0.0014, -0.0001, 0.0001, -0.0001, 0.0002, -0.0001, -0.0006, -0.0001, -0.0001, -0.0, 0.0002, 0.0002, 0.0004, 0.0003, 0.0014, 0.0024, 0.0028, 0.0028, 0.0036, 0.0036, 0.0044, 0.0039, 0.0043, 0.0033, -0.0012, -0.0021, -0.0031, -0.0025, -0.0214, -0.021, -0.0158, -0.0068, -0.0474, -0.0055, -0.0106, -0.0216, 0.001, -0.0026, 0.0216, 0.1333, 0.0178, 0.0003, 0.0001, 0.0002, 0.0013, 0.0022, 0.0035, -0.0046, -0.0038, -0.006, -0.0052, -0.0073, -0.0071, -0.007, -0.0059, -0.0012, -0.0013, -0.0004, 0.0003, -0.0002, 0.0, 0.001, 0.0015, 0.0014, 0.0012, 0.0005, 0.002, 0.0012, 0.0012, 0.0011, 0.0012, 0.0012, 0.0012, -0.0213, 0.0012, -0.0122, 0.0012, 0.0012, 0.0012, 0.0012, 0.0012, -0.0011, 0.0012, 0.0012, 0.0014, 0.0012, 0.0012]",0.0
2026-07-06_18-30-24.mp4,1,120.0,15.0,0.0,motion,0.0,0.0,0.0,0.0,0.0,0.3429,1.78,0.094,0.2929,16.556,0.0303,,"[0.0001, -0.0003, -0.0004, 0.0005, -0.0004, 0.0002, -0.0002, -0.0002, 0.0005, -0.0005, 0.0003, 0.0007, -0.0001, -0.0001, -0.0, -0.0001, -0.0, 0.0003, -0.0017, 0.0, 0.0002, -0.0, 0.0007, -0.0, 0.0002, -0.0013, 0.0003, -0.0002, -0.0001, 0.0001, 0.0001, 0.0, 0.0003, 0.0001, 0.0, 0.0, 0.0, 0.0, 0.0, 0.0, 0.0, 0.0, 0.0, -0.0001, -0.0, -0.0, -0.0, -0.0, 0.0, 0.0, 0.0, 0.0, 0.0, 0.0, 0.0, 0.0, 0.0, -0.0, 0.0002, 0.0002, 0.0003, -0.0007, -0.0, -0.0004, -0.0, -0.0, -0.0, -0.0, -0.0, -0.0, -0.0, -0.0, 0.0008, -0.0, -0.0, -0.0, 0.0, -0.0, -0.0, -0.0, -0.0, -0.0, -0.0, -0.0, -0.0, -0.0, -0.0, -0.0, 0.0, 0.0, 0.0, -0.0001, -0.0002, 0.0, 0.0001, 0.0001, 0.0, -0.0, 0.0, -0.0, -0.0, -0.0, -0.0, -0.0, -0.0, -0.0, -0.0, -0.0, -0.0, -0.0, -0.0, -0.0, 0.0002, -0.0001, 0.0001, -0.0, -0.0, -0.0, -0.0]",0.0
2026-07-10_14-18-37.mp4,0,0.0,0.0,0.0,tooshort,0.0,0.0,0.0,0.0,0.0,0.0,0.0,0.0,0.0,0.0,0.0,,,
2026-07-05_18-22-00.mp4,1,120.0,15.0,0.583,lips,0.4355,0.763,1.375,0.494,0.0108,0.1915,0.763,0.577,0.5581,0.0,0.0,"[-1.0, -1.0, -1.0, -1.0, -1.0, -1.0, -1.0, -1.0, -1.0, -1.0, -1.0, -1.0, -1.0, -1.0, -1.0, 0.021, 0.04, 0.05, 0.023, 0.03, 0.035, 0.029, -1.0, 0.039, 0.038, 0.032, 0.03, 0.031, 0.014, 0.03, -1.0, -1.0, -1.0, -1.0, -1.0, -1.0, -1.0, -1.0, -1.0, 0.011, 0.026, 0.025, 0.033, 0.01, 0.042, 0.038, 0.039, 0.04, 0.019, 0.019, 0.025, 0.027, 0.03, 0.012, -1.0, 0.034, 0.032, 0.023, 0.013, 0.027, 0.033, -1.0, -1.0, -1.0, -1.0, 0.01, 0.028, 0.024, 0.007, 0.029, 0.03, 0.024, 0.025, -1.0, 0.027, 0.037, 0.045, 0.041, 0.014, 0.028, 0.02, 0.018, 0.017, 0.015, 0.026, -1.0, 0.014, 0.031, 0.01, 0.031, 0.041, 0.041, -1.0, -1.0, 0.029, 0.029, -1.0, -1.0, -1.0, 0.026, 0.046, 0.045, -1.0, 0.012, 0.03, 0.046, 0.055, -1.0, -1.0, -1.0, -1.0, -1.0, -1.0, -1.0, -1.0, -1.0, 0.042, -1.0, -1.0, -1.0]","[0.0001, -0.0, -0.0, 0.0, 0.0, 0.0001, 0.0, 0.0, 0.0, 0.0, 0.0001, 0.0, 0.0002, 0.0001, -0.0008, 0.0001, 0.0001, -0.0014, 0.0006, 0.0001, 0.0001, 0.0001, -0.0001, 0.0001, 0.0001, 0.0001, 0.0001, -0.0, -0.0001, 0.0002, 0.0002, 0.0001, 0.0002, -0.0003, 0.0001, 0.0001, 0.0, -0.0, 0.0001, -0.0008, 0.0001, 0.0001, -0.0009, 0.0002, 0.0, 0.0001, 0.0001, -0.0001, 0.0001, 0.0004, 0.0001, 0.0001, -0.0, 0.0001, 0.0, -0.0, 0.0, 0.0001, -0.0001, -0.0, -0.0002, 0.0002, 0.0002, -0.0, -0.0, 0.0001, 0.0, -0.0, 0.0, 0.0001, 0.0, 0.0, -0.0002, 0.0001, -0.001, 0.0003, -0.0, -0.0003, 0.0006, 0.0001, 0.0, 0.0, 0.0002, -0.0001, 0.0, -0.0, 0.0, 0.0001, -0.0, 0.0, -0.0, 0.0, -0.0001, 0.0, -0.0, -0.0, -0.0, 0.0, 0.0001, -0.0001, -0.0001, -0.0, -0.0, 0.0002, -0.0, 0.0, 0.0, -0.0, 0.0001, -0.0, -0.0, -0.0, -0.0001, -0.0001, -0.0, -0.0, -0.0, -0.0001, 0.0]",0.0
2026-07-09_14-39-24.mp4,1,120.0,15.0,0.0,motion,0.0,0.0,0.0,0.0,0.0,0.3648,0.763,0.5,0.3133,0.017,0.0031,,"[0.0003, -0.0002, -0.0011, -0.0002, -0.0002, -0.0002, -0.0002, 0.0, -0.0, -0.001, -0.0006, 0.0001, 0.0001, 0.0001, 0.0009, 0.0001, 0.0002, 0.0025, 0.0002, 0.0001, 0.0001, 0.0002, -0.0058, 0.0001, 0.0001, 0.0001, 0.0001, 0.0001, 0.0001, 0.0001, 0.0001, 0.0001, 0.0001, 0.0002, 0.0002, 0.0002, 0.0002, 0.0002, -0.0002, -0.0002, -0.0002, -0.0002, -0.0002, -0.0002, -0.0001, -0.0001, 0.0003, 0.0003, 0.0003, 0.0003, 0.0003, 0.0003, 0.0003, 0.0062, 0.0003, 0.0003, 0.0003, 0.0003, 0.0003, -0.001, 0.0002, -0.0122, 0.0002, 0.0001, -0.0002, -0.0002, -0.0002, -0.0002, -0.0002, -0.0, -0.0, -0.0, -0.0, -0.0, -0.0, -0.0, -0.0, -0.0005, 0.0052, 0.0079, -0.0004, -0.0005, -0.0004, -0.0004, -0.0004, -0.0004, -0.0004, -0.0004, -0.0004, -0.0004, -0.0004, -0.0004, -0.0004, -0.0004, -0.0002, 0.0, 0.0, 0.0001, 0.0001, 0.0001, -0.0001, -0.0001, -0.0001, -0.0001, -0.0009, -0.0001, -0.0001, -0.0001, -0.0001, -0.0001, -0.0001, -0.0001, -0.0009, -0.0008, -0.0001, 0.0048, -0.0001, -0.0001, -0.0001]",0.0
2026-07-23_00-53-32.mp4,1,53.0,15.0,0.113,motion,0.0,0.0,0.0,0.0,0.0,0.3666,2.885,0.82,0.4994,1.044,0.1535,,"[0.0, -0.0001, -0.0001, -0.0001, 0.0001, -0.0001, -0.0001, 0.0012, 0.0004, -0.0001, -0.0001, -0.0004, 0.0002, -0.0004, -0.0003, -0.0001, -0.0001, -0.0003, 0.0004, -0.0001, -0.0003, -0.0003, -0.0, 0.0004, 0.0003, 0.0002, -0.0002, -0.0, 0.0005, -0.0001, -0.0, -0.0, 0.0, 0.0001, -0.0001, -0.0, -0.0, -0.0, -0.0, -0.0003, -0.0, 0.0001, 0.0001, -0.0, -0.0, -0.0, -0.0, 0.0002, 0.0, -0.0, -0.0, -0.0]",0.0
2026-07-25_07-45-06.mp4,1,120.0,15.0,0.0,motion,0.0,0.0,0.0,0.0,0.0,0.506,1.78,0.0,0.5821,1.637,0.0,,"[0.0, 0.0, 0.0, -0.0, -0.0, -0.0, -0.0, -0.0003, -0.0003, -0.0003, -0.0003, -0.0003, -0.0002, -0.0001, -0.0001, -0.0003, 0.0, 0.0003, 0.0027, 0.0007, 0.0012, 0.002, 0.0128, 0.0051, 0.0037, 0.0027, 0.002, -0.0005, 0.0003, 0.0071, 0.0058, 0.0171, 0.0178, 0.0143, 0.0085, 0.0031, -0.0072, -0.0374, -0.0228, 0.0615, 0.048, 0.0387, -0.0021, -0.0177, -0.1224, -0.2741, 0.0228, 0.0149, 0.017, 0.017, 0.0168, 0.0146, 0.0162, 0.0143, 0.016, 0.0136, 0.0148, 0.0132, 0.0085, -0.0117, 0.0251, 0.0388, 0.0617, 0.0618, 0.0614, 0.0615, 0.061, 0.0613, 0.0609, 0.0619, 0.0618, 0.0619, 0.1879, 0.1158, 0.6594, -1.2126, -0.6472, -0.6438, 0.061, 0.0622, 0.0615, 0.062, 0.0617, 0.0617, 0.0621, 0.0615, 0.0615, 0.0618, 0.0652, 0.0676, 0.0888, 0.0457, 0.0238, -0.0005, -0.0044, 0.0004, -0.0004, -0.0001, 0.0006, 0.0006, -0.0003, 0.0006, -0.0006, 0.0, 0.0002, 0.0002, 0.0, -0.0002, 0.0003, -0.0003, -0.0003, 0.0001, 0.0001, 0.0001, 0.0001, 0.0001, 0.0001, 0.0003, 0.0]",0.0
2026-07-06_09-33-30.mp4,1,120.0,15.0,0.0,motion,0.0,0.0,0.0,0.0,0.0,0.2875,0.763,0.181,0.2542,0.184,0.0081,,"[0.0, -0.0001, -0.0001, 0.0002, -0.0, -0.0, -0.0, -0.0, -0.0, -0.0002, -0.0, -0.0, 0.0, -0.0, -0.0, -0.0, -0.0, -0.0, -0.0, 0.0, 0.0, 0.0, 0.0, 0.0, 0.0, 0.0, 0.0, -0.0, 0.0, 0.0, 0.0, 0.0, 0.0, 0.0, 0.0, 0.0, 0.0, 0.0, -0.0001, 0.0, -0.0, -0.0, -0.0, -0.0, 0.0, 0.0, 0.0, 0.0, 0.0, 0.0, 0.0, 0.0001, 0.0, 0.0, 0.0, -0.0, -0.0, -0.0, -0.0, -0.0002, 0.0001, -0.0, -0.0001, -0.0, -0.0, 0.0001, -0.0002, -0.0, -0.0, -0.0, 0.0003, 0.0, 0.0, 0.0, 0.0, 0.0, 0.0, 0.0, -0.0, -0.0, -0.0, 0.0, -0.0, -0.0, -0.0, -0.0, -0.0004, 0.0, 0.0001, 0.0, 0.0, 0.0, 0.0001, 0.0, 0.0, 0.0, 0.0, 0.0, 0.0, 0.0, 0.0, 0.0, -0.0, -0.0, -0.0, -0.0, -0.0, -0.0, -0.0, -0.0, -0.0, -0.0, -0.0, -0.0, -0.0, -0.0, -0.0, -0.0, -0.0]",0.0
2026-07-10_08-29-23.mp4,1,120.0,15.0,0.008,motion,0.0,0.0,0.0,0.0,0.0,0.4012,0.763,0.575,0.4346,0.673,0.0928,,"[-0.0001, 0.0015, -0.0051, -0.0022, 0.0012, -0.0001, -0.0004, 0.0013, 0.0005, 0.0006, 0.0019, 0.0005, 0.0001, 0.0002, -0.0001, -0.0004, -0.0004, -0.0003, -0.0012, -0.0014, -0.0017, 0.0001, -0.0021, -0.0012, -0.0006, -0.0006, -0.0013, 0.0023, 0.005, 0.0017, 0.0008, 0.0041, 0.0002, 0.001, 0.0008, 0.0009, -0.0, -0.0006, -0.0006, -0.0007, -0.0006, -0.0006, -0.0007, -0.0007, -0.0006, -0.0021, 0.0007, 0.001, -0.0005, -0.0002, -0.0001, -0.0001, 0.0001, -0.0003, 0.0001, -0.0014, -0.0003, 0.0016, -0.0002, 0.0002, -0.0001, -0.0003, -0.0003, -0.0001, -0.0001, -0.0002, -0.0002, -0.0005, 0.0003, 0.0002, -0.0002, 0.0003, -0.0002, 0.0006, 0.0001, 0.0021, 0.0019, 0.001, -0.0045, 0.0006, 0.0013, -0.0002, -0.0004, -0.0003, -0.0001, -0.0001, -0.0002, 0.0, -0.0001, -0.0001, -0.0, 0.0, -0.0002, 0.0003, -0.0002, -0.0002, 0.0001, 0.0002, 0.0001, 0.0001, 0.0001, 0.0001, 0.0001, -0.0001, -0.0004, 0.0001, 0.0, -0.0002, 0.0001, 0.0002, -0.0005, 0.0001, -0.0004, 0.0002, 0.0002, -0.0011, 0.0005, 0.0003, 0.0]",0.0
2026-07-02_09-22-00.mp4,1,71.0,15.0,0.0,motion,0.0,0.0,0.0,0.0,0.0,0.3996,0.763,0.006,0.2753,1.318,0.0014,,"[0.0001, -0.0009, 0.0005, 0.0, -0.0003, 0.0008, 0.0007, -0.0015, -0.0001, -0.0001, -0.0003, -0.0014, 0.0014, -0.0003, -0.0002, -0.0002, -0.0002, -0.0002, -0.0002, 0.0, 0.0006, 0.0019, 0.0001, -0.0001, -0.0004, 0.0004, -0.0001, -0.0001, -0.0001, -0.0001, -0.0001, -0.0001, -0.0001, -0.0001, -0.0001, -0.0001, -0.0001, -0.0, -0.0, -0.0, -0.0, -0.0, -0.0, 0.0, 0.0, 0.0, 0.0, 0.0, 0.0, 0.0, 0.0, 0.0, -0.0, 0.0, -0.0, -0.0, -0.0, -0.0, -0.0, -0.0002, -0.0001, -0.0001, -0.0001, -0.0001, -0.0001, -0.0001, -0.0001, 0.0001, -0.0005, 0.0002]",0.0
2026-07-12_06-46-21.mp4,1,120.0,15.0,0.35,motion,0.0,0.0,0.0,0.0,0.0,0.3333,2.542,0.45,0.4489,0.07,0.0098,,"[-0.0377, -0.0478, -0.0399, -0.0397, -0.0253, 0.3101, 0.027, 0.0616, 0.1004, 0.3811, -0.0394, 0.0341, -0.04, -0.1463, -0.0462, 0.0833, 0.0544, -0.0382, -0.0374, -0.0367, -0.0361, -0.0249, -0.0224, -0.0197, -0.0128, -0.0016, -0.0139, 0.01, -0.0074, 0.0722, -0.303, -0.0315, -0.0717, 0.2639, -0.0072, 0.0069, 0.0075, 0.0075, 0.0048, 0.0037, 0.0041, 0.0009, 0.0003, -0.004, -0.009, -0.0339, -0.0874, -0.0072, -0.0095, -0.0012, -0.0018, -0.0041, -0.0019, 0.1015, 0.0155, -0.0002, 0.081, 0.0106, -0.0122, 0.0397, -0.011, 0.1088, -0.0883, -0.0927, -0.01, -0.0125, -0.011, -0.0102, -0.0223, -0.038, -0.0008, -0.0081, -0.0065, -0.0066, -0.0053, -0.0027, 0.0123, 0.0612, 0.0762, 0.0506, 0.0027, -0.0044, -0.0139, -0.0104, -0.0088, -0.0117, -0.0123, -0.0081, -0.0117, -0.0217, 0.002, -0.0117, -0.0209, -0.0109, -0.0065, -0.0002, -0.0455, 0.1519, 0.0078, -0.0048, -0.0101, 0.0107, 0.0037, 0.0111, -0.0239, 0.002, -0.0204, -0.004, -0.0057, -0.006, -0.0062, -0.0062, -0.0064, -0.0048, -0.0048, 0.0034, 0.005, 0.0033, 0.0018]",0.0
2026-07-02_02-25-28.mp4,1,120.0,15.0,0.842,lips,0.4804,0.763,1.0,0.421,0.0213,0.2912,1.017,0.229,0.6531,0.0,0.0,"[-1.0, 0.067, 0.055, 0.044, 0.025, 0.014, 0.016, 0.019, 0.016, -1.0, 0.064, 0.06, 0.034, 0.013, 0.031, 0.037, 0.04, -1.0, 0.053, 0.05, 0.033, 0.035, 0.035, 0.031, 0.024, 0.023, 0.031, 0.036, 0.053, 0.036, 0.049, -1.0, 0.078, -1.0, -1.0, 0.086, 0.093, -1.0, 0.065, 0.068, 0.087, 0.032, -1.0, -1.0, -1.0, 0.065, 0.056, -1.0, 0.089, -1.0, 0.089, -1.0, 0.08, -1.0, -1.0, -1.0, -1.0, -1.0, -1.0, 0.102, 0.055, 0.032, 0.044, 0.028, 0.024, 0.026, 0.02, 0.012, 0.014, 0.007, 0.008, 0.011, 0.016, 0.027, 0.027, 0.026, 0.026, 0.027, 0.027, 0.029, 0.028, 0.027, 0.03, 0.027, 0.032, 0.035, 0.04, 0.049, 0.045, 0.044, 0.041, 0.04, 0.041, 0.044, 0.045, 0.049, 0.042, 0.039, 0.038, 0.026, 0.03, 0.022, 0.035, 0.03, 0.028, 0.027, 0.027, 0.024, 0.023, 0.02, 0.011, 0.011, 0.008, 0.006, 0.011, 0.01, 0.012, 0.011, 0.006, 0.009]","[-0.0, -0.0, 0.0, 0.0001, -0.0, -0.0001, -0.0, -0.0, 0.0001, 0.0001, -0.0, -0.0, 0.0001, -0.0001, 0.0001, 0.0, -0.0, 0.0, 0.0, 0.0, 0.0, 0.0, -0.0, -0.0, 0.0001, -0.0, -0.0, 0.0, -0.0006, 0.0001, 0.0, 0.0001, 0.0, 0.0, 0.0001, 0.0001, -0.0001, 0.0, -0.0, 0.0, -0.0001, -0.0001, 0.0, 0.0, 0.0, 0.0, -0.0001, 0.0, 0.0, 0.0, 0.0, 0.0001, 0.0, 0.0001, 0.0, -0.0, -0.0, -0.0, -0.0001, 0.0001, -0.0, -0.0, -0.0, 0.0, -0.0, 0.0, 0.0, 0.0001, -0.0, 0.0001, 0.0002, 0.0, -0.0, -0.0, -0.0, -0.0, -0.0, -0.0, -0.0, -0.0, -0.0001, -0.0, -0.0001, 0.0, -0.0, -0.0, -0.0, 0.0, 0.0, -0.0, 0.0, 0.0, -0.0, -0.0, 0.0, -0.0, 0.0, -0.0, -0.0, -0.0, -0.0, -0.0, -0.0, -0.0, -0.0, -0.0, -0.0, -0.0, -0.0, -0.0, 0.0, -0.0, 0.0, 0.0001, 0.0, 0.0, -0.0, 0.0, -0.0]",0.0
2026-07-09_10-59-26.mp4,1,120.0,15.0,0.0,motion,0.0,0.0,0.0,0.0,0.0,0.41,2.542,0.573,0.3459,1.387,0.1364,,"[0.0001, -0.0005, -0.0001, -0.0, -0.0001, -0.0001, 0.0004, -0.0001, -0.0001, -0.0001, 0.0001, -0.0002, -0.0, 0.0, -0.0, -0.0, -0.0, -0.0, -0.0, 0.0001, -0.0, 0.0, -0.0001, 0.0, 0.0, 0.0, 0.0, 0.0, 0.0, 0.0, 0.0, 0.0, 0.0, 0.0, 0.0, -0.0002, -0.0002, 0.0, 0.0003, 0.0, 0.0, 0.0, 0.0, 0.0, 0.0, 0.0, 0.0, 0.0, 0.0, 0.0, 0.0, 0.0, -0.0003, 0.0, 0.0, 0.0, 0.0, 0.0, 0.0, -0.0, 0.0, 0.0, 0.0, 0.0, -0.0002, 0.0, 0.0002, 0.0, 0.0, 0.0, 0.0, 0.0, 0.0, 0.0, 0.0, 0.0, 0.0, 0.0, 0.0, 0.0, -0.0, 0.0, 0.0001, 0.0001, -0.0, 0.0, 0.0, 0.0, 0.0, 0.0, 0.0, 0.0, 0.0, 0.0, 0.0, 0.0, -0.0009, -0.0022, -0.0, 0.0031, -0.0, -0.0, -0.0, -0.0, -0.0, -0.0, -0.0, -0.0, -0.0, -0.0, -0.0003, 0.0004, 0.0, -0.0, -0.0003, 0.0, 0.0001, -0.0, -0.0]",0.0
2026-07-09_19-55-21.mp4,1,120.0,15.0,0.017,motion,0.0,0.0,0.0,0.0,0.0,0.493,1.78,0.453,0.5359,0.0,0.0001,,"[0.0, 0.0001, 0.0001, -0.0002, -0.0002, 0.0001, 0.0, 0.0002, -0.0, -0.0003, 0.0, -0.0001, 0.0002, -0.0001, -0.0004, 0.0001, 0.0001, -0.0, -0.0002, -0.0, -0.0, -0.0, -0.0001, -0.0, 0.0002, 0.0001, 0.0, 0.0006, 0.0004, -0.0001, -0.0001, -0.0001, 0.0001, 0.0001, 0.0001, 0.0001, 0.0001, 0.0001, 0.0, 0.0001, 0.0001, 0.0003, 0.0001, 0.0003, 0.0003, 0.0013, -0.0017, -0.0023, 0.0003, 0.0002, -0.0001, 0.0003, 0.0003, 0.0003, -0.0015, -0.0003, 0.0001, 0.0003, 0.0003, 0.001, -0.0001, -0.0001, -0.001, -0.001, -0.0005, 0.0001, 0.0, 0.0, 0.0007, -0.0002, -0.0002, 0.0002, 0.0003, -0.0001, 0.0003, -0.0004, 0.0026, 0.0006, -0.0002, -0.0, -0.0002, -0.0004, -0.0002, -0.0001, -0.0001, -0.0001, -0.0001, -0.0001, -0.0002, -0.0, 0.0002, -0.0001, 0.0002, -0.0, -0.0, 0.0001, 0.0001, -0.0, 0.0001, -0.0, -0.0, -0.0, -0.0, -0.0, -0.0, -0.0, -0.0, -0.0001, -0.0001, -0.0002, -0.0, 0.0, 0.0, -0.0001, -0.0, 0.0, -0.0, 0.0, 0.0]",0.0
2026-07-03_03-54-11.mp4,1,120.0,15.0,0.0,motion,0.0,0.0,0.0,0.0,0.0,0.2813,0.763,0.439,0.3594,3.282,0.0945,,"[0.0, -0.0001, -0.0, -0.0, 0.0001, -0.0, -0.0, -0.0001, -0.0002, -0.0, -0.0, -0.0, -0.0, -0.0, 0.0, -0.0, -0.0, -0.0, -0.0, 0.0002, 0.0, 0.0, -0.0001, 0.0, -0.0, -0.0, -0.0, -0.0, -0.0, -0.0, -0.0, -0.0, 0.0, -0.0, -0.0, 0.0, -0.0002, 0.0, 0.0, 0.0, 0.0, 0.0, 0.0, 0.0, 0.0, 0.0, 0.0, 0.0, 0.0, 0.0, 0.0, 0.0, 0.0, 0.0001, 0.0001, -0.0, 0.0, 0.0, 0.0, -0.0001, -0.0001, -0.0, -0.0001, 0.0, -0.0, -0.0, -0.0001, 0.0002, 0.0001, -0.0, 0.0001, -0.0, 0.0001, 0.0, 0.0, -0.0, 0.0001, 0.0, 0.0, 0.0, 0.0, 0.0, -0.0001, 0.0001, 0.0, 0.0, 0.0, -0.0, 0.0, 0.0, -0.0006, 0.0, 0.0, 0.0, 0.0, 0.0, 0.0, 0.0, 0.0, 0.0001, 0.0, 0.0, 0.0, 0.0, 0.0, 0.0, -0.0, 0.0, -0.0, 0.0, 0.0, -0.0, -0.0, -0.0, -0.0, -0.0, -0.0, -0.0, -0.0]",0.0
2026-07-20_22-55-03.mp4,1,120.0,15.0,0.0,motion,0.0,0.0,0.0,0.0,0.0,0.3157,1.525,0.483,0.301,0.117,0.016,,"[0.0, -0.0, 0.0, 0.0003, 0.0001, -0.0002, 0.0002, -0.0001, -0.0003, -0.0001, 0.0, -0.0002, 0.0001, 0.0005, -0.0005, -0.0001, -0.0001, -0.0002, 0.0, 0.0, 0.0, -0.0, 0.0, 0.0005, -0.0, -0.0, 0.0, -0.0001, -0.0, -0.0001, -0.0, -0.0001, 0.0002, 0.0, -0.0001, 0.0001, -0.0003, -0.0001, 0.0, 0.0001, 0.0002, -0.0001, 0.0, 0.0001, -0.0001, 0.0003, 0.0001, -0.0, 0.0, 0.0, -0.0001, 0.0001, 0.0, -0.0003, -0.0001, 0.0, -0.0, -0.0, -0.0001, 0.0, -0.0002, -0.0001, -0.0002, -0.0002, 0.0001, 0.0, -0.0001, 0.0, 0.0, 0.0002, 0.0001, 0.0001, 0.0, 0.0, 0.0, 0.0001, 0.0, 0.0, 0.0, 0.0, 0.0, -0.0, 0.0, 0.0, -0.0003, 0.0, -0.0002, 0.0003, -0.0, -0.0001, -0.0001, 0.0001, -0.0002, -0.0002, -0.0, 0.0, 0.0001, 0.0, 0.0, -0.0001, -0.0, 0.0001, -0.0, 0.0, -0.0002, 0.0, -0.0, 0.0007, 0.0001, -0.0003, 0.0001, -0.0, -0.0001, -0.0001, -0.0003, -0.0001, -0.0001, -0.0002, 0.0001]",0.0
2026-07-22_07-42-13.mp4,1,120.0,15.0,0.0,motion,0.0,0.0,0.0,0.0,0.0,0.224,2.542,0.542,0.1796,0.021,0.0024,,"[-0.0, 0.0, 0.0, -0.0, -0.0, 0.0, -0.0, -0.0, -0.0, -0.0, -0.0, -0.0, -0.0, 0.0, 0.0, 0.0, 0.0, 0.0, 0.0, 0.0, -0.0, 0.0, 0.0, -0.0, -0.0, -0.0, -0.0, -0.0, -0.0, -0.0, -0.0, -0.0, -0.0, 0.0, -0.0, 0.0, -0.0, -0.0, 0.0, -0.0, 0.0, -0.0, -0.0, -0.0, -0.0, -0.0, 0.0, -0.0, -0.0, -0.0, -0.0, -0.0, 0.0, -0.0, -0.0, -0.0, -0.0, -0.0, -0.0, -0.0, -0.0, -0.0, -0.0, -0.0, 0.0, -0.0, -0.0, -0.0, 0.0, -0.0, 0.0, -0.0, -0.0, -0.0, -0.0, -0.0, -0.0, 0.0, -0.0, -0.0, 0.0, -0.0, -0.0, 0.0, 0.0, 0.0, 0.0, 0.0, 0.0, 0.0, 0.0, 0.0, 0.0, 0.0, 0.0, 0.0, 0.0, -0.0, -0.0, 0.0, 0.0, 0.0, 0.0, 0.0, 0.0, 0.0, 0.0, 0.0, 0.0, 0.0, 0.0, 0.0, -0.0, 0.0, 0.0, 0.0, 0.0, 0.0, 0.0]",0.0
2026-07-04_12-42-09.mp4,1,120.0,15.0,0.0,motion,0.0,0.0,0.0,0.0,0.0,0.2755,1.525,0.499,0.1361,4.799,0.1138,,"[0.0003, -0.0002, 0.0011, 0.0001, 0.0001, 0.0001, -0.0011, -0.001, -0.0003, -0.0011, -0.0006, -0.0002, 0.0001, -0.0009, 0.0006, 0.0001, -0.0, -0.001, 0.0002, 0.0002, 0.0004, 0.0002, 0.0002, 0.0002, 0.0001, -0.0006, 0.0003, 0.0001, 0.0003, -0.0001, 0.0016, -0.0006, -0.0006, 0.0006, 0.0001, -0.0003, -0.0005, 0.0004, -0.0, 0.0004, 0.0, 0.0003, -0.0002, 0.0001, -0.0001, 0.0002, 0.0001, 0.0001, 0.0001, 0.0, -0.0001, 0.0004, 0.0001, -0.002, 0.0009, -0.0004, 0.0001, 0.0001, -0.001, -0.0, 0.0001, 0.0001, 0.0001, -0.0001, 0.0001, 0.0001, -0.0001, 0.0, 0.0, 0.0, -0.0, 0.0, 0.0, -0.0, 0.0001, -0.0001, -0.0002, -0.0002, -0.0002, -0.0005, -0.0002, 0.0002, 0.0015, -0.0002, -0.0011, 0.0012, -0.0012, -0.0004, 0.0007, -0.0002, -0.0006, 0.0038, 0.0009, 0.0004, -0.0002, -0.0002, -0.0006, -0.0005, -0.0004, -0.0, 0.0003, 0.0001, 0.0005, 0.0003, 0.0002, 0.0003, 0.0006, 0.0005, 0.0005, 0.0007, 0.0009, 0.0008, 0.0064, -0.0037, -0.0124, -0.004, 0.0006, 0.0004, 0.0005]",0.0
2026-07-10_11-16-45.mp4,1,120.0,15.0,0.0,motion,0.0,0.0,0.0,0.0,0.0,0.2083,2.542,0.293,0.5082,0.0,0.0,,"[-0.0004, 0.0044, -0.0, 0.0002, 0.0001, 0.0001, 0.0, 0.0, 0.0, -0.0, -0.0, -0.0, -0.0001, -0.0001, -0.0001, -0.0001, -0.0001, 0.0, -0.0, -0.0, -0.0, 0.0, 0.0, 0.0, 0.0, 0.0, 0.0, 0.0, 0.0, 0.0, 0.0, 0.0, 0.0, 0.0, 0.0, 0.0, 0.0, 0.0, 0.0, 0.0, 0.0, 0.0, 0.0, 0.0, -0.0, 0.0001, 0.0001, 0.0001, 0.0001, 0.0001, 0.0001, 0.0001, 0.0001, 0.0001, 0.0001, 0.0001, 0.0001, 0.0001, 0.0001, 0.0006, -0.0023, 0.0001, 0.0001, 0.0001, 0.0001, 0.0001, 0.0001, 0.0001, 0.0001, 0.0001, 0.0001, 0.0001, 0.0001, 0.0001, 0.0001, 0.0, -0.0, -0.0, -0.0, -0.0001, -0.0001, -0.0001, -0.0001, -0.0001, -0.0001, -0.0001, -0.0001, -0.0001, -0.0001, -0.0001, 0.0007, -0.0001, -0.0001, -0.0001, 0.0015, 0.0, 0.0, -0.0001, -0.0, 0.0002, -0.0, 0.0, -0.0, -0.0, -0.0, -0.0, 0.0, 0.0, 0.0, 0.0, -0.0035, 0.0003, 0.0001, 0.0011, 0.0001, 0.0003, 0.0001, 0.0001, 0.0001]",0.0
2026-07-26_00-08-55.mp4,1,120.0,15.0,0.125,motion,0.0,0.0,0.0,0.0,0.0,0.2302,0.763,0.151,0.306,3.105,0.0263,,"[-0.0, 0.0002, 0.0, 0.0, -0.0, 0.0002, 0.0, 0.0, 0.0, -0.0001, 0.0, 0.0, 0.0, 0.0, 0.0, -0.0, -0.0, -0.0, -0.0, -0.0, -0.0, -0.0, -0.0, -0.0, -0.0, -0.0, -0.0, -0.0, -0.0, -0.0, 0.0, 0.0, 0.0001, 0.0001, -0.0, 0.0, 0.0004, 0.0007, -0.0003, 0.0, -0.0001, 0.0004, -0.0006, 0.0002, 0.0, -0.0003, -0.0002, -0.0, -0.0, 0.0001, -0.0006, 0.0, 0.0001, 0.0, 0.0001, 0.0003, -0.0, 0.0002, 0.0, 0.0, -0.0002, -0.0003, 0.0, 0.0, 0.0002, -0.0, -0.0, 0.0004, -0.0005, 0.0004, -0.0002, 0.0001, -0.0, -0.0001, 0.0, 0.0, 0.0, -0.0, -0.0, -0.0, 0.0, 0.0, -0.0001, 0.0, -0.0, 0.0, -0.0001, 0.0, 0.0001, 0.0, 0.0, -0.0, 0.0, 0.0, 0.0, -0.0, 0.0, -0.0, 0.0, 0.0, -0.0, 0.0, 0.0, 0.0, 0.0, 0.0, 0.0, 0.0, -0.0, 0.0, 0.0, 0.0, 0.0, 0.0, 0.0, 0.0, 0.0, -0.0001, 0.0]",0.0
2026-07-04_09-44-10.mp4,1,52.0,15.0,0.0,motion,0.0,0.0,0.0,0.0,0.0,0.3971,2.647,0.634,0.307,0.253,0.0508,,"[-0.0, -0.0, 0.0, 0.0, 0.0, -0.0, -0.0, -0.0, -0.0, 0.0, 0.0, 0.0, 0.0, 0.0, -0.0, 0.0, 0.0, -0.0, 0.0, 0.0, 0.0, 0.0, 0.0, 0.0, -0.0001, -0.0001, 0.0, 0.0, 0.0, 0.0, 0.0, 0.0, 0.0001, 0.0, 0.0, 0.0, -0.0, 0.0, -0.0, 0.0, -0.0, -0.0, -0.0, -0.0, 0.0, -0.0, -0.0, -0.0, 0.0, 0.0, 0.0]",0.0
2026-07-07_23-56-47.mp4,1,120.0,15.0,0.0,motion,0.0,0.0,0.0,0.0,0.0,0.2783,0.763,0.333,0.2747,1.386,0.0538,,"[0.0001, -0.0, -0.0001, -0.0004, -0.0001, -0.0001, 0.0003, -0.0002, -0.0001, -0.0, -0.0, -0.0003, -0.0, -0.0001, -0.0, -0.0001, -0.0, -0.0, -0.0, 0.0001, 0.0001, 0.0, 0.0002, 0.0005, -0.0003, -0.0, -0.0, -0.0, 0.0002, -0.0001, -0.0, -0.0, -0.0, 0.0002, -0.0004, -0.0, -0.0002, -0.0, -0.0, 0.0, 0.0, 0.0, 0.0002, 0.0, 0.0, -0.0, -0.0002, 0.0001, 0.0, 0.0, 0.0, 0.0001, 0.0001, 0.0, 0.0, 0.0, 0.0, -0.0, -0.0002, -0.0003, -0.0, -0.0, -0.0, -0.0, -0.0, -0.0, -0.0, -0.0, 0.0001, -0.0, -0.0, -0.0, 0.0005, -0.0, -0.0, -0.0, -0.0, -0.0, -0.0, -0.0, -0.0, -0.0, -0.0, -0.0, -0.0, -0.0, -0.0, -0.0, -0.0, -0.0, -0.0, -0.0, -0.0, -0.0, -0.0, 0.0001, -0.0, -0.0, -0.0, -0.0, -0.0, -0.0, -0.0, -0.0, -0.0, -0.0, -0.0, -0.0, -0.0, -0.0, -0.0, 0.0, 0.0, 0.0, 0.0, 0.0, 0.0, 0.0, 0.0]",0.0
2026-07-14_11-13-16.mp4,1,120.0,15.0,0.0,motion,0.0,0.0,0.0,0.0,0.0,0.3367,0.763,0.812,0.2783,12.375,0.2529,,"[-0.0, -0.0005, -0.0, -0.0, 0.0001, 0.0001, 0.0001, 0.0, 0.0002, 0.0, 0.0, 0.0, 0.0, 0.0, 0.0, 0.0, 0.0, 0.0, 0.0, -0.0, -0.0, -0.0, -0.0, -0.0, 0.0, 0.0001, 0.0, 0.0, 0.0, 0.0, 0.0, 0.0, -0.0002, 0.0, 0.0, 0.0, 0.0, 0.0, 0.0, 0.0, -0.0001, 0.0, 0.0, 0.0, 0.0, 0.0, 0.0, 0.0, 0.0, 0.0, -0.0, 0.0, 0.0, 0.0, 0.0, 0.0, 0.0, 0.0, 0.0, -0.0006, 0.0, 0.0, 0.0, 0.0, 0.0, 0.0, 0.0, 0.0, 0.0, 0.0, 0.0, -0.0001, 0.0, 0.0, -0.0, -0.0001, 0.0001, -0.0, -0.0, -0.0, -0.0, -0.0, -0.0, -0.0, -0.0, 0.0002, -0.0, 0.0004, -0.0, 0.0001, -0.0, -0.0, -0.0, -0.0, -0.0, -0.0, -0.0, -0.0, -0.0, -0.0, -0.0, -0.0, -0.0, 0.0002, -0.0, -0.0, -0.0, -0.0, -0.0, -0.0, -0.0, -0.0, -0.0, -0.0, -0.0, -0.0, -0.0, -0.0, -0.0]",0.0
2026-07-22_21-07-36.mp4,1,120.0,15.0,0.0,motion,0.0,0.0,0.0,0.0,0.0,0.3756,2.542,0.693,0.355,37.212,0.2534,,"[-0.0001, 0.0018, -0.0005, -0.0003, 0.0, 0.0, 0.0, 0.0011, -0.0001, -0.0001, -0.0001, -0.0001, -0.0007, -0.0008, -0.0002, -0.0002, -0.0002, -0.0002, -0.0001, -0.0002, -0.0002, -0.0002, 0.0032, 0.0005, -0.0002, -0.0002, -0.0002, -0.0002, 0.0022, -0.0002, -0.0002, -0.0002, -0.0002, -0.0005, -0.0002, -0.0002, -0.0002, -0.0001, -0.0002, -0.0001, -0.0001, -0.0001, -0.0002, -0.0011, 0.0, 0.0, 0.0, 0.0, 0.0009, -0.0001, 0.0, 0.0, -0.0, 0.0, -0.0, -0.0, -0.0, 0.0004, 0.0001, -0.0007, -0.0, -0.0, -0.0001, -0.0001, -0.0, -0.0, -0.0, -0.0, 0.0003, 0.0005, -0.0, -0.0, -0.0, -0.0, -0.0002, -0.0, -0.0, 0.0001, -0.0002, -0.0, -0.0, -0.0, -0.0, 0.0001, -0.0, -0.0, 0.0, 0.0001, -0.0, -0.0002, -0.0, -0.0001, -0.0001, 0.0002, -0.0, -0.0, 0.0, 0.0003, -0.0001, -0.0, -0.0, -0.0, -0.0, -0.0001, -0.0, -0.0, -0.0, -0.0, 0.0004, -0.0, -0.0, -0.0, -0.0, 0.0001, 0.0, 0.0, 0.0, 0.0, -0.0]",0.0
2026-07-04_04-39-44.mp4,0,0.0,0.0,0.0,tooshort,0.0,0.0,0.0,0.0,0.0,0.0,0.0,0.0,0.0,0.0,0.0,,,
2026-07-17_20-39-03.mp4,1,120.0,15.0,0.0,motion,0.0,0.0,0.0,0.0,0.0,0.1531,2.034,0.918,0.2777,5.155,0.1178,,"[-0.0004, 0.0002, 0.0, 0.0001, 0.0, -0.0003, 0.0, 0.0, -0.0, -0.0, 0.0, -0.0, -0.0001, 0.0, -0.0001, 0.0111, -0.0066, -0.0031, -0.0, 0.0, -0.0, -0.0, -0.0, -0.0, 0.0012, -0.0018, 0.0, -0.0, -0.0001, -0.0, -0.0, 0.0003, 0.0001, 0.0, 0.0001, 0.0005, -0.0005, 0.0, 0.0, 0.0, 0.0001, -0.0, -0.0, 0.0001, -0.0, 0.0003, -0.0002, -0.0001, -0.0001, -0.0, 0.0, 0.0002, -0.0002, 0.0001, -0.0, 0.0, -0.0, 0.0001, 0.0, 0.0, 0.0, 0.0001, 0.0, 0.0, -0.0, -0.0, -0.0002, 0.0001, 0.0, -0.0002, 0.0, 0.0001, -0.0, -0.0, -0.0, 0.0001, -0.0, 0.0001, 0.0, 0.0002, 0.0001, 0.0001, 0.0, 0.0, -0.0, -0.0001, -0.0, -0.0, -0.0001, -0.0, -0.0003, -0.0, -0.0, 0.0001, -0.0001, 0.0001, 0.0, 0.0, 0.0001, 0.0001, 0.0002, 0.0001, 0.0001, 0.0002, 0.0002, 0.0001, -0.0, -0.0, -0.0008, -0.0007, -0.0001, -0.0001, -0.0001, -0.0001, 0.0001, 0.0001, -0.0001, -0.0001, 0.0001]",0.0
2026-07-04_20-55-11.mp4,1,62.0,15.0,0.0,motion,0.0,0.0,0.0,0.0,0.0,0.3422,1.525,0.726,0.184,0.0,0.0,,"[-0.0, 0.0, -0.0, -0.0, -0.0, -0.0, 0.0, -0.0, -0.0, -0.0, -0.0, -0.0, -0.0, -0.0, -0.0, 0.0, 0.0, 0.0, -0.0, -0.0, -0.0, -0.0, -0.0, -0.0, 0.0, 0.0, -0.0, 0.0, -0.0, 0.0, -0.0, -0.0, 0.0, -0.0, -0.0, 0.0, 0.0, -0.0, -0.0, 0.0, -0.0, -0.0, -0.0, -0.0, -0.0, -0.0, -0.0, -0.0, -0.0, -0.0, -0.0, -0.0, -0.0, -0.0, -0.0, -0.0, -0.0, -0.0, -0.0, -0.0, 0.0]",0.0
2026-07-19_23-32-24.mp4,1,120.0,15.0,0.0,motion,0.0,0.0,0.0,0.0,0.0,0.3587,2.542,0.25,0.1864,0.033,0.0029,,"[-0.0007, -0.0007, -0.0007, -0.0007, -0.0007, -0.0007, -0.0007, 0.0127, 0.008, -0.0007, -0.001, -0.001, -0.001, -0.0017, -0.001, -0.001, -0.001, -0.001, -0.001, -0.001, -0.001, -0.001, -0.001, -0.0006, -0.0003, 0.008, 0.0005, -0.0003, -0.0003, -0.0003, -0.0003, -0.0003, -0.0003, -0.0003, -0.0003, -0.0003, -0.0003, -0.0003, 0.0002, -0.0003, -0.0004, -0.0, -0.0, -0.0, -0.0005, -0.0005, -0.0005, -0.0004, -0.0004, -0.0004, -0.0004, -0.0004, -0.0004, -0.0004, -0.0004, -0.0004, -0.0004, -0.0004, -0.0001, 0.0153, 0.0002, -0.0002, -0.0046, -0.0002, -0.0001, -0.0002, -0.0001, -0.0002, -0.0002, -0.0002, -0.0002, -0.0002, -0.0003, -0.008, -0.0002, -0.0095, 0.0131, 0.0033, -0.0017, -0.0046, 0.0039, -0.003, 0.0037, -0.0001, 0.0001, 0.0002, 0.0006, 0.0002, 0.0002, -0.0001, 0.0, -0.0003, -0.0001, -0.0014, 0.0001, -0.0002, 0.0, -0.0002, 0.0, 0.0002, -0.0002, 0.0002, 0.0, 0.0, 0.0, 0.0003, 0.0, 0.0, 0.0004, -0.0, -0.0, -0.0, -0.0, -0.0, -0.0, 0.0002, -0.0, -0.0, -0.0]",0.0
2026-07-14_05-46-07.mp4,1,120.0,15.0,0.0,motion,0.0,0.0,0.0,0.0,0.0,0.414,1.271,0.483,0.3158,99.0,0.1982,,"[0.0, 0.014, -0.0134, 0.0004, 0.0001, 0.0011, 0.0026, 0.0028, 0.002, 0.0032, 0.0041, 0.0044, 0.0045, 0.0034, 0.0013, 0.0029, 0.0048, 0.0107, -0.0064, -0.0039, -0.004, -0.0675, 0.0071, 0.0071, 0.0071, -0.0401, 0.0071, 0.0381, 0.0119, 0.0578, 0.0077, -0.0684, 0.0083, 0.0094, -0.0347, -0.0008, 0.0124, -0.0266, 0.0062, 0.0061, 0.0062, 0.0035, 0.0067, -0.0014, 0.0024, 0.0018, -0.0004, -0.0014, -0.0123, -0.0063, 0.004, 0.0049, 0.005, 0.0038, 0.0035, 0.0031, -0.016, -0.0148, 0.003, -0.0007, -0.0067, 0.0003, 0.0011, 0.0023, 0.0019, 0.0015, 0.0022, 0.0021, 0.0054, 0.0105, 0.0149, 0.0014, 0.0105, -0.0002, -0.0002, -0.0119, -0.0006, -0.0002, -0.0127, -0.006, -0.0005, -0.0009, -0.0019, -0.0033, -0.0029, -0.0018, -0.0002, 0.0072, 0.0077, -0.0011, -0.0021, 0.0066, -0.0165, -0.0011, 0.0118, 0.0001, 0.0182, 0.0248, 0.0439, -0.0137, -0.0027, -0.0617, -0.0244, -0.0122, -0.0021, -0.0045, -0.0022, -0.0031, -0.0037, -0.0039, -0.0021, 0.0054, 0.0229, 0.0109, 0.0283, 0.0098, -0.0033, 0.0095, -0.0018]",0.0
2026-07-24_22-15-30.mp4,1,120.0,15.0,0.0,motion,0.0,0.0,0.0,0.0,0.0,0.2366,2.797,0.389,0.2425,1.332,0.0525,,"[-0.0001, 0.0004, -0.0001, -0.0, 0.0009, -0.0001, -0.0, -0.0001, 0.0002, 0.0004, -0.0003, -0.0, 0.0, -0.0001, 0.0002, -0.0002, 0.0, 0.0, -0.0003, -0.0002, 0.0005, 0.0001, -0.0, -0.0005, 0.0, 0.0, 0.0, -0.0004, 0.0, 0.0, 0.0, -0.0, -0.0, 0.0, -0.0, 0.0, 0.0, 0.0, 0.0, 0.0, 0.0, 0.0, 0.0, 0.0, 0.0, -0.0, -0.0003, 0.0, 0.0, 0.0, 0.0, 0.0, 0.0, 0.0, 0.0, 0.0, -0.0003, 0.0, 0.0, 0.0001, 0.0, 0.0, 0.0, 0.0, 0.0, 0.0, 0.0, 0.0, 0.0, 0.0, 0.0, 0.0, -0.0, -0.0001, 0.0, 0.0, 0.0, -0.0001, 0.0, 0.0, 0.0, 0.0001, 0.0, 0.0, 0.0, 0.0, 0.0, 0.0, -0.0002, 0.0, 0.0, 0.0, 0.0, 0.0, 0.0, 0.0, 0.0, 0.0, 0.0, 0.0, 0.0, 0.0, 0.0, 0.0, 0.0, 0.0, -0.0004, 0.0, 0.0, 0.0, 0.0, 0.0, 0.0, 0.0, 0.0, 0.0, 0.0, 0.0, 0.0]",0.0
2026-07-12_06-44-57.mp4,1,120.0,15.0,0.0,motion,0.0,0.0,0.0,0.0,0.0,0.4926,0.763,0.331,0.3559,0.624,0.0627,,"[-0.0083, -0.0249, -0.0089, -0.0096, 0.0208, 0.0142, 0.04, -0.0041, 0.0308, 0.0397, 0.0363, 0.0187, 0.0731, -0.0037, -0.0037, -0.0046, -0.0206, -0.0449, -0.035, -0.0881, -0.0874, -0.1033, -0.1002, -0.0666, -0.0598, -0.0708, -0.0894, -0.0924, -0.0898, -0.0877, -0.0859, 0.3811, -0.518, -0.4817, 1.1822, 0.6027, 0.296, 0.0409, -0.6344, -0.2972, 0.1046, 0.8243, -0.1326, -0.1353, -0.1247, 0.5961, -0.1387, -0.1333, 0.5214, 0.1391, -0.0363, -0.2906, -0.5227, -0.4193, 0.0121, -0.1242, -0.0827, -0.1233, -0.0466, -0.0236, 0.0153, 0.0676, 0.6098, 0.8821, 0.0065, 0.9248, 0.3719, 0.092, -0.3687, -0.9484, -0.2851, 0.6519, -0.5295, -0.1756, -0.534, -1.1504, -0.6535, 0.0775, 0.074, 0.0723, 0.0374, 0.0629, 0.0511, 0.0379, 0.0352, 0.046, 0.052, 0.0701, -0.0803, 0.0704, 0.0623, -0.066, -0.0399, 0.0731, 0.8114, 0.9551, -0.0939, 0.53, 0.2016, -0.399, -0.3779, -0.112, -0.102, -0.0905, -0.0921, -0.0854, 0.0287, -0.15, 0.0962, -0.0806, -0.051, -0.0175, -0.0175, 0.0025, 0.0125, 0.0024, -0.0071, -0.0075, -0.0078]",0.0
2026-07-04_16-56-54.mp4,1,120.0,15.0,0.192,motion,0.0,0.0,0.0,0.0,0.0,0.7554,1.78,0.0,0.2319,14.6,0.0,,"[0.0, -0.0005, 0.0002, 0.0001, -0.0, 0.0, 0.0001, 0.0001, 0.0001, 0.0001, 0.0001, 0.0001, 0.0001, 0.0001, 0.0001, 0.0001, 0.0001, 0.0001, 0.0001, -0.0001, -0.001, -0.0013, 0.0, 0.0003, 0.0001, 0.0001, 0.0002, -0.0005, 0.0, 0.0, 0.0001, 0.0001, -0.0001, -0.0001, 0.0, 0.0003, 0.0, 0.0014, -0.0009, 0.0004, 0.0, 0.0005, -0.0001, 0.0011, -0.0004, -0.0007, -0.0005, -0.0005, -0.0018, -0.0005, -0.0006, -0.0005, -0.0005, -0.0006, -0.0002, -0.0005, 0.0017, 0.0005, -0.0009, -0.001, 0.0007, -0.0028, -0.0083, -0.0306, -0.0378, -0.0275, -0.0125, -0.0063, -0.0084, -0.0103, -0.0099, -0.0104, -0.0095, -0.0112, -0.0105, -0.0027, 0.1444, 0.3772, 0.3306, 0.2621, -0.3186, -0.5232, -0.1732, 0.1057, -0.0196, -0.008, -0.0111, -0.0069, 0.0103, -0.004, -0.0106, -0.0099, -0.0048, 0.0075, 0.0185, 0.0274, 0.017, 0.0013, -0.0044, -0.0007, -0.001, -0.0009, -0.0009, -0.0008, -0.0002, 0.0, 0.0, 0.0, 0.0, 0.0, -0.0027, 0.0019, -0.0, 0.0, 0.0, 0.0, -0.0001, 0.0, 0.0001]",0.0
2026-07-05_16-27-39.mp4,1,63.0,15.0,0.0,motion,0.0,0.0,0.0,0.0,0.0,0.3766,2.797,0.676,0.3388,4.257,0.2061,,"[-0.0, 0.0, 0.0002, -0.0002, 0.0001, -0.0, -0.0, 0.0004, -0.0003, -0.0, -0.0004, -0.0001, 0.0001, 0.0001, -0.0007, -0.0001, -0.0001, -0.0001, 0.0012, -0.0001, -0.0003, -0.0001, 0.0006, -0.0001, -0.0001, 0.0004, -0.0002, -0.0003, 0.0001, 0.0014, -0.0002, -0.0002, -0.0002, -0.0, 0.0001, 0.0001, 0.0005, 0.0001, 0.0001, 0.0001, 0.0013, 0.0001, 0.0001, 0.0001, -0.0006, 0.0001, 0.0001, 0.0, -0.0043, -0.0015, 0.0001, 0.0001, 0.0001, 0.0002, 0.0001, 0.0012, 0.0001, 0.0003, -0.001, 0.0008, 0.0001, 0.0002]",0.0
2026-07-09_07-32-47.mp4,1,120.0,15.0,0.083,motion,0.0,0.0,0.0,0.0,0.0,0.2939,0.763,0.526,0.5941,0.237,0.0296,,"[-0.0, -0.0, -0.0, -0.0001, -0.0, -0.0, 0.0002, 0.0001, -0.0001, -0.0, 0.0001, -0.0001, -0.0, -0.0, 0.0001, 0.0002, 0.0, 0.0002, 0.0004, 0.0003, 0.0003, 0.0003, 0.0002, 0.0003, 0.0003, 0.0004, 0.0004, -0.0003, 0.0008, -0.0024, -0.0004, 0.0007, -0.0025, -0.0022, -0.0002, 0.0002, 0.0001, 0.0003, 0.0003, 0.0002, 0.0003, 0.0002, 0.0, 0.0003, 0.0003, 0.0002, 0.0002, 0.0002, 0.0002, 0.0001, 0.0, 0.0, 0.0, 0.0, -0.0, 0.0001, -0.0, -0.0, 0.0, 0.0, -0.0001, 0.0, -0.0, -0.0, 0.0001, 0.0002, -0.0002, -0.0, -0.0, -0.0001, -0.0, 0.0, -0.0, 0.0, 0.0, 0.0, -0.0, -0.0, -0.0, -0.0, -0.0001, 0.0, 0.0, -0.0, 0.0, -0.0, 0.0002, 0.0, -0.0001, -0.0001, 0.0001, -0.0, -0.0, 0.0002, -0.0, 0.0, 0.0, -0.0, 0.0, 0.0, -0.0, -0.0, -0.0, -0.0, -0.0, -0.0, -0.0, -0.0, -0.0001, -0.0001, -0.0, 0.0, 0.0001, -0.0001, 0.0001, 0.0, 0.0, 0.0, 0.0]",0.0
2026-07-01_06-38-41.mp4,1,120.0,15.0,0.025,motion,0.0,0.0,0.0,0.0,0.0,0.3987,1.78,0.632,0.4537,0.013,0.0031,,"[0.001, 0.0009, 0.0011, 0.0009, 0.001, 0.0009, 0.0009, 0.0012, 0.0008, 0.0009, 0.0009, 0.0009, 0.0013, 0.0023, -0.0049, -0.023, 0.0059, -0.0054, 0.0107, -0.0024, 0.0058, 0.0025, 0.0028, 0.0028, 0.003, 0.004, 0.0044, -0.0052, 0.0044, 0.0044, -0.0101, -0.0278, 0.004, 0.0036, 0.0037, 0.0036, 0.002, 0.0037, 0.0038, -0.0025, -0.029, -0.0079, 0.0038, 0.0034, 0.0028, 0.0034, -0.0035, 0.001, 0.0022, 0.0022, 0.0029, 0.0018, 0.0018, 0.0004, 0.002, 0.0015, 0.0011, -0.0007, 0.0005, 0.0, 0.0001, -0.0006, -0.0018, 0.0001, -0.0012, 0.0005, 0.0002, 0.0034, 0.0002, 0.0069, -0.001, 0.0002, 0.0002, 0.0002, 0.0002, 0.0002, 0.004, -0.012, 0.0001, 0.0001, -0.0021, 0.0001, 0.0001, 0.0002, 0.0002, 0.0005, 0.0004, -0.0, 0.0001, 0.0004, 0.0004, 0.0004, 0.0005, 0.0001, 0.0001, 0.0001, -0.0011, -0.0011, 0.0003, 0.0001, 0.0001, 0.0006, 0.0, 0.0, 0.0001, -0.0, 0.0, 0.0002, 0.0002, 0.0, 0.0001, 0.0, 0.0, -0.0001, -0.0, -0.0, -0.0, -0.0, -0.0]",0.0
2026-07-08_13-17-43.mp4,1,120.0,15.0,0.0,motion,0.0,0.0,0.0,0.0,0.0,0.3309,2.542,0.0,0.461,6.104,0.0,,"[0.0, -0.0, 0.0001, 0.0002, -0.0, -0.0002, -0.0001, -0.0003, -0.0, 0.0003, 0.0001, -0.0, -0.0, 0.0001, -0.0001, -0.0, -0.0001, -0.0, -0.0001, 0.005, 0.0055, 0.0268, 0.0345, 0.0135, 0.0137, 0.0139, 0.0135, 0.0137, 0.0081, 0.0174, 0.0168, 0.0129, 0.0149, 0.0143, -0.1442, 0.0, -0.6086, -0.2657, 0.6633, 0.0111, 0.014, 0.0135, 0.013, 0.014, 0.0132, 0.014, 0.0141, 0.0117, 0.0148, 0.0137, 0.0083, 0.0068, -0.0118, -0.0223, -0.0007, 0.0021, 0.0004, -0.0002, 0.0008, 0.0001, -0.0007, 0.0001, 0.0001, 0.0001, 0.0006, 0.0002, 0.0002, 0.0002, 0.0001, 0.0, -0.0001, 0.0001, -0.0, -0.0011, -0.0002, 0.0006, 0.0006, -0.0005, -0.0002, 0.0006, -0.0001, 0.0, -0.0008, 0.0, 0.0001, 0.0003, -0.0, 0.0, 0.0001, 0.0004, -0.0, 0.0002, -0.0004, -0.0008, 0.0, 0.0002, -0.0003, 0.0002, -0.0001, 0.0, 0.0001, -0.0, 0.0001, -0.0001, -0.0002, 0.0003, -0.0001, 0.0011, 0.0001, -0.0004, -0.0005, -0.0001, -0.0001, -0.0001, -0.0001, 0.0003, -0.0002, 0.0003, 0.0]",0.0
2026-07-04_11-28-03.mp4,1,120.0,15.0,0.0,motion,0.0,0.0,0.0,0.0,0.0,0.2642,2.034,0.44,0.6384,0.011,0.0013,,"[0.0003, -0.0008, 0.0002, -0.0001, -0.0003, -0.0001, 0.0002, -0.0006, -0.0005, -0.0002, 0.0004, 0.0059, 0.0029, -0.0063, -0.0031, 0.0002, 0.0002, 0.001, -0.0037, 0.0098, -0.0058, -0.003, 0.0001, -0.0005, 0.0002, -0.0001, 0.0004, 0.0006, 0.0003, -0.0001, 0.0, 0.0, -0.0001, 0.0001, -0.0, 0.0006, 0.0004, 0.0003, -0.0002, -0.0004, -0.0005, -0.0002, -0.0006, -0.0003, 0.0013, -0.0005, -0.0005, -0.0001, -0.0005, 0.0013, -0.0016, 0.0005, -0.0004, -0.0004, -0.0004, 0.0004, 0.0004, 0.0011, 0.0055, 0.0009, -0.0002, -0.0006, -0.0012, -0.0007, -0.0007, -0.0006, -0.0006, -0.0014, -0.0014, -0.0013, -0.0005, -0.0038, 0.0005, 0.0122, -0.0001, -0.0001, 0.0002, 0.0, 0.0006, -0.0, -0.0, -0.0, -0.0001, -0.0001, -0.0028, -0.0002, -0.0008, -0.0044, -0.0005, 0.0011, -0.0001, -0.0022, -0.0002, -0.0002, 0.0012, -0.0001, -0.0016, 0.0029, -0.0002, 0.0002, 0.0003, -0.0002, -0.0002, 0.007, -0.0005, -0.0004, -0.0005, 0.0007, -0.0005, -0.0005, -0.0005, -0.0005, -0.0006, -0.0004, -0.0005, -0.0005, -0.0005, 0.0012, -0.0002]",0.0
2026-07-21_01-20-14.mp4,1,120.0,15.0,0.0,motion,0.0,0.0,0.0,0.0,0.0,0.3749,1.271,0.19,0.4278,2.616,0.0516,,"[-0.0, 0.0, -0.0, 0.0, 0.0, 0.0, 0.0001, -0.0, 0.0001, 0.0, 0.0, 0.0, -0.0, 0.0, 0.0, 0.0, -0.0, 0.0, -0.0, -0.0004, 0.0, 0.0, 0.0, 0.0002, -0.0, 0.0001, 0.0, 0.0001, 0.0, 0.0, 0.0, 0.0, 0.0, 0.0, 0.0, -0.0, -0.0, -0.0, -0.0, 0.0, 0.0, 0.0, -0.0001, -0.0002, -0.0001, 0.0001, 0.0, 0.0, 0.0, 0.0, 0.0, 0.0, 0.0, 0.0001, 0.0, 0.0, 0.0, 0.0, 0.0001, 0.0, -0.0, -0.0, 0.0, 0.0, 0.0, 0.0, 0.0, 0.0, 0.0, 0.0, 0.0, 0.0, 0.0, 0.0, 0.0, 0.0, 0.0, -0.0004, 0.0, 0.0, 0.0, 0.0, 0.0, 0.0, 0.0, 0.0, 0.0, 0.0, 0.0, 0.0, 0.0, 0.0, -0.0, -0.0, 0.0, -0.0, -0.0, -0.0, -0.0, -0.0, -0.0, -0.0, 0.0001, 0.0001, -0.0, -0.0, -0.0, 0.0002, -0.0, -0.0, -0.0, -0.0, -0.0, -0.0, -0.0, -0.0, -0.0, -0.0, -0.0]",0.0
2026-07-10_21-00-55.mp4,1,120.0,15.0,0.008,motion,0.0,0.0,0.0,0.0,0.0,0.1097,2.542,0.877,0.2075,0.461,0.0303,,"[0.0, -0.0, -0.0001, -0.0, -0.0, -0.0, -0.0, -0.0, -0.0, 0.0, -0.0, -0.0, -0.0, -0.0, -0.0, 0.0001, 0.0002, -0.0, -0.0, -0.0, 0.0003, -0.0, -0.0, -0.0, -0.0, -0.0, 0.0, -0.0002, -0.0, -0.0, -0.0, 0.0, 0.0, 0.0001, -0.0, 0.0, 0.0, 0.0, 0.0, 0.0, 0.0, -0.0006, 0.0003, 0.0, 0.0, 0.0, 0.0, 0.0, 0.0, 0.0, 0.0, 0.0, 0.0, -0.0, -0.0001, 0.0001, 0.0001, 0.0001, 0.0001, 0.0002, 0.0001, 0.0001, 0.0001, 0.0001, 0.0001, 0.0001, 0.0001, 0.0001, -0.0002, 0.0023, -0.0053, 0.0014, 0.0001, 0.0001, 0.0001, 0.0001, 0.0001, 0.0, 0.0, 0.0, 0.0001, -0.0001, 0.0002, -0.0001, 0.0001, 0.0001, 0.0, -0.0, -0.0005, -0.0006, 0.0007, 0.0007, 0.0001, -0.0, -0.0001, -0.0, 0.0002, 0.0001, 0.0, 0.0, 0.0, 0.0, 0.0001, -0.0001, 0.0001, -0.0001, -0.0001, 0.0002, 0.0, 0.0004, 0.0006, 0.0015, -0.0029, 0.0006, 0.0003, 0.0003, -0.0003, -0.0002, -0.0002]",0.0
2026-07-12_14-47-00.mp4,1,120.0,15.0,0.367,motion,0.0,0.0,0.0,0.0,0.0,0.4672,2.288,0.422,0.5443,7.129,0.1728,,"[-0.0349, 0.0146, -0.0134, 0.1399, 0.1187, -0.0115, -0.0204, 0.0253, -0.028, -0.0266, -0.0295, -0.0312, -0.0289, -0.0362, -0.0399, -0.0415, -0.0425, -0.0443, -0.0286, 0.6371, 0.262, -0.03, -0.0494, -0.0296, -0.0862, -0.035, -0.0284, 0.0936, -0.0277, -0.0277, -0.0289, -0.0485, -0.0162, -0.0289, -0.0284, -0.0066, -0.152, 0.0029, 0.0022, 0.0022, 0.0003, 0.0051, -0.005, -0.0182, -0.0029, 0.035, -0.0042, -0.0054, -0.005, -0.005, -0.005, -0.005, -0.0046, -0.01, -0.01, -0.0099, 0.1546, -0.0096, -0.0096, 0.0421, 0.0059, 0.0065, 0.0089, -0.0058, 0.0022, 0.0042, 0.008, 0.0072, 0.0093, 0.0099, 0.015, 0.0134, 0.021, 0.0197, 0.0509, 0.0715, 0.0701, -0.0943, -0.0666, -0.2202, -0.0327, -0.0914, 0.0207, 0.0017, 0.0064, -0.1276, -0.0007, 0.0222, 0.0678, -0.014, -0.0224, -0.0314, -0.0028, 0.0189, 0.0394, 0.0255, 0.0247, 0.0342, 0.0159, 0.0206, 0.0134, 0.0597, 0.1422, 0.0269, 0.0155, 0.0097, 0.004, -0.0025, 0.0854, -0.2657, -0.2889, -0.0456, -0.0215, -0.0077, -0.0038, -0.0086, -0.0067, 0.0628, 0.0333]",0.0
2026-07-19_23-53-24.mp4,1,120.0,15.0,0.0,motion,0.0,0.0,0.0,0.0,0.0,0.2902,2.797,0.348,0.2961,0.076,0.0071,,"[-0.0, 0.0, 0.0, 0.0001, 0.0, 0.0, 0.0, 0.0, 0.0, 0.0, 0.0, -0.0, -0.0, -0.0, -0.0, -0.0, -0.0, -0.0, -0.0, -0.0, -0.0, -0.0, 0.0001, -0.0001, 0.0, 0.0001, 0.0, -0.0, 0.0001, -0.0, 0.0002, -0.0, -0.0, 0.0, -0.0001, -0.0, -0.0, -0.0, -0.0, -0.0, -0.0, -0.0, -0.0, -0.0, -0.0, -0.0, -0.0, -0.0, -0.0, 0.0001, -0.0, -0.0, -0.0, 0.0001, -0.0, -0.0, -0.0, 0.0, -0.0, -0.0, -0.0, -0.0, -0.0, 0.0, -0.0, -0.0, -0.0001, 0.0, 0.0001, -0.0001, -0.0, 0.0001, -0.0, 0.0, -0.0, -0.0, -0.0, 0.0002, -0.0, -0.0, -0.0, 0.0, 0.0, -0.0001, 0.0, -0.0, -0.0001, 0.0, 0.0001, -0.0001, 0.0, -0.0, 0.0, 0.0, 0.0, 0.0, -0.0005, -0.0001, 0.0001, -0.0001, 0.0001, -0.0, 0.0, 0.0, 0.0002, 0.0, 0.0, 0.0, -0.0, 0.0, 0.0, 0.0001, 0.0002, -0.0001, 0.0, -0.0001, -0.0, -0.0, -0.0]",0.0
2026-07-22_03-11-16.mp4,1,53.0,15.0,0.0,motion,0.0,0.0,0.0,0.0,0.0,0.1902,0.865,0.0,0.2581,0.173,0.0,,"[0.0001, -0.0001, -0.0, -0.0001, -0.0001, -0.0001, -0.0001, -0.0001, -0.0, -0.0, -0.0, -0.0, -0.0, -0.0, -0.0, -0.0, -0.0, -0.0, -0.0, -0.0, -0.0, -0.0, 0.0001, -0.0, -0.0, -0.0, -0.0, -0.0, -0.0, -0.0, -0.0, -0.0, -0.0, -0.0, -0.0, -0.0, -0.0, -0.0, 0.0, 0.0, 0.0, 0.0, 0.0, 0.0, 0.0, 0.0, 0.0, 0.0, 0.0, 0.0, 0.0, 0.0]",0.0
2026-07-10_05-15-13.mp4,1,120.0,15.0,0.008,motion,0.0,0.0,0.0,0.0,0.0,0.4189,1.017,0.362,0.2871,89.721,0.1498,,"[-0.0025, 0.0018, 0.0008, 0.002, 0.0012, 0.001, 0.0009, 0.0008, 0.0013, 0.0022, 0.0003, 0.0135, 0.0137, 0.0186, 0.0188, 0.0111, -0.0825, -0.0408, 0.0115, -0.0001, -0.0029, 0.0077, 0.0003, 0.0003, 0.0164, -0.0004, 0.0085, 0.0001, 0.0005, 0.0011, 0.0017, -0.0022, -0.0004, -0.002, -0.0016, -0.0022, -0.0018, -0.0015, -0.0015, 0.0225, -0.001, -0.002, -0.0017, -0.0012, -0.0015, -0.0022, -0.0031, -0.0032, -0.0032, -0.0017, -0.0032, -0.0033, -0.0033, -0.0033, -0.0033, -0.0025, 0.0278, -0.0025, -0.0027, -0.0073, 0.0193, 0.0246, -0.0027, -0.0027, -0.0027, -0.0026, -0.0026, -0.0026, -0.0026, -0.0026, -0.0027, -0.0039, -0.0012, 0.0018, -0.0029, -0.0031, -0.0024, -0.0015, -0.0015, -0.0015, -0.0015, -0.0015, -0.0015, -0.0015, -0.0015, -0.0015, 0.0385, -0.0015, -0.0014, -0.0013, -0.0013, -0.0013, -0.0013, -0.0013, -0.0015, -0.0016, -0.0016, -0.0016, -0.0016, -0.0016, -0.0016, -0.0016, -0.0003, -0.0003, -0.0003, -0.0003, -0.0003, -0.0003, -0.0003, 0.0047, 0.0054, -0.0004, -0.0004, -0.0004, -0.0004, -0.0004, -0.0004, -0.0004, -0.0004]",0.0
2026-07-05_11-10-03.mp4,1,120.0,15.0,0.0,motion,0.0,0.0,0.0,0.0,0.0,0.4277,1.525,0.079,0.5788,90.769,0.0336,,"[0.0, -0.002, -0.0015, -0.0005, -0.0023, 0.0096, 0.0, 0.0002, -0.0004, 0.0003, -0.0003, 0.0001, 0.0001, -0.0002, -0.0004, -0.0018, -0.0013, 0.0001, -0.0007, -0.0009, -0.0009, -0.0024, -0.0008, 0.0033, 0.0013, -0.0001, 0.0002, 0.0024, 0.0001, 0.0057, -0.0011, -0.0002, 0.0012, 0.0008, -0.0004, -0.0001, -0.0013, 0.0031, 0.0029, 0.0085, 0.0111, 0.0117, 0.0076, 0.0088, 0.0067, -0.015, 0.0077, 0.008, 0.0097, 0.0101, 0.0074, 0.0083, -0.1526, 0.007, -0.075, -0.0631, 0.0117, 0.1022, 0.0123, 0.0026, 0.0002, 0.0037, 0.0053, 0.0005, 0.0063, 0.0082, 0.0094, 0.0106, 0.0097, 0.0015, 0.0133, 0.0002, -0.0062, -0.0018, 0.0016, -0.0046, -0.002, 0.0039, -0.0008, -0.0017, -0.0027, 0.0027, -0.0058, -0.0005, 0.0011, 0.0071, -0.0009, -0.0019, 0.0013, 0.0011, 0.0002, -0.0009, -0.0005, -0.0005, -0.0008, -0.0006, -0.0005, -0.0003, -0.0006, -0.0004, -0.0008, 0.0002, -0.0002, -0.0, -0.0005, -0.0004, -0.0005, -0.0, 0.0002, 0.0002, 0.0001, 0.0001, 0.0, 0.0001, 0.0001, 0.0001, -0.0, 0.0002, 0.0]",0.0
2026-07-04_12-34-45.mp4,1,120.0,15.0,0.0,motion,0.0,0.0,0.0,0.0,0.0,0.254,2.797,0.0,0.2439,3.397,0.0,,"[-0.008, 0.0261, 0.0222, 0.0061, 0.0056, 0.0051, -0.0137, 0.0021, 0.0033, 0.0031, 0.0026, 0.0021, 0.0015, 0.001, 0.0005, 0.0, -0.0005, 0.0002, 0.0007, 0.0007, 0.0007, 0.0007, 0.0001, 0.0, -0.0, -0.0, -0.0, -0.0, -0.0, -0.0, -0.0, -0.0, -0.0, -0.0, -0.0, -0.0, -0.0, -0.0, -0.0, -0.0, -0.0, -0.0, 0.0, 0.0, 0.0005, 0.0005, 0.0005, 0.0005, 0.0005, 0.0005, 0.0005, 0.0005, 0.0005, 0.0005, 0.0005, 0.0005, 0.0005, 0.0005, 0.0005, -0.0143, 0.0005, 0.0005, 0.0005, 0.0005, 0.0005, 0.0005, 0.0005, 0.0005, 0.0005, 0.0005, 0.0005, 0.0005, 0.0005, 0.0019, 0.002, 0.0015, 0.0015, 0.0015, 0.0015, 0.0015, 0.0015, 0.0015, 0.0015, 0.0015, 0.004, 0.0031, 0.0031, 0.0029, -0.0416, 0.0003, 0.0025, 0.0023, 0.0023, 0.0014, 0.0023, 0.0025, 0.0025, 0.0025, 0.0025, -0.0725, 0.03, 0.0025, 0.0079, 0.005, -0.0006, 0.0133, 0.0072, 0.001, 0.001, 0.001, -0.0049, -0.0005, 0.001, 0.001, 0.0008, -0.0014, -0.0005, -0.0005, -0.0004]",0.0
2026-07-08_11-15-56.mp4,1,120.0,15.0,0.0,motion,0.0,0.0,0.0,0.0,0.0,0.2692,1.017,0.0,0.4282,1.143,0.0,,"[0.0, 0.0, 0.0, 0.0, 0.0, 0.0, 0.0, 0.0, 0.0, 0.0, 0.0, 0.0, 0.0, 0.0, 0.0, 0.0, 0.0, 0.0, 0.0, 0.0, 0.0, 0.0, 0.0, 0.0, 0.0, 0.0, 0.0, 0.0, 0.0, 0.0, 0.0, 0.0, 0.0, 0.0, 0.0, -0.0001, -0.0001, -0.0001, -0.0001, -0.0001, -0.0001, -0.0001, -0.0001, -0.0001, -0.0001, -0.0001, -0.0001, -0.0001, -0.0001, -0.0001, 0.0041, -0.0006, 0.0001, -0.0004, -0.0001, -0.0001, -0.0003, -0.0002, -0.0002, 0.0, -0.0001, -0.0002, 0.0, -0.0002, 0.0003, -0.0001, 0.0, -0.0, -0.0, -0.0, -0.0, -0.0, -0.0, -0.0002, -0.0, -0.0, -0.0, -0.0, -0.0, -0.0, 0.0, 0.0, 0.0, 0.0, 0.0, 0.0, 0.0, -0.0, 0.0, -0.0, -0.0, -0.0, -0.0, -0.0, -0.0, -0.0, -0.0, -0.0, -0.0, 0.0, 0.0, 0.0, 0.0, -0.0, -0.0, -0.0, -0.0, -0.0, -0.0, -0.0, -0.0, -0.0, -0.0, -0.0, -0.0, 0.0, 0.0, 0.0, 0.0]",0.0
2026-07-17_22-07-30.mp4,1,120.0,15.0,0.0,motion,0.0,0.0,0.0,0.0,0.0,0.4737,0.763,0.837,0.3292,0.087,0.0317,,"[-0.0, -0.0, -0.0, 0.0, 0.0002, -0.0, 0.0, -0.0, -0.0001, -0.0, -0.0, -0.0, -0.0, 0.0, -0.0, -0.0, -0.0, -0.0, 0.0, -0.0, 0.0, -0.0, -0.0, 0.0, 0.0, 0.0, -0.0, -0.0, 0.0, 0.0, 0.0, 0.0, 0.0, 0.0, 0.0, 0.0, 0.0, 0.0, -0.0001, -0.0001, -0.0001, -0.0, -0.0, -0.0001, 0.0, -0.0, -0.0, -0.0, 0.0, 0.0001, -0.0, 0.0, 0.0001, -0.0001, 0.0001, -0.0, -0.0, 0.0, -0.0, -0.0, -0.0, -0.0, -0.0, 0.0, -0.0, -0.0, -0.0, 0.0, -0.0, 0.0, -0.0, 0.0, -0.0, 0.0, 0.0, 0.0, 0.0, 0.0, 0.0, 0.0, 0.0, 0.0, 0.0, -0.0, -0.0, 0.0, -0.0001, -0.0, -0.0002, 0.0001, -0.0001, -0.0003, -0.0001, 0.0002, -0.0, 0.0002, 0.0001, 0.0002, 0.0002, 0.0002, 0.0004, 0.0003, 0.0005, 0.0, 0.0003, 0.0004, -0.0002, 0.0002, 0.0004, -0.0009, -0.0024, -0.0026, -0.0035, -0.0002, -0.0002, -0.0003, -0.0021, 0.0076, 0.0004]",0.0
2026-07-21_23-59-41.mp4,1,120.0,15.0,0.0,motion,0.0,0.0,0.0,0.0,0.0,0.288,1.78,0.364,0.3189,10.548,0.0958,,"[-0.0006, 0.0013, 0.0004, 0.0004, 0.0004, 0.0003, 0.0003, 0.0001, 0.0002, 0.0, 0.0007, -0.0005, 0.0001, 0.0017, 0.0, -0.0, -0.0001, -0.0, -0.0, -0.0002, -0.0, -0.0002, -0.0, -0.0, -0.0, -0.0, -0.0, -0.0, -0.0, 0.0, 0.0, 0.0, 0.0, 0.0, 0.0, 0.0, 0.0, 0.0, 0.0, 0.0, 0.0, 0.0, 0.0, 0.0, 0.0001, 0.0001, 0.0001, 0.0001, 0.0001, 0.0002, 0.0001, -0.0005, 0.0001, 0.0001, 0.0001, 0.0001, -0.0003, 0.0001, 0.0001, -0.0022, -0.0001, 0.0001, 0.0001, 0.0001, 0.0001, 0.0001, -0.0, 0.0001, 0.0001, 0.0001, 0.0001, 0.0001, 0.0001, 0.0001, 0.0001, 0.0, 0.0, 0.0, 0.0, 0.0, 0.0, 0.0, -0.0, 0.0, 0.0, 0.0, 0.0, 0.0, 0.0, 0.0, 0.0, 0.0, -0.0, 0.0, 0.0, 0.0, 0.0, -0.0, 0.0, 0.0, 0.0, 0.0, 0.0, 0.0, 0.0, 0.0, 0.0, 0.0, 0.0, 0.0, 0.0, 0.0, 0.0, -0.0, -0.0, -0.0, -0.0, -0.0, -0.0]",0.0
2026-07-23_08-39-28.mp4,1,120.0,15.0,0.0,motion,0.0,0.0,0.0,0.0,0.0,0.4083,1.78,0.0,0.6098,0.0,0.0,,"[0.0, 0.0001, 0.0, -0.0, -0.0001, 0.0001, -0.0, -0.0, -0.0, -0.0, -0.0001, -0.0, -0.0, -0.0, 0.0, -0.0, -0.0, -0.0, 0.0001, -0.0001, -0.0, 0.0, -0.0002, -0.0002, 0.0005, 0.0002, -0.0, 0.0001, -0.0001, -0.0, -0.0, -0.0, -0.0, -0.0, -0.0, -0.0, -0.0, 0.0, -0.0, -0.0, 0.0001, 0.0, -0.0, 0.0, -0.0, -0.0, -0.0, -0.0, -0.0, -0.0, 0.0, -0.0, -0.0, -0.0, -0.0, -0.0, 0.0, 0.0, 0.0, 0.0, 0.0, 0.0, -0.0, -0.0, -0.0, -0.0, -0.0, -0.0, -0.0, -0.0, -0.0, -0.0, -0.0, -0.0, -0.0, 0.0, 0.0, -0.0, -0.0, -0.0, -0.0, -0.0, -0.0, -0.0, -0.0, -0.0, -0.0, -0.0, -0.0, -0.0, -0.0, -0.0, 0.0, -0.0, -0.0, -0.0, -0.0, 0.0002, -0.0, -0.0, -0.0, -0.0001, -0.0, -0.0, -0.0, -0.0, -0.0, -0.0, 0.0, -0.0, -0.0, -0.0, -0.0, 0.0, 0.0, 0.0, 0.0, -0.0, -0.0]",0.0
2026-07-18_07-20-19.mp4,1,120.0,15.0,0.017,motion,0.0,0.0,0.0,0.0,0.0,0.3714,0.763,0.186,0.6472,0.0,0.0,,"[-0.0015, 0.0011, 0.0026, 0.0037, 0.0042, 0.0049, 0.0039, 0.0044, 0.0048, 0.0049, 0.0054, 0.0049, 0.009, 0.0065, -0.0084, 0.0604, -0.0749, -0.0429, -0.0284, -0.0036, -0.0215, 0.0277, -0.0023, -0.0076, 0.0012, 0.0034, 0.0043, 0.0001, 0.0045, 0.006, 0.0048, 0.0065, 0.0039, 0.0026, 0.0012, 0.0009, -0.0001, 0.0006, 0.0004, -0.0002, -0.0004, 0.0025, -0.0044, -0.001, -0.0015, 0.0007, 0.0026, -0.0031, 0.0025, -0.0032, 0.0011, 0.0076, -0.0002, -0.0009, 0.0052, 0.01, 0.001, 0.001, 0.0039, 0.0054, 0.0036, 0.0009, -0.0134, -0.0018, -0.0107, -0.006, 0.0022, -0.0041, 0.003, -0.0056, -0.0006, -0.0129, -0.0053, 0.0009, 0.0056, 0.0014, 0.0022, 0.0014, 0.0192, 0.0079, -0.0026, 0.0004, -0.007, -0.0025, -0.0003, 0.0001, 0.0005, -0.0003, -0.0005, -0.0008, -0.0005, -0.0005, -0.0003, -0.0006, 0.0001, 0.0003, -0.001, -0.0008, -0.0022, -0.004, -0.0038, -0.0037, -0.0041, -0.0041, -0.0037, -0.0043, -0.0042, -0.0038, -0.0035, -0.0026, 0.0015, 0.0183, -0.0025, 0.0356, 0.0462, -0.0047, -0.0103, 0.0083, -0.0041]",0.0
2026-07-04_05-24-43.mp4,1,120.0,15.0,0.008,motion,0.0,0.0,0.0,0.0,0.0,0.1396,0.763,0.0,0.4856,0.714,0.0,,"[-0.0, 0.0002, -0.0, -0.0002, 0.0003, 0.0001, -0.0001, -0.0003, 0.0002, -0.0004, -0.0002, 0.0003, 0.0003, -0.0005, -0.0, -0.0002, -0.0, 0.0001, -0.0001, -0.0001, -0.0015, 0.0038, -0.0001, 0.0002, -0.0001, 0.0002, -0.0005, -0.0005, 0.0001, -0.0008, 0.0004, 0.0002, -0.004, 0.006, 0.0006, 0.0002, 0.0005, 0.0006, 0.0004, 0.0006, -0.0021, 0.0006, 0.0008, 0.0005, 0.0002, 0.0006, -0.0122, -0.0001, 0.0012, -0.0011, 0.0006, 0.0006, 0.0009, 0.0004, 0.0006, 0.0007, 0.0006, 0.0007, 0.0006, 0.0005, -0.0017, 0.0017, 0.0003, 0.0001, 0.0016, -0.0001, 0.0002, -0.0003, -0.0001, -0.0009, -0.0005, 0.0002, -0.0023, 0.0004, -0.0, -0.0009, 0.0003, 0.0001, 0.0001, 0.0001, 0.0002, 0.0003, 0.0004, 0.001, -0.0005, -0.0035, 0.003, 0.0009, -0.0033, -0.0009, -0.0008, 0.0014, 0.0002, -0.0008, 0.0015, 0.0167, 0.0037, 0.0061, 0.0178, 0.0151, 0.008, 0.0085, 0.0087, 0.008, 0.008, 0.0078, 0.0086, 0.0082, 0.0083, -0.0703, -0.4578, 0.4105, -0.1272, 0.0198, 0.0083, 0.0085, 0.0085, 0.0085, 0.0085]",0.0
2026-07-08_20-39-08.mp4,1,120.0,15.0,0.008,motion,0.0,0.0,0.0,0.0,0.0,0.5411,1.78,0.143,0.355,22.612,0.0739,,"[-0.0, -0.0, -0.0005, 0.0, -0.0001, 0.0, 0.0005, -0.0001, 0.0, -0.0, 0.0004, 0.0002, 0.0003, 0.0001, 0.0, 0.0004, -0.0003, 0.0009, -0.0001, -0.0008, -0.0008, -0.0011, -0.0019, 0.0003, -0.0001, -0.0001, 0.0001, 0.0, -0.0006, -0.0038, 0.0005, -0.0041, 0.0004, 0.0156, 0.0286, -0.0054, -0.0001, -0.0029, -0.0309, -0.0016, -0.0017, -0.0005, -0.0004, -0.0006, -0.0042, -0.0007, -0.0002, -0.0018, 0.0066, -0.0003, 0.0006, 0.0037, -0.0005, 0.0077, 0.0068, -0.0009, -0.0022, -0.0023, 0.0049, -0.0002, 0.0023, -0.0016, -0.001, -0.0011, -0.0008, -0.0019, -0.0, -0.0008, 0.0005, 0.0001, -0.0005, -0.0004, -0.0008, -0.0004, -0.0008, 0.0, -0.0001, -0.0001, 0.0001, 0.0001, -0.0003, 0.0002, -0.0003, 0.0, 0.0, -0.0001, 0.0052, -0.0035, 0.0004, 0.0001, 0.0002, -0.0001, 0.0001, 0.0002, -0.0002, 0.0, 0.0004, 0.0001, -0.0005, -0.0, 0.0004, -0.0041, -0.0002, 0.0004, -0.0002, 0.0004, 0.0006, 0.0003, 0.0003, 0.0003, 0.0002, 0.0004, 0.0004, 0.0003, -0.0002, 0.0016, -0.0027, -0.0014, 0.0001]",0.0
2026-07-07_17-15-25.mp4,1,120.0,15.0,0.092,motion,0.0,0.0,0.0,0.0,0.0,0.296,2.542,0.459,0.3291,0.232,0.0255,,"[0.0001, -0.0001, 0.0003, 0.0001, -0.0001, -0.0001, 0.0002, 0.0, 0.0004, 0.0, -0.0005, 0.0004, -0.0024, 0.0009, 0.0002, -0.0001, 0.0, 0.0, -0.0001, 0.0004, -0.0003, 0.0001, 0.0001, 0.0, 0.0, 0.0, 0.0001, 0.0002, -0.0, -0.0, -0.0, 0.0001, -0.0, 0.0001, 0.0001, -0.0, -0.0, -0.0, -0.0, 0.0001, -0.0007, 0.0003, -0.0, 0.0, -0.0, -0.0, -0.0, -0.0, -0.0, 0.0, 0.0, -0.0001, 0.0, 0.0, 0.0, 0.0, 0.0, 0.0, 0.0, 0.0003, 0.0, 0.0, 0.0, 0.0, -0.0003, -0.0001, -0.0002, -0.0001, -0.0006, 0.0002, -0.0, 0.0001, 0.0001, -0.0003, 0.0002, 0.0001, 0.0, -0.0, 0.0, 0.0, 0.0, 0.0, 0.0, 0.0001, -0.0, 0.0006, -0.0001, -0.0, -0.0001, 0.0011, -0.0001, 0.0, 0.0, -0.0014, -0.0, -0.0, 0.0, 0.0, -0.0, 0.0, 0.0001, 0.0001, 0.0001, 0.0005, -0.0004, -0.0, 0.0005, 0.0006, -0.0001, 0.0001, 0.0005, 0.0005, 0.0007, 0.0006, 0.0004, 0.0004, -0.0001, 0.0019, -0.0007]",0.0
2026-07-22_23-07-51.mp4,1,120.0,15.0,0.0,motion,0.0,0.0,0.0,0.0,0.0,0.3548,2.797,0.381,0.3272,0.096,0.0119,,"[-0.0, 0.0001, 0.0002, -0.0, 0.0, 0.0, -0.0, 0.0, 0.0, 0.0, 0.0, 0.0, 0.0, 0.0, -0.0, -0.0, -0.0, 0.0, 0.0, 0.0, 0.0, -0.0001, 0.0, 0.0, 0.0, -0.0, -0.0, -0.0, -0.0, 0.0, 0.0, -0.0, -0.0, 0.0, 0.0, 0.0, 0.0, -0.0, -0.0, -0.0, 0.0, -0.0, -0.0, -0.0, 0.0, 0.0, 0.0, 0.0, 0.0, 0.0, 0.0, 0.0, 0.0, 0.0, 0.0, 0.0, 0.0, 0.0, 0.0, -0.0, 0.0, 0.0, 0.0, 0.0, 0.0, 0.0, 0.0, 0.0, 0.0, 0.0, 0.0, 0.0, 0.0, 0.0, 0.0, 0.0, 0.0, 0.0, 0.0, 0.0, 0.0, 0.0, 0.0, 0.0, 0.0, 0.0, 0.0, 0.0, 0.0, 0.0, 0.0, 0.0, 0.0, 0.0, 0.0, 0.0, 0.0, 0.0, 0.0, 0.0, 0.0, 0.0, 0.0, 0.0, 0.0, 0.0, 0.0, 0.0, 0.0, 0.0, 0.0, 0.0, 0.0, 0.0, 0.0, 0.0, 0.0, 0.0, 0.0]",0.0
2026-07-12_13-45-49.mp4,1,120.0,15.0,0.0,motion,0.0,0.0,0.0,0.0,0.0,0.3291,0.763,0.099,0.1702,1.525,0.0197,,"[-0.1299, 0.1291, 0.0715, 0.0952, 0.1031, 0.0938, 0.0931, 0.0802, -0.0237, 0.216, 0.0344, 0.2204, -0.1555, 0.0723, 0.016, -0.0097, -0.0013, -0.0021, -0.0037, -0.0042, 0.013, -0.002, -0.0037, -0.0038, -0.0064, -0.0013, -0.0001, 0.004, -0.0018, -0.0006, -0.0006, -0.0011, 0.0243, -0.0031, -0.0044, -0.0044, -0.0012, -0.0113, -0.0067, -0.0221, -0.0131, -0.013, -0.0146, -0.0149, -0.0158, -0.0161, -0.0147, -0.0147, 0.0436, 0.0296, -0.0098, -0.081, 0.3158, 0.0004, 0.0004, 0.052, -0.0068, 0.046, 0.0065, 0.0146, -0.0194, -0.0622, -0.0194, -0.1925, 0.0288, -0.0122, -0.3151, -0.0113, 0.0019, 0.0038, 0.1268, -0.004, -0.0038, -0.0177, 0.3734, 0.3639, -0.2234, -0.0312, -0.0127, -0.1338, -0.008, -0.1379, -0.0407, -0.0179, -0.0179, 0.0757, 0.0805, -0.0083, -0.0923, -0.0088, 0.1357, 0.0161, 0.009, 0.006, 0.0057, 0.0013, 0.0029, -0.0006, 0.0008, 0.0075, 0.1004, -0.2468, 0.0115, 0.0042, -0.0058, -0.0085, -0.053, -0.023, 0.0336, -0.0369, -0.0327, -0.101, -0.0832, -0.1323, -0.2811, -0.0813, -0.029, -0.1006, 0.1167]",0.0
2026-07-22_04-12-09.mp4,1,55.0,15.0,0.0,motion,0.0,0.0,0.0,0.0,0.0,0.3175,2.5,0.148,0.0764,22.542,0.0451,,"[0.0, 0.0002, -0.0008, 0.0007, -0.0002, -0.0, -0.0, -0.0, -0.0, -0.0, -0.0, -0.0, 0.0, -0.0, -0.0, -0.0, -0.0, 0.0, -0.0, 0.0, -0.0, -0.0, -0.0, -0.0, -0.0, -0.0, -0.0, -0.0, -0.0, -0.0, -0.0, -0.0001, -0.0001, -0.0001, -0.0001, -0.0001, -0.0001, -0.0001, -0.0001, 0.0009, -0.0001, -0.0001, -0.0001, -0.0001, -0.0001, -0.0001, 0.0012, -0.0001, -0.0001, -0.0001, -0.0001, -0.0001, 0.0001, -0.0001]",0.0
2026-07-16_20-57-15.mp4,1,120.0,15.0,0.0,motion,0.0,0.0,0.0,0.0,0.0,0.1366,0.763,0.252,0.3641,35.663,0.0335,,"[-0.0007, 0.0012, 0.0007, 0.0005, 0.0005, 0.0006, 0.0004, 0.0004, 0.0001, 0.0003, 0.0001, 0.0002, 0.0003, -0.0001, 0.0006, 0.0, -0.0001, 0.0001, -0.0001, -0.0, -0.0, 0.0, -0.0002, 0.0, -0.0001, -0.0001, -0.0, 0.0002, 0.0, 0.0, 0.0, 0.0001, -0.0004, 0.0007, -0.0001, 0.0004, -0.0001, -0.0001, -0.0015, 0.0016, -0.0004, -0.0001, -0.0001, -0.0001, 0.0, 0.0, 0.0003, 0.0, 0.0, -0.0, 0.0, 0.0001, 0.0001, 0.0001, 0.0, 0.0001, 0.0, 0.0003, 0.0001, -0.0022, -0.0, 0.0003, 0.0003, 0.0003, 0.0002, 0.0007, 0.0007, 0.0007, 0.0007, 0.0007, 0.0007, 0.0007, 0.0005, 0.0007, 0.0006, 0.0035, -0.0094, 0.0006, 0.0002, 0.005, -0.0144, 0.0006, 0.0006, 0.0006, 0.0006, 0.0006, 0.0006, 0.0006, 0.0006, 0.0006, 0.0006, 0.0007, 0.0004, 0.0004, 0.0003, 0.0005, 0.0, 0.0, 0.0, 0.0, 0.0, 0.0, 0.0, 0.0, 0.0, 0.0, 0.0, 0.0, 0.0, 0.0, 0.0, 0.0, 0.0, 0.0, 0.0, 0.0, 0.0, 0.0, 0.0]",0.0
2026-07-08_12-29-31.mp4,1,120.0,15.0,0.0,motion,0.0,0.0,0.0,0.0,0.0,0.4312,2.542,0.252,0.412,4.334,0.0882,,"[-0.0, 0.0001, -0.0003, 0.0002, -0.0, 0.0, -0.0, -0.0, 0.0, -0.0, -0.0, -0.0, -0.0, -0.0, 0.0002, 0.0001, 0.0, -0.0, -0.0, 0.0003, -0.0, 0.0002, -0.0, -0.0, -0.0, -0.0, -0.0002, -0.0, -0.0, -0.0, -0.0, -0.0001, -0.0, -0.0, -0.0, -0.0, -0.0007, -0.0, 0.0001, 0.0004, -0.0, -0.0002, -0.0, -0.0, 0.0007, -0.0, 0.001, -0.0, -0.0001, -0.0, -0.0, -0.0, -0.0, -0.0, -0.0, -0.0, -0.0, -0.0, -0.0, -0.0007, -0.0005, 0.0002, 0.0003, 0.0, 0.0, 0.0001, 0.0, 0.0, 0.0, 0.0, 0.0, 0.0, 0.0, 0.0, 0.0, -0.0, -0.0, -0.0, -0.0, -0.0, -0.0, 0.0, -0.0, 0.0, 0.0, 0.0, 0.0, 0.0, 0.0, 0.0, 0.0, 0.0, 0.0, 0.0, 0.0, 0.0, 0.0, 0.0, -0.0, -0.0002, 0.0, 0.0, 0.0, 0.0, 0.0, -0.0001, 0.0, 0.0, 0.0, 0.0, 0.0, 0.0, 0.0, 0.0, 0.0, 0.0, 0.0, 0.0, 0.0]",0.0
2026-07-23_08-41-10.mp4,1,120.0,15.0,0.0,motion,0.0,0.0,0.0,0.0,0.0,0.4678,1.017,0.376,0.6071,0.0,0.0,,"[0.0002, -0.0001, -0.0005, 0.0001, 0.0008, -0.0009, -0.0009, -0.0009, -0.0009, -0.0035, -0.002, -0.0031, -0.0008, -0.0009, -0.0005, -0.0008, -0.0008, 0.0206, 0.0038, 0.0006, -0.0008, -0.0008, -0.0008, -0.0008, -0.0008, -0.0009, -0.001, -0.0011, -0.0011, -0.0006, -0.001, -0.0007, -0.0005, 0.0022, -0.0, -0.0003, -0.0007, 0.0001, -0.0001, 0.0004, 0.0001, -0.0, -0.0003, -0.0001, 0.0022, -0.001, 0.0009, 0.0007, -0.0, -0.0007, -0.0, -0.0001, -0.0028, -0.0016, 0.0, 0.0001, 0.0001, 0.0001, 0.0002, -0.0002, 0.0001, 0.0001, 0.0001, 0.0002, 0.0004, 0.0001, 0.0005, 0.0001, 0.0, -0.0, -0.0, 0.0, 0.0, -0.0, 0.0, 0.0, 0.0, 0.0, 0.0, 0.0, 0.0, 0.0, 0.0, -0.0, -0.0, -0.0001, -0.001, -0.0, -0.0, -0.0001, -0.0002, -0.0005, -0.0005, -0.0005, -0.0005, -0.0005, -0.0006, -0.0003, 0.0002, -0.0005, 0.0007, -0.0007, -0.0016, -0.0008, -0.0007, 0.0053, 0.0074, -0.0009, -0.0008, -0.0008, 0.001, 0.0016, 0.0024, 0.0001, -0.0007, -0.0007, -0.0007, -0.0011, -0.0007]",0.0
2026-07-05_18-28-12.mp4,1,120.0,15.0,0.533,lips,0.5244,1.525,1.125,0.285,0.0101,0.2613,2.542,0.482,0.3829,0.0,0.0,"[0.071, 0.028, 0.009, 0.025, 0.027, 0.022, 0.041, -1.0, 0.024, 0.031, 0.024, 0.023, -1.0, 0.025, 0.028, 0.018, 0.021, -1.0, 0.019, 0.021, 0.021, -1.0, 0.018, 0.021, -1.0, 0.019, 0.017, -1.0, 0.017, 0.019, -1.0, 0.02, 0.022, -1.0, 0.021, 0.021, -1.0, 0.022, 0.019, -1.0, 0.026, 0.008, -1.0, 0.033, -1.0, 0.049, -1.0, 0.026, 0.007, 0.02, 0.019, 0.01, 0.007, 0.013, -1.0, -1.0, -1.0, -1.0, -1.0, -1.0, -1.0, -1.0, -1.0, -1.0, -1.0, -1.0, -1.0, -1.0, -1.0, -1.0, -1.0, -1.0, -1.0, -1.0, -1.0, 0.04, 0.035, 0.042, -1.0, -1.0, -1.0, 0.009, -1.0, -1.0, 0.033, -1.0, 0.025, -1.0, 0.021, -1.0, 0.021, 0.023, -1.0, 0.026, 0.037, 0.023, -1.0, 0.019, 0.017, 0.023, 0.02, 0.024, 0.028, 0.022, 0.034, 0.026, 0.028, -1.0, 0.026, -1.0, -1.0, -1.0, -1.0, -1.0, -1.0, -1.0, -1.0, -1.0, -1.0, -1.0]","[-0.0001, 0.0001, 0.0001, 0.0001, 0.0002, 0.0001, 0.0001, 0.0001, 0.0, 0.0001, 0.0, 0.0001, 0.0, 0.0001, 0.0, 0.0001, -0.0, 0.0, -0.0, -0.0, -0.0, 0.0, -0.0, -0.0, -0.0, -0.0, -0.0, -0.0, -0.0, -0.0, -0.0, 0.0, 0.0, 0.0, -0.0, -0.0, -0.0, -0.0, 0.0, 0.0, 0.0, 0.0, 0.0, 0.0, 0.0, -0.0, 0.0, 0.0, 0.0, 0.0001, 0.0, -0.0001, -0.0001, -0.0001, 0.0001, 0.0, 0.0, -0.0, -0.0, -0.0, -0.0, -0.0, 0.0, -0.0, 0.0, -0.0, 0.0, -0.0, 0.0, -0.0, 0.0, -0.0, 0.0, 0.0001, -0.0001, -0.0, -0.0, 0.0, 0.0, 0.0, -0.0, -0.0, -0.0, 0.0, 0.0, 0.0, -0.0001, -0.0, 0.0003, -0.0, -0.0, 0.0, 0.0, 0.0, 0.0, 0.0, 0.0, -0.0, 0.0, -0.0, -0.0001, -0.0001, 0.0, -0.0001, -0.0001, -0.0001, 0.0, -0.0, -0.0, 0.0, -0.0, -0.0, 0.0001, 0.0001, 0.0001, 0.0, 0.0, 0.0, -0.0]",0.0
2026-06-30_16-17-56.mp4,1,120.0,15.0,0.0,motion,0.0,0.0,0.0,0.0,0.0,0.1611,0.763,0.0,0.3374,1.552,0.0,,"[0.0009, -0.0006, -0.0004, -0.0007, -0.0006, -0.0006, -0.0031, -0.0004, -0.0004, -0.0003, -0.0003, -0.0002, -0.0002, -0.0001, -0.0, 0.0, 0.0001, 0.0001, 0.0001, 0.0001, 0.0001, 0.0001, 0.0, 0.0, 0.0, 0.0, 0.0, 0.0, 0.0, 0.0, 0.0, 0.0, 0.0, 0.0, 0.0, 0.0, 0.0, 0.0, 0.0, 0.0, 0.0, 0.0, 0.0, 0.0, 0.0, 0.0, 0.0, 0.0, 0.0, 0.0, 0.0, 0.0, 0.0, 0.0, 0.0, 0.0, 0.0, 0.0, 0.0, -0.0001, 0.0, 0.0, 0.0, 0.0, 0.0, 0.0, 0.0, 0.0, 0.0, 0.0, 0.0, 0.0, 0.0, 0.0, 0.0, -0.0, -0.0, -0.0, -0.0, -0.0, -0.0, -0.0, -0.0, -0.0, -0.0, -0.0, -0.0, -0.0, -0.0, -0.0, -0.0, -0.0, -0.0, -0.0, -0.0, -0.0, -0.0, -0.0, -0.0, -0.0, -0.0, -0.0, -0.0, -0.0, -0.0, -0.0, -0.0, -0.0, -0.0, -0.0, -0.0, -0.0, -0.0, -0.0, -0.0, -0.0, -0.0, -0.0, -0.0]",0.0
2026-07-05_02-13-53.mp4,1,120.0,15.0,0.0,motion,0.0,0.0,0.0,0.0,0.0,0.1904,2.797,0.255,0.3226,32.912,0.0471,,"[-0.0111, 0.0535, 0.0088, 0.0137, 0.0062, 0.0011, 0.0047, 0.0041, 0.0034, 0.0028, 0.0022, 0.0015, 0.0009, 0.0003, -0.0004, -0.001, -0.0016, -0.0002, -0.0001, 0.0001, 0.0001, -0.0, -0.0, -0.0, -0.0, -0.0, -0.0, -0.0, -0.0, -0.0, -0.0, -0.0, -0.0, -0.0, -0.0, -0.0, -0.0, -0.0, -0.0, -0.0, -0.0, -0.0, -0.0, -0.0, -0.0001, -0.0001, -0.0001, -0.0001, -0.0001, -0.0001, -0.0001, -0.0001, -0.0001, -0.0001, -0.0001, -0.0001, -0.0001, -0.0001, -0.0001, 0.0021, -0.0003, -0.0001, -0.0001, -0.0001, -0.0001, -0.0001, -0.0001, -0.0001, -0.0001, -0.0001, -0.0001, -0.0001, -0.0001, -0.0001, -0.0001, 0.0, -0.0, -0.0, -0.0, -0.0, -0.0, -0.0, 0.0003, 0.0002, 0.0, 0.0001, 0.0001, 0.0001, 0.0001, 0.0001, 0.0001, 0.0001, 0.0005, 0.0001, -0.0001, 0.0001, 0.0001, -0.0089, 0.002, 0.0054, -0.0007, 0.0001, 0.0001, 0.0001, 0.0001, 0.0001, 0.0001, 0.0002, 0.0002, 0.0039, -0.0033, 0.0002, 0.0002, -0.0006, -0.0013, 0.0001, -0.001, 0.0001, 0.0001]",0.0
2026-07-10_05-13-55.mp4,1,73.0,15.0,0.0,motion,0.0,0.0,0.0,0.0,0.0,0.5248,0.763,0.475,0.2701,18.448,0.2363,,"[-0.0002, 0.0073, -0.0006, -0.0005, -0.0005, 0.0042, -0.0003, -0.0003, -0.0003, -0.0003, -0.0006, -0.0008, -0.0008, -0.0008, -0.0007, -0.0007, -0.0007, -0.0005, -0.0005, -0.0005, -0.0059, -0.0003, -0.0003, -0.0003, -0.0003, 0.0105, 0.0041, -0.0003, -0.0003, -0.0003, -0.0003, -0.0003, -0.0006, -0.0008, -0.0008, -0.0008, -0.001, -0.0016, -0.001, -0.001, -0.001, -0.0006, -0.0005, -0.0004, -0.0001, -0.0001, -0.0001, 0.0098, 0.0054, -0.0001, -0.0001, -0.0001, -0.0001, -0.0001, -0.0001, -0.0001, -0.0001, -0.0001, -0.003, -0.0086, -0.0001, -0.0001, -0.0001, 0.0002, 0.0008, 0.0004, 0.0004, 0.0001, 0.0004, 0.0004, 0.0004, 0.0003]",0.0
2026-07-01_07-05-53.mp4,1,120.0,15.0,0.0,motion,0.0,0.0,0.0,0.0,0.0,0.3422,2.542,0.179,0.4468,0.0,0.0,,"[0.0, 0.0, 0.0, 0.0, 0.0, 0.0, 0.0001, -0.0002, -0.0001, 0.0, 0.0, 0.0, 0.0, 0.0, 0.0, 0.0, 0.0, 0.0, -0.0, 0.0, 0.0, 0.0, 0.0, 0.0, 0.0, 0.0, 0.0, 0.0, 0.0, 0.0, 0.0, 0.0, 0.0, 0.0, -0.0, -0.0, -0.0, -0.0, 0.0, -0.0, -0.0, -0.0, -0.0, -0.0, 0.0, 0.0, 0.0, 0.0, 0.0, 0.0, 0.0, 0.0, 0.0, 0.0, 0.0, 0.0, 0.0, 0.0, 0.0, -0.0001, 0.0, 0.0, 0.0, 0.0, 0.0, 0.0, 0.0, 0.0, 0.0, 0.0, 0.0, 0.0, 0.0, 0.0, 0.0, -0.0, -0.0, -0.0, -0.0, -0.0, -0.0, -0.0, -0.0, -0.0, -0.0, -0.0, -0.0, -0.0, -0.0, -0.0, -0.0, -0.0, -0.0, -0.0, -0.0, -0.0, -0.0, -0.0, -0.0, -0.0, -0.0, -0.0, -0.0, 0.0, 0.0001, -0.0, -0.0, -0.0, -0.0, -0.0, -0.0, -0.0, -0.0, -0.0, -0.0, 0.0, 0.0002, -0.0, -0.0]",0.0
2026-07-22_08-59-23.mp4,1,120.0,15.0,0.0,motion,0.0,0.0,0.0,0.0,0.0,0.2813,1.525,0.115,0.269,0.885,0.0152,,"[0.0, -0.0, -0.0001, -0.0, 0.0, 0.0, 0.0, 0.0, 0.0, 0.0, 0.0, 0.0, 0.0, 0.0, 0.0, 0.0, 0.0, 0.0, 0.0, -0.0, -0.0, -0.0, -0.0, -0.0, -0.0, -0.0, -0.0, -0.0, -0.0, -0.0, -0.0, -0.0, -0.0, -0.0, -0.0, -0.0, -0.0, -0.0, -0.0, -0.0, -0.0, -0.0, -0.0, -0.0, 0.0, 0.0, 0.0, 0.0, 0.0, 0.0, 0.0, 0.0, -0.0, -0.0, -0.0, -0.0, -0.0, -0.0, -0.0, -0.0001, -0.0, -0.0, -0.0, -0.0, -0.0, 0.0, -0.0, 0.0001, -0.0, -0.0, -0.0, -0.0, -0.0, -0.0, -0.0, -0.0, 0.0001, -0.0, -0.0, 0.0003, -0.0, -0.0, -0.0001, -0.0, -0.0, 0.0001, -0.0, -0.0, -0.0, -0.0, -0.0, -0.0, -0.0, -0.0, -0.0, 0.0, 0.0, 0.0, 0.0, 0.0, 0.0, 0.0, 0.0, 0.0, 0.0, 0.0, 0.0, 0.0, 0.0, 0.0, 0.0, -0.0001, -0.0001, -0.0, 0.0, 0.0, 0.0, 0.0, 0.0]",0.0
2026-07-10_12-30-03.mp4,1,120.0,15.0,0.0,motion,0.0,0.0,0.0,0.0,0.0,0.2573,0.763,0.213,0.2521,30.123,0.0531,,"[0.0001, -0.0009, 0.0005, 0.0011, -0.0006, -0.0001, -0.0002, -0.0002, -0.0002, -0.0002, -0.0001, -0.0001, -0.0001, 0.0008, -0.0001, -0.0, 0.0001, -0.0001, -0.0001, -0.0, -0.0001, 0.0005, -0.0, 0.0002, -0.0004, -0.0, -0.0, -0.0, -0.0, -0.0, -0.0, -0.0, -0.0, -0.0, -0.0, -0.0, -0.0, 0.0, 0.0, 0.0, 0.0, -0.0, -0.0, -0.0, -0.0, -0.0, -0.0001, -0.0001, -0.0001, -0.0001, -0.0001, -0.0001, -0.0001, -0.0001, -0.0005, 0.0003, 0.0003, -0.0, -0.0001, 0.0005, -0.0001, 0.0009, -0.0001, -0.0001, -0.0001, -0.0001, -0.0001, -0.0001, -0.0001, -0.0001, -0.0001, -0.0001, -0.0, -0.0, -0.0001, -0.0, -0.0, 0.0, 0.0, 0.0, 0.0, 0.0, 0.0, 0.0, 0.0, 0.0, 0.0, 0.0, 0.0, 0.0, -0.0003, 0.0, 0.0, 0.0, 0.0, 0.0, 0.0, 0.0, 0.0, 0.0, 0.0, 0.0, 0.0, 0.0, 0.0, 0.0, 0.0, 0.0, -0.0001, -0.0, 0.0, 0.0, 0.0, 0.0, 0.0, 0.0, 0.0, 0.0, -0.0]",0.0
2026-07-22_13-29-21.mp4,1,120.0,15.0,0.0,motion,0.0,0.0,0.0,0.0,0.0,0.5423,1.525,0.0,0.5264,0.429,0.0,,"[-0.0, 0.0002, -0.0001, 0.0, -0.0, 0.0001, -0.0016, 0.0, 0.003, -0.0004, 0.0011, -0.0036, -0.0346, 0.0329, -0.0039, 0.0064, -0.0011, -0.0006, -0.0009, -0.0006, -0.0022, -0.0045, -0.0025, -0.0063, 0.0037, 0.0022, 0.014, 0.0085, -0.0018, -0.0006, -0.0009, -0.0004, -0.0005, -0.0006, -0.0005, -0.0004, -0.0008, -0.0007, -0.0005, -0.0011, -0.0008, -0.0006, -0.0003, 0.0, 0.0001, -0.0003, -0.0002, 0.0001, -0.0001, -0.0, 0.0002, -0.0003, -0.0, 0.0, 0.0002, 0.0002, -0.0003, -0.0, 0.0, -0.0001, 0.0, 0.0001, 0.0, 0.0002, 0.0, 0.0001, 0.0, 0.0001, 0.0002, 0.0001, 0.0005, -0.0001, 0.0005, 0.0006, -0.0004, -0.0018, -0.0014, -0.0014, 0.0, 0.0001, 0.001, 0.0014, 0.0011, 0.0016, -0.0016, -0.0143, 0.0135, -0.008, 0.0038, 0.0261, 0.0425, 0.0027, -0.0089, -0.0372, 0.0013, -0.0283, -0.0056, 0.0114, -0.017, -0.0018, 0.0019, -0.0014, 0.0026, 0.0017, 0.0009, -0.011, 0.003, -0.0038, 0.0026, -0.0007, 0.0013, 0.0005, 0.0001, 0.0004, 0.0298, 0.002, -0.0003, -0.0004, -0.0004]",0.0
2026-07-05_09-26-57.mp4,1,120.0,15.0,0.017,motion,0.0,0.0,0.0,0.0,0.0,0.0904,2.797,0.0,0.4008,0.0,0.0,,"[0.0, -0.0001, 0.0, -0.0, -0.0, 0.0001, -0.0, -0.0, 0.0, -0.0, -0.0, 0.0, -0.0, 0.0, -0.0002, 0.0002, 0.0, 0.0, 0.0, 0.0, 0.0, 0.0, 0.0, -0.0001, -0.0, -0.0, -0.0, -0.0, -0.0001, 0.0, 0.0, 0.0, 0.0, 0.0, 0.0, 0.0, 0.0, 0.0, -0.0002, 0.0, 0.0, 0.0, 0.0, 0.0, 0.0, 0.0, 0.0, 0.0, 0.0, 0.0, 0.0, 0.0, 0.0, 0.0064, -0.0067, 0.0, 0.0, 0.0, -0.0, 0.0, 0.0, 0.0, 0.0, 0.0, 0.0, 0.0, 0.0, 0.0, 0.0, 0.0002, -0.0, 0.0, 0.0, 0.0, -0.0, -0.0, -0.0, -0.0, -0.0, -0.0, -0.0, -0.0, -0.0, -0.0, -0.0, 0.0, 0.0, 0.0, -0.0, 0.0, 0.0, -0.0, 0.0, 0.0, 0.0, 0.0, 0.0, 0.0, 0.0, 0.0, -0.0, 0.0, 0.0, 0.0, 0.0, 0.0, 0.0, 0.0, 0.0, 0.0, -0.0, 0.0001, 0.0, 0.0, -0.0001, 0.0, -0.0, -0.0, -0.0]",0.0
2026-07-21_15-15-29.mp4,1,120.0,15.0,0.0,motion,0.0,0.0,0.0,0.0,0.0,0.3142,0.763,0.0,0.3308,0.062,0.0,,"[0.0, 0.0001, 0.0, 0.0001, -0.0, -0.0, -0.0, -0.0, -0.0, -0.0, -0.0, -0.0, -0.0, -0.0, -0.0, -0.0, -0.0, 0.0, -0.0, -0.0, -0.0001, 0.0002, -0.0, -0.0, -0.0, -0.0, -0.0, -0.0002, -0.0, -0.0, -0.0, -0.0, 0.0, -0.0, 0.0001, -0.0, 0.0001, -0.0, -0.0, 0.0001, -0.0, -0.0, 0.0001, -0.0, -0.0, -0.0, -0.0, -0.0, -0.0, -0.0, -0.0, -0.0, -0.0, -0.0, -0.0, 0.0, 0.0, 0.0, 0.0, -0.0002, 0.0, 0.0, 0.0, 0.0, 0.0, 0.0, 0.0, 0.0, 0.0, 0.0, 0.0, 0.0, 0.0, 0.0, 0.0, -0.0, -0.0, -0.0, -0.0, -0.0, -0.0, -0.0, -0.0, -0.0, -0.0, -0.0, -0.0, -0.0, -0.0, -0.0, 0.0001, 0.0001, -0.0, -0.0, -0.0, -0.0, -0.0, -0.0, -0.0, -0.0, -0.0, -0.0, -0.0, -0.0, -0.0, -0.0, -0.0, -0.0, -0.0, -0.0, -0.0, -0.0, -0.0, -0.0, -0.0, -0.0, -0.0, -0.0, -0.0]",0.0
2026-07-14_23-54-07.mp4,1,120.0,15.0,0.0,motion,0.0,0.0,0.0,0.0,0.0,0.2785,2.542,0.574,0.2032,0.326,0.0394,,"[-0.0001, 0.0001, 0.0002, 0.0, 0.0001, 0.0, 0.0, 0.0, 0.0001, 0.0001, 0.0001, 0.0001, -0.0, -0.0001, -0.0003, 0.0002, -0.0, 0.0, -0.0, -0.0, 0.0, 0.0002, -0.0001, 0.0001, -0.0001, -0.0, 0.0, -0.0, -0.0, 0.0, -0.0, -0.0, 0.0, -0.0, 0.0001, -0.0, -0.0, -0.0, 0.0001, -0.0, 0.0, 0.0, -0.0001, -0.0001, -0.0, 0.0001, 0.0, -0.0001, -0.0001, -0.0001, -0.0, 0.0, 0.0, 0.0, -0.0, 0.0, 0.0, -0.0001, -0.0, -0.0001, -0.0, 0.0001, 0.0, 0.0001, -0.0, -0.0001, 0.0001, -0.0, 0.0001, -0.0, -0.0001, 0.0002, -0.0, -0.0, -0.0, -0.0001, -0.0, -0.0, -0.0, -0.0, -0.0, -0.0, -0.0, -0.0, -0.0, 0.0, -0.0, -0.0, -0.0, -0.0, -0.0, 0.0001, -0.0, -0.0, -0.0, 0.0001, -0.0, -0.0, -0.0001, -0.0, 0.0001, -0.0, -0.0, -0.0, -0.0, -0.0, -0.0, -0.0, -0.0, -0.0, 0.0, -0.0, -0.0, -0.0, 0.0001, -0.0, -0.0, -0.0, -0.0]",0.0
2026-07-02_05-07-45.mp4,1,120.0,15.0,0.0,motion,0.0,0.0,0.0,0.0,0.0,0.0948,2.797,0.645,0.2734,40.111,0.0597,,"[0.0003, -0.0005, -0.0011, 0.0002, 0.0055, 0.0046, 0.0049, 0.0049, 0.0049, 0.0053, 0.0053, 0.0054, 0.0053, 0.0044, 0.004, 0.0039, 0.0037, 0.0037, -0.0132, -0.1246, -0.0066, 0.0015, 0.004, 0.005, -0.0053, 0.0015, 0.0018, 0.0082, 0.0335, 0.0163, 0.0073, 0.004, 0.0051, 0.0037, 0.0013, -0.0034, -0.0038, -0.004, -0.0039, -0.0038, -0.0036, -0.0049, -0.0033, -0.0033, -0.0136, -0.0056, -0.0109, -0.0057, 0.0087, 0.0399, 0.0116, -0.0055, -0.0028, -0.0071, -0.0073, -0.0143, -0.0048, -0.0366, -0.0151, 0.3562, -0.2471, 0.0495, -0.0076, -0.0071, -0.0065, -0.0054, -0.0049, -0.0048, -0.0046, -0.0047, -0.0043, -0.0049, -0.0048, -0.0058, -0.0064, 0.0054, -0.0006, -0.0004, -0.0028, -0.0072, 0.0126, 0.0036, -0.002, -0.0004, -0.0005, 0.0003, 0.0007, 0.0, -0.0001, -0.0001, -0.0028, -0.0006, 0.0004, 0.0002, -0.0, -0.0003, 0.0, 0.0003, -0.0, -0.0001, -0.0003, 0.0001, 0.0001, 0.0001, 0.0001, 0.0001, 0.0, -0.0, -0.0, 0.0, 0.0, 0.0, 0.0, 0.0, 0.0, 0.0, -0.0, -0.0, 0.0]",0.0
2026-07-21_01-02-38.mp4,1,120.0,15.0,0.0,motion,0.0,0.0,0.0,0.0,0.0,0.2688,1.017,0.693,0.3285,0.725,0.0784,,"[0.0002, -0.0, -0.0002, -0.0002, -0.0002, -0.0002, -0.0002, -0.0002, -0.0001, -0.0001, -0.0001, -0.0001, -0.0001, 0.0002, -0.0001, -0.0, -0.0, -0.0, -0.0, -0.0, -0.0, -0.0, -0.0, -0.0, -0.0, -0.0, -0.0, -0.0, 0.0001, -0.0, -0.0, 0.0, 0.0, 0.0, 0.0, 0.0, 0.0, 0.0, 0.0, 0.0, 0.0, 0.0, 0.0, 0.0, 0.0, 0.0, -0.0002, 0.0, 0.0, 0.0, 0.0, 0.0, 0.0, 0.0, 0.0, -0.0001, 0.0, -0.0004, -0.0, 0.0005, -0.0, -0.0002, -0.0, -0.0, -0.0, -0.0, -0.0003, 0.0, 0.0001, -0.0, 0.0004, -0.0005, 0.0009, -0.0, -0.0001, -0.0, -0.0, -0.0005, -0.0001, -0.0001, -0.0001, -0.0001, -0.0001, -0.0001, -0.0001, 0.0012, -0.0001, -0.0001, -0.0, -0.0, -0.0, -0.0, -0.0, -0.0001, 0.0, -0.0001, -0.0001, -0.0001, -0.0001, -0.0001, -0.0001, 0.0002, -0.0, -0.0, -0.0, -0.0, -0.0, -0.0, -0.0, -0.0, -0.0, -0.0, -0.0, -0.0, -0.0, -0.0, -0.0, 0.0001, -0.0]",0.0
2026-07-23_18-53-57.mp4,1,120.0,15.0,0.008,motion,0.0,0.0,0.0,0.0,0.0,0.2399,2.542,0.754,0.4056,1.152,0.0968,,"[-0.0001, -0.0, 0.0003, 0.0002, 0.0002, 0.0003, -0.0, 0.0001, 0.0001, 0.0002, -0.0009, -0.0003, 0.0012, 0.0002, 0.0001, 0.0, -0.0012, -0.0004, 0.0, 0.0, 0.0002, -0.0002, -0.0001, 0.0002, 0.0, 0.0, 0.0, -0.0, 0.0, -0.0002, 0.0004, 0.0, -0.0, -0.0, -0.0, 0.0002, -0.0, -0.0, 0.0001, -0.0, 0.0005, -0.0005, 0.001, -0.0002, -0.0, 0.0002, -0.0002, -0.0, 0.0, -0.0001, -0.0002, 0.0, -0.0002, -0.0001, -0.0, 0.0001, -0.0003, 0.0001, 0.0001, -0.0001, 0.0003, -0.0001, 0.0002, 0.0003, 0.0002, -0.0001, -0.0, 0.0002, 0.0002, 0.0002, 0.0002, 0.0001, -0.0007, 0.0002, -0.0002, -0.0005, 0.0004, -0.0027, -0.0001, 0.0009, -0.0001, -0.0001, 0.0002, 0.0002, -0.0001, 0.0, 0.0001, 0.0002, -0.0001, 0.0002, 0.0002, 0.0001, 0.0001, -0.0001, 0.0002, -0.0002, 0.0, 0.0001, 0.0, 0.0, 0.0, 0.0, 0.0, 0.0, 0.0001, 0.0, 0.0, 0.0, -0.0001, 0.0, 0.0, 0.0, 0.0, 0.0, 0.0, -0.0003, 0.0, 0.0, 0.0]",0.0
2026-07-21_06-02-41.mp4,1,120.0,15.0,0.0,motion,0.0,0.0,0.0,0.0,0.0,0.3194,0.763,0.632,0.3328,0.046,0.0089,,"[-0.0001, 0.0003, 0.0003, 0.0001, -0.0001, 0.0001, 0.0001, 0.0001, 0.0, 0.0, 0.0, 0.0, 0.0, 0.0, 0.0, -0.0, -0.0, -0.0, 0.0, 0.0, -0.0, -0.0, -0.0, -0.0, -0.0, -0.0, -0.0, -0.0, -0.0, -0.0, -0.0, -0.0, -0.0, -0.0, -0.0, -0.0, -0.0, -0.0, -0.0, -0.0, -0.0, 0.0001, -0.0, -0.0, -0.0, -0.0, -0.0, -0.0, -0.0, -0.0, -0.0, -0.0, -0.0, -0.0, -0.0, -0.0, -0.0, -0.0, -0.0, 0.0001, -0.0, -0.0, -0.0, -0.0, -0.0, -0.0, -0.0, -0.0, -0.0, -0.0, -0.0, -0.0, -0.0, -0.0, -0.0, -0.0, -0.0, -0.0, -0.0, -0.0, -0.0, 0.0, 0.0, 0.0, 0.0, 0.0, 0.0, 0.0, 0.0, 0.0, 0.0, 0.0, 0.0, 0.0, 0.0, 0.0, 0.0, -0.0002, 0.0, 0.0, 0.0, 0.0, 0.0, 0.0, 0.0, 0.0, 0.0, 0.0, 0.0, 0.0, 0.0, 0.0, 0.0, 0.0, -0.0, -0.0, -0.0, -0.0, -0.0]",0.0
2026-07-23_15-26-59.mp4,1,120.0,15.0,0.008,motion,0.0,0.0,0.0,0.0,0.0,0.3951,0.763,0.273,0.6266,0.778,0.0473,,"[0.002, 0.002, 0.0035, -0.0027, -0.0009, -0.0164, 0.0025, -0.0071, -0.0027, -0.0015, 0.002, 0.002, 0.003, 0.0027, -0.001, -0.0103, -0.0119, 0.0071, -0.0022, -0.0081, 0.02, -0.0082, 0.0158, -0.001, 0.0034, -0.0124, 0.0004, -0.0031, 0.0003, 0.0003, -0.0007, -0.0014, -0.0032, -0.005, -0.0058, -0.0083, -0.0093, -0.0066, -0.0052, 0.01, -0.0236, 0.0072, -0.0086, -0.0088, -0.0136, 0.0013, 0.0159, 0.0511, 0.0222, 0.0314, 0.0324, 0.0449, -0.0117, -0.0037, 0.007, -0.0078, -0.0089, -0.0076, -0.0075, -0.0122, -0.0291, -0.0085, -0.0067, -0.0049, -0.0038, 0.0028, -0.0011, 0.0006, -0.006, -0.0024, -0.007, 0.0029, 0.0018, 0.0018, 0.0018, 0.0012, 0.0009, 0.0009, 0.0009, 0.0009, 0.0009, 0.0011, 0.0011, 0.0011, 0.0009, -0.0008, 0.0005, -0.0157, 0.0006, 0.0006, 0.0006, 0.0005, 0.0005, 0.0005, 0.0005, 0.0005, 0.0005, 0.0015, 0.0015, 0.0015, 0.0015, 0.0014, 0.0014, 0.0021, 0.0009, 0.0009, 0.0009, 0.0009, 0.0009, 0.0009, 0.0009, 0.0009, -0.0285, 0.0009, 0.0009, 0.0009, 0.0009, 0.0009, 0.0009]",0.0
2026-07-01_17-54-41.mp4,1,120.0,15.0,0.0,motion,0.0,0.0,0.0,0.0,0.0,0.3013,1.525,0.825,0.2156,32.162,0.2412,,"[0.0607, -0.003, -0.3352, -0.0015, -0.1833, 0.0041, 0.0072, 0.0142, 0.0115, 0.0042, 0.0129, -0.0994, 0.0077, -0.1184, 0.0014, -0.0235, 0.0291, 0.0292, 0.0184, 0.0183, 0.0125, -0.0134, 0.0125, 0.0121, 0.011, 0.0125, 0.0103, 0.0086, 0.0074, 0.0036, 0.0029, 0.0013, -0.0004, 0.0013, -0.0011, 0.0013, 0.0013, -0.0002, -0.0028, 0.0004, 0.0004, 0.0004, 0.0005, 0.0003, 0.0003, 0.0003, -0.0015, 0.0007, 0.0007, 0.0002, 0.0002, 0.0004, -0.0001, 0.0003, -0.0, 0.0, 0.0, 0.0, 0.0, 0.0, 0.0, 0.0, -0.0, -0.0, -0.0, -0.0, -0.0, 0.0, -0.0, -0.0, -0.0, -0.0, -0.0, -0.0, -0.0, -0.0, -0.0, -0.0, -0.0, -0.0, -0.0, -0.0, -0.0, 0.0001, -0.0, -0.0, -0.0, -0.0, -0.0, -0.0, -0.0, -0.0, -0.0, -0.0, 0.0001, -0.0, -0.0, -0.0, -0.0, 0.0, 0.0, 0.0, 0.0, 0.0, -0.0, 0.0, -0.0, -0.0001, 0.0, -0.0001, 0.0, 0.0, 0.0, 0.0, 0.0, 0.0, 0.0, 0.0, 0.0]",0.0
2026-07-23_00-44-50.mp4,1,120.0,15.0,0.2,motion,0.0,0.0,0.0,0.0,0.0,0.2251,2.288,0.03,0.3426,8.046,0.006,,"[0.0001, -0.0001, 0.0011, 0.0, 0.0001, 0.0005, 0.0001, 0.0001, 0.0001, -0.0013, 0.0, 0.0003, -0.0024, 0.0001, 0.0001, 0.0001, -0.0002, 0.0001, 0.0001, 0.0001, 0.0001, 0.0002, 0.0002, 0.0007, -0.0006, 0.0001, 0.0001, 0.0001, 0.0001, 0.0002, 0.0001, -0.0003, -0.0, -0.0001, 0.0001, 0.0, 0.0, 0.0, -0.0009, 0.0001, 0.0, 0.0, 0.0, 0.0, 0.0001, 0.0001, 0.0001, 0.0, 0.0001, 0.0, 0.0, 0.0, 0.0, 0.0, 0.0, 0.0, 0.0, 0.0, 0.0, -0.0004, 0.0, 0.0, 0.0, 0.0, 0.0, 0.0, 0.0, 0.0, 0.0, 0.0, 0.0, 0.0, 0.0, 0.0, 0.0, -0.0001, 0.0, 0.0, -0.0, 0.0, 0.0, 0.0, 0.0, -0.0, -0.0, -0.0, -0.0, -0.0, -0.0, -0.0, -0.0, -0.0, -0.0, -0.0, -0.0, 0.0001, 0.0, -0.0, 0.0002, -0.0001, -0.0, -0.0, -0.0, -0.0, -0.0, -0.0, -0.0, -0.0, -0.0001, -0.0, -0.0, -0.0, -0.0, -0.0, 0.0, 0.0, 0.0, 0.0, 0.0]",0.0
2026-07-26_04-35-53.mp4,1,120.0,15.0,0.0,motion,0.0,0.0,0.0,0.0,0.0,0.3979,0.763,0.57,0.3465,0.949,0.1104,,"[-0.0001, -0.0003, 0.0002, 0.0002, 0.0002, 0.0001, 0.0004, 0.0, 0.0003, 0.0006, -0.0003, -0.0002, 0.0, -0.0014, 0.0006, -0.0, 0.0002, 0.0, -0.0, 0.0001, 0.0001, 0.0, 0.0001, 0.0, 0.0001, -0.0002, 0.0001, 0.0002, 0.0001, 0.001, 0.0002, -0.0005, 0.0002, -0.0, 0.0002, -0.0018, -0.0, 0.0001, 0.0001, 0.0, -0.0015, -0.0006, 0.0003, 0.0001, 0.0001, 0.0002, 0.0002, 0.0004, 0.0002, 0.0002, 0.0004, 0.0003, -0.0005, -0.0003, 0.0004, 0.0007, -0.0002, -0.0002, -0.0003, -0.0001, -0.0008, -0.0002, -0.0007, 0.0004, -0.0005, 0.0001, -0.0003, -0.0, -0.0, -0.0001, 0.0001, 0.006, -0.0, -0.0, -0.0001, -0.0007, -0.0032, -0.0001, 0.0001, 0.0, -0.0002, -0.0002, -0.0, 0.0, -0.0002, -0.0001, -0.0002, 0.0004, 0.0003, 0.0003, 0.0001, 0.0, -0.0, 0.0, -0.0, 0.0, -0.0001, -0.0004, -0.0001, -0.0001, -0.0001, -0.0003, -0.0002, -0.0002, 0.0002, 0.001, -0.0001, -0.0001, 0.0001, 0.0002, 0.0007, -0.0001, -0.0001, -0.0, -0.0001, -0.0002, -0.0001, 0.0001, -0.0001]",0.0
2026-07-09_19-01-04.mp4,1,120.0,15.0,0.008,motion,0.0,0.0,0.0,0.0,0.0,0.364,0.763,0.205,0.2738,99.0,0.0746,,"[0.0204, -0.0003, -0.0184, -0.0061, -0.0328, -0.1187, -0.0571, 0.0197, -0.1037, -0.1199, -0.1032, 0.1083, 0.0324, 0.0325, 0.0204, 0.0206, 0.0205, 0.0199, 0.0185, 0.0176, 0.0159, 0.0119, 0.0089, 0.0088, 0.0047, -0.0003, -0.0036, -0.0008, -0.0, 0.0003, 0.0019, 0.0015, 0.0009, 0.0008, 0.001, 0.0008, 0.0008, 0.0008, 0.0008, 0.0008, 0.0004, 0.0012, 0.0003, -0.002, -0.0209, -0.0343, 0.028, 0.0083, 0.0007, 0.0007, 0.0012, 0.0013, 0.0009, 0.0009, 0.0008, 0.0009, 0.0008, 0.0008, 0.0007, 0.001, -0.0003, -0.0012, -0.0002, -0.0, -0.0001, -0.0002, 0.0001, 0.0004, -0.0001, -0.0001, 0.0, 0.0001, -0.0, 0.0001, 0.0001, -0.0005, 0.0001, 0.0, 0.0, -0.0001, 0.0001, 0.0002, -0.0005, -0.0, 0.0008, -0.0001, -0.001, 0.0002, 0.0, 0.0001, 0.0001, -0.0001, 0.0002, 0.0, 0.0003, 0.0001, 0.0, 0.0, -0.0001, -0.0001, 0.0, 0.0, -0.0, -0.0, 0.0, 0.0, -0.0, -0.0009, 0.0002, 0.0001, 0.0001, 0.0002, 0.0008, 0.0004, 0.0004, 0.0002, 0.0002, 0.0006, -0.0003]",0.0
2026-07-14_13-36-50.mp4,1,120.0,15.0,0.183,motion,0.0,0.0,0.0,0.0,0.0,0.3609,2.797,0.473,0.3694,2.199,0.1174,,"[-0.0, 0.0002, -0.0002, 0.0001, 0.0, 0.0, 0.0, 0.0, 0.0, 0.0, 0.0, -0.0001, -0.0, -0.0001, 0.0001, 0.0, 0.0, 0.0, 0.0, 0.0, -0.0, 0.0001, 0.0, 0.0, 0.0, 0.0001, 0.0003, 0.0002, 0.0002, -0.0002, -0.0008, -0.0005, 0.0002, -0.0005, 0.0001, 0.0005, 0.0002, -0.0, -0.0003, -0.0, 0.0001, -0.0001, -0.0008, 0.0, 0.0001, 0.0001, 0.0003, 0.0003, 0.0013, -0.0002, 0.0, 0.0002, 0.0006, 0.0003, -0.0004, 0.0002, 0.0002, -0.0003, 0.0, -0.0001, 0.0014, -0.0019, -0.0024, -0.0013, 0.002, 0.0001, -0.0002, -0.004, 0.0011, 0.001, 0.0014, 0.0009, 0.0002, -0.001, 0.0012, 0.0001, 0.0005, 0.0001, 0.0, 0.0, -0.0001, -0.0001, -0.0006, -0.0, -0.0003, 0.0, -0.0002, -0.0001, 0.0008, 0.0, -0.0003, 0.0001, -0.0001, 0.0001, -0.0, 0.0004, 0.0001, 0.0, 0.0001, 0.0002, -0.0, 0.0, -0.0, -0.0004, -0.0002, -0.0002, -0.0002, -0.0001, -0.0002, 0.0001, 0.0001, 0.0002, -0.0004, 0.0004, 0.0001, 0.0001, 0.0001, 0.0003, -0.0]",0.0
2026-07-06_02-55-58.mp4,1,120.0,15.0,0.0,motion,0.0,0.0,0.0,0.0,0.0,0.3902,0.763,0.295,0.3457,0.092,0.0097,,"[-0.0, 0.0, 0.0, 0.0, 0.0, 0.0001, 0.0, 0.0, 0.0, -0.0, 0.0, 0.0, 0.0, 0.0, 0.0, -0.0, -0.0, -0.0, -0.0, 0.0, -0.0, -0.0, 0.0, -0.0, -0.0, -0.0, -0.0, -0.0, -0.0, -0.0, 0.0, -0.0, -0.0, -0.0, -0.0, -0.0, -0.0, -0.0, -0.0, -0.0, -0.0, -0.0, -0.0, -0.0, -0.0, -0.0, 0.0, -0.0, -0.0, -0.0, -0.0, -0.0, -0.0, -0.0, -0.0, -0.0, -0.0, -0.0, -0.0, -0.0, -0.0, -0.0, 0.0, 0.0, -0.0, 0.0, -0.0, -0.0, 0.0, -0.0, -0.0, -0.0, -0.0, -0.0, -0.0, -0.0, -0.0, -0.0, -0.0, -0.0, 0.0, -0.0, -0.0, -0.0, -0.0, 0.0, -0.0, -0.0, 0.0, -0.0, -0.0, -0.0, -0.0, -0.0, -0.0, -0.0, -0.0, -0.0, -0.0, -0.0, -0.0, -0.0, -0.0, -0.0, -0.0, -0.0, 0.0, -0.0, -0.0, -0.0, -0.0, -0.0, -0.0, -0.0, -0.0, -0.0, -0.0, -0.0, -0.0]",0.0
2026-07-11_01-29-28.mp4,1,120.0,15.0,0.0,motion,0.0,0.0,0.0,0.0,0.0,0.1256,2.797,0.0,0.3742,7.691,0.0,,"[0.0001, -0.0002, 0.0, -0.0001, -0.0001, -0.0001, -0.0001, -0.0001, -0.0002, -0.0002, -0.0001, 0.0, -0.0001, -0.0001, 0.0001, 0.0, 0.0, 0.0001, -0.0, -0.0001, 0.0001, 0.0001, 0.0007, -0.0003, -0.0002, 0.0002, 0.0, -0.0001, 0.0, -0.0003, -0.0001, -0.0001, 0.0001, -0.0, 0.0002, 0.0003, 0.0001, -0.0002, -0.0, -0.0, 0.0003, 0.0001, 0.0003, 0.0003, 0.0003, 0.0041, -0.0028, -0.0028, -0.0021, -0.0035, -0.0073, -0.0029, -0.003, -0.0031, -0.0028, -0.0029, -0.0029, -0.0057, -0.0036, -0.0026, -0.1196, 0.2115, -0.0041, -0.0029, -0.003, -0.0029, -0.0029, -0.003, -0.0029, -0.0029, -0.0029, -0.0033, -0.003, -0.0031, -0.0032, -0.003, -0.0069, 0.0001, 0.0, 0.0, 0.0, -0.0, 0.0001, -0.0, -0.0, 0.0, 0.0001, -0.0, -0.0, -0.0, -0.0, 0.0, -0.0, 0.0, -0.0, -0.0, 0.0, -0.0, 0.0, -0.0, -0.0, 0.0001, 0.0003, -0.0, -0.0001, 0.0, -0.0001, -0.0, -0.0, -0.0, -0.0, -0.0, -0.0, -0.0, -0.0001, -0.0, 0.0, -0.0, 0.0]",0.0
2026-07-07_22-34-06.mp4,1,120.0,15.0,0.0,motion,0.0,0.0,0.0,0.0,0.0,0.1282,0.763,0.157,0.1625,19.394,0.0192,,"[-0.0001, 0.0002, 0.0002, 0.0002, 0.0001, 0.0001, 0.0001, -0.0008, 0.0001, 0.0004, 0.0001, 0.0001, 0.0001, 0.0001, 0.0, 0.0, 0.0, 0.0, 0.0, 0.0, 0.0, 0.0, 0.0, -0.0, -0.0, -0.0, -0.0, -0.0, -0.0, 0.0, 0.0, 0.0, 0.0, 0.0, 0.0, 0.0, 0.0, 0.0, 0.0, 0.0, 0.0, 0.0, 0.0, 0.0, -0.0, -0.0, -0.0, -0.0, -0.0, -0.0, -0.0, -0.0, -0.0, -0.0, -0.0, -0.0, -0.0, -0.0, -0.0, 0.0001, -0.0, -0.0, -0.0, -0.0, -0.0, -0.0, -0.0, -0.0, -0.0, -0.0, -0.0, -0.0, -0.0, -0.0, 0.0001, 0.0002, 0.0001, 0.0001, 0.0001, 0.0001, 0.0001, 0.0001, 0.0001, 0.0001, 0.0001, 0.0001, 0.0001, 0.0001, 0.0001, 0.0002, -0.0058, 0.0028, -0.0011, 0.0002, 0.0001, 0.0001, 0.0001, 0.0001, 0.0003, 0.0002, 0.0001, 0.0001, 0.0002, 0.0002, 0.0001, 0.0001, -0.0, 0.0001, -0.0, -0.0, 0.0, -0.0002, 0.0, 0.0, 0.0001, -0.0001, 0.0, 0.0, 0.0]",0.0
2026-07-22_04-04-03.mp4,1,120.0,15.0,0.0,motion,0.0,0.0,0.0,0.0,0.0,0.3438,2.034,0.45,0.3478,6.761,0.1349,,"[-0.0002, 0.0004, -0.0002, 0.0001, 0.0002, 0.0002, 0.0001, 0.0001, 0.0001, 0.0001, 0.0001, 0.0, 0.0, -0.0001, -0.0001, -0.0001, -0.0001, -0.0001, -0.0002, -0.0001, -0.0001, 0.0003, -0.0001, -0.0001, -0.0001, -0.0002, -0.0001, -0.0002, 0.0025, -0.0002, -0.0001, -0.0001, -0.0005, -0.0001, -0.0001, 0.0, 0.0001, -0.0001, -0.0001, -0.0002, -0.0001, -0.0001, -0.0001, -0.0001, 0.0, -0.0001, 0.0, 0.0001, -0.0, -0.0, -0.0, -0.0, -0.0, -0.0, 0.0001, -0.0, -0.0, -0.0, 0.0, -0.0, -0.0, -0.0, -0.0, -0.0, 0.0001, -0.0, -0.0001, -0.0, -0.0, -0.0, -0.0, 0.0, -0.0, -0.0, -0.0, -0.0, -0.0, -0.0, -0.0, -0.0, -0.0, -0.0, -0.0, -0.0, -0.0, -0.0, -0.0, 0.0003, -0.0001, -0.0, -0.0, -0.0, -0.0, -0.0, -0.0, -0.0, -0.0, -0.0, 0.0, -0.0, 0.0, -0.0, -0.0, 0.0, -0.0, -0.0, -0.0, -0.0, -0.0, -0.0, -0.0, -0.0, -0.0, -0.0, -0.0, -0.0, 0.0, 0.0, 0.0]",0.0
2026-07-09_10-01-45.mp4,1,120.0,15.0,0.0,motion,0.0,0.0,0.0,0.0,0.0,0.3353,2.797,0.744,0.0735,0.001,0.0003,,"[0.0035, -0.0052, -0.004, -0.0037, -0.0035, -0.003, -0.0028, -0.0025, -0.0023, -0.002, -0.0017, -0.0016, -0.0012, -0.0008, -0.0005, 0.0138, -0.0001, -0.0072, -0.0001, -0.0001, 0.0002, -0.0008, -0.0001, -0.0001, -0.0001, -0.0001, -0.0002, -0.0003, -0.0039, -0.0007, 0.0008, 0.0006, 0.0003, 0.0004, -0.0007, 0.0, 0.0, -0.0005, 0.0, 0.0004, 0.0001, 0.0031, 0.001, 0.0001, -0.0, -0.0, -0.0003, -0.0009, 0.0014, 0.0003, -0.0008, -0.0, 0.0001, -0.0016, -0.0003, -0.0001, -0.0016, 0.0008, -0.0, 0.0003, 0.0002, 0.0002, 0.0001, 0.0001, -0.0, -0.0004, 0.0002, -0.0002, 0.0002, 0.0001, 0.0001, -0.0004, 0.0001, 0.0001, 0.0001, 0.0001, 0.0001, -0.0003, -0.0003, 0.0, 0.0001, -0.0002, 0.0001, 0.0001, 0.0, 0.0001, 0.0002, 0.0001, 0.0, -0.0001, 0.0001, 0.0, 0.0, -0.0002, 0.0004, -0.0002, -0.0, 0.0, -0.0, -0.0, 0.0, -0.0, -0.0, 0.0, -0.0, -0.0, 0.0, 0.0001, -0.0, -0.0, 0.0, -0.0, -0.0, -0.0, -0.0, -0.0, 0.0, 0.0001, -0.0]",0.0
2026-07-21_01-32-20.mp4,1,120.0,15.0,0.042,motion,0.0,0.0,0.0,0.0,0.0,0.4016,2.542,0.695,0.0948,1.835,0.1806,,"[-0.0, 0.0001, -0.0001, 0.0, 0.0001, -0.0, -0.0, -0.0, -0.0, -0.0, 0.0, 0.0001, -0.0001, 0.0001, 0.0002, -0.0, -0.0, -0.0001, 0.0, -0.0002, 0.0, 0.0, 0.0, 0.0, -0.0, -0.0, 0.0, 0.0002, 0.0, 0.0, -0.0, 0.0, -0.0001, -0.0001, -0.0, -0.0, 0.0, 0.0001, 0.0, -0.0003, -0.0001, -0.0, -0.0002, -0.0003, 0.0003, 0.0001, 0.0001, -0.0, 0.0001, -0.0, 0.0, -0.0, -0.0001, 0.0003, -0.0002, 0.0001, 0.0003, 0.0002, -0.0, -0.0003, -0.0, -0.0001, 0.0001, -0.0001, -0.0001, -0.0001, -0.0, 0.0001, -0.0, -0.0, 0.0001, -0.0003, -0.0002, 0.0001, 0.0007, 0.0001, 0.0001, -0.0, -0.0001, -0.0001, 0.0001, 0.0, -0.0001, -0.0, -0.0, -0.0, -0.0, -0.0, 0.0, 0.0001, -0.0002, 0.0, 0.0, 0.0, 0.0, -0.0001, 0.0, 0.0, -0.0, 0.0, 0.0, 0.0, 0.0001, 0.0, 0.0, 0.0, -0.0, -0.0, -0.0, -0.0, -0.0001, -0.0, -0.0, -0.0001, -0.0001, -0.0, -0.0, -0.0, 0.0]",0.0
2026-07-16_17-07-12.mp4,1,120.0,15.0,0.325,motion,0.0,0.0,0.0,0.0,0.0,0.381,1.525,0.24,0.2372,18.023,0.0865,,"[0.0107, 0.1939, -0.0897, -0.1845, -0.0419, -0.2781, -0.0476, -0.1233, 0.2473, -0.05, -0.0491, -0.7753, 0.4089, -0.0494, -0.0601, -0.0601, -0.0541, 0.0901, 1.0379, 0.3769, -0.0562, 0.0382, -0.0478, 0.066, -0.0874, -0.0827, -0.1048, 0.3068, -0.0614, -0.0644, -0.0644, -0.252, -0.0639, -0.0595, -0.0243, -0.0104, -0.0332, 0.0093, -0.0074, -0.0075, -0.0041, -0.0049, -0.0065, 0.006, 0.0154, 0.0181, 0.0167, 0.0005, 0.0119, 0.0119, 0.0132, 0.0365, 0.0125, 0.0131, 0.0131, 0.0129, 0.0129, 0.0129, 0.0129, -0.3606, 0.0129, 0.0128, 0.0182, 0.0124, 0.0124, -0.0277, 0.0124, 0.0132, 0.0132, 0.0132, 0.0132, 0.0132, 0.0132, 0.0132, 0.0132, 0.0011, 0.0011, 0.0011, 0.0013, 0.0013, 0.0012, -0.0001, -0.0001, -0.0001, -0.0001, -0.0001, -0.0001, -0.0001, -0.0001, -0.0001, -0.0001, -0.0001, -0.0001, -0.0001, -0.0001, 0.0038, -0.0001, -0.0001, -0.0001, -0.0001, -0.0001, -0.0001, 0.0107, 0.0107, 0.0107, 0.0107, 0.0107, 0.0107, 0.0107, 0.0107, 0.0107, 0.0108, 0.0108, 0.0108, 0.0108, 0.0108, 0.0108, -0.3237, 0.0108]",0.0
2026-07-20_22-00-40.mp4,1,120.0,15.0,0.0,motion,0.0,0.0,0.0,0.0,0.0,0.2647,1.78,0.371,0.5702,0.093,0.0083,,"[0.0001, -0.0006, 0.0012, -0.0001, -0.0003, -0.0002, -0.0002, -0.0, -0.0, 0.0, -0.0001, -0.0, -0.0002, -0.0001, -0.0004, 0.0002, 0.0, -0.0, -0.0001, 0.0, 0.0, -0.0, -0.0, -0.0, -0.0002, 0.0, -0.0002, 0.0, 0.0002, 0.0, 0.0002, -0.0001, -0.0002, 0.0001, 0.0005, -0.0002, 0.0002, 0.0004, 0.0005, -0.0006, -0.0002, 0.0, 0.0001, 0.0, -0.0001, -0.0001, -0.0, -0.0, -0.0, -0.0002, 0.0, 0.0, -0.0, 0.0001, 0.0, -0.0, -0.0, -0.0, 0.0001, -0.0, 0.0, -0.0, -0.0, -0.0, 0.0, 0.0001, -0.0, 0.0001, -0.0, -0.0, -0.0, -0.0, 0.0001, -0.0, -0.0, 0.0001, 0.0, 0.0, -0.0001, 0.0, 0.0, 0.0, 0.0, 0.0, 0.0, 0.0001, -0.0, -0.0003, -0.0002, 0.0, -0.0002, 0.0002, 0.0, 0.0001, 0.0, 0.0, -0.0, 0.0, 0.0, 0.0, 0.0, 0.0, 0.0, 0.0, -0.0, -0.0, 0.0001, -0.0001, 0.0, 0.0, 0.0, 0.0, 0.0, 0.0, 0.0, -0.0, -0.0, 0.0, 0.0]",0.0
2026-07-19_00-04-14.mp4,1,120.0,15.0,0.0,motion,0.0,0.0,0.0,0.0,0.0,0.4294,0.763,0.734,0.1964,3.023,0.237,,"[0.0, -0.0, 0.0001, -0.0, 0.0001, -0.0008, 0.0003, 0.0001, 0.0001, 0.0, -0.0, 0.0, -0.0001, -0.0, 0.0, -0.0001, -0.0, -0.0, -0.0001, 0.0001, 0.0001, -0.0001, -0.0001, -0.0001, -0.0001, -0.0001, 0.0001, -0.0003, 0.0005, 0.0003, 0.0009, 0.0001, 0.0007, 0.0008, 0.0014, 0.0016, 0.0022, 0.0025, 0.0024, 0.0016, 0.0007, 0.001, 0.0018, 0.0007, -0.0023, 0.0004, -0.004, -0.013, -0.0078, -0.0098, -0.0035, -0.0022, 0.0041, 0.002, 0.002, 0.0021, 0.0016, 0.0012, 0.0017, 0.0002, 0.0076, 0.0021, 0.0005, 0.0012, 0.0005, 0.0001, -0.0005, 0.0, 0.0002, 0.0001, 0.0015, -0.0046, 0.002, -0.0003, 0.0015, 0.0009, -0.0004, 0.0007, -0.0013, -0.0024, -0.0032, -0.0014, -0.0011, 0.0019, -0.0013, 0.0012, 0.0002, -0.001, -0.0011, 0.0011, 0.0012, 0.0029, 0.0032, 0.002, 0.0029, 0.0013, 0.0007, 0.0005, -0.0009, 0.001, 0.0013, 0.0014, 0.0014, 0.0013, 0.0021, -0.0273, 0.0014, 0.0018, -0.0039, 0.0016, 0.002, -0.0004, -0.0039, -0.0011, 0.0016, 0.0016, 0.0017, 0.0019, 0.0011]",0.0
2026-07-05_19-58-59.mp4,1,120.0,15.0,0.0,motion,0.0,0.0,0.0,0.0,0.0,0.3451,0.763,0.405,0.2451,0.86,0.0646,,"[-0.0, -0.0001, -0.0, -0.0, -0.0, -0.0, -0.0, -0.0, -0.0, -0.0, -0.0, -0.0, -0.0, -0.0, 0.0001, -0.0, -0.0, -0.0, -0.0, -0.0, -0.0, -0.0, -0.0, -0.0, -0.0, -0.0, -0.0, 0.0002, -0.0, -0.0, -0.0001, -0.0, -0.0, -0.0, -0.0, -0.0, -0.0, -0.0, 0.0, -0.0, -0.0, -0.0, -0.0, 0.0, 0.0, 0.0, 0.0, 0.0, 0.0, 0.0, 0.0, 0.0, 0.0, 0.0, 0.0, 0.0, 0.0, 0.0, 0.0, -0.0001, -0.0, -0.0, -0.0, -0.0, -0.0, -0.0, -0.0, -0.0, -0.0, -0.0, 0.0, 0.0, -0.0, -0.0, -0.0, 0.0, -0.0, -0.0, 0.0, -0.0, -0.0, 0.0, -0.0, -0.0, -0.0, -0.0, -0.0, -0.0, 0.0, -0.0, -0.0, -0.0, -0.0, -0.0, 0.0001, -0.0, -0.0, -0.0, 0.0, -0.0, -0.0, 0.0, -0.0, -0.0, -0.0, -0.0, -0.0, -0.0, -0.0, -0.0, -0.0, -0.0, -0.0, -0.0001, -0.0001, 0.0002, -0.0001, 0.0, 0.0]",0.0
2026-07-10_15-41-31.mp4,1,120.0,15.0,0.0,motion,0.0,0.0,0.0,0.0,0.0,0.283,1.271,0.0,0.3675,0.011,0.0,,"[-0.0, -0.0, -0.0001, 0.0005, -0.0002, 0.0002, 0.0, 0.0002, 0.0, 0.0, 0.0001, -0.0001, 0.0001, 0.0, -0.0006, 0.0, -0.0001, 0.0001, -0.0, 0.0001, -0.0, 0.0, -0.0, 0.0, 0.0, 0.0, -0.0001, 0.0, 0.0, 0.0, 0.0, 0.0, -0.0, 0.0, 0.0, 0.0, 0.0, 0.0, 0.0, 0.0, 0.0, 0.0, -0.0, -0.0, -0.0, 0.0, -0.0, 0.0, 0.0, 0.0, 0.0, 0.0, -0.0, 0.0, 0.0, 0.0, 0.0, 0.0, 0.0, 0.0, -0.0001, 0.0001, -0.0001, 0.0, 0.0, 0.0, 0.0, 0.0001, -0.0, 0.0, 0.0, 0.0, 0.0, -0.0, -0.0001, 0.0, 0.0, 0.0, 0.0, -0.0001, 0.0001, -0.0, 0.0, -0.0001, -0.0001, 0.0, 0.0, 0.0001, 0.0, 0.0, 0.0001, -0.0, 0.0, 0.0, 0.0, 0.0, 0.0, -0.0001, 0.0, 0.0, -0.0, -0.0, -0.0, 0.0, 0.0, 0.0, 0.0, 0.0, 0.0, 0.0, 0.0, 0.0, 0.0, 0.0, 0.0, 0.0, 0.0, 0.0, 0.0]",0.0
2026-07-20_00-48-17.mp4,1,120.0,15.0,0.0,motion,0.0,0.0,0.0,0.0,0.0,0.3031,2.797,0.0,0.2377,99.0,0.0,,"[0.0001, 0.0003, 0.0006, -0.0005, 0.0002, 0.0009, 0.0012, 0.0005, 0.0057, 0.0301, 0.024, 0.0211, 0.0206, 0.0239, 0.0214, 0.0199, 0.0187, 0.0214, 0.0229, 0.0205, 0.0218, 0.0193, 0.0135, -0.1385, -0.7518, 0.2091, 0.0564, 0.1103, -0.0798, 0.0945, 0.0255, 0.0221, 0.0225, 0.0217, 0.0168, 0.013, 0.0231, 0.0229, 0.0209, 0.0159, -0.0093, -0.0028, -0.0015, 0.0013, -0.0022, 0.0001, 0.0002, 0.0005, 0.0002, 0.0005, 0.0002, -0.0001, -0.0, 0.0, -0.0001, -0.0002, 0.0001, -0.0, -0.0002, 0.0002, -0.0005, 0.0001, 0.0, 0.0, -0.0002, -0.0005, 0.0007, 0.0002, 0.0002, 0.0002, 0.0, -0.0, 0.0, -0.0001, 0.0002, -0.0002, -0.0001, -0.0001, -0.0001, -0.0001, -0.0001, 0.0001, -0.0002, -0.0, -0.0, -0.0002, 0.0003, -0.0001, -0.0, -0.0001, -0.0, -0.0, 0.0011, -0.0001, -0.0001, -0.0, -0.0001, -0.0, -0.0001, -0.0001, -0.0001, 0.0002, 0.0, 0.0001, 0.0002, -0.0002, -0.0001, 0.0001, -0.0, 0.0001, 0.0, -0.0001, 0.0001, -0.0002, 0.0002, -0.0, 0.0001, 0.0, -0.0001]",0.0
2026-07-11_22-45-39.mp4,1,120.0,15.0,0.0,motion,0.0,0.0,0.0,0.0,0.0,0.3596,2.034,0.269,0.1533,0.737,0.041,,"[0.0, -0.0, 0.0, 0.0, 0.0, 0.0, 0.0, 0.0, 0.0, 0.0, 0.0, 0.0, 0.0, 0.0, 0.0, 0.0, 0.0, 0.0, 0.0, 0.0, 0.0, 0.0, 0.0, 0.0, 0.0, 0.0, 0.0, 0.0, 0.0, 0.0, -0.0, -0.0, 0.0, 0.0, 0.0, 0.0, -0.0, 0.0, -0.0, -0.0, -0.0, -0.0, -0.0, -0.0, -0.0, 0.0, -0.0, -0.0012, 0.0001, -0.0, -0.0, 0.0013, -0.0004, 0.0, -0.0001, -0.0, -0.0, 0.0007, 0.0001, -0.0002, -0.0, -0.0, -0.0, -0.0001, -0.0001, -0.0001, -0.0001, -0.0, -0.0, -0.0, -0.0, -0.0001, 0.0003, 0.0005, -0.0003, -0.0, -0.0, -0.0, -0.0003, -0.0, -0.0, -0.0, -0.0, -0.0, -0.0, -0.0, -0.0, -0.0, -0.0, 0.0, 0.0, 0.0, 0.0, 0.0, -0.0, -0.0, -0.0, 0.0, 0.0, 0.0, 0.0, 0.0002, 0.0002, 0.0002, 0.0002, 0.0003, 0.0003, 0.0003, 0.0003, 0.0004, 0.0004, 0.0004, -0.0, 0.0006, 0.0005, 0.001, -0.0052, 0.0013, -0.0003]",0.0
2026-07-24_19-17-55.mp4,1,120.0,15.0,0.0,motion,0.0,0.0,0.0,0.0,0.0,0.2636,0.763,0.501,0.2801,1.474,0.0786,,"[0.0002, 0.0001, 0.0004, -0.0002, -0.0005, -0.0, -0.0001, -0.0002, 0.0002, 0.0003, 0.0004, 0.0002, 0.0001, -0.0002, -0.0009, 0.0001, 0.0001, -0.0053, 0.0002, 0.0001, 0.0016, -0.0003, 0.0001, -0.0003, 0.0001, 0.0026, 0.0001, 0.0001, 0.0001, 0.0001, -0.0001, 0.0019, -0.0023, -0.0003, -0.0004, 0.0007, -0.0004, -0.0004, -0.0004, -0.0008, -0.0004, -0.0003, -0.0004, -0.0004, -0.0004, 0.0042, -0.0002, -0.0003, -0.0002, 0.0033, -0.0004, 0.0005, -0.0004, -0.0003, -0.0003, -0.0002, 0.0005, -0.0001, -0.0003, -0.0003, -0.0003, -0.0001, -0.0002, 0.0006, 0.0, 0.0002, 0.0005, -0.0014, 0.0011, 0.0002, -0.0003, 0.0001, 0.0001, 0.0002, 0.0002, 0.0002, -0.0017, -0.0019, -0.0003, -0.0006, -0.0005, 0.0005, 0.0006, -0.0015, 0.0009, 0.0003, 0.0001, 0.0003, 0.0003, 0.0003, 0.0002, 0.0002, 0.0002, 0.0001, 0.0001, -0.0004, -0.0, 0.0, 0.0001, -0.0005, 0.0, 0.0, 0.0, 0.0, 0.0002, 0.0002, -0.0, -0.0001, -0.0001, -0.0001, -0.0001, -0.0001, -0.0001, -0.0002, -0.0002, -0.0002, -0.0002, -0.0002, 0.0002]",0.0
2026-07-26_10-22-55.mp4,1,120.0,15.0,0.1,motion,0.0,0.0,0.0,0.0,0.0,0.4843,2.797,0.474,0.2972,1.103,0.1203,,"[-0.0001, 0.0001, -0.0001, 0.0001, 0.0001, 0.0002, 0.0001, 0.0, 0.0, 0.0, -0.0, -0.0, -0.0, 0.0, 0.0, -0.0001, -0.0, 0.0, -0.0001, 0.0002, -0.0001, -0.0, -0.0, -0.0, -0.0, -0.0001, 0.0001, 0.0001, -0.0, -0.0, 0.0, -0.0, -0.0, -0.0, -0.0, 0.0, 0.0, 0.0, 0.0, -0.0, 0.0, -0.0001, 0.0, 0.0001, -0.0, -0.0, 0.0, -0.0, -0.0, 0.0, -0.0001, -0.0001, -0.0001, 0.0, -0.0, -0.0, -0.0001, 0.0001, 0.0005, -0.0, -0.0002, -0.0001, -0.0001, -0.0, 0.0001, -0.0001, -0.0001, 0.0001, 0.0004, 0.0004, 0.0001, -0.0002, 0.0, 0.0, -0.0002, 0.0001, -0.0001, -0.0, -0.0, -0.0, 0.0, -0.0, -0.0, -0.0, -0.0, 0.0, 0.0, -0.0, 0.0, 0.0, -0.0, 0.0, -0.0, -0.0, -0.0, -0.0, 0.0, 0.0, 0.0, 0.0, 0.0, 0.0, 0.0, 0.0, -0.0, 0.0, 0.0, 0.0, 0.0, 0.0, 0.0, -0.0001, 0.0, 0.0, 0.0, 0.0, 0.0, 0.0, 0.0]",0.0
2026-07-02_08-10-49.mp4,1,120.0,15.0,0.0,motion,0.0,0.0,0.0,0.0,0.0,0.2933,1.525,0.441,0.4808,0.118,0.0137,,"[0.0005, -0.0032, -0.0006, 0.0014, -0.0003, -0.0003, -0.0002, -0.0002, -0.0002, -0.0001, -0.0001, -0.0001, -0.0001, -0.0, -0.0, 0.0, 0.0, -0.0, -0.0001, 0.0, 0.0, 0.0, 0.0, -0.0, -0.0, 0.0, 0.0, 0.0, 0.0, 0.0, 0.0, 0.0, 0.0, 0.0, 0.0, 0.0, 0.0, 0.0, 0.0, 0.0, 0.0, 0.0, 0.0001, 0.0001, 0.0, -0.0002, 0.0001, 0.0, 0.0, 0.0, 0.0, 0.0, 0.0, 0.0, 0.0, 0.0, 0.0, -0.0015, 0.0, 0.0005, 0.0, -0.0001, 0.0009, -0.0, 0.0, 0.0, 0.0, 0.0, 0.0, 0.0, 0.0, 0.0, 0.0, -0.0, -0.0, -0.0001, -0.0, -0.0001, 0.0, -0.0, -0.0, -0.0, -0.0, -0.0, -0.0, -0.0, -0.0, 0.0001, 0.0, 0.0, 0.0, 0.0, 0.0, 0.0, 0.0, 0.0, 0.0, 0.0, 0.0, 0.0, 0.0, 0.0, -0.0001, 0.0, 0.0, 0.0, 0.0, 0.0, 0.0, 0.0, 0.0, 0.0, 0.0, 0.0, 0.0, 0.0, 0.0, 0.0, 0.0]",0.0
2026-07-13_23-18-34.mp4,1,120.0,15.0,0.0,motion,0.0,0.0,0.0,0.0,0.0,0.3419,2.288,0.652,0.31,4.579,0.183,,"[0.0001, -0.0, -0.0003, -0.0, -0.0001, 0.0004, -0.0004, -0.0005, -0.0, -0.0001, 0.0001, -0.0, 0.0002, -0.0, 0.0001, -0.0005, 0.0009, -0.0003, 0.0, 0.0002, 0.0001, 0.0, 0.0001, 0.0001, 0.0001, 0.0001, 0.0003, 0.0002, -0.0, 0.001, -0.0005, 0.0001, 0.0, -0.0002, -0.0004, 0.0015, -0.0003, -0.0006, -0.0013, -0.0006, -0.0002, 0.0001, 0.0006, 0.0002, -0.0019, -0.0001, -0.0003, 0.0002, 0.0006, 0.0005, 0.0002, 0.0006, 0.0002, -0.0004, 0.0002, -0.0, 0.0001, 0.0001, 0.0, 0.0002, -0.0, 0.0001, 0.0004, -0.0027, 0.0, 0.0, -0.002, 0.0016, 0.0022, 0.0, -0.0002, 0.0, 0.0, 0.0, 0.0003, 0.0, 0.0, 0.0, -0.0001, -0.0, -0.0, -0.0, -0.0001, -0.0, 0.0, -0.0006, 0.0, 0.0, 0.0, 0.0, 0.0, 0.0, 0.0, 0.0, 0.0, 0.0, 0.0, 0.0, 0.0, 0.0, 0.0, 0.0, 0.0, 0.0, 0.0, 0.0, 0.0, 0.0, 0.0, 0.0, 0.0, 0.0, 0.0, 0.0, 0.0, 0.0, 0.0, 0.0, 0.0]",0.0
2026-07-14_04-52-55.mp4,1,120.0,15.0,0.0,motion,0.0,0.0,0.0,0.0,0.0,0.3172,1.525,0.536,0.3198,0.03,0.0049,,"[0.0061, -0.2897, 0.0136, -0.0319, -0.0202, 0.0832, -0.0451, 0.1351, 0.003, 0.1271, -0.0029, 0.0047, 0.0036, -0.0744, 0.0051, 0.004, 0.0041, 0.0187, -0.0088, -0.0196, -0.0071, -0.0075, -0.0076, -0.0033, -0.0033, 0.0007, 0.0005, 0.0005, 0.0005, -0.002, -0.002, -0.002, -0.002, -0.0012, -0.0014, -0.0003, -0.0014, 0.0509, -0.0016, -0.0016, -0.0019, -0.0019, -0.0019, -0.0019, -0.0019, -0.0019, -0.0019, -0.0036, -0.0036, -0.0035, -0.0035, -0.0018, -0.0018, -0.0001, -0.0, 0.0082, -0.0001, 0.0001, 0.0002, 0.0004, -0.0012, -0.0011, 0.0537, -0.0011, -0.001, -0.001, -0.0508, -0.0003, 0.0007, -0.0012, -0.0011, -0.0009, -0.0048, -0.0025, -0.0008, -0.001, -0.0008, -0.0009, 0.0009, -0.0013, 0.0008, 0.0031, -0.0008, -0.0284, 0.056, -0.0005, -0.0005, -0.0006, -0.0007, -0.0008, -0.0008, -0.0008, -0.0008, -0.0008, -0.0008, -0.0009, -0.0009, -0.0033, -0.0009, -0.0018, 0.0001, 0.0001, 0.0001, -0.0031, -0.0063, -0.0096, -0.0128, -0.016, -0.0192, -0.0224, -0.0256, -0.0288, -0.032, -0.0353, -0.0385, -0.0417, -0.0449, -0.0481, 0.0481]",0.0
2026-07-10_16-32-47.mp4,1,120.0,15.0,0.008,motion,0.0,0.0,0.0,0.0,0.0,0.3391,1.525,0.614,0.2496,13.185,0.1934,,"[0.0001, 0.0, -0.0003, -0.0003, -0.0003, 0.0001, 0.0001, -0.0001, -0.0, -0.0, 0.0, -0.0001, 0.0, -0.0, -0.0002, -0.0001, -0.0, -0.0, -0.0, -0.0, -0.0001, -0.0, -0.0001, -0.0, -0.0, -0.0, -0.0, -0.0, -0.0002, 0.001, 0.0001, -0.0002, 0.0003, -0.0002, 0.0001, -0.0001, -0.0, -0.0, -0.0, -0.0002, 0.0001, -0.0001, -0.0004, -0.0002, 0.0002, -0.0001, -0.0002, 0.0002, 0.0001, 0.0, 0.0001, -0.0001, -0.0004, 0.0001, 0.0003, 0.0, -0.0001, -0.0001, -0.0001, -0.0002, -0.0001, -0.0001, 0.0, 0.0001, 0.002, 0.0001, -0.0004, 0.0001, -0.0, -0.0001, 0.0002, -0.0002, -0.0, -0.0, 0.0001, 0.0004, -0.0, 0.0002, -0.0008, -0.0009, -0.0, 0.0, -0.0005, -0.0003, 0.0008, 0.0, 0.0, 0.0, 0.0, 0.0, -0.0002, 0.0, 0.0001, 0.0, 0.0001, 0.0, 0.0001, 0.0, -0.0, 0.0001, 0.0001, -0.0, -0.0, -0.0, 0.0, -0.0, -0.0001, 0.0001, -0.0001, 0.0, -0.0, -0.0001, 0.0, 0.0, 0.0, -0.0002, 0.0001, 0.0002, 0.0]",0.0
2026-07-18_11-47-40.mp4,1,120.0,15.0,0.117,motion,0.0,0.0,0.0,0.0,0.0,0.2217,2.797,0.0,0.2408,0.106,0.0,,"[0.0, -0.0008, -0.0, 0.0001, 0.0001, -0.0001, -0.0001, -0.0, 0.0001, 0.0, 0.0009, -0.0055, -0.0056, -0.0055, -0.0055, -0.0055, -0.0056, -0.0054, -0.0057, -0.0053, -0.0054, -0.0055, -0.0041, -0.0077, -0.0056, -0.0323, 0.1947, -0.0057, -0.0051, -0.0058, -0.0064, -0.006, -0.0063, -0.0055, -0.0057, -0.0058, -0.0056, -0.0049, -0.0053, -0.0053, -0.0055, -0.0065, -0.0001, -0.0001, 0.0008, 0.0007, -0.0001, -0.0001, -0.0001, -0.0001, -0.0001, -0.0001, -0.0002, -0.0001, -0.0, -0.0001, 0.0001, -0.0002, 0.0003, 0.0, -0.0032, 0.0051, 0.0049, 0.0052, 0.005, 0.0052, 0.0049, 0.005, 0.0051, 0.005, 0.0051, 0.0051, 0.0052, 0.0045, 0.0056, 0.1016, -0.2446, 0.0011, 0.0049, 0.005, 0.0051, 0.005, 0.0049, 0.005, 0.0049, 0.005, 0.0053, 0.0041, 0.0056, 0.0052, 0.0047, 0.0099, 0.0001, 0.0, 0.0, 0.0002, 0.0, 0.0, 0.0, -0.0, -0.0, -0.0001, -0.0001, 0.0001, -0.0, -0.0002, -0.0002, -0.0013, 0.0003, -0.0001, 0.0001, 0.0, 0.0, 0.0001, 0.0, 0.0, 0.0001, 0.0001, 0.0001]",0.0
2026-07-07_08-18-07.mp4,1,120.0,15.0,0.0,motion,0.0,0.0,0.0,0.0,0.0,0.3015,1.78,0.196,0.4527,0.017,0.001,,"[-0.0, -0.0001, -0.0001, 0.0, 0.0, 0.0, 0.0, 0.0, 0.0, -0.0, 0.0002, 0.0, 0.0, 0.0, 0.0, 0.0, 0.0, -0.0, -0.0, -0.0, -0.0, -0.0, -0.0, -0.0, -0.0, -0.0, -0.0, -0.0, -0.0, -0.0, -0.0, -0.0, -0.0, -0.0, -0.0, -0.0, -0.0, -0.0, -0.0, -0.0, -0.0, -0.0, -0.0, -0.0, -0.0, 0.0, -0.0, -0.0, -0.0, -0.0, -0.0, -0.0, -0.0, -0.0, -0.0, -0.0, -0.0, -0.0, -0.0, 0.0, -0.0001, 0.0, 0.0, 0.0, -0.0, 0.0001, -0.0, -0.0, -0.0, -0.0, -0.0, -0.0, -0.0, -0.0, -0.0, -0.0, -0.0, -0.0, -0.0, -0.0, -0.0, -0.0, -0.0, -0.0, -0.0, -0.0, -0.0, -0.0, -0.0, -0.0, -0.0, -0.0, -0.0, -0.0, -0.0, 0.0, 0.0, 0.0001, -0.0, 0.0, 0.0, -0.0, 0.0, 0.0, 0.0, 0.0, 0.0, 0.0, 0.0, -0.0002, 0.0, 0.0, 0.0, 0.0, 0.0, 0.0, 0.0, 0.0, 0.0]",0.0
2026-07-07_00-14-36.mp4,1,120.0,15.0,0.0,motion,0.0,0.0,0.0,0.0,0.0,0.1657,2.797,0.052,0.2091,0.001,0.0,,"[0.0, -0.0, -0.0, 0.0, 0.0, 0.0, 0.0, 0.0, 0.0, 0.0, -0.0, 0.0, 0.0, 0.0, 0.0, 0.0, 0.0, 0.0, 0.0, 0.0, -0.0, 0.0, 0.0, 0.0, 0.0, 0.0, 0.0, 0.0, 0.0, 0.0, 0.0, 0.0, 0.0, 0.0, 0.0, 0.0, -0.0, -0.0, -0.0, -0.0, -0.0, 0.0, 0.0, 0.0, -0.0, -0.0, -0.0, -0.0, -0.0, -0.0, -0.0, -0.0, -0.0, -0.0, -0.0, -0.0, -0.0, -0.0, -0.0, 0.0, 0.0, 0.0, 0.0, 0.0, 0.0, 0.0, 0.0, 0.0, 0.0, 0.0, 0.0, 0.0, 0.0, 0.0, -0.0, 0.0, 0.0, 0.0, 0.0, 0.0, 0.0, 0.0, 0.0, 0.0, 0.0, 0.0, -0.0, 0.0, 0.0, 0.0, 0.0, 0.0, 0.0, 0.0, 0.0, 0.0, 0.0, -0.0, 0.0, 0.0, -0.0, 0.0, -0.0, 0.0, 0.0, 0.0, -0.0, 0.0, 0.0, 0.0, 0.0, 0.0, 0.0, 0.0, -0.0, -0.0, -0.0, 0.0, -0.0]",0.0
2026-07-01_17-53-29.mp4,1,120.0,15.0,0.0,motion,0.0,0.0,0.0,0.0,0.0,0.4445,0.763,0.308,0.6819,1.735,0.0867,,"[0.0213, 0.0213, 0.0213, 0.0213, 0.0212, 0.0211, 0.0186, 0.025, 0.0169, 0.0198, -0.0323, -0.4219, -0.0603, -0.0351, 0.0034, 0.0206, 0.0216, 0.0217, 0.0218, 0.0221, 0.0244, 0.024, 0.0214, 0.0227, 0.0214, -0.0082, -0.0145, -0.0185, -0.0207, -0.0227, -0.0236, -0.0294, -0.03, -0.0322, -0.0138, -0.0115, -0.0113, -0.0067, -0.0698, 0.0301, 0.7454, -0.0117, -0.0066, -0.0241, -0.0147, -0.0052, 0.1255, 0.019, 0.0368, -0.6009, -0.1013, -0.0379, -0.0304, -0.0319, -0.0335, -0.0314, -0.0089, -0.0073, -0.0048, 0.0852, -0.0017, 0.2164, 0.2339, 0.0353, -0.0242, 0.0054, -0.0133, -0.0313, 0.0063, -0.0184, -0.0198, -0.02, -0.0201, -0.0199, -0.0198, -0.017, -0.0168, -0.0095, -0.0019, -0.0007, -0.0015, -0.0008, -0.0006, -0.0009, -0.0, -0.0, -0.0, 0.0, -0.0, -0.0, 0.0, -0.0, 0.0, -0.0, -0.0, -0.0024, 0.0023, 0.0077, 0.0074, 0.0077, 0.0071, 0.0069, 0.0073, 0.0082, 0.0092, 0.0103, 0.0112, 0.0123, 0.0133, 0.0143, 0.0896, -0.1296, -0.1516, 0.0285, 0.0119, 0.0391, 0.0266, 0.0134, -0.008]",0.0
2026-07-10_22-29-30.mp4,1,120.0,15.0,0.0,motion,0.0,0.0,0.0,0.0,0.0,0.4152,0.763,0.703,0.3143,0.762,0.1261,,"[0.0001, -0.0002, -0.0, 0.0001, -0.0001, -0.0, -0.0001, -0.0001, -0.0001, -0.0003, 0.0, -0.0, -0.0, -0.0, -0.0, -0.0001, -0.0003, 0.0003, 0.0001, -0.0, 0.0001, 0.0001, 0.0001, 0.0001, 0.0001, -0.0001, -0.0, -0.0002, -0.0006, -0.0001, 0.0, 0.0001, 0.0, 0.0001, -0.0001, 0.0001, 0.0, 0.0002, -0.0, -0.0, -0.0, 0.0, 0.0001, 0.0002, -0.0, 0.0001, 0.0001, -0.0, 0.0, -0.0001, 0.0, -0.0, 0.0, 0.0001, 0.0, -0.0, -0.0002, 0.0, -0.0001, -0.0, -0.0, 0.0, -0.0004, 0.0, 0.0001, 0.0, -0.0001, 0.0001, 0.0, 0.0, 0.0001, 0.0, -0.0001, 0.0001, 0.0002, 0.0, 0.0, 0.0, 0.0, -0.0, -0.0, -0.0, -0.0, -0.0001, 0.0001, 0.0001, -0.0, 0.0, 0.0, 0.0, 0.0001, 0.0, -0.0, -0.0, 0.0, 0.0002, -0.0001, -0.0, -0.0002, 0.0, 0.0, -0.0001, -0.0003, 0.0002, 0.0001, -0.0005, 0.0, 0.0002, 0.0001, 0.0, 0.0001, -0.0, -0.0001, 0.0, 0.0001, -0.0001, 0.0001, 0.0001, -0.0]",0.0
2026-07-08_10-41-27.mp4,1,120.0,15.0,0.0,motion,0.0,0.0,0.0,0.0,0.0,0.2387,0.763,0.112,0.3272,0.039,0.001,,"[-0.0, 0.0001, 0.0, 0.0, 0.0, 0.0, 0.0, 0.0, 0.0, 0.0, -0.0, -0.0001, 0.0, 0.0, 0.0001, 0.0, 0.0002, -0.0001, -0.0, 0.0, -0.0, -0.0, -0.0, -0.0, -0.0, -0.0, -0.0, -0.0, -0.0, -0.0, 0.0, 0.0, -0.0, 0.0001, -0.0, -0.0, -0.0, 0.0, -0.0, -0.0, -0.0, -0.0, -0.0001, 0.0, -0.0, -0.0002, 0.0008, -0.0001, -0.0, -0.0, -0.0, 0.0, -0.0, -0.0, -0.0001, -0.0, -0.0, -0.0, -0.0001, -0.0, -0.0, 0.0, 0.0001, -0.0001, 0.0001, 0.0, -0.0, -0.0, 0.0, -0.0, 0.0, 0.0, -0.0, -0.0, 0.0, 0.0, 0.0, 0.0, -0.0, 0.0, 0.0, -0.0, -0.0, -0.0, -0.0, 0.0, -0.0, -0.0, -0.0, -0.0, -0.0, -0.0, -0.0, -0.0, -0.0, -0.0, 0.0, -0.0, -0.0, 0.0, 0.0, 0.0001, -0.0, 0.0001, 0.0005, 0.0, -0.0, 0.0002, 0.0, -0.0001, -0.0, -0.0002, 0.0, 0.0, 0.0, 0.0, -0.0, 0.0, -0.0001]",0.0
2026-07-15_10-18-13.mp4,1,120.0,15.0,0.0,motion,0.0,0.0,0.0,0.0,0.0,0.3332,0.763,0.28,0.3606,1.0,0.0467,,"[0.0, -0.0, -0.0, -0.0, -0.0, -0.0, -0.0, -0.0, 0.0, 0.0001, 0.0001, 0.0, 0.0, -0.0, 0.0, 0.0, 0.0006, -0.0004, 0.0008, -0.0003, 0.0001, 0.0, -0.0004, -0.0009, -0.0015, -0.0001, 0.0007, 0.0, 0.0002, 0.0001, -0.0003, -0.0003, 0.0006, 0.0004, -0.0, 0.0005, 0.0013, 0.0003, 0.0006, 0.0, -0.0004, -0.0006, 0.0005, 0.0008, 0.0005, -0.0002, 0.0, 0.0, 0.0003, -0.0014, -0.0005, 0.0003, -0.0003, -0.0036, 0.0003, 0.0002, 0.0002, 0.0001, 0.0004, 0.0001, 0.0006, -0.0003, 0.0002, 0.0002, 0.0002, 0.0006, 0.0, 0.0002, -0.0002, -0.0003, 0.0, 0.0, 0.0003, -0.0001, -0.0001, -0.0, 0.0002, -0.0001, 0.0, 0.0001, 0.0, 0.0, -0.0001, -0.0, -0.0, 0.0, -0.0, -0.0001, 0.0001, 0.0, -0.0, -0.0002, -0.0, 0.0001, -0.0, -0.0, -0.0, -0.0, -0.0, -0.0, 0.0002, -0.0002, 0.0001, -0.0001, -0.0, 0.0001, -0.0001, -0.0001, 0.0, -0.0002, 0.0004, 0.0005, 0.0, 0.0001, -0.0003, -0.0001, -0.0001, -0.0, -0.0]",0.0
2026-07-15_10-01-07.mp4,1,120.0,15.0,0.0,motion,0.0,0.0,0.0,0.0,0.0,0.3366,2.797,0.311,0.2651,0.883,0.0492,,"[-0.0, -0.0001, 0.0001, 0.0, 0.0, 0.0, 0.0, 0.0, -0.0, 0.0001, 0.0001, 0.0, 0.0, 0.0, 0.0, 0.0, -0.0, -0.0, -0.0, -0.0, 0.0, -0.0, -0.0, 0.0, -0.0, -0.0, -0.0, 0.0001, 0.0, -0.0, 0.0001, -0.0, 0.0, -0.0, -0.0, -0.0, -0.0001, -0.0, -0.0001, 0.0001, -0.0, 0.0002, 0.0001, -0.0, -0.0001, -0.0, 0.0002, -0.0, -0.0, -0.0, -0.0, -0.0, -0.0, -0.0, -0.0, -0.0, -0.0, 0.0, 0.0, -0.0001, 0.0, 0.0, 0.0, 0.0, 0.0, 0.0, 0.0, 0.0, 0.0, 0.0, 0.0, -0.0002, 0.0, 0.0, 0.0, -0.0, 0.0, 0.0, 0.0, 0.0, 0.0, 0.0, 0.0, 0.0, -0.0, 0.0, 0.0, 0.0, -0.0001, 0.0, 0.0002, 0.0, -0.0001, 0.0, 0.0, 0.0, 0.0001, 0.0, 0.0, 0.0, 0.0, -0.0001, 0.0, 0.0, 0.0, -0.0001, 0.0, 0.0, 0.0, 0.0, 0.0, 0.0, 0.0, 0.0, 0.0, 0.0, 0.0, 0.0, 0.0]",0.0
2026-07-01_17-46-05.mp4,1,120.0,15.0,0.0,motion,0.0,0.0,0.0,0.0,0.0,0.5006,0.763,0.442,0.4813,99.0,0.2211,,"[-0.0108, -0.014, 0.0462, 0.1173, 0.0693, 0.0519, 0.0164, -0.0336, 0.0084, -0.0284, -0.0278, 0.0077, -0.0159, -0.0128, -0.0203, 0.0129, 0.0026, 0.0033, -0.0072, -0.0043, 0.0014, 0.0093, 0.006, -0.0066, -0.0087, -0.0106, -0.0065, 0.0067, 0.0094, 0.0089, 0.0049, 0.0095, 0.0112, 0.0174, 0.0172, 0.0173, 0.0172, 0.0072, 0.0056, 0.0005, -0.05, -0.1639, -0.1134, -0.016, 0.0138, 0.0003, 0.0045, -0.063, -0.1222, 0.0034, -0.0066, -0.0067, 0.3267, -0.0073, 0.1122, -0.0036, -0.0096, -0.0145, -0.0169, -0.0131, 0.0013, -0.0393, 0.2335, 0.0505, 0.029, 0.1919, 0.0648, 0.0777, 0.1234, 0.1327, 0.1316, 0.0905, 0.0554, 0.0092, -0.1803, -0.6901, -0.6702, -0.0265, -0.0324, -0.026, -0.8773, -0.2909, -0.4765, -0.507, -0.5904, -0.0584, 0.7576, 0.7889, 0.5757, 0.666, 0.4811, 0.721, 0.1799, 0.2865, -0.273, 0.4102, -0.1025, 0.1075, -0.1409, -0.2413, -0.1382, -0.134, -0.1525, -0.1264, -0.1067, -0.0826, -0.0675, -0.0441, -0.0335, -0.0203, -0.0225, -0.0106, -0.0046, -0.0002, -0.0047, -0.003, -0.0027, -0.0005, 0.0002]",0.0
2026-07-10_18-12-44.mp4,1,120.0,15.0,0.0,motion,0.0,0.0,0.0,0.0,0.0,0.3025,0.763,0.151,0.201,0.842,0.0209,,"[-0.0003, 0.0, 0.0005, 0.0005, 0.0003, 0.0001, 0.0003, 0.0001, 0.0001, -0.0, -0.0001, 0.0, -0.0, 0.0001, -0.0, -0.0001, 0.0017, -0.0001, 0.0007, -0.0002, -0.0, -0.0007, -0.0, -0.0, -0.0002, -0.0004, -0.0, -0.0, -0.0, -0.0, 0.0, 0.0, 0.0001, 0.0001, 0.0001, 0.0001, 0.0001, 0.0001, 0.0001, 0.0001, 0.0001, 0.0001, 0.0001, 0.0, -0.0011, -0.0002, 0.0001, 0.0001, -0.0001, -0.0016, 0.0007, -0.0006, 0.0006, -0.0001, 0.0003, 0.0004, -0.0002, 0.0006, 0.0002, -0.0003, -0.0, -0.0001, -0.0001, -0.0, -0.0001, -0.0002, -0.0001, -0.0001, -0.0001, 0.0017, -0.0001, -0.0001, -0.0001, -0.0001, -0.0001, -0.0001, 0.0001, -0.0001, -0.0001, -0.0001, -0.0001, -0.0001, -0.0001, -0.0001, -0.0001, -0.0, -0.0, -0.0, -0.0, -0.0, -0.0, -0.0, -0.0, -0.0, -0.0, -0.0, 0.0, -0.0, 0.0001, 0.0001, 0.0, 0.0, 0.0, 0.0, 0.0, 0.0002, 0.0, 0.0, 0.0, 0.0, 0.0004, -0.0008, 0.0004, -0.002, 0.0, 0.0006, 0.0, 0.0, 0.0]",0.0
2026-07-11_15-45-16.mp4,1,120.0,15.0,0.0,motion,0.0,0.0,0.0,0.0,0.0,0.3257,0.763,0.443,0.4538,0.314,0.0345,,"[0.0, -0.0001, 0.0001, -0.0, 0.0001, 0.0001, 0.0001, -0.0, -0.0, 0.0, -0.0, -0.0, -0.0, 0.0001, -0.0, 0.0, -0.0001, 0.0, -0.0003, -0.0002, 0.0, 0.0001, -0.0001, -0.0001, -0.0001, 0.0001, 0.0001, 0.0001, 0.0, -0.0, 0.0001, -0.0, 0.0001, 0.0, 0.0, 0.0, -0.0001, -0.0, 0.0, -0.0001, -0.0, -0.0001, -0.0, -0.0, -0.0, 0.0, 0.0001, -0.0001, 0.0002, 0.0001, 0.0, 0.0001, 0.0001, 0.0001, -0.0001, -0.0001, 0.0001, -0.0, 0.0, -0.0001, 0.0, -0.0, -0.0, -0.0, 0.0, -0.0, 0.0, 0.0, -0.0, -0.0, 0.0, 0.0, -0.0, 0.0, -0.0, -0.0, -0.0, -0.0, 0.0, -0.0, -0.0, -0.0, 0.0, -0.0, -0.0, 0.0, 0.0, 0.0, 0.0001, -0.0, 0.0001, -0.0001, -0.0002, 0.0001, 0.0001, -0.0, 0.0001, -0.0, -0.0001, 0.0002, -0.0001, 0.0, -0.0, -0.0004, 0.0, -0.0001, 0.0, -0.0001, 0.0001, 0.0, -0.0, -0.0001, -0.0, -0.0, -0.0001, 0.0, -0.0001, 0.0001, 0.0001]",0.0
2026-07-10_20-05-38.mp4,1,120.0,15.0,0.0,motion,0.0,0.0,0.0,0.0,0.0,0.1991,0.763,0.394,0.1609,4.969,0.0653,,"[0.0013, -0.0014, -0.0012, -0.0011, -0.0011, -0.001, -0.0009, -0.0008, -0.0007, -0.0006, -0.0005, -0.0004, -0.0003, -0.0003, -0.0002, -0.0001, 0.0, 0.0, -0.0, -0.0, -0.0, -0.0, -0.0, -0.0, -0.0, -0.0, -0.0, -0.0, -0.0, -0.0, -0.0, -0.0, -0.0, -0.0, -0.0, -0.0, -0.0, -0.0, -0.0, -0.0, -0.0, -0.0, -0.0, -0.0, 0.0, 0.0, 0.0, 0.0, 0.0, 0.0, 0.0, 0.0, 0.0, 0.0, 0.0, 0.0, 0.0, 0.0, 0.0, -0.0004, 0.0, 0.0, 0.0, 0.0, 0.0, 0.0, 0.0, 0.0, 0.0, 0.0001, 0.0001, 0.0001, 0.0001, 0.0001, 0.0001, 0.0001, 0.0001, 0.0001, 0.0001, 0.0001, 0.0001, -0.0009, 0.0001, 0.0001, -0.0011, 0.0001, 0.0001, 0.0001, 0.0001, 0.0001, 0.0001, 0.0001, 0.0001, 0.0001, 0.0001, 0.0001, 0.0001, 0.0, 0.0, 0.0, 0.0, 0.0, 0.0, 0.0, 0.0, 0.0, 0.0, 0.0, 0.0, 0.0, 0.0, 0.0, 0.0, 0.0, 0.0, 0.0, 0.0, 0.0, 0.0]",0.0
2026-07-22_06-57-07.mp4,1,120.0,15.0,0.0,motion,0.0,0.0,0.0,0.0,0.0,0.1165,0.763,0.217,0.4515,0.02,0.0005,,"[0.0, -0.0, 0.0001, -0.0001, 0.0, -0.0, 0.0, 0.0, 0.0, 0.0, 0.0, 0.0, 0.0, -0.0, 0.0, 0.0, 0.0, 0.0, 0.0, 0.0, 0.0, 0.0, 0.0, 0.0, 0.0, 0.0, 0.0, 0.0, 0.0, 0.0, 0.0, 0.0, -0.0, 0.0, 0.0, -0.0, 0.0, 0.0, 0.0, 0.0, 0.0, 0.0, 0.0, 0.0, 0.0, 0.0, 0.0, 0.0, -0.0, -0.0, -0.0, -0.0, -0.0, -0.0, -0.0, -0.0, -0.0, -0.0, -0.0, 0.0, -0.0, -0.0, -0.0, -0.0, -0.0, -0.0, -0.0, -0.0, -0.0, -0.0, -0.0, -0.0, -0.0, 0.0, 0.0, 0.0, 0.0, 0.0, 0.0, 0.0, 0.0, 0.0, 0.0, 0.0001, -0.0001, 0.0, 0.0, 0.0, -0.0001, 0.0, 0.0, 0.0, 0.0, -0.0, 0.0, 0.0, 0.0, 0.0, -0.0, -0.0, -0.0, -0.0, -0.0, -0.0, -0.0, -0.0, -0.0, -0.0, -0.0, -0.0, -0.0, -0.0, 0.0001, 0.0001, 0.0002, 0.0001, -0.0, -0.0, -0.0]",0.0
2026-07-02_07-11-44.mp4,1,120.0,15.0,0.0,motion,0.0,0.0,0.0,0.0,0.0,0.3162,0.763,0.27,0.2888,0.113,0.0087,,"[0.0002, -0.0004, 0.0006, 0.0004, -0.0002, -0.0001, -0.0003, -0.0002, -0.0002, -0.0002, -0.0003, -0.0002, -0.0002, -0.001, -0.0001, -0.0001, -0.0, -0.0, -0.0001, 0.0007, -0.0003, 0.0001, -0.0, 0.004, -0.0003, -0.0002, -0.0005, -0.0002, -0.0001, -0.0002, -0.0009, -0.0012, -0.0014, 0.0, -0.0009, -0.0, -0.0, 0.0004, -0.0001, 0.0064, -0.0021, -0.0001, 0.0001, 0.0, 0.0001, 0.0001, 0.0, -0.0016, -0.0004, -0.0, -0.0001, -0.0001, -0.0001, -0.0, -0.0001, 0.0001, 0.0001, 0.0001, 0.0001, -0.0002, 0.0, 0.0001, 0.0001, 0.0, 0.0001, 0.0001, 0.0001, 0.0001, 0.0001, 0.0001, 0.0005, -0.0007, 0.0001, 0.0001, 0.0001, 0.0012, -0.0006, 0.0001, 0.0001, -0.002, 0.0001, 0.0001, -0.0003, 0.0001, 0.0001, 0.0002, 0.0001, 0.0001, 0.0001, 0.0001, 0.0001, 0.0001, 0.0001, 0.0001, 0.0001, 0.0, 0.0, 0.0, -0.0, -0.0001, -0.0, 0.0, 0.0, 0.0, 0.0, 0.0, -0.0, 0.0, 0.0, 0.0, 0.0, 0.0, 0.0, 0.0, 0.0, 0.0, 0.0, 0.0, 0.0]",0.0
2026-07-01_17-33-20.mp4,1,120.0,15.0,0.0,motion,0.0,0.0,0.0,0.0,0.0,0.3456,1.78,0.24,0.1642,16.76,0.0783,,"[0.0001, -0.0, 0.0001, -0.0001, -0.0001, -0.0001, -0.0001, -0.0001, -0.0001, -0.0, -0.0, -0.0, 0.0001, -0.0, -0.0001, -0.0, 0.0, -0.0, -0.0, -0.0, -0.0, -0.0, -0.0, -0.0, -0.0, -0.0, -0.0, -0.0, -0.0, -0.0, -0.0, -0.0, -0.0, 0.0, 0.0, 0.0, 0.0, 0.0, 0.0, 0.0, 0.0, 0.0, 0.0, 0.0, 0.0, 0.0, 0.0, 0.0, -0.0, -0.0001, 0.0001, 0.0, 0.0, 0.0, 0.0, 0.0, 0.0, 0.0, 0.0, 0.0, -0.0, -0.0, 0.0, -0.0001, -0.0, 0.0001, 0.0, 0.0, -0.0, -0.0, -0.0, -0.0, -0.0, -0.0, -0.0, -0.0, -0.0, -0.0, -0.0, -0.0, -0.0, -0.0, -0.0, 0.0011, -0.0, -0.0, -0.0, -0.0, -0.0002, -0.0, -0.0, -0.0, -0.0, -0.0, -0.0, -0.0002, -0.0001, -0.0, -0.0, 0.0, 0.0, 0.0, 0.0, -0.0001, 0.0, 0.0, 0.0, -0.0001, 0.0, 0.0002, 0.0, 0.0, -0.0, -0.0, -0.0, -0.0, -0.0, -0.0, -0.0]",0.0
2026-07-14_01-03-51.mp4,1,120.0,15.0,0.017,motion,0.0,0.0,0.0,0.0,0.0,0.3023,2.797,0.0,0.2721,5.572,0.0,,"[-0.0156, 0.0232, 0.0139, 0.009, 0.0119, 0.0166, 0.0098, 0.0087, 0.0078, 0.0068, 0.0058, 0.0048, 0.0036, 0.0027, 0.0017, 0.0007, -0.0003, -0.0001, 0.0003, -0.0002, -0.0002, -0.0, -0.0, -0.0, -0.0, -0.0, -0.0, -0.0, -0.0, -0.0, -0.0, -0.0, -0.0, -0.0, 0.0, 0.0, 0.0, 0.0, 0.0, 0.0, 0.0, 0.0, 0.0, 0.0, -0.0034, -0.0034, 0.0073, 0.0073, 0.0073, 0.0073, 0.0073, 0.0073, 0.0073, 0.0073, 0.0072, 0.0072, 0.0072, 0.0072, 0.0072, 0.1126, 0.0073, -0.3234, 0.0073, 0.0073, 0.0073, 0.0073, 0.0073, 0.0073, 0.0073, 0.0073, 0.0073, 0.0073, 0.0073, 0.0073, 0.0073, 0.0107, 0.0107, 0.0, 0.0, 0.0, 0.0, 0.0, 0.0, 0.0, 0.0, 0.0, 0.0, 0.0, 0.0, 0.0, 0.0, 0.0, 0.0, 0.0, 0.0, 0.0, 0.0, 0.0, 0.0, 0.0, 0.0, 0.0, 0.0, 0.0, 0.0, 0.0, 0.0, 0.0, 0.0, 0.0, 0.0, 0.0, 0.0, 0.0, 0.0, 0.0, 0.0, 0.0, 0.0]",0.0
2026-07-05_17-33-24.mp4,1,120.0,15.0,0.0,motion,0.0,0.0,0.0,0.0,0.0,0.4089,0.763,0.0,0.3398,4.993,0.0,,"[0.0001, -0.0006, -0.0003, -0.0002, 0.0002, -0.0004, 0.0003, -0.0, -0.0, -0.0, -0.0, -0.0004, -0.0001, 0.0005, 0.0003, 0.0, 0.0, 0.0001, -0.0, -0.0, -0.0, -0.0, -0.0, 0.0001, -0.0, -0.0, 0.0005, -0.0, -0.0005, -0.0, -0.0001, -0.0, 0.0, 0.0001, -0.0001, 0.0, 0.0001, -0.0, 0.0, 0.0, 0.0, 0.0001, -0.0001, -0.0001, 0.0, -0.0, 0.0, 0.0, 0.0, 0.0, -0.0, -0.0, -0.0, 0.0, -0.0002, -0.0001, -0.0001, -0.0001, -0.0, -0.0002, -0.0001, -0.0002, -0.0, -0.0, -0.0002, 0.0002, 0.0004, 0.0001, 0.0007, 0.0012, 0.0005, -0.0001, -0.0005, -0.0006, 0.0012, -0.0001, -0.0016, -0.0014, -0.0003, 0.0016, -0.0003, 0.0, -0.0001, 0.0003, -0.0, -0.0, 0.0001, 0.0004, 0.0001, -0.0001, 0.0001, -0.0001, 0.0002, -0.0002, 0.0001, -0.0004, -0.0, 0.0, -0.0, -0.0, -0.0, 0.0001, -0.0, 0.0, -0.0001, 0.0, 0.0, 0.0001, -0.0, 0.0, 0.0, 0.0, -0.0, -0.0001, 0.0001, -0.0, 0.0001, -0.0, -0.0]",0.0
2026-07-08_18-44-27.mp4,1,120.0,15.0,0.067,motion,0.0,0.0,0.0,0.0,0.0,0.1322,0.763,0.296,0.2523,0.548,0.0138,,"[-0.0, 0.0002, -0.0001, 0.0, 0.0, 0.0, -0.0, -0.0, -0.0, -0.0, 0.0001, -0.0, -0.0, -0.0, -0.0, -0.0, -0.0002, 0.0006, -0.0001, 0.0, 0.0001, -0.0, 0.0, 0.0, -0.0, 0.0, 0.0001, -0.0, 0.0002, -0.0004, -0.0005, -0.0, -0.0008, 0.0001, -0.0006, -0.0012, 0.0026, -0.0015, 0.0008, 0.001, -0.0009, 0.0005, 0.0002, 0.0002, -0.0, 0.0001, -0.0001, -0.0002, 0.0004, 0.0013, -0.0008, -0.0004, -0.0001, -0.0003, -0.0002, -0.0009, 0.0004, 0.0003, 0.0, -0.0001, 0.0, 0.0003, 0.0005, 0.0001, -0.0002, -0.0003, 0.0002, -0.0, -0.0002, -0.0, 0.0001, -0.0, -0.0, -0.0, -0.0001, -0.0002, 0.0, -0.0, -0.0, -0.0, 0.0001, -0.0, 0.0001, -0.0, -0.0, -0.0, -0.0, 0.0, -0.0, -0.0, -0.0, -0.0, -0.0, 0.0006, -0.0, -0.0, -0.0, -0.0, -0.0, -0.0, -0.0, -0.0, -0.0001, -0.0001, -0.0, -0.0, -0.0, -0.0, -0.0, 0.0, 0.0, 0.0, 0.0, 0.0, 0.0, 0.0, -0.0, 0.0006, -0.0]",0.0
2026-07-10_16-38-11.mp4,1,120.0,15.0,0.0,motion,0.0,0.0,0.0,0.0,0.0,0.289,1.525,0.329,0.3418,0.005,0.0005,,"[0.0, -0.0001, -0.0, 0.0, -0.0, -0.0, -0.0, -0.0, -0.0, -0.0, -0.0, -0.0, 0.0, 0.0, -0.0, 0.0, 0.0, -0.0001, 0.0, 0.0, 0.0, 0.0, 0.0, 0.0, -0.0, 0.0, -0.0, -0.0, -0.0, 0.0, 0.0, 0.0, 0.0, 0.0, 0.0, 0.0, 0.0, 0.0, -0.0002, 0.0, 0.0, 0.0, 0.0, 0.0, 0.0, 0.0, -0.0, -0.0, -0.0, -0.0, -0.0, -0.0, -0.0, -0.0, -0.0, -0.0, -0.0, -0.0, -0.0, 0.0, -0.0, 0.0002, 0.0, 0.0, -0.0, 0.0, -0.0, -0.0, -0.0, -0.0, -0.0, -0.0, 0.0, -0.0001, -0.0001, 0.0001, -0.0, -0.0, -0.0, 0.0, 0.0, 0.0, 0.0, -0.0, 0.0, 0.0, 0.0, 0.0, 0.0, 0.0, -0.0, 0.0, 0.0, 0.0, -0.0, -0.0, -0.0, 0.0, -0.0, 0.0, 0.0, -0.0, -0.0, -0.0, -0.0, -0.0, -0.0, -0.0, -0.0, -0.0, -0.0, -0.0, -0.0, 0.0, -0.0, -0.0, 0.0, -0.0, -0.0]",0.0
2026-07-02_10-09-25.mp4,1,120.0,15.0,0.008,motion,0.0,0.0,0.0,0.0,0.0,0.4432,1.525,0.809,0.4487,12.016,0.331,,"[0.0022, -0.0003, 0.0074, -0.0372, -0.0, 0.0001, 0.0001, 0.0002, 0.0003, 0.0004, 0.0005, 0.0006, -0.001, -0.0009, -0.0008, -0.0007, -0.0006, -0.0006, -0.0024, -0.0077, -0.0077, -0.0077, -0.0077, -0.0077, -0.0082, -0.0093, -0.0087, 0.0423, -0.0094, -0.0094, -0.0094, -0.0094, -0.0243, 0.0173, 0.0848, -0.0431, -0.0431, -0.0431, -0.0431, -0.0264, -0.0, -0.1482, 0.0562, -0.0602, -0.0612, -0.0612, -0.0612, 0.3997, 0.5231, -0.0592, -0.0551, -0.0551, -0.0551, -0.0551, -0.0551, -0.0546, -0.0532, -0.0568, 0.5256, -0.0226, -0.0529, -0.0526, -0.0523, -0.0373, -0.0185, -0.0185, -0.0187, -0.0187, -0.0184, -0.0182, -0.0184, -0.0187, -0.0217, -0.0182, 0.0005, -0.0087, -0.0085, -0.007, -0.003, 0.0028, 0.0014, 0.0014, 0.0012, 0.0012, 0.0007, -0.0003, -0.0004, -0.0006, -0.0012, -0.0012, 0.0009, 0.0006, 0.0, -0.0001, -0.0001, 0.0005, 0.0005, 0.0015, -0.0003, 0.0, -0.0002, 0.0053, -0.0003, -0.0004, 0.0056, 0.0012, 0.0009, -0.0005, -0.0005, -0.0009, -0.0017, -0.001, -0.0003, -0.0003, -0.0006, -0.0002, -0.0004, -0.0002, -0.0002]",0.0
2026-07-10_10-57-58.mp4,1,120.0,15.0,0.017,motion,0.0,0.0,0.0,0.0,0.0,0.1208,0.763,0.215,0.38,0.0,0.0,,"[-0.0006, 0.0008, 0.0008, 0.0005, 0.0005, 0.0004, 0.0004, 0.0003, 0.0003, 0.0003, 0.0002, 0.0002, 0.0001, 0.0001, 0.0001, 0.0, -0.0, -0.0, -0.0, -0.0, 0.0, 0.0, 0.0, 0.0, 0.0, 0.0, 0.0, 0.0, -0.0, -0.0, -0.0, -0.0, -0.0, -0.0, -0.0, -0.0, -0.0, -0.0, -0.0, 0.0, 0.0, 0.0, 0.0, 0.0, -0.0, 0.0, 0.0, 0.0, 0.0, 0.0, 0.0, -0.0, -0.0, -0.0, -0.0001, -0.0, -0.0, -0.0, -0.0, 0.0004, -0.001, 0.0002, -0.0, -0.0, -0.0, -0.0, 0.0005, -0.0, 0.0002, -0.0, -0.0, -0.0, -0.0, -0.0, -0.0, -0.0, -0.0, -0.0, -0.0, -0.0, -0.0, -0.0, -0.0, -0.0, -0.0, -0.0, -0.0, -0.0, -0.0, 0.0, -0.0, -0.0, -0.0, -0.0, -0.0, -0.0, -0.0, -0.0, -0.0, -0.0, -0.0, -0.0, -0.0, -0.0, -0.0, 0.0001, -0.0, -0.0, -0.0, -0.0, -0.0, -0.0, -0.0, -0.0, -0.0, -0.0, -0.0, 0.0, -0.0]",0.0
2026-07-17_08-40-01.mp4,1,120.0,15.0,0.558,lips,0.6323,0.763,1.0,0.445,0.0431,0.4795,0.763,0.411,0.3224,0.477,0.0909,"[0.134, -1.0, 0.134, -1.0, 0.134, -1.0, 0.133, -1.0, 0.133, -1.0, 0.13, -1.0, 0.139, -1.0, 0.128, -1.0, 0.099, -1.0, 0.096, -1.0, 0.109, -1.0, 0.125, -1.0, 0.112, -1.0, 0.08, 0.065, -1.0, 0.077, -1.0, 0.082, 0.047, 0.066, 0.162, 0.194, 0.125, 0.106, 0.094, 0.081, 0.074, 0.077, 0.066, 0.062, 0.066, 0.104, 0.114, 0.103, 0.118, 0.123, 0.096, 0.095, 0.094, 0.086, 0.082, 0.082, 0.081, 0.085, 0.073, 0.081, 0.062, 0.076, 0.076, 0.068, 0.171, 0.185, 0.173, 0.172, 0.149, 0.135, 0.154, 0.164, 0.163, 0.18, 0.217, 0.219, -1.0, -1.0, -1.0, -1.0, -1.0, -1.0, -1.0, -1.0, -1.0, -1.0, -1.0, -1.0, -1.0, -1.0, -1.0, -1.0, -1.0, -1.0, -1.0, -1.0, -1.0, -1.0, -1.0, -1.0, -1.0, 0.178, 0.193, -1.0, -1.0, 0.188, 0.083, -1.0, -1.0, -1.0, -1.0, -1.0, -1.0, -1.0, -1.0, -1.0, 0.158, -1.0, 0.17, -1.0]","[-0.0004, -0.0004, -0.0004, -0.0003, -0.0002, -0.0001, 0.0001, 0.0003, 0.0004, 0.0005, 0.0007, 0.0007, 0.0032, 0.0017, 0.0078, 0.0027, 0.0005, 0.0004, -0.0039, -0.0012, -0.0044, -0.0069, -0.0046, -0.0041, -0.0032, -0.0041, 0.0031, 0.003, 0.001, 0.0005, 0.0006, 0.0005, 0.0008, 0.0006, 0.0008, 0.0024, 0.0026, 0.002, 0.0002, -0.0003, -0.0002, -0.0002, -0.0004, 0.0001, 0.0006, -0.0005, -0.0002, 0.0006, 0.0001, 0.0001, 0.0003, -0.0002, -0.0002, -0.0001, 0.0, 0.0001, 0.0003, -0.0002, 0.0005, -0.0001, 0.0044, -0.0043, -0.0012, 0.0013, 0.0031, -0.0005, -0.0012, 0.002, 0.0009, -0.0029, -0.0031, -0.0023, -0.0023, -0.0019, 0.0011, 0.0011, 0.0008, 0.0004, 0.0008, 0.0006, 0.0007, 0.0007, -0.0025, -0.0012, 0.0006, 0.0006, 0.0006, 0.0002, 0.0005, 0.0002, -0.0005, -0.0014, -0.0012, 0.0, 0.0002, 0.0004, 0.0013, 0.0005, 0.0006, -0.0, 0.0002, -0.0, -0.0001, 0.0, 0.0016, -0.0007, 0.0003, 0.0003, 0.0005, -0.0006, -0.0002, -0.0017, 0.0001, 0.0009, 0.0002, 0.0002, 0.0003, -0.0001, -0.0001]",0.0
2026-07-05_02-32-35.mp4,1,120.0,15.0,0.0,motion,0.0,0.0,0.0,0.0,0.0,0.2788,2.797,0.355,0.2269,0.001,0.0001,,"[-0.0, 0.0001, -0.0, 0.0002, 0.0, 0.0, 0.0001, -0.0, 0.0001, 0.0, -0.0001, 0.0, 0.0, 0.0, 0.0, -0.0003, 0.0001, 0.0, -0.0, 0.0001, 0.0001, 0.0001, -0.0001, 0.0, 0.0, 0.0001, -0.0, -0.0, -0.0, 0.0001, 0.0, -0.0, 0.0, 0.0, -0.0001, -0.0001, 0.0001, -0.0002, -0.0, 0.0, 0.0001, 0.0001, -0.0003, 0.0, 0.0001, 0.0001, -0.0001, -0.0002, -0.0, 0.0003, -0.0, -0.0, -0.0001, -0.0, -0.0, 0.0001, 0.0, -0.0001, 0.0001, 0.0, 0.0001, 0.0009, 0.0, -0.0005, -0.0, -0.0, -0.0, 0.0, -0.0, -0.0, -0.0002, 0.0003, 0.0, -0.001, -0.0001, 0.0001, -0.0, -0.0001, 0.0002, 0.0, 0.0, 0.0, 0.0, 0.0, 0.0, 0.0, 0.0, 0.0, 0.0, -0.0, -0.0, 0.0003, -0.0003, -0.0, 0.0001, 0.0, -0.0, 0.0, 0.0, -0.0, 0.0, -0.0, 0.0, 0.0001, -0.0, -0.0, -0.0, 0.0, -0.0, -0.0, -0.0002, -0.0, -0.0, -0.0, 0.0003, -0.0, -0.0, 0.0001, -0.0]",0.0
2026-07-03_05-11-12.mp4,1,120.0,15.0,0.0,motion,0.0,0.0,0.0,0.0,0.0,0.3799,1.525,0.765,0.3689,0.053,0.0147,,"[0.0017, -0.0001, -0.0032, 0.0006, 0.0007, -0.0103, -0.0015, -0.0098, -0.0021, 0.0003, 0.0007, 0.0039, -0.0026, -0.0017, 0.0, 0.0, 0.0004, -0.0049, -0.0, -0.0024, -0.0028, -0.0016, 0.0002, 0.0026, 0.0144, -0.001, -0.0009, 0.0131, -0.0009, -0.0009, -0.0009, -0.0107, 0.0033, 0.0011, 0.0255, -0.0062, 0.019, 0.0112, -0.014, -0.0269, -0.0069, -0.0032, -0.0005, -0.0001, -0.0002, -0.0003, 0.0009, -0.0016, -0.001, -0.0016, -0.0005, -0.001, 0.0007, -0.0013, -0.0061, 0.0047, -0.0064, -0.0003, 0.0117, 0.0074, 0.0053, 0.0025, -0.0, 0.0002, -0.0002, -0.0001, -0.0005, -0.0005, -0.0057, -0.0006, -0.0042, -0.0007, 0.0022, 0.0001, -0.0005, -0.0002, -0.0001, -0.0021, -0.0042, 0.0002, 0.0016, 0.0093, 0.0005, 0.0015, 0.0014, 0.0014, 0.0013, 0.0013, 0.0014, 0.0014, 0.0014, 0.0013, 0.0022, -0.0079, -0.0041, 0.0013, 0.0013, 0.0022, -0.0303, 0.0016, 0.0002, 0.0015, 0.0015, 0.0015, 0.0015, 0.0016, 0.0054, -0.0048, 0.0016, 0.0013, 0.0011, 0.0011, 0.0011, 0.0012, 0.0001, 0.0001, 0.0001, 0.0001, 0.0001]",0.0
2026-07-10_16-27-25.mp4,1,120.0,15.0,0.033,motion,0.0,0.0,0.0,0.0,0.0,0.3171,0.763,0.413,0.3525,0.103,0.0122,,"[-0.0, -0.0, 0.0001, 0.0002, -0.0, -0.0, -0.0, -0.0, -0.0, -0.0001, -0.0, 0.0, -0.0, -0.0, 0.0, -0.0, 0.0, 0.0, 0.0, 0.0, 0.0, 0.0, 0.0, 0.0, -0.0, -0.0, 0.0, -0.0001, 0.0, -0.0, 0.0, 0.0, 0.0, 0.0, 0.0, 0.0, 0.0, -0.0, -0.0, -0.0, -0.0, -0.0, -0.0, -0.0, -0.0, -0.0, -0.0, 0.0, -0.0, 0.0, 0.0, 0.0, 0.0003, 0.0, 0.0, 0.0, 0.0, 0.0, 0.0, 0.0, -0.0, -0.0, -0.0001, 0.0, 0.0, -0.0001, -0.0, -0.0002, 0.0, -0.0, 0.0, 0.0, 0.0, 0.0, 0.0, 0.0, 0.0, -0.0, -0.0, 0.0001, 0.0, 0.0, -0.0, 0.0, -0.0001, 0.0, 0.0, -0.0, -0.0, 0.0, 0.0, -0.0, 0.0, 0.0, -0.0, -0.0, 0.0, 0.0, 0.0, 0.0001, -0.0001, 0.0, 0.0, 0.0, -0.0, 0.0, -0.0, -0.0, 0.0, 0.0, -0.0, -0.0, 0.0, -0.0, -0.0, 0.0, -0.0, -0.0, -0.0]",0.0
2026-07-11_05-01-20.mp4,1,120.0,15.0,0.0,motion,0.0,0.0,0.0,0.0,0.0,0.367,2.542,0.585,0.4737,0.097,0.019,,"[-0.0, 0.0, 0.0, 0.0, -0.0, -0.0, 0.0, 0.0, 0.0, -0.0, 0.0, 0.0, 0.0, -0.0, -0.0, -0.0, -0.0, -0.0, -0.0, -0.0, -0.0, 0.0, 0.0, -0.0, -0.0, -0.0, 0.0, 0.0, 0.0, -0.0, -0.0, -0.0, -0.0, 0.0, 0.0, -0.0, -0.0001, -0.0, 0.0, -0.0, 0.0, -0.0, 0.0, 0.0, -0.0, -0.0, 0.0, 0.0, -0.0, 0.0, 0.0001, 0.0, -0.0, -0.0, -0.0001, 0.0, 0.0, 0.0, 0.0, 0.0, -0.0001, 0.0, 0.0, 0.0, 0.0, 0.0, 0.0, 0.0, 0.0, -0.0, 0.0, 0.0, 0.0, 0.0, 0.0, 0.0, -0.0, 0.0, 0.0, 0.0, 0.0, 0.0, 0.0, 0.0, 0.0, 0.0, 0.0, 0.0, 0.0, 0.0, 0.0, 0.0, 0.0, 0.0, 0.0, 0.0, 0.0, 0.0, 0.0, 0.0, -0.0, 0.0, 0.0, 0.0, 0.0, 0.0, 0.0, 0.0, 0.0, 0.0, 0.0, 0.0, 0.0, 0.0, 0.0, 0.0, -0.0, -0.0, -0.0]",0.0
2026-07-02_10-08-01.mp4,1,120.0,15.0,0.008,motion,0.0,0.0,0.0,0.0,0.0,0.4677,1.271,0.076,0.4367,32.398,0.0344,,"[-0.0002, 0.0005, -0.0008, -0.0002, -0.0002, -0.0002, -0.0002, -0.0002, -0.0015, -0.0003, -0.0002, -0.0014, 0.0002, -0.001, -0.0003, 0.0073, 0.0013, 0.0007, -0.0004, -0.0003, -0.0003, -0.0003, -0.0003, -0.0003, -0.0003, -0.0004, -0.0004, 0.0014, -0.0002, -0.0004, -0.0004, -0.0001, -0.0001, -0.0, -0.0, -0.0, -0.0, -0.0, -0.0, 0.0002, -0.0, -0.0, -0.0, 0.0, -0.0, -0.0011, -0.0, -0.0, -0.0, -0.0, -0.0, -0.0, -0.0, -0.0, -0.0, 0.0, 0.0001, 0.0, 0.0, 0.0009, 0.0, -0.0, -0.0, -0.0, -0.0, -0.0, -0.0, -0.0, -0.0, -0.0, -0.0, -0.0, -0.0, -0.0, -0.0, 0.0, 0.0, 0.0, 0.0, 0.0, 0.0, -0.0, -0.0, -0.0, -0.0, -0.0, -0.0, -0.0, -0.0, -0.0, -0.0, -0.0, -0.0, -0.0, -0.0, -0.0, 0.0002, -0.0, -0.0002, -0.0, -0.0, -0.0, -0.0001, -0.0001, -0.0001, -0.0001, -0.0001, -0.0001, -0.0001, -0.0001, -0.0001, -0.0001, -0.0001, -0.0001, -0.0001, -0.0001, 0.0001, 0.0038, -0.0001]",0.0
2026-07-15_17-54-49.mp4,1,118.0,15.0,0.0,motion,0.0,0.0,0.0,0.0,0.0,0.3281,2.797,0.218,0.3034,99.0,0.0708,,"[-0.0008, 0.0035, 0.001, 0.0005, 0.0004, 0.0004, 0.0003, 0.0003, 0.0002, 0.0002, 0.0002, 0.0001, 0.0001, 0.0, -0.0, -0.0001, -0.0001, -0.0, -0.0, -0.0, 0.0, 0.0, 0.0, -0.0, -0.0, -0.0, -0.0, -0.0, -0.0, -0.0, -0.0, -0.0, -0.0, -0.0, -0.0, -0.0, -0.0, -0.0, 0.0, 0.0, 0.0, 0.0, 0.0, 0.0, -0.0001, -0.0001, -0.0001, -0.0001, -0.0001, -0.0001, -0.0001, -0.0001, -0.0001, -0.0001, -0.0001, -0.0001, -0.0001, -0.0001, -0.0001, 0.0018, -0.0001, -0.0001, -0.0001, 0.0001, -0.0001, -0.0, -0.0001, -0.0001, -0.0001, -0.0001, 0.0, -0.0001, -0.0001, -0.0001, -0.0001, 0.0012, -0.0, -0.0, -0.0003, -0.0, -0.0001, -0.0, -0.0, 0.0001, 0.0001, -0.0001, -0.0, -0.0, -0.0004, -0.0, -0.0, 0.0, 0.0, 0.0, 0.0, 0.0, 0.0, 0.0, 0.0, 0.0, -0.0, 0.0, 0.0, 0.0, -0.0, 0.0, 0.0, 0.0, 0.0, -0.0, 0.0, -0.0, 0.0, -0.0, 0.0, 0.0, -0.0]",0.0
2026-07-07_04-56-57.mp4,1,120.0,15.0,0.117,motion,0.0,0.0,0.0,0.0,0.0,0.4608,0.763,0.498,0.3235,0.021,0.0047,,"[0.0013, 0.0057, -0.0009, 0.0003, 0.0002, -0.0009, -0.0018, 0.001, 0.0029, -0.0081, -0.0004, -0.0023, -0.0052, -0.0014, 0.0006, 0.0001, 0.0003, 0.0004, 0.0005, 0.0004, 0.0007, 0.0014, -0.0001, -0.0005, 0.0006, 0.0005, 0.0006, -0.0047, -0.0029, -0.0007, 0.0011, -0.0002, -0.0006, 0.0008, -0.0002, 0.0022, -0.0006, -0.0006, 0.0019, -0.002, -0.0006, -0.0006, -0.0012, -0.0007, 0.0091, 0.0015, 0.0034, 0.0005, -0.0007, -0.0008, -0.0011, -0.0009, -0.0008, -0.0008, -0.001, -0.0002, 0.0002, 0.0011, 0.0012, 0.0003, 0.0007, 0.0008, 0.0013, 0.001, 0.001, 0.0005, 0.0013, 0.001, 0.0013, 0.0005, 0.0018, 0.0004, 0.001, 0.0014, -0.0053, -0.0284, 0.0006, 0.0003, 0.0011, 0.001, 0.0011, 0.0013, -0.0012, 0.0013, 0.0016, 0.0028, 0.0021, 0.0015, 0.0, 0.0019, 0.001, -0.0003, -0.0003, -0.0002, -0.0009, -0.0015, -0.0009, -0.0003, -0.0008, 0.0004, 0.0016, 0.0042, 0.0064, 0.0001, -0.003, -0.0007, -0.0003, -0.0003, 0.0, -0.0021, 0.0007, 0.0004, -0.0005, -0.0005, -0.0006, 0.0, -0.0007, -0.0001, 0.0001]",0.0
2026-07-24_13-19-29.mp4,1,120.0,15.0,0.008,motion,0.0,0.0,0.0,0.0,0.0,0.3395,1.78,0.519,0.2865,0.312,0.0419,,"[0.0, -0.0, 0.0, 0.0, 0.0, 0.0, 0.0, 0.0, 0.0, 0.0, 0.0, 0.0, 0.0, -0.0, -0.0, -0.0, -0.0, -0.0, -0.0, 0.0, 0.0, 0.0, 0.0, 0.0, 0.0, 0.0, 0.0, 0.0, 0.0, 0.0001, 0.0, 0.0, 0.0, 0.0, -0.0004, -0.0, 0.0, 0.0, 0.0, 0.0001, 0.0001, -0.0002, -0.0, 0.0001, 0.0001, -0.0002, 0.0, 0.0, 0.0, 0.0, -0.0, -0.0, -0.0, -0.0, -0.0, 0.0001, 0.0, -0.0, -0.0, 0.0001, -0.0, -0.0, -0.0003, 0.0002, 0.0003, -0.0, -0.0, -0.0, -0.0, -0.0, -0.0, -0.0, -0.0002, -0.0, -0.0, -0.0, -0.0, -0.0, -0.0, -0.0, 0.0003, -0.0, -0.0, -0.0, -0.0, -0.0, -0.0, -0.0, 0.0, 0.0, 0.0001, 0.0003, 0.0002, 0.0002, 0.0, -0.0001, -0.0002, 0.0001, 0.0, 0.0, 0.0, -0.0, -0.0, -0.0012, 0.0002, -0.0001, -0.0001, 0.0, -0.0, 0.0, -0.0, 0.0001, 0.0005, -0.0001, 0.0002, 0.0001, 0.0001, 0.0, 0.0]",0.0
2026-07-16_22-16-44.mp4,1,120.0,15.0,0.0,motion,0.0,0.0,0.0,0.0,0.0,0.1611,2.797,0.613,0.3773,3.954,0.0789,,"[-0.0, 0.0001, -0.0, -0.0, -0.0, -0.0, -0.0, -0.0001, 0.0, 0.0, 0.0, 0.0, 0.0, -0.0, -0.0, -0.0, -0.0, 0.0, 0.0, 0.0, 0.0, 0.0, -0.0001, 0.0, 0.0, -0.0, -0.0, -0.0, 0.0, -0.0, -0.0, -0.0, -0.0, -0.0, -0.0002, -0.0, -0.0001, -0.0, -0.0, 0.0001, 0.0008, -0.0, -0.0001, -0.0, -0.0, -0.0, -0.0, 0.0002, -0.0001, -0.0001, -0.0, -0.0, -0.0002, -0.0, 0.0007, -0.0011, -0.0, 0.0, -0.0, 0.0002, 0.0, -0.0, -0.0, -0.0, -0.0, -0.0, 0.0, -0.0, 0.0001, 0.0005, 0.0006, -0.0007, -0.0008, 0.0012, -0.0, -0.0001, 0.0, -0.0001, -0.0002, -0.0, -0.0, 0.0001, -0.0001, -0.0002, -0.0001, 0.0, 0.0004, -0.0008, 0.0001, 0.0, 0.0, 0.0, 0.0001, 0.0, 0.0, 0.0, -0.0, 0.0, 0.0, -0.0001, 0.0, 0.0, 0.0001, 0.0, -0.0, 0.0, 0.0, -0.0, 0.0, 0.0, 0.0, 0.0, -0.0001, 0.0, -0.0, 0.0, 0.0001, 0.0, 0.0]",0.0
2026-07-02_08-32-36.mp4,1,120.0,15.0,0.0,motion,0.0,0.0,0.0,0.0,0.0,0.3786,2.542,0.1,0.2861,0.082,0.0029,,"[-0.0004, 0.0001, -0.0001, 0.0008, 0.0, 0.0001, 0.0, -0.0001, 0.0, -0.0, -0.0, -0.0004, 0.0001, -0.0002, -0.0002, 0.0019, 0.0029, -0.0002, -0.0003, -0.0002, -0.0002, -0.0002, -0.0002, -0.0002, -0.0002, -0.0002, -0.0002, 0.0013, -0.0002, -0.0002, -0.0002, -0.0001, -0.0, -0.0, -0.0, -0.0, -0.0, -0.0, -0.0, -0.0, -0.0, -0.0, -0.0, 0.0, 0.0, 0.0, 0.0, 0.0, 0.0, 0.0, 0.0, 0.0, 0.0, 0.0, 0.0, 0.0, 0.0, 0.0, 0.0, -0.0002, 0.0, 0.0, 0.0, 0.0, 0.0, 0.0, 0.0, 0.0, 0.0, 0.0, 0.0, 0.0, 0.0, 0.0, 0.0, -0.0, -0.0, -0.0, -0.0, -0.0, -0.0, -0.0, -0.0, -0.0, -0.0, -0.0, -0.0, -0.0, -0.0, -0.0, -0.0, -0.0, -0.0, -0.0, -0.0, -0.0, -0.0, -0.0, -0.0, -0.0, -0.0, 0.0, 0.0, -0.0002, -0.0004, -0.0006, -0.0008, -0.001, -0.0012, -0.0014, -0.0016, -0.0018, -0.002, -0.0022, -0.0024, -0.0027, -0.004, -0.0032, 0.0032]",0.0
2026-07-11_22-54-11.mp4,1,120.0,15.0,0.0,motion,0.0,0.0,0.0,0.0,0.0,0.4752,0.763,0.519,0.2341,0.0,0.0001,,"[-0.0001, -0.0001, 0.0001, 0.0002, 0.0002, 0.0004, 0.0004, 0.0014, 0.0003, 0.0005, -0.0003, 0.0001, 0.0016, 0.0001, -0.0022, -0.0, -0.0011, -0.0011, -0.0018, 0.0002, -0.0002, 0.0005, 0.0008, -0.0003, -0.0004, 0.0003, 0.0003, 0.0004, 0.0008, 0.0023, 0.0016, 0.0011, 0.0003, 0.0003, -0.0002, -0.0031, 0.0002, 0.0002, 0.0003, 0.0002, -0.0033, -0.0028, -0.0021, 0.0, -0.0001, -0.0001, 0.0034, -0.0004, 0.0005, 0.0003, 0.0004, 0.0003, 0.0004, 0.0004, 0.0003, 0.0004, 0.0003, 0.0001, -0.0002, -0.0004, -0.0, -0.0003, -0.0002, -0.0006, 0.0024, -0.0016, 0.0006, -0.0039, 0.0008, 0.0009, 0.0002, -0.0013, 0.0017, 0.0, 0.0004, -0.0001, -0.0001, -0.0014, 0.0012, -0.0005, 0.0004, -0.0006, 0.0004, 0.0019, 0.0008, 0.0009, 0.0008, 0.0008, 0.0008, 0.0011, 0.0038, 0.0013, 0.0018, 0.0011, 0.0012, 0.0012, -0.0015, -0.0111, -0.0018, -0.0133, 0.0014, 0.0012, 0.001, 0.0012, 0.0012, 0.0013, 0.0013, 0.0029, -0.0098, 0.0014, 0.0012, 0.0014, 0.0013, -0.0001, 0.0008, 0.0004, 0.0004, 0.0004, 0.0003]",0.0
2026-07-19_04-02-54.mp4,1,120.0,15.0,0.0,motion,0.0,0.0,0.0,0.0,0.0,0.2527,2.034,0.72,0.4546,0.02,0.0036,,"[0.0, -0.0002, 0.0001, -0.0, 0.0, 0.0, 0.0, 0.0, 0.0001, 0.0, 0.0, 0.0, 0.0, 0.0, -0.0013, 0.0003, 0.0, 0.0002, -0.0, -0.0001, 0.0, 0.0, 0.0, -0.0002, 0.0005, 0.0001, -0.0, -0.0001, -0.0, 0.0001, -0.0001, 0.0005, 0.0001, 0.0001, -0.0002, -0.0003, -0.0, -0.0, -0.0001, 0.0001, 0.0002, -0.0002, 0.0002, 0.0001, -0.0001, -0.0, 0.0002, -0.0, -0.0, -0.0002, -0.0, -0.0, -0.0001, 0.0006, -0.0009, -0.0001, -0.0001, 0.0002, -0.0, -0.0001, 0.0005, 0.0003, -0.0, 0.0, -0.0, -0.0, -0.0001, 0.0004, 0.0001, -0.0, -0.0, -0.0, -0.0, -0.0001, -0.0, -0.0, -0.0, 0.0, 0.0001, 0.0, -0.0, -0.0, 0.0001, -0.0004, -0.0, 0.0001, -0.0002, -0.0, -0.0001, 0.0, 0.0, 0.0, -0.0, -0.0001, 0.0, -0.0002, 0.0002, -0.0002, 0.0001, 0.0001, -0.0, 0.0, -0.0, -0.0001, 0.0003, -0.0001, 0.0001, 0.0002, -0.0, -0.0, -0.0001, -0.0, -0.0001, 0.0, -0.0003, 0.0001, -0.0002, 0.0001, 0.0]",0.0
2026-07-03_12-41-13.mp4,1,120.0,15.0,0.0,motion,0.0,0.0,0.0,0.0,0.0,0.3373,0.763,0.419,0.301,99.0,0.1409,,"[-0.0043, -0.0002, 0.0512, 0.001, 0.0005, 0.0003, 0.0003, 0.0001, -0.0001, -0.0003, -0.0005, -0.0007, -0.0008, -0.0011, -0.0012, -0.0014, -0.0016, -0.0016, -0.0, 0.0, -0.0, 0.0001, -0.0, -0.0, -0.0, 0.0001, 0.0004, -0.0004, -0.0, -0.0, -0.0, -0.0, -0.0, -0.0, -0.0, -0.0, -0.0, -0.0, -0.0, -0.0, -0.0, -0.0, 0.0006, -0.0, -0.0073, -0.0073, -0.0073, -0.0073, -0.0073, -0.0073, -0.0073, -0.0072, -0.0072, -0.0072, -0.0072, -0.0072, -0.0072, -0.0072, -0.0072, 0.2171, -0.0073, -0.0071, -0.0073, -0.0072, -0.0131, -0.0132, -0.0135, -0.0132, -0.0132, -0.0132, -0.0132, -0.0132, -0.0132, -0.013, -0.0132, -0.0055, -0.0037, -0.0035, -0.0034, 0.1777, -0.0006, -0.0046, -0.0044, -0.0047, -0.0046, -0.0046, -0.0046, -0.0046, -0.0046, -0.0046, -0.0046, -0.0857, -0.0028, -0.0032, -0.0049, 0.0012, 0.0386, 0.0009, 0.0019, 0.001, 0.0013, 0.0013, 0.0012, 0.0013, 0.0015, 0.0013, 0.0013, -0.0011, -0.0013, -0.0012, -0.0012, -0.0012, -0.0, -0.0, -0.0, -0.0, 0.0002, -0.0, -0.0]",0.0
2026-07-08_20-41-44.mp4,1,120.0,15.0,0.042,motion,0.0,0.0,0.0,0.0,0.0,0.3191,0.763,0.518,0.4704,0.0,0.0,,"[0.0, 0.0001, 0.0003, -0.0005, 0.0003, 0.0006, 0.0013, -0.0031, 0.0001, 0.0001, -0.0003, 0.0011, -0.0002, -0.0001, 0.0, 0.0, -0.0, -0.0003, 0.0002, -0.0001, 0.0, 0.0001, 0.0001, 0.0004, -0.0, 0.0, 0.0, 0.0001, 0.0001, -0.0001, 0.0008, -0.0013, 0.0001, -0.0001, 0.0001, -0.0003, -0.0012, 0.0003, -0.0006, -0.0007, -0.0003, -0.0003, -0.0001, -0.0001, -0.0002, -0.0004, -0.0012, 0.0006, 0.0043, 0.001, 0.0048, -0.0006, -0.0007, -0.0001, 0.003, -0.004, -0.0007, -0.0006, -0.0003, -0.0002, -0.0007, -0.0003, -0.0004, 0.0, 0.0006, -0.0001, 0.0012, -0.0003, -0.0016, 0.0002, 0.0002, 0.0002, 0.0001, 0.0001, -0.0001, 0.0003, -0.0001, 0.0, 0.0, 0.0001, 0.0001, -0.0012, 0.0001, -0.0001, -0.0007, -0.0006, -0.0011, 0.0, 0.0005, -0.0001, 0.0024, 0.0, 0.0001, 0.0, -0.0001, 0.0001, 0.0001, 0.0003, 0.0001, 0.0002, 0.0005, -0.0, -0.0001, 0.0001, 0.0001, -0.0006, -0.0002, 0.0002, -0.0003, -0.0001, -0.0036, 0.0005, -0.0005, 0.0003, -0.0004, 0.0005, -0.0001, 0.0003, 0.0003]",0.0
2026-07-23_16-39-29.mp4,1,120.0,15.0,0.0,motion,0.0,0.0,0.0,0.0,0.0,0.3841,0.763,0.539,0.3434,0.006,0.0012,,"[0.0, 0.0, -0.0001, -0.0, 0.0001, 0.0, 0.0, 0.0, -0.0, -0.0, -0.0, -0.0, -0.0, -0.0, -0.0, -0.0, -0.0, -0.0, -0.0, -0.0, -0.0, -0.0, -0.0, 0.0, 0.0, 0.0, -0.0, -0.0, 0.0001, -0.0, -0.0, -0.0, -0.0, -0.0, -0.0, -0.0, -0.0, -0.0, -0.0, -0.0, -0.0, -0.0, 0.0001, 0.0001, -0.0, -0.0, -0.0, -0.0, -0.0, -0.0, -0.0, -0.0, -0.0, -0.0, -0.0, -0.0, -0.0, -0.0, -0.0, 0.0001, -0.0, -0.0, -0.0, -0.0, -0.0, -0.0, -0.0, -0.0, -0.0, -0.0, -0.0, -0.0, -0.0, -0.0, -0.0, -0.0, -0.0, -0.0, -0.0, -0.0, -0.0, -0.0, 0.0, 0.0, 0.0, 0.0, 0.0001, 0.0, 0.0, 0.0, 0.0, 0.0, 0.0, 0.0, 0.0, 0.0, 0.0, -0.0001, 0.0, 0.0, 0.0, 0.0, 0.0, 0.0, 0.0, 0.0, 0.0, 0.0, 0.0, 0.0, 0.0, 0.0, 0.0, 0.0, 0.0, 0.0, 0.0, 0.0, 0.0]",0.0
2026-07-15_17-28-19.mp4,1,120.0,15.0,0.0,motion,0.0,0.0,0.0,0.0,0.0,0.311,0.763,0.16,0.4034,99.0,0.0492,,"[0.0, 0.0, 0.0, -0.0, -0.0, -0.0, -0.0, -0.0, -0.0, -0.0, -0.0, -0.0, -0.0, -0.0, -0.0, -0.0, -0.0001, -0.0001, 0.0005, -0.0001, -0.0001, -0.0001, -0.0001, -0.0001, -0.0001, -0.0001, -0.0001, -0.0001, -0.0001, -0.0001, -0.0001, 0.0034, -0.0001, -0.0001, -0.0001, -0.0001, -0.0001, -0.0004, -0.0002, -0.0001, -0.0001, -0.0001, -0.0001, -0.0001, -0.0001, -0.0001, -0.0001, 0.0001, 0.0001, 0.0001, 0.0001, 0.0001, 0.0001, 0.0001, 0.0, 0.0, 0.0, 0.0001, 0.0001, -0.0012, 0.0, 0.0, 0.0, -0.0002, -0.0002, -0.0002, -0.0002, -0.0002, -0.0004, -0.0003, -0.0003, -0.0003, -0.0003, -0.0003, -0.0003, -0.0004, -0.0004, -0.0004, 0.006, 0.0014, -0.0003, -0.0001, -0.0003, 0.0031, -0.0009, -0.0004, -0.0004, -0.0004, -0.0006, -0.0004, -0.0004, -0.0004, -0.0004, -0.0004, -0.0002, -0.0001, -0.0001, -0.0001, -0.0001, 0.0, 0.0, 0.0, 0.0, 0.0, 0.0, 0.0, 0.0, 0.0, 0.0, 0.0, 0.0, 0.0, 0.0, 0.0, 0.0, 0.0, 0.0, 0.0, 0.0]",0.0
2026-07-25_23-40-02.mp4,1,120.0,15.0,0.008,motion,0.0,0.0,0.0,0.0,0.0,0.3169,0.763,0.324,0.2932,0.0,0.0,,"[-0.0029, 0.0029, 0.0027, 0.0025, 0.0023, 0.0021, 0.0019, 0.0017, 0.0016, 0.0014, 0.0012, 0.001, 0.0008, 0.0006, 0.0004, 0.0002, -0.0, -0.0, -0.0, -0.0, -0.0, -0.0, -0.0, -0.0, -0.0, -0.0, -0.0, -0.0, -0.0, -0.0, -0.0, -0.0, -0.0, -0.0, -0.0, -0.0, -0.0, -0.0, -0.0, -0.0, -0.0, -0.0, -0.0, -0.0, 0.0003, 0.0003, 0.0003, 0.0003, 0.0003, 0.0003, 0.0003, 0.0003, 0.0003, 0.0003, 0.0003, 0.0003, 0.0003, 0.0003, 0.0003, -0.0076, 0.0002, 0.0002, 0.0002, 0.0003, 0.0003, 0.0003, 0.0003, 0.0003, 0.0003, 0.0004, 0.0003, 0.0003, 0.0003, 0.0003, 0.0003, -0.0003, 0.0, 0.0, 0.0, 0.0, 0.0, 0.0, 0.0, 0.0, 0.0, 0.0, 0.0, 0.0, 0.0, 0.0, 0.0, -0.0, -0.0, -0.0, -0.0, -0.0, -0.0, -0.0, -0.0, -0.0, -0.0, -0.0, -0.0, -0.0, -0.0, -0.0, -0.0, -0.0, -0.0, -0.0, -0.0, -0.0, -0.0, -0.0, -0.0, -0.0, -0.0, -0.0, -0.0]",0.0
2026-07-11_08-48-29.mp4,1,120.0,15.0,0.0,motion,0.0,0.0,0.0,0.0,0.0,0.2975,0.763,0.0,0.0589,0.018,0.0,,"[-0.0011, 0.006, -0.0068, 0.001, 0.001, 0.0009, 0.0009, 0.0008, 0.0007, 0.0006, 0.0006, 0.0005, 0.0004, 0.0007, 0.0002, 0.0002, 0.0001, 0.0002, -0.0, -0.0, -0.0, -0.0, -0.0, -0.0, -0.0, -0.0, -0.0, 0.0002, -0.0, -0.0, -0.0, -0.0, -0.0, -0.0, -0.0, -0.0, -0.0, -0.0, -0.0, -0.0, -0.0, -0.0, -0.0, 0.0, -0.0, -0.0, -0.0, -0.0, -0.0, -0.0, -0.0, -0.0, -0.0, -0.0, -0.0, -0.0, -0.0, -0.0, -0.0, 0.0015, -0.0, -0.0, -0.0, -0.0, -0.0, -0.0, -0.0, -0.0, -0.0, -0.0, -0.0, -0.0, -0.0, -0.0, -0.0, 0.0, 0.0, 0.0, 0.0, 0.0, 0.0, 0.0, 0.0, 0.0, 0.0, 0.0, 0.0, 0.0, -0.0, 0.0, 0.0, 0.0, 0.0, 0.0, 0.0, 0.0, 0.0, 0.0, 0.0, 0.0, 0.0, 0.0, 0.0, 0.0001, -0.0006, 0.0, 0.0, 0.0, 0.0, 0.0, 0.0, 0.0, 0.0, 0.0, 0.0, 0.0, 0.0, 0.0, 0.0]",0.0
2026-07-22_01-44-40.mp4,1,120.0,15.0,0.0,motion,0.0,0.0,0.0,0.0,0.0,0.2929,2.797,0.272,0.4357,92.403,0.0787,,"[0.0011, -0.0006, 0.0021, 0.0009, 0.0024, 0.0013, 0.0014, -0.0065, -0.0025, 0.0006, 0.0014, 0.0085, -0.0002, -0.0071, -0.0081, -0.0131, 0.0014, -0.0127, -0.0095, -0.0185, -0.0168, -0.0142, -0.0138, -0.0435, -0.0402, -0.0245, -0.223, 0.2449, 0.2249, -0.001, -0.0641, -0.0144, 0.2325, 0.0062, -0.0143, -0.0144, -0.0228, -0.0204, -0.0185, -0.015, -0.0167, -0.016, -0.0218, -0.0141, -0.0055, -0.0027, -0.0022, -0.0017, 0.0053, 0.008, 0.0156, -0.0022, 0.0045, 0.0043, -0.0001, 0.0047, 0.0052, 0.0069, -0.0012, -0.005, -0.0662, -0.0922, 0.0212, 0.0298, 0.0162, -0.0106, -0.017, 0.0055, 0.0147, 0.0049, 0.0056, 0.0049, 0.0051, 0.0051, 0.0053, 0.0038, 0.0017, 0.0001, -0.0004, 0.0005, 0.001, 0.0004, -0.0003, -0.0007, -0.0004, 0.0007, 0.0019, 0.0047, 0.0083, 0.0085, -0.0078, -0.0032, 0.0042, 0.0142, -0.0009, -0.0091, 0.0134, 0.0039, 0.0185, 0.0041, -0.02, -0.0261, 0.0044, 0.005, -0.0239, -0.0216, -0.0193, -0.0018, -0.0, 0.0117, 0.014, 0.0081, 0.0089, 0.0093, 0.0103, 0.0141, 0.0188, -0.0082, -0.0037]",0.0
2026-07-22_14-13-56.mp4,1,120.0,15.0,0.0,motion,0.0,0.0,0.0,0.0,0.0,0.571,0.763,0.356,0.4971,0.395,0.0576,,"[0.0021, -0.0032, 0.0025, 0.0005, -0.0458, -0.0079, -0.0077, -0.0064, -0.0047, -0.0043, -0.004, -0.0038, -0.0037, 0.0303, 0.0032, -0.0008, -0.003, -0.0033, -0.0036, 0.1676, -0.0049, -0.0037, -0.0375, -0.0514, -0.0099, -0.006, -0.0045, -0.0051, -0.0052, -0.0054, -0.0063, -0.0067, 0.0005, 0.0041, 0.0008, 0.0022, -0.0308, -0.0091, 0.0042, 0.003, 0.0116, 0.0254, 0.0321, 0.0026, 0.0482, 0.0318, 0.0563, 0.0026, 0.0029, -0.084, -0.0504, -0.0804, -0.0096, -0.0085, -0.0005, 0.0021, 0.0014, 0.0035, 0.0039, 0.0042, 0.005, 0.006, 0.0087, 0.0089, 0.0077, 0.0044, 0.0034, 0.0003, -0.0002, -0.0002, 0.0033, 0.0009, 0.0002, 0.0005, 0.0023, 0.0025, -0.0037, -0.0052, -0.0066, -0.0067, -0.0061, -0.0057, -0.0081, -0.0081, -0.0154, -0.0331, -0.0115, -0.0003, -0.008, -0.0079, 0.0131, 0.0981, 0.0563, 0.023, 0.0189, 0.0156, -0.0007, -0.0032, -0.0046, -0.0039, -0.003, -0.0036, -0.0037, -0.0032, 0.0005, -0.0332, -0.0379, -0.0066, 0.0039, 0.0056, 0.0067, 0.0076, 0.0069, -0.0129, -0.0147, -0.0274, 0.0044, 0.0096, 0.0007]",0.0
2026-07-13_04-08-43.mp4,1,120.0,15.0,0.0,motion,0.0,0.0,0.0,0.0,0.0,0.4247,2.797,0.606,0.3942,0.595,0.0959,,"[0.0001, -0.0001, -0.0001, -0.0, -0.0001, -0.0001, -0.0, -0.0, -0.0001, -0.0, -0.0, -0.0, -0.0, -0.0, -0.0, 0.0, 0.0, 0.0, 0.0, 0.0, -0.0, 0.0, 0.0, 0.0, 0.0, 0.0, 0.0, 0.0, 0.0001, 0.0002, -0.0003, -0.0002, -0.0001, 0.0, 0.0, -0.0, 0.0, 0.0, 0.0, 0.0, -0.0, 0.0, 0.0, 0.0, -0.0, 0.0, -0.0, -0.0, -0.0, -0.0, 0.0001, -0.0, 0.0, -0.0, -0.0, 0.0, 0.0001, 0.0002, -0.0, 0.0, -0.0, 0.0, -0.0, -0.0, -0.0001, -0.0001, -0.0, -0.0, -0.0, 0.0, -0.0, -0.0, -0.0, 0.0, 0.0, 0.0, -0.0, 0.0, 0.0, -0.0, 0.0001, -0.0, -0.0, -0.0, -0.0, -0.0, 0.0, -0.0, 0.0, 0.0, 0.0001, 0.0, 0.0, 0.0, 0.0, -0.0, 0.0, 0.0, 0.0, 0.0, 0.0, 0.0, -0.0001, 0.0, 0.0, 0.0, 0.0, 0.0, 0.0, 0.0, 0.0, 0.0, 0.0, 0.0, -0.0, -0.0, 0.0, 0.0, 0.0]",0.0
2026-07-09_21-49-14.mp4,1,120.0,15.0,0.008,motion,0.0,0.0,0.0,0.0,0.0,0.3354,0.763,0.0,0.4492,99.0,0.0,,"[-0.0, -0.0002, -0.0, -0.0, -0.0, 0.0001, -0.0, -0.0, -0.0, -0.0, -0.0, -0.0, 0.0, -0.0, -0.0, 0.0002, -0.0, -0.0001, -0.0001, -0.0001, -0.0, -0.0, -0.0, -0.0001, 0.001, -0.0, -0.0, 0.0, -0.0001, 0.0001, 0.0001, 0.0, 0.0, 0.0, 0.0, -0.0006, 0.0, 0.0, 0.0, 0.0001, 0.0001, 0.0001, 0.0001, 0.0002, 0.0002, -0.0013, 0.0002, 0.0003, -0.0001, -0.0032, -0.0031, -0.0032, -0.0032, -0.0039, -0.0039, -0.0035, -0.0034, -0.0032, -0.0044, -0.0031, -0.0008, -0.004, -0.0026, 0.0016, 0.0929, -0.0059, -0.0005, -0.0032, -0.0033, -0.0032, -0.0088, -0.0071, -0.0032, -0.0015, -0.002, -0.0036, -0.003, -0.0031, -0.0023, -0.0019, 0.0008, 0.0018, 0.0032, 0.0018, -0.001, -0.0005, 0.0003, 0.0007, 0.0001, 0.0004, 0.0019, -0.0007, -0.0007, -0.0006, -0.0006, -0.0005, -0.0005, -0.0004, -0.0003, -0.0002, -0.0002, -0.0001, 0.0002, -0.0011, 0.0003, 0.0003, 0.0004, 0.0004, 0.0004, 0.0004, 0.0008, 0.0, 0.0005, 0.0005, 0.0005, 0.0005, -0.0032, -0.0058, 0.0002]",0.0
2026-07-19_18-33-33.mp4,1,112.0,15.0,0.0,motion,0.0,0.0,0.0,0.0,0.0,0.3949,1.525,0.344,0.2548,90.482,0.1343,,"[0.0001, 0.0041, -0.0003, -0.0003, -0.0003, -0.0003, -0.0003, -0.0003, -0.0003, -0.0002, -0.0002, -0.0002, -0.0002, -0.0002, -0.0002, -0.0002, -0.0001, 0.0, 0.0, 0.0, 0.0, 0.0, 0.0, 0.0, 0.0, 0.0, 0.0, 0.0, 0.0, 0.0, 0.0, 0.0, 0.0, 0.0, 0.0, 0.0, 0.0, 0.0, 0.0, 0.0, 0.0, 0.0, 0.0, 0.0, 0.0001, 0.0001, 0.0001, 0.0001, 0.0, 0.0, 0.0, 0.0, 0.0, 0.0, 0.0, 0.0, 0.0, 0.0, -0.0001, -0.0029, -0.0001, -0.0001, -0.0001, 0.0012, -0.0001, -0.0001, -0.0001, -0.0001, -0.0001, -0.0001, -0.0001, -0.0001, -0.0001, 0.0044, -0.0001, -0.0002, -0.0002, -0.0002, -0.0002, -0.0001, -0.0001, -0.0001, -0.0001, -0.0001, -0.0001, -0.0001, -0.0001, -0.0001, -0.0001, -0.0, -0.0, -0.0, -0.0, -0.0, -0.0, -0.0, -0.0, -0.0, -0.0, -0.0, -0.0, -0.0, -0.0, -0.0, -0.0, -0.0, -0.0, -0.0, -0.0, -0.0, -0.0]",0.0
2026-07-17_13-26-16.mp4,1,120.0,15.0,0.108,motion,0.0,0.0,0.0,0.0,0.0,0.3841,0.763,0.4,0.365,0.45,0.0477,,"[0.029, 0.1688, 0.1285, 0.4987, 0.4306, -0.4249, 0.0136, 0.0161, -0.0148, -1.0458, -0.1551, -0.1421, 0.005, 0.0071, 0.0179, 0.0191, 0.0192, 0.0228, 0.0299, 0.053, 0.1125, 0.0686, 0.0944, 0.1678, -0.0954, 0.0054, 0.001, -0.0045, -0.0045, -0.0058, -0.0065, -0.0056, -0.0028, 0.0075, 0.0004, -0.0042, 0.0037, 0.0055, -0.001, 0.003, -0.0015, -0.0014, 0.0019, 0.0032, -0.002, -0.0015, -0.0007, -0.0012, -0.0009, -0.0014, 0.0002, -0.019, 0.0011, 0.0068, 0.0006, 0.0003, 0.0006, 0.0005, 0.0022, -0.0003, 0.001, 0.0013, 0.0017, 0.0009, 0.0009, 0.001, 0.0008, 0.0003, 0.0004, 0.0008, -0.0015, -0.0006, -0.0002, -0.0033, 0.0005, -0.0117, 0.001, -0.0143, 0.0033, 0.0178, 0.001, 0.002, -0.0083, -0.0011, 0.0008, -0.0, 0.0018, 0.0039, 0.0034, 0.0042, 0.0041, 0.0039, 0.0038, 0.0037, 0.0035, 0.0038, 0.004, 0.0028, 0.0028, 0.0006, 0.0059, -0.0037, -0.0553, -0.0387, 0.0049, 0.0036, 0.0036, 0.0037, 0.0036, 0.0038, 0.0037, 0.0036, -0.001, 0.0056, 0.0023, 0.0033, 0.0052, 0.0035, 0.0013]",0.0
2026-07-10_14-33-13.mp4,1,120.0,15.0,0.0,motion,0.0,0.0,0.0,0.0,0.0,0.3366,0.763,0.63,0.4411,0.022,0.0045,,"[0.0001, 0.0003, -0.0003, -0.0002, -0.0002, -0.0, 0.0003, -0.0002, 0.0004, 0.0002, -0.0001, -0.0001, -0.0, -0.0001, -0.0, -0.0, -0.0, -0.0, -0.0, -0.0, -0.0, -0.0, 0.0001, 0.0, 0.0001, 0.0001, 0.0001, 0.0001, 0.0001, 0.0001, 0.0001, 0.0001, 0.0001, 0.0001, -0.0007, 0.0001, 0.0001, -0.0002, -0.0002, -0.0011, -0.0, 0.0001, 0.0001, 0.0001, 0.0001, 0.0001, 0.0001, 0.0001, 0.0007, 0.0001, -0.0, 0.0, 0.0, 0.0, 0.0, -0.0, -0.0, -0.0, -0.0, -0.0004, -0.0, -0.0, -0.0, -0.0, 0.0, 0.0, 0.0, 0.0, 0.0, 0.0, 0.0, 0.0, 0.0, 0.0002, 0.0002, -0.0003, -0.0, -0.0, -0.0, -0.0, -0.0, -0.0, -0.0, -0.0, -0.0, -0.0, -0.0, 0.0001, 0.0008, -0.0001, -0.0002, -0.0, -0.0, -0.0, -0.0, -0.0, -0.0, -0.0, -0.0, -0.0, -0.0001, 0.0002, -0.0, -0.0, -0.0003, -0.0, 0.0, 0.0, 0.0, 0.0, 0.0, 0.0, 0.0, 0.0, 0.0, 0.0, 0.0, 0.0, 0.0]",0.0
2026-07-07_04-43-21.mp4,1,120.0,15.0,0.033,motion,0.0,0.0,0.0,0.0,0.0,0.5976,0.763,0.653,0.5067,0.154,0.0521,,"[-0.0005, 0.0003, 0.0007, 0.0005, 0.0002, 0.0009, -0.0003, -0.0005, 0.0007, 0.0, 0.0006, 0.0, 0.0001, -0.0, 0.0007, 0.0005, 0.0002, -0.0001, 0.0007, 0.0011, 0.0011, -0.0002, 0.0003, -0.0006, 0.0004, 0.0009, -0.0005, 0.0004, -0.004, 0.0003, 0.0007, 0.0001, 0.0008, -0.0006, 0.0017, 0.0005, 0.0008, 0.0007, 0.0007, 0.0007, 0.0004, -0.0062, -0.0032, -0.0031, 0.0001, 0.0001, -0.0001, 0.0006, -0.0001, 0.0003, 0.0011, -0.0003, 0.0001, 0.0009, 0.0006, 0.0007, 0.0005, -0.0004, -0.0015, -0.0024, -0.0021, -0.0017, -0.0018, -0.0033, -0.0025, -0.0011, 0.0012, 0.0012, -0.0003, -0.0007, 0.0153, 0.0067, 0.0066, 0.02, 0.006, -0.0006, -0.0007, -0.0037, -0.0128, -0.0102, -0.0066, -0.0055, -0.0021, -0.0018, -0.0005, -0.0005, -0.0, 0.0002, 0.0005, 0.0012, 0.0005, 0.0013, 0.0014, 0.0, 0.0009, -0.0007, 0.0004, 0.0001, 0.0002, 0.0001, 0.0001, 0.0001, 0.0001, -0.0005, 0.0001, 0.0001, 0.0001, 0.0001, 0.0001, 0.0001, 0.0001, 0.0, 0.0, 0.0, 0.0, -0.0003, 0.0, 0.0, 0.0]",0.0
2026-07-16_10-09-21.mp4,1,120.0,15.0,0.0,motion,0.0,0.0,0.0,0.0,0.0,0.2498,1.017,0.64,0.3694,1.028,0.081,,"[-0.0, -0.0, -0.0, -0.0, -0.0, -0.0, -0.0, -0.0, -0.0, -0.0, -0.0, -0.0, -0.0, -0.0, -0.0, -0.0, -0.0, -0.0, -0.0, -0.0, -0.0, -0.0, -0.0, -0.0, -0.0, -0.0, -0.0, -0.0, -0.0, -0.0, -0.0, -0.0, -0.0, -0.0, -0.0, -0.0, -0.0, -0.0, 0.0, -0.0, 0.0, -0.0, -0.0, -0.0, -0.0, -0.0, -0.0, -0.0, -0.0, -0.0, -0.0, 0.0001, -0.0001, -0.0002, 0.0002, -0.0002, 0.0004, -0.0002, 0.0007, 0.0001, -0.0, -0.0, -0.0, 0.0001, -0.0, -0.0, -0.0001, -0.0, -0.0, -0.0, -0.0, -0.0, 0.0002, -0.0, 0.0, 0.0, 0.0, 0.0, 0.0, -0.0004, 0.0, 0.0, 0.0, 0.0, 0.0, 0.0, 0.0, 0.0, 0.0, 0.0, 0.0, 0.0, 0.0, 0.0, 0.0, 0.0, 0.0, 0.0, 0.0, 0.0, 0.0, -0.0, 0.0, 0.0, 0.0, 0.0, 0.0, 0.0, 0.0, 0.0, 0.0, 0.0, 0.0, 0.0, 0.0, 0.0, 0.0, 0.0, 0.0]",0.0
2026-07-22_13-43-02.mp4,1,120.0,15.0,0.0,motion,0.0,0.0,0.0,0.0,0.0,0.25,1.525,0.379,0.303,3.192,0.0722,,"[-0.0012, 0.0074, 0.0008, 0.0005, 0.0009, 0.0006, 0.0005, -0.0011, 0.0004, 0.0003, 0.0002, 0.0002, 0.0006, 0.0, -0.0, -0.0001, -0.0002, 0.0, 0.0, 0.0, 0.0, 0.0, 0.0, -0.0, -0.0, -0.0, -0.0, -0.0, -0.0, -0.0, 0.0, -0.0, -0.0, -0.0, -0.0, -0.0, -0.0, -0.0, -0.0, -0.0, -0.0, -0.0, -0.0, -0.0, -0.0, -0.0, -0.0, -0.0, -0.0, -0.0, -0.0, -0.0, -0.0, -0.0, -0.0, -0.0, -0.0, -0.0, -0.0, 0.0008, -0.0, -0.0, -0.0, -0.0, -0.0, -0.0, -0.0, -0.0, -0.0, -0.0, -0.0, -0.0, -0.0, -0.0, -0.0, 0.0, 0.0, 0.0, 0.0, 0.0, 0.0, 0.0, 0.0, 0.0, 0.0, 0.0, 0.0, 0.0, 0.0, 0.0, 0.0, 0.0, 0.0, 0.0, 0.0, 0.0, 0.0, 0.0, 0.0, 0.0, 0.0, 0.0, 0.0, 0.0, 0.0, 0.0, 0.0, 0.0, 0.0, 0.0, 0.0, 0.0, 0.0, 0.0, 0.0, 0.0, 0.0, 0.0, 0.0]",0.0
2026-07-05_02-30-35.mp4,1,120.0,15.0,0.0,motion,0.0,0.0,0.0,0.0,0.0,0.3911,2.797,0.514,0.539,0.0,0.0,,"[0.0001, -0.0009, -0.001, -0.0004, 0.0004, 0.0003, -0.0, -0.0005, 0.0008, 0.0006, -0.0007, 0.0006, -0.001, -0.0003, -0.0004, -0.0019, -0.0001, 0.0073, 0.0006, 0.0028, -0.0018, -0.0003, -0.0003, -0.0015, -0.0003, -0.0002, -0.0002, -0.0001, -0.0007, 0.0005, -0.0001, -0.0003, -0.0008, -0.0, 0.0002, 0.0003, 0.0004, -0.0001, -0.0009, -0.0001, -0.0004, -0.0012, -0.0006, 0.0002, -0.0009, -0.0013, -0.0001, -0.0002, -0.0003, -0.0003, -0.0008, 0.0001, 0.0085, -0.0002, -0.0003, -0.0003, -0.0002, -0.0002, -0.0002, -0.0014, -0.0002, -0.0003, 0.0033, 0.0011, 0.0005, -0.0003, -0.0007, -0.0012, -0.0, -0.0, 0.0009, -0.0044, 0.0004, -0.0, -0.0002, -0.0002, -0.0007, 0.0008, -0.0007, 0.0014, 0.0005, -0.0003, 0.0001, 0.0002, 0.0001, 0.0, 0.0001, -0.0002, -0.0001, -0.0001, -0.0001, -0.0, 0.0002, 0.0002, -0.0001, -0.0001, -0.0, -0.0001, -0.0, -0.0, 0.0009, -0.0, -0.0, -0.0001, -0.0001, -0.0, -0.0, -0.0, -0.0, -0.0, -0.0, -0.0, -0.0, -0.0, -0.0, -0.0, 0.0, 0.0, 0.0]",0.0
2026-07-03_13-17-42.mp4,1,120.0,15.0,0.0,motion,0.0,0.0,0.0,0.0,0.0,0.2236,2.797,0.029,0.1943,12.216,0.0061,,"[-0.0326, -0.0053, -0.0203, -0.0061, -0.0081, -0.009, 0.4847, -0.0112, -0.0118, -0.0127, 0.0404, 0.0321, -0.0154, -0.0163, -0.0172, -0.0117, -0.0191, -0.0176, -0.0195, -0.0195, -0.0196, -0.0195, -0.0035, -0.0035, -0.0035, -0.0035, -0.0018, -0.0003, -0.0002, -0.0003, 0.0001, 0.0003, 0.0003, 0.0003, 0.0003, 0.0003, 0.0003, 0.0003, 0.0003, 0.0003, 0.0003, 0.0003, 0.0003, 0.0003, -0.0067, -0.0167, -0.0065, -0.0065, -0.0062, -0.011, -0.0089, -0.0093, -0.0097, -0.0094, -0.0094, -0.0093, -0.0092, -0.0092, -0.0092, 0.2083, -0.0091, -0.015, -0.0062, -0.0154, 0.1416, -0.073, 0.0049, 0.0053, -0.0187, -0.0079, -0.0104, -0.0117, -0.0083, -0.0079, -0.0079, -0.0009, -0.0009, -0.0986, -0.0004, -0.0014, 0.0034, 0.0536, 0.0017, -0.0004, 0.0017, 0.0017, 0.0016, 0.0015, 0.0015, 0.0015, 0.0015, 0.0015, 0.0015, -0.0016, -0.0016, -0.0016, -0.0016, 0.0001, 0.0001, -0.0, -0.0, -0.0, -0.0, -0.0, -0.0, -0.0, -0.0, -0.0, -0.0, -0.0, 0.0, 0.0, 0.0, 0.0, 0.0, 0.0, 0.0, 0.0, 0.0]",0.0
2026-07-20_12-32-01.mp4,1,120.0,15.0,0.008,motion,0.0,0.0,0.0,0.0,0.0,0.2627,2.542,0.656,0.4621,0.073,0.0117,,"[0.0, 0.0, 0.0, -0.0, -0.0, 0.0001, -0.0, -0.0, -0.0003, 0.0001, 0.0, -0.0, -0.0, 0.0, 0.0, 0.0, -0.0, -0.0, 0.0, -0.0, 0.0, 0.0, -0.0, 0.0001, -0.0001, -0.0, 0.0002, -0.0, -0.0, 0.0, -0.0, 0.0, 0.0, -0.0, -0.0, 0.0, -0.0, -0.0, -0.0001, 0.0, -0.0, -0.0, -0.0, 0.0, 0.0, 0.0, 0.0, 0.0, 0.0001, 0.0, 0.0, -0.0002, 0.0, -0.0002, 0.0, 0.0003, 0.0001, -0.0001, -0.0001, 0.0, -0.0, 0.0, -0.0, 0.0, -0.0, -0.0, 0.0, -0.0, -0.0, -0.0, -0.0, -0.0001, -0.0, 0.0, 0.0002, -0.0, -0.0, 0.0, -0.0, 0.0001, 0.0001, -0.0001, -0.0, 0.0, 0.0001, 0.0, 0.0, 0.0001, 0.0, -0.0, 0.0, -0.0001, -0.0, 0.0, -0.0, -0.0, -0.0001, 0.0001, -0.0002, -0.0, 0.0, 0.0, 0.0, 0.0, 0.0, 0.0001, 0.0, -0.0, 0.0, -0.0, 0.0002, -0.0, -0.001, 0.0014, 0.0001, -0.0017, 0.0002, -0.0, 0.0001]",0.0
2026-07-02_12-36-59.mp4,1,120.0,15.0,0.0,motion,0.0,0.0,0.0,0.0,0.0,0.479,0.763,0.333,0.2027,0.0,0.0,,"[0.0, -0.0001, -0.0, -0.0, -0.0, -0.0, -0.0, -0.0, -0.0, -0.0, -0.0, -0.0, -0.0, -0.0, -0.0, -0.0, -0.0, -0.0, -0.0, -0.0, -0.0, -0.0, -0.0, -0.0, -0.0, -0.0, -0.0, -0.0, -0.0, 0.0001, 0.0001, -0.0, -0.0, -0.0, -0.0, -0.0, -0.0, -0.0, -0.0, -0.0, -0.0, -0.0, -0.0, -0.0, -0.0, -0.0, 0.0, 0.0, 0.0, 0.0, 0.0, -0.0, -0.0, -0.0, -0.0, -0.0, -0.0, -0.0, -0.0, -0.0, -0.0, -0.0, -0.0, -0.0, 0.0, -0.0, 0.0, 0.0, 0.0, -0.0, -0.0, -0.0, -0.0, 0.0, -0.0, 0.0, -0.0, 0.0, -0.0, -0.0, -0.0, -0.0, -0.0001, -0.0, -0.0, -0.0, -0.0, -0.0, 0.0001, 0.0, 0.0, 0.0, 0.0, 0.0, 0.0, 0.0, 0.0, 0.0, -0.0, -0.0, -0.0, -0.0, -0.0, -0.0, -0.0, -0.0, -0.0, -0.0, -0.0, -0.0, -0.0, -0.0, -0.0, -0.0, -0.0, -0.0, -0.0, -0.0, -0.0]",0.0
2026-07-04_05-20-19.mp4,1,120.0,15.0,0.0,motion,0.0,0.0,0.0,0.0,0.0,0.6249,1.78,0.531,0.2297,0.23,0.062,,"[-0.0018, 0.0012, 0.0011, 0.0009, 0.0008, 0.0007, 0.0002, -0.0008, -0.0002, -0.0003, 0.0007, 0.0009, 0.0103, 0.0014, -0.0029, -0.0002, -0.0003, 0.0003, 0.0011, -0.0, 0.0025, 0.0123, 0.0072, 0.0004, -0.0009, -0.0074, -0.0069, 0.0006, 0.0007, 0.0008, -0.0026, -0.0052, -0.0125, -0.0047, 0.0007, -0.0002, 0.0009, 0.0016, 0.0015, 0.0018, 0.0017, 0.0012, 0.0023, 0.0007, 0.0007, 0.0011, 0.0009, 0.0005, 0.0, 0.001, 0.0014, -0.0019, -0.0039, -0.0, -0.0, 0.0001, 0.0006, -0.0, 0.0028, -0.0014, -0.0001, -0.0001, -0.0001, 0.0001, 0.0003, -0.0001, 0.0001, 0.0001, -0.0002, -0.0001, 0.0001, 0.0002, -0.0, 0.0009, 0.0001, 0.0001, 0.0005, 0.0001, 0.0001, 0.0006, 0.0008, 0.0021, 0.0002, 0.0004, -0.0029, -0.0051, 0.0003, 0.0003, -0.0045, -0.0019, 0.0014, 0.0055, 0.0008, -0.0013, -0.0003, 0.0007, 0.0005, 0.0005, 0.0006, 0.0, 0.0002, 0.0006, 0.0002, 0.0005, -0.0007, 0.0007, -0.0008, -0.0006, 0.0002, -0.001, -0.0008, -0.0005, 0.0, -0.0, -0.0001, 0.0005, -0.0, 0.0005, 0.0001]",0.0
2026-07-15_10-12-19.mp4,1,120.0,15.0,0.0,motion,0.0,0.0,0.0,0.0,0.0,0.2432,2.797,0.609,0.3899,0.352,0.0386,,"[-0.0, -0.0, 0.0001, 0.0, 0.0, 0.0, 0.0, -0.0, -0.0, 0.0001, 0.0, -0.0, -0.0001, 0.0002, -0.0001, 0.0, -0.0, -0.0, 0.0, 0.0, -0.0001, 0.0001, -0.0001, -0.0, -0.0, 0.0, 0.0, 0.0, -0.0, 0.0001, -0.0001, 0.0, 0.0, -0.0, -0.0, -0.0, 0.0001, -0.0, -0.0, -0.0, -0.0001, -0.0001, 0.0, -0.0001, -0.0, 0.0, -0.0001, -0.0002, -0.0, -0.0001, 0.0011, -0.0002, -0.0002, 0.0, 0.0, 0.0, -0.0001, 0.0001, -0.0, -0.0, -0.0001, -0.0001, -0.0, -0.0, -0.0, 0.0, 0.0001, 0.0001, -0.0, -0.0, -0.0, 0.0, -0.0001, -0.0, -0.0, 0.0, -0.0, 0.0, -0.0, -0.0, -0.0001, -0.0, 0.0, 0.0, 0.0, 0.0, 0.0, 0.0, -0.0, 0.0001, 0.0, -0.0001, -0.0, -0.0, -0.0002, 0.0002, -0.0, 0.0, 0.0, 0.0001, -0.0001, 0.0, -0.0001, -0.0001, 0.0, -0.0, 0.0, 0.0001, 0.0, 0.0001, -0.0, 0.0001, 0.0001, -0.0001, 0.0, 0.0002, 0.0003, 0.0001, -0.0001]",0.0
2026-07-24_13-32-47.mp4,1,120.0,15.0,0.017,motion,0.0,0.0,0.0,0.0,0.0,0.3014,2.797,0.588,0.3475,1.127,0.094,,"[0.0, 0.0, 0.0, 0.0, 0.0, 0.0, -0.0, 0.0001, 0.001, 0.0015, 0.0016, 0.0016, 0.0015, 0.0015, 0.0015, 0.0015, 0.0016, 0.0016, 0.0016, 0.0016, 0.0013, 0.0026, -0.0024, -0.0253, -0.015, -0.0134, -0.0097, -0.0098, -0.0107, -0.0136, -0.0352, -0.0386, -0.0312, -0.0312, -0.0311, -0.031, -0.0308, -0.0309, -0.0251, -0.0275, 0.3209, -0.0132, -0.0386, -0.0171, 0.0789, 0.6598, -0.0116, -0.1412, -0.0117, -0.011, -0.0117, -0.0117, -0.0088, 0.0022, -0.0115, -0.0033, 0.0006, 0.1054, -0.7157, -0.0412, -0.0211, 0.0251, 0.0253, 0.0206, 0.0204, 0.0208, 0.021, 0.0209, 0.0212, 0.022, 0.0223, 0.0218, 0.0224, 0.0256, 0.0016, -0.0001, -0.0008, -0.0011, -0.0012, -0.0011, -0.0013, -0.0011, -0.0013, -0.0017, -0.0022, -0.0018, -0.0024, -0.0009, -0.0015, 0.0184, 0.0087, 0.0009, 0.0049, -0.0011, -0.0022, 0.002, -0.0005, -0.0012, -0.0011, -0.0012, -0.0013, -0.0013, -0.0013, -0.0013, -0.0013, -0.0006, -0.0009, -0.0003, -0.0001, -0.0001, -0.0001, -0.0, 0.0, 0.0001, 0.0, 0.0, 0.0, 0.0, 0.0]",0.0
2026-07-14_13-42-08.mp4,1,120.0,15.0,0.242,motion,0.0,0.0,0.0,0.0,0.0,0.6352,1.78,0.546,0.7752,7.257,0.305,,"[0.0042, 0.0019, 0.0077, 0.0064, 0.0037, -0.0023, -0.0028, -0.0029, -0.0086, -0.0041, -0.0059, -0.0092, -0.0106, -0.0043, -0.0137, -0.0282, -0.0487, -0.003, -0.0023, 0.056, 0.0253, 0.0243, -0.001, -0.0016, 0.0052, 0.0058, 0.0115, 0.0053, -0.0042, 0.001, 0.0049, -0.0032, -0.0083, -0.0083, 0.005, -0.0058, -0.003, 0.0079, -0.0046, -0.0045, -0.0022, -0.0028, -0.0034, -0.0031, -0.0025, 0.014, 0.0254, -0.0024, -0.0033, -0.0034, -0.0029, -0.0029, -0.0029, -0.0024, -0.0024, -0.0024, -0.0024, -0.0023, -0.0023, -0.0026, -0.0021, -0.0017, -0.0008, 0.0246, -0.0001, -0.0008, -0.0008, -0.0008, -0.0008, -0.0009, -0.0008, -0.0009, -0.0009, -0.0009, -0.0009, -0.0009, -0.0009, -0.0011, -0.0009, -0.0, -0.0, -0.0, -0.0, -0.0, -0.0, -0.0, 0.0008, -0.0, -0.0, -0.0, -0.0, -0.0, -0.0, -0.0, -0.0, -0.0, -0.0, -0.0, -0.0, -0.0, -0.0, -0.0, -0.0, -0.0, -0.0, -0.0, -0.0, -0.0, -0.0, -0.0, -0.0, -0.0, -0.0, -0.0, -0.0, -0.0, -0.0, -0.0, -0.0]",0.0
2026-07-03_23-21-52.mp4,1,120.0,15.0,0.067,motion,0.0,0.0,0.0,0.0,0.0,0.4585,0.763,0.464,0.3792,7.607,0.1881,,"[-0.0055, 0.0048, 0.0037, 0.009, -0.0025, 0.005, 0.0043, 0.0036, 0.005, -0.0001, 0.0035, 0.0101, 0.0018, 0.0062, 0.0018, 0.005, 0.0007, 0.0232, 0.015, 0.0204, -0.0719, -0.0155, -0.012, -0.0003, 0.0019, 0.0001, 0.0035, 0.0031, 0.002, 0.0032, 0.0025, 0.0032, 0.0034, 0.0039, 0.0045, 0.0048, 0.0024, 0.0029, -0.0017, 0.0002, -0.0096, -0.0326, 0.0055, -0.0013, 0.0014, 0.0018, 0.0017, 0.0012, 0.0031, 0.0061, 0.0007, 0.0017, 0.0015, 0.0017, 0.0032, 0.0025, 0.0027, 0.0014, 0.0016, 0.0014, 0.0021, 0.0022, 0.0038, -0.0203, -0.0012, -0.0061, -0.0052, -0.0019, 0.0011, 0.0012, 0.0018, 0.0017, 0.0014, 0.0007, -0.0039, 0.0, -0.0013, 0.002, 0.0018, 0.0012, 0.0013, 0.0004, 0.0002, -0.0004, 0.001, 0.0005, 0.0006, 0.0011, 0.0012, 0.0002, 0.0004, -0.0001, -0.0002, -0.0005, -0.0002, -0.0001, -0.0, 0.0, 0.0, -0.0001, -0.0001, -0.0002, -0.0, -0.0004, 0.0, 0.0, 0.0, -0.0001, 0.0001, 0.0, 0.0003, 0.0004, 0.0, -0.0002, 0.0001, 0.0002, -0.0001, 0.0001, -0.0]",0.0
2026-07-22_01-45-16.mp4,1,120.0,15.0,0.017,motion,0.0,0.0,0.0,0.0,0.0,0.4968,1.525,0.602,0.3455,1.731,0.1897,,"[0.0004, -0.0002, -0.0005, -0.0004, -0.0005, -0.0003, -0.0003, -0.0002, -0.0002, 0.0002, -0.0002, -0.0001, -0.0001, -0.0003, -0.0, -0.0, 0.0, 0.0, 0.0001, 0.0, 0.0, -0.0001, -0.0002, -0.0003, -0.0, 0.0, -0.0, 0.0, 0.0001, 0.0, 0.0003, 0.0, -0.0002, -0.0001, 0.0, 0.0, 0.0003, -0.0001, 0.0, 0.0, -0.0, -0.0001, -0.0, 0.0, 0.0, 0.0, 0.0, 0.0001, 0.0, 0.0, 0.0, 0.0, 0.0, 0.0, -0.0, 0.0, 0.0, 0.0, 0.0, -0.0, 0.0, -0.0001, 0.0, 0.0, -0.0001, 0.0, -0.0, 0.0, 0.0, 0.0, 0.0, 0.0, 0.0, 0.0, 0.0, 0.0, 0.0, 0.0, 0.0, 0.0, 0.0, 0.0, 0.0, 0.0, 0.0, 0.0, 0.0, 0.0, 0.0, 0.0, 0.0, 0.0, 0.0, -0.0, 0.0, 0.0, 0.0, 0.0, 0.0, 0.0, 0.0, 0.0, 0.0, -0.0001, 0.0, 0.0, 0.0, 0.0, 0.0, 0.0, 0.0, 0.0, 0.0, 0.0, 0.0, 0.0, 0.0, 0.0, 0.0]",0.0
2026-07-03_03-30-00.mp4,1,120.0,15.0,0.0,motion,0.0,0.0,0.0,0.0,0.0,0.3554,2.034,0.586,0.574,0.001,0.0002,,"[0.0, -0.0, -0.0, -0.0, -0.0, -0.0, -0.0, -0.0, -0.0, -0.0, 0.0, 0.0001, -0.0, -0.0002, -0.0001, 0.0, 0.0, 0.0, 0.0, 0.0001, 0.0002, 0.0, -0.0001, -0.0001, 0.0, 0.0001, 0.0001, 0.0002, -0.0002, -0.0001, -0.0002, 0.0, -0.0001, -0.0, -0.0001, 0.0006, -0.0, 0.0001, -0.0001, 0.0001, 0.0007, -0.0026, -0.0002, 0.0002, 0.0001, -0.0, -0.0, 0.0009, 0.0004, -0.0001, 0.0001, 0.0002, -0.0003, 0.0001, 0.0001, -0.0002, 0.0002, -0.0001, -0.0002, 0.0003, 0.0006, 0.0, -0.0002, 0.0001, 0.0003, -0.0, -0.0007, -0.0003, 0.0003, 0.0, -0.0001, -0.0002, 0.0001, -0.0002, -0.0, -0.0009, 0.0009, -0.0003, -0.0, 0.0005, 0.0, -0.001, 0.0006, 0.0002, 0.0004, 0.0002, 0.0003, -0.0001, 0.0001, 0.0001, -0.0, -0.0, 0.0002, 0.0002, -0.0004, 0.0003, -0.0042, 0.0003, 0.0009, 0.0022, 0.0003, -0.0, -0.0006, -0.0001, 0.0, -0.0, -0.0002, 0.0001, 0.0001, 0.0002, -0.0001, 0.0, -0.0001, -0.0001, -0.0001, 0.0002, -0.0001, 0.0002, 0.0]",0.0
2026-07-05_08-21-46.mp4,1,120.0,15.0,0.0,motion,0.0,0.0,0.0,0.0,0.0,0.4112,1.78,0.008,0.2714,7.682,0.0029,,"[-0.0002, 0.0006, -0.0005, 0.0003, 0.0002, 0.0002, 0.0002, 0.0002, 0.0002, 0.0002, -0.0009, 0.0001, 0.0001, 0.0001, 0.0001, 0.0001, 0.0, 0.0001, 0.0, 0.0, 0.0, 0.0, 0.0, 0.0, 0.0, 0.0, -0.0, -0.0, -0.0, -0.0, 0.0, 0.0, -0.0, -0.0, -0.0, -0.0, 0.0, 0.0, -0.0, -0.0, -0.0, -0.0, -0.0, -0.0, 0.0, -0.0, 0.0, 0.0001, 0.0, 0.0, 0.0, 0.0, 0.0, 0.0, 0.0001, 0.0, 0.0, 0.0, 0.0, -0.0001, 0.0001, -0.0001, -0.0013, 0.0001, 0.0, 0.0, 0.0, 0.0, 0.0, -0.0, 0.0, -0.0, 0.0, 0.0, 0.0, 0.0, 0.0, 0.0, -0.0, -0.0, -0.0, 0.0, 0.0, 0.0007, 0.0007, -0.0, -0.0, -0.0007, -0.0, -0.0, -0.0, 0.0, -0.0, -0.0, -0.0, 0.0006, -0.0016, -0.0008, -0.0, 0.0009, 0.0002, 0.0, 0.0, -0.0, -0.0, -0.0, -0.0, 0.0, 0.0002, 0.0, -0.0, 0.0, -0.0, 0.0004, -0.0001, -0.0, -0.0, -0.0, -0.0]",0.0
2026-07-04_01-08-59.mp4,1,120.0,15.0,0.0,motion,0.0,0.0,0.0,0.0,0.0,0.2508,0.763,0.218,0.3938,2.009,0.0366,,"[-0.0002, 0.0008, 0.0004, 0.0004, -0.0019, -0.0015, 0.0004, 0.0006, 0.0005, 0.0002, 0.0002, 0.0001, 0.0001, 0.0001, 0.0001, 0.0001, 0.0001, 0.0001, 0.0001, 0.0001, 0.0, -0.0, -0.0, -0.0, 0.0, -0.0, -0.0, -0.0, -0.0, -0.0, -0.0, -0.0, -0.0, -0.0, -0.0, -0.0, -0.0, -0.0, -0.0, -0.0, 0.0002, -0.0, 0.0, 0.0, 0.0001, -0.0, -0.0, -0.0, -0.0, -0.0, -0.0, -0.0, -0.0, -0.0, -0.0, -0.0, 0.0, -0.0006, 0.0, 0.0005, 0.0, 0.0, 0.0, 0.0, 0.0, 0.0, 0.0, 0.0, 0.0, 0.0, 0.0, 0.0, 0.0, -0.0, -0.0, -0.0, -0.0, 0.0001, -0.0001, -0.0001, -0.0001, -0.0001, -0.0001, -0.0001, -0.0001, -0.0001, -0.0001, -0.0001, -0.0, -0.0001, 0.0009, 0.0001, -0.0001, 0.0005, -0.0, 0.0003, -0.0003, -0.0, -0.0, -0.0, -0.0, -0.0, -0.0, -0.0003, -0.0001, -0.0001, -0.0, -0.0, -0.0001, -0.0, -0.0001, -0.0001, -0.0001, -0.0001, -0.0001, -0.0001, -0.0001, -0.0003, 0.0001]",0.0
2026-07-08_20-22-32.mp4,1,120.0,15.0,0.008,motion,0.0,0.0,0.0,0.0,0.0,0.4519,0.763,0.45,0.5412,99.0,0.2025,,"[-0.0001, -0.0001, -0.0001, -0.0001, -0.0001, -0.0025, -0.0005, -0.0, -0.0, -0.0, -0.0, -0.0001, -0.0001, -0.0, 0.0, 0.0053, 0.0001, 0.0013, 0.0, 0.0, 0.0001, -0.0011, -0.0026, -0.0, -0.0, -0.0, 0.0016, -0.0, -0.0007, -0.0014, -0.0, 0.0001, 0.0002, 0.0002, 0.0003, 0.0005, -0.0006, 0.0027, 0.0069, 0.0072, 0.0016, -0.0008, -0.0019, -0.0022, -0.0022, -0.0023, -0.0023, -0.002, -0.0019, -0.005, -0.0086, -0.035, -0.0335, -0.1353, -0.0075, 0.1703, 0.074, 0.0356, 0.0107, -0.0001, 0.0001, 0.0004, -0.0031, -0.0197, -0.0013, -0.0171, -0.0293, 0.0145, 0.0132, 0.0046, 0.0183, 0.0027, 0.016, 0.0168, 0.0171, 0.0006, -0.0346, -0.2161, 0.6266, -0.6082, 0.3409, -1.1707, -0.1613, -0.1616, -0.1758, -0.1621, -0.1561, -0.1179, -0.1118, -0.0714, 0.3703, 0.4112, 1.0685, 1.0671, 0.5668, 0.9724, 0.0925, 0.0999, -0.1312, -0.1726, -0.1963, -0.3172, -1.2617, -0.4946, -0.5262, -0.9182, -0.4793, -0.7902, -0.5209, -0.2805, -0.3202, -0.5993, -0.6186, -0.4208, 0.546, -0.0736, 0.1407, 0.4125, 0.6766]",0.0
2026-07-07_11-21-29.mp4,1,120.0,15.0,0.0,motion,0.0,0.0,0.0,0.0,0.0,0.5546,0.763,0.844,0.184,99.0,0.4656,,"[0.0007, -0.0006, -0.0004, -0.0017, -0.0001, -0.0005, -0.0004, -0.0004, -0.0004, -0.0003, -0.0003, -0.0001, -0.0002, -0.0001, -0.0001, -0.0, 0.0, 0.0, 0.0, -0.0, -0.0, -0.0, -0.0, -0.0, 0.0001, -0.0, -0.0, -0.0, -0.0, -0.0, -0.0, -0.0, -0.0, -0.0, -0.0, -0.0, -0.0, -0.0, -0.0, -0.0, -0.0, -0.0, -0.0, -0.0, -0.0, -0.0001, -0.0003, -0.0004, -0.0004, -0.0004, -0.0004, -0.0004, -0.0004, -0.0004, -0.0004, -0.0004, -0.0004, -0.0004, -0.0004, -0.0003, 0.0022, 0.0066, 0.0012, -0.0003, 0.0003, -0.0004, -0.0003, -0.0004, -0.0004, -0.0004, -0.0004, -0.0004, -0.0004, -0.0004, -0.0004, -0.0004, -0.0003, -0.0001, -0.0, -0.0, -0.0, -0.0, -0.0, -0.0, -0.0, -0.0, -0.0007, -0.0, 0.0014, -0.0, -0.0, -0.0001, -0.0, -0.0, -0.0, -0.0, -0.0, -0.0, -0.0, -0.0, -0.0, 0.0, -0.0, -0.0, 0.0, 0.0, 0.0, 0.0, 0.0, 0.0, 0.0, 0.0, -0.0002, 0.0, 0.0, 0.0, 0.0, 0.0, 0.0]",0.0
2026-07-03_14-18-54.mp4,1,120.0,15.0,0.0,motion,0.0,0.0,0.0,0.0,0.0,0.3576,1.525,0.341,0.2757,99.0,0.1221,,"[-0.0712, 0.1336, 0.6221, 0.0289, -0.003, 0.0081, 0.0049, 0.0017, -0.0015, 0.0393, -0.0165, -0.0374, -0.0143, -0.0174, -0.0211, -0.0242, -0.0274, 0.0538, 0.035, -0.004, -0.0044, -0.0044, -0.0223, -0.0231, -0.023, -0.0216, -0.0218, -0.0227, -0.0075, 0.0037, -0.0075, -0.0075, -0.0075, -0.005, -0.0132, -0.0133, -0.0133, 0.5413, 0.0223, -0.0036, -0.001, -0.001, -0.001, -0.4748, -0.0018, -0.0014, -0.0014, -0.0014, -0.0014, 0.2921, 0.0023, -0.0014, -0.0014, -0.3637, 0.0172, 0.0172, 0.0172, 0.0171, 0.077, -0.0337, 0.0026, 0.0026, 0.0026, 0.0026, 0.0026, 0.0121, 0.0122, 0.0122, 0.0122, -0.0001, -0.0001, -0.0001, 0.0012, -0.0217, 0.0036, 0.0024, 0.0024, 0.0024, 0.0024, 0.0024, 0.0024, 0.0024, 0.0024, 0.0024, 0.0069, 0.0069, 0.0069, 0.0069, 0.0069, -0.0482, 0.016, 0.016, 0.016, 0.016, 0.016, 0.016, 0.016, 0.016, 0.016, -0.1218, 0.016, 0.0161, 0.0161, 0.0161, 0.0161, -0.2893, 0.0144, 0.0144, 0.0144, 0.0144, 0.0144, 0.0144, 0.0144, 0.0144, 0.0144, 0.0099, 0.0057, 0.0099, 0.0099]",0.0
2026-07-05_03-38-10.mp4,1,120.0,15.0,0.0,motion,0.0,0.0,0.0,0.0,0.0,0.2716,0.763,0.443,0.2478,1.236,0.0665,,"[0.0, -0.0, -0.0, -0.0, -0.0, -0.0, -0.0, -0.0, -0.0, -0.0, -0.0, -0.0, -0.0006, -0.0003, -0.0, -0.0, 0.0008, 0.0001, 0.0, 0.0005, -0.0001, -0.0002, 0.0003, -0.0002, -0.0001, 0.0, 0.0, 0.0, -0.0, -0.0, -0.0, 0.0003, -0.0002, 0.0, 0.0, 0.0001, -0.0001, -0.0006, 0.0005, -0.0002, 0.0002, -0.0004, 0.0001, 0.0, 0.0, -0.0001, 0.0001, -0.0003, 0.0, 0.0, 0.0, 0.0001, 0.0, 0.0, 0.0, 0.0001, 0.0001, -0.0001, 0.0, 0.0001, 0.0, 0.0001, 0.0001, 0.0004, -0.0003, -0.0, -0.0005, -0.0004, -0.0002, -0.0001, -0.0005, -0.0002, 0.0, 0.0008, -0.0, -0.0001, -0.0004, -0.0001, -0.0001, -0.0002, 0.001, 0.0008, 0.0001, 0.0005, 0.0005, -0.0, 0.0002, 0.0006, 0.0004, -0.0001, 0.0, 0.0, -0.0001, -0.0, -0.0008, -0.0008, -0.0002, -0.0007, -0.0004, -0.0006, 0.0003, 0.0002, -0.0015, 0.0003, 0.0002, 0.0, 0.0001, 0.0003, 0.0002, 0.0002, 0.0002, 0.0002, -0.0, 0.0002, 0.0003, 0.0001, -0.0001, 0.0001, -0.0]",0.0
2026-07-10_16-39-05.mp4,1,120.0,15.0,0.0,motion,0.0,0.0,0.0,0.0,0.0,0.2596,0.763,0.526,0.2137,0.009,0.0012,,"[-0.0, 0.0, 0.0, 0.0, 0.0, -0.0, 0.0, -0.0, -0.0, -0.0, 0.0, -0.0, -0.0, 0.0, -0.0, -0.0, -0.0, 0.0001, -0.0, 0.0001, 0.0, -0.0, -0.0, -0.0, -0.0, -0.0, -0.0, -0.0, -0.0, -0.0, -0.0, -0.0, -0.0, 0.0, -0.0, 0.0, 0.0, -0.0001, 0.0, -0.0, 0.0, 0.0, 0.0, 0.0, 0.0, -0.0, 0.0, 0.0, -0.0002, -0.0, 0.0, 0.0, 0.0, -0.0, 0.0, 0.0, 0.0, 0.0, 0.0, -0.0, 0.0, 0.0, -0.0, -0.0001, 0.0, 0.0, 0.0, -0.0001, -0.0, 0.0, 0.0, 0.0, 0.0001, -0.0, 0.0, 0.0, -0.0, 0.0, -0.0, 0.0, 0.0, -0.0, -0.0, 0.0, 0.0, 0.0, 0.0, -0.0, 0.0, 0.0001, -0.0001, 0.0, -0.0, 0.0, 0.0, 0.0, 0.0, 0.0, 0.0, 0.0, 0.0, 0.0, 0.0, 0.0, 0.0, 0.0, 0.0, -0.0001, 0.0, 0.0, 0.0, 0.0, 0.0, -0.0, 0.0, 0.0, -0.0, 0.0, -0.0]",0.0
2026-07-04_18-39-48.mp4,1,120.0,15.0,0.0,motion,0.0,0.0,0.0,0.0,0.0,0.2257,1.78,0.526,0.345,0.071,0.0079,,"[-0.0001, 0.0002, 0.0001, 0.0001, 0.0001, 0.0001, 0.0001, 0.0001, 0.0001, 0.0001, -0.0002, 0.0, 0.0, 0.0, -0.0, 0.0, -0.0, -0.0, -0.0, -0.0001, 0.0, 0.0003, -0.0, -0.0, 0.0, -0.0, -0.0, -0.0, -0.0, -0.0, -0.0, 0.0001, -0.0001, -0.0, -0.0, -0.0, -0.0, -0.0, -0.0, -0.0, -0.0, -0.0, -0.0, -0.0, -0.0, -0.0, -0.0, -0.0, 0.0001, 0.0, -0.0, -0.0, -0.0, -0.0, -0.0, -0.0, -0.0, -0.0, -0.0, 0.0, -0.0, -0.0, -0.0, -0.0, -0.0, -0.0, -0.0, -0.0, -0.0, -0.0, -0.0, -0.0, -0.0, -0.0, -0.0, 0.0, 0.0, -0.0, 0.0, 0.0, 0.0, 0.0, 0.0, 0.0, 0.0, 0.0, 0.0, 0.0, 0.0, 0.0, 0.0, 0.0, 0.0, 0.0, 0.0, 0.0, 0.0, 0.0, 0.0, 0.0, 0.0, 0.0, 0.0, 0.0, 0.0, 0.0, 0.0, 0.0, 0.0, 0.0, 0.0, 0.0, 0.0, 0.0, 0.0, 0.0, 0.0, 0.0, 0.0]",0.0
2026-07-04_22-42-10.mp4,1,120.0,15.0,0.0,motion,0.0,0.0,0.0,0.0,0.0,0.2076,1.017,0.589,0.1811,4.734,0.101,,"[0.0002, -0.0003, -0.0004, -0.0, -0.0004, -0.0001, -0.0001, -0.0001, 0.0003, 0.0, -0.0002, -0.0001, -0.0001, 0.0001, -0.0, -0.0001, -0.0, -0.0002, -0.0, -0.0002, 0.0002, -0.0002, -0.0, -0.0, -0.0002, -0.0, 0.0003, 0.0004, 0.0, 0.0002, -0.0002, 0.0, 0.0002, -0.0, -0.0001, -0.0001, -0.0001, -0.0, -0.0001, -0.0, -0.0, 0.0001, -0.0, 0.0004, -0.0, 0.0001, 0.0003, -0.0, -0.0003, 0.0003, 0.0002, -0.0002, -0.0006, 0.0004, -0.0002, -0.0002, -0.0001, 0.0, 0.0002, -0.0001, 0.0001, 0.0001, -0.0006, 0.0, 0.0, -0.0, -0.0005, 0.0, 0.0, 0.0, 0.0, 0.0, 0.0004, 0.0, 0.0, 0.0, 0.0, 0.0, 0.0, -0.0, 0.0, -0.0, 0.0, -0.0, -0.0001, -0.0004, 0.0002, -0.0, 0.0001, 0.0, 0.0, 0.0005, -0.0002, -0.0003, 0.0004, -0.0001, -0.0, -0.0001, -0.0, -0.0, 0.0, -0.0003, -0.0003, 0.0002, -0.0, -0.0002, 0.0004, 0.0, -0.0007, 0.0005, 0.0005, 0.0002, -0.0, -0.0001, 0.0004, -0.0002, -0.0001, -0.0, -0.0]",0.0
2026-07-21_10-06-02.mp4,0,0.0,0.0,0.0,tooshort,0.0,0.0,0.0,0.0,0.0,0.0,0.0,0.0,0.0,0.0,0.0,,,
2026-07-23_13-02-43.mp4,1,120.0,15.0,0.45,lips,0.5805,0.763,1.375,0.364,0.0222,0.3181,1.017,0.575,0.3437,0.0,0.0,"[0.067, -1.0, 0.075, 0.008, -1.0, 0.06, 0.022, -1.0, 0.057, -1.0, 0.063, 0.053, -1.0, -1.0, -1.0, -1.0, -1.0, -1.0, 0.055, 0.011, 0.002, -1.0, 0.08, -1.0, 0.073, 0.052, 0.045, -1.0, 0.066, 0.03, -1.0, -1.0, -1.0, 0.059, -1.0, -1.0, -1.0, -1.0, 0.048, 0.052, -1.0, 0.048, 0.034, 0.009, -1.0, -1.0, -1.0, -1.0, -1.0, -1.0, -1.0, -1.0, -1.0, -1.0, -1.0, -1.0, 0.013, 0.022, 0.012, 0.004, -1.0, 0.063, 0.023, -1.0, -1.0, -1.0, -1.0, -1.0, 0.015, 0.012, 0.017, 0.015, 0.009, -1.0, 0.032, 0.01, 0.021, -1.0, 0.048, 0.017, 0.016, 0.008, 0.03, -1.0, 0.044, 0.031, 0.027, 0.029, 0.008, -1.0, 0.044, -1.0, -1.0, 0.058, -1.0, -1.0, -1.0, -1.0, 0.029, 0.031, -1.0, 0.043, 0.031, -1.0, -1.0, -1.0, -1.0, -1.0, -1.0, -1.0, -1.0, -1.0, -1.0, -1.0, -1.0, -1.0, 0.087, -1.0, -1.0, -1.0]","[0.0001, -0.0003, 0.0001, -0.0001, -0.0, -0.0, 0.0002, 0.0002, -0.0, 0.0002, -0.0, -0.0001, -0.0004, -0.0003, 0.0, -0.0, 0.0001, -0.0, -0.0, 0.0001, -0.0, 0.0, 0.0, -0.0, 0.0, 0.0, -0.0001, 0.0, 0.0001, 0.0, 0.0, -0.0, -0.0, 0.0, -0.0, 0.0, -0.0, -0.0, -0.0, -0.0001, -0.0004, -0.0, 0.0001, -0.0, -0.0, -0.0001, 0.0009, -0.0001, 0.0, 0.0001, 0.0001, -0.0001, -0.0002, -0.0, -0.0001, -0.0001, -0.0, 0.0001, -0.0, 0.0, -0.0, 0.0, 0.0, -0.0, -0.0, 0.0, -0.0001, 0.0001, 0.0, 0.0, -0.0, -0.0, -0.0, 0.0, -0.0, -0.0, -0.0, 0.0, -0.0, -0.0, 0.0, -0.0, 0.0, -0.0, 0.0, 0.0, 0.0, 0.0, -0.0, -0.0, 0.0, -0.0, -0.0, -0.0, -0.0001, -0.0001, 0.0, -0.0, 0.0, 0.0001, -0.0, -0.0, -0.0, 0.0001, -0.0001, 0.0001, -0.0, -0.0001, 0.0, 0.0, -0.0, -0.0, -0.0, -0.0001, -0.0, 0.0, 0.0, 0.0006, -0.0]",0.0
2026-07-08_13-57-49.mp4,1,120.0,15.0,0.0,motion,0.0,0.0,0.0,0.0,0.0,0.3763,1.525,0.617,0.2807,0.029,0.0066,,"[-0.0, -0.0005, -0.0012, -0.0005, -0.0006, 0.0, -0.0, -0.0001, -0.0001, 0.0006, 0.0001, -0.0003, 0.0, 0.0001, 0.0011, 0.0024, -0.0001, 0.0009, -0.0008, -0.0001, -0.0005, -0.0001, -0.0002, 0.0001, 0.0, -0.0003, 0.0001, -0.0002, -0.0002, -0.0001, -0.0001, -0.0001, -0.0004, -0.0001, -0.0, 0.0002, 0.0, 0.0, -0.0001, 0.0001, -0.0, 0.0, 0.0001, -0.0001, -0.0, 0.0001, -0.0, -0.0002, 0.0001, -0.0004, -0.0, 0.0007, -0.0003, 0.0001, 0.0001, -0.0001, 0.0, 0.0001, -0.0, 0.0, -0.0, 0.0, 0.0, -0.0001, 0.0002, -0.0001, -0.0, -0.0, -0.0002, 0.0003, -0.0002, 0.0, 0.0, -0.0001, 0.0, 0.0, 0.0, -0.0, 0.0002, -0.0004, -0.0, 0.0003, 0.0, -0.0003, 0.0002, -0.0, -0.0, -0.0, 0.0003, -0.0, 0.0, -0.0002, -0.0003, 0.0003, -0.0001, 0.0002, 0.0002, -0.0, 0.0, -0.0001, -0.0001, -0.0001, -0.0001, 0.0002, -0.0001, -0.0, -0.0001, -0.0001, -0.0001, -0.0002, -0.0001, -0.0002, -0.0002, 0.0007, -0.0001, 0.0003, 0.0001, -0.0001, 0.0]",0.0
2026-07-24_16-42-03.mp4,1,120.0,15.0,0.0,motion,0.0,0.0,0.0,0.0,0.0,0.3213,0.763,0.0,0.3056,54.418,0.0,,"[0.0005, -0.0035, -0.0002, -0.0002, -0.0001, -0.0001, -0.0022, -0.0001, 0.001, -0.0, -0.0, 0.0003, 0.0, 0.0001, 0.0001, 0.0001, 0.0001, 0.0, 0.0, 0.0, 0.0, 0.0, -0.0, -0.0, -0.0, -0.0, -0.0, -0.0, -0.0, -0.0, -0.0, -0.0, -0.0, -0.0, -0.0, -0.0, -0.0, -0.0, -0.0, -0.0, -0.0, -0.0, -0.0, -0.0, -0.0001, -0.0001, -0.0001, -0.0001, -0.0001, -0.0001, -0.0001, -0.0001, -0.0001, -0.0001, -0.0001, -0.0001, -0.0001, -0.0001, -0.0001, 0.0033, -0.0001, -0.0001, -0.0001, -0.0001, -0.0001, -0.0001, -0.0001, -0.0001, -0.0001, -0.0001, -0.0001, -0.0001, -0.0001, -0.0001, -0.0003, 0.0, 0.0, 0.0, 0.0, 0.0, 0.0, 0.0, 0.0, 0.0, 0.0, 0.0, 0.0, 0.0, 0.0, 0.0, 0.0, 0.0, 0.0, 0.0, 0.0, 0.0, 0.0, 0.0, 0.0, 0.0, 0.0, 0.0, 0.0, 0.0, 0.0, 0.0, 0.0, 0.0, 0.0, 0.0, 0.0, 0.0, 0.0, 0.0, 0.0, 0.0, 0.0, 0.0, 0.0]",0.0
2026-07-24_03-43-53.mp4,1,120.0,15.0,0.0,motion,0.0,0.0,0.0,0.0,0.0,0.3223,0.763,0.574,0.5273,0.006,0.0011,,"[0.0, 0.0, 0.0, 0.0, 0.0, 0.0, 0.0, 0.0, 0.0, 0.0, 0.0, 0.0, 0.0, 0.0, -0.0005, 0.0003, -0.0001, -0.0002, 0.0001, 0.0003, -0.0002, 0.0, 0.0, 0.0, -0.0, 0.0001, 0.0001, -0.0001, -0.0001, -0.0001, -0.0, -0.0001, -0.0002, 0.0001, 0.0001, -0.0001, 0.0002, 0.0003, -0.0002, 0.0003, -0.0, -0.0, 0.0003, 0.0012, -0.0015, -0.0003, -0.0001, -0.0, -0.0, -0.0, -0.0001, -0.0001, 0.0, 0.0001, 0.0001, 0.0001, 0.0003, 0.0002, 0.0, 0.0001, 0.0005, 0.0003, 0.0001, -0.0, -0.0, 0.0002, -0.0, -0.0005, -0.0021, -0.0002, 0.0, 0.0002, 0.0001, 0.0001, 0.0, 0.0004, 0.0001, 0.0002, -0.0, -0.0009, 0.0007, 0.0003, 0.0002, -0.0, -0.0003, 0.0003, 0.0002, 0.0004, -0.0001, 0.0, -0.0, 0.0003, -0.0011, 0.0003, -0.0002, -0.0001, -0.0005, -0.0, 0.0003, 0.0001, 0.0001, -0.0002, 0.0003, 0.0, 0.0003, 0.0, 0.0, 0.0001, 0.0, 0.0001, 0.0001, 0.0001, -0.0, -0.0001, -0.0002, -0.0001, 0.0002, -0.0001, -0.0001]",0.0
2026-07-03_07-17-46.mp4,1,120.0,15.0,0.0,motion,0.0,0.0,0.0,0.0,0.0,0.1385,2.542,0.044,0.1186,0.0,0.0,,"[-0.0006, 0.0003, 0.0005, 0.0065, 0.0017, -0.0, -0.0001, -0.0001, -0.0001, -0.0002, -0.0002, -0.0002, -0.0002, -0.0002, -0.0003, -0.0003, -0.0002, -0.0003, -0.0004, -0.0, 0.0, 0.0005, 0.0, 0.0, 0.0, 0.0, 0.0, 0.0, 0.0, 0.0, 0.0, -0.0034, 0.0021, 0.0, 0.0, 0.0, 0.0, 0.0, 0.0, 0.0, 0.0, 0.0, 0.0, 0.0, 0.0001, 0.0001, 0.0001, -0.0, 0.0, 0.0, 0.0, 0.0, 0.0001, 0.0, 0.0, 0.0, 0.0, 0.0, 0.0, -0.0008, 0.0, 0.0, 0.0, 0.0, 0.0, 0.0, 0.0, 0.0, 0.0, 0.0, 0.0, 0.0, 0.0, 0.0, 0.0, 0.0, 0.0, 0.0, 0.0, 0.0, 0.0, 0.0, 0.0, 0.0, 0.0, 0.0, 0.0, 0.0, 0.0, -0.0, -0.0, -0.0001, -0.0, -0.0, -0.0, -0.0, -0.0, -0.0, -0.0, -0.0, -0.0, -0.0, -0.0, 0.0, 0.0009, -0.0003, 0.0012, -0.0005, 0.0002, 0.0002, 0.0003, 0.0003, 0.0004, 0.0004, 0.0004, 0.0005, 0.0003, 0.0001, -0.0006]",0.0
2026-07-09_10-48-45.mp4,1,120.0,15.0,0.0,motion,0.0,0.0,0.0,0.0,0.0,0.4467,0.763,0.486,0.4197,0.01,0.0022,,"[-0.011, -0.0314, 0.1568, -0.0343, 0.0273, -0.0226, -0.0133, -0.0211, -0.0142, -0.0021, -0.0878, 0.1206, 0.0482, 0.0876, -0.0184, -0.0193, -0.0179, -0.0199, -0.0108, -0.0146, -0.0074, -0.009, -0.0083, -0.0129, -0.0162, -0.0181, 0.0803, 0.0168, -0.0103, -0.0064, -0.0054, -0.0058, -0.0097, -0.0139, -0.0079, -0.0166, -0.0126, -0.0086, -0.0109, -0.0089, -0.009, -0.0112, -0.0049, -0.0002, 0.0134, 0.0292, 0.0321, 0.0375, 0.0307, 0.0299, 0.0003, 0.0025, -0.014, -0.0143, 0.0107, -0.0046, -0.0139, -0.0121, -0.0143, -0.013, -0.0108, 0.0028, 0.0066, 0.0097, -0.0051, -0.0047, -0.0048, 0.0007, 0.0125, -0.0058, -0.0071, -0.0049, 0.0182, 0.0076, -0.0051, -0.0046, -0.0113, -0.0067, -0.0061, -0.0055, -0.0055, -0.0036, -0.0078, 0.0184, 0.0131, -0.0059, -0.0059, -0.0063, -0.0077, -0.0086, -0.0057, -0.0057, 0.0726, -0.0085, -0.0103, -0.0118, -0.0062, 0.0119, -0.0117, -0.0044, -0.0111, -0.0111, 0.0162, -0.0111, -0.0112, -0.011, -0.0113, 0.016, -0.0086, 0.147, -0.0086, -0.0086, -0.0117, -0.0078, -0.0007, 0.0126, -0.0076, -0.0076, -0.0067]",0.0
2026-07-03_20-41-06.mp4,1,120.0,15.0,0.0,motion,0.0,0.0,0.0,0.0,0.0,0.2615,1.78,0.106,0.1523,0.006,0.0002,,"[-0.0005, -0.0006, 0.0006, 0.0, 0.0028, 0.0004, 0.0003, 0.0012, -0.0012, 0.0003, -0.0, 0.0008, -0.0009, 0.0008, -0.0, 0.0, -0.0003, -0.0002, 0.0001, 0.0001, 0.0, 0.0, 0.0001, 0.0001, 0.0, -0.0003, 0.0, 0.0001, -0.0, 0.0, 0.0, -0.0, 0.0, 0.0, 0.0, 0.0, 0.0, 0.0, 0.0, 0.0, 0.0, 0.0, 0.0, 0.0, -0.0, 0.0, 0.0, 0.0, 0.0, 0.0, 0.0, 0.0, 0.0, 0.0, 0.0, 0.0, 0.0, 0.0, 0.0, 0.0002, -0.0011, -0.0001, 0.0, 0.0, 0.0, 0.0, 0.0, 0.0, 0.0, 0.0, 0.0, 0.0, 0.0, 0.0, 0.0, 0.0, 0.0, -0.0, -0.0, -0.0, -0.0, -0.0, -0.0, -0.0, -0.0, -0.0, -0.0, -0.0, -0.0, -0.0, -0.0, -0.0, -0.0, -0.0, -0.0, -0.0, 0.0009, -0.0, -0.0, -0.0, -0.0, 0.0, -0.0004, 0.0001, 0.0001, -0.0, -0.0, -0.0, -0.0, -0.0, -0.0, -0.0, 0.0, -0.0, 0.0, 0.0, 0.0, 0.0, -0.0]",0.0
2026-07-06_15-43-36.mp4,1,120.0,15.0,0.0,motion,0.0,0.0,0.0,0.0,0.0,0.3896,0.763,0.901,0.2987,22.191,0.3357,,"[-0.0, -0.0001, 0.0001, -0.0, -0.0, -0.0001, -0.0, -0.0, 0.0001, 0.0001, 0.0005, 0.0001, 0.0003, 0.0001, 0.0001, 0.0001, 0.0001, 0.0001, 0.0001, 0.0001, 0.0, 0.0, -0.0005, -0.0015, -0.0027, -0.0004, -0.0007, -0.0003, 0.0007, -0.0004, -0.0003, -0.0003, -0.0003, -0.0003, -0.0009, 0.0009, -0.0004, 0.0118, -0.0004, -0.0009, -0.0004, -0.0011, -0.0006, -0.0012, -0.0004, 0.0007, -0.0004, 0.003, 0.002, -0.0029, -0.0007, -0.0004, 0.0002, 0.0005, 0.0001, 0.0011, 0.0009, 0.0012, 0.0005, 0.0012, 0.0011, 0.0011, 0.0009, 0.001, -0.0008, 0.0007, -0.0047, -0.0145, 0.0004, 0.0002, 0.0003, -0.0043, -0.0029, 0.0029, 0.0023, 0.0005, 0.001, 0.0012, 0.0011, 0.001, 0.0008, 0.0008, 0.0008, 0.0004, 0.0003, 0.0003, 0.0002, 0.0001, -0.0001, -0.0, 0.0001, 0.0, -0.0, -0.0001, 0.0, 0.0, -0.0, -0.0, -0.0, -0.0, 0.0, 0.0, 0.0, 0.0001, 0.0, -0.0002, -0.0, -0.0002, 0.0, 0.0, 0.0, 0.0, 0.0, 0.0, 0.0, 0.0, 0.0, 0.0, 0.0]",0.0
2026-07-09_05-50-18.mp4,1,120.0,15.0,0.0,motion,0.0,0.0,0.0,0.0,0.0,0.1414,2.797,0.536,0.2043,0.586,0.028,,"[-0.0, 0.0, 0.0, 0.0, 0.0, 0.0, -0.0, 0.0, 0.0, -0.0, -0.0, 0.0, 0.0, 0.0, 0.0, 0.0, 0.0, 0.0, -0.0, 0.0, 0.0, 0.0, 0.0, 0.0, 0.0, 0.0, 0.0, 0.0, 0.0, 0.0, 0.0, 0.0, 0.0, 0.0, 0.0, 0.0, 0.0, 0.0, 0.0, 0.0, 0.0, 0.0, 0.0, 0.0, -0.0, -0.0, -0.0, -0.0, -0.0, 0.0, 0.0001, 0.0001, 0.0001, 0.0001, 0.0001, 0.0001, 0.0001, 0.0001, 0.0001, 0.0001, 0.0, 0.0001, 0.0001, 0.0001, -0.0007, -0.0014, 0.0002, -0.0001, 0.0002, -0.0006, 0.0008, -0.0003, 0.0013, 0.0001, 0.0002, 0.0008, -0.0015, 0.0004, 0.0003, -0.0, 0.0003, 0.0002, -0.0, 0.0048, -0.0084, 0.0001, 0.0001, 0.0001, 0.0014, -0.0009, 0.0001, 0.0002, -0.0002, 0.0001, 0.0001, 0.0001, 0.0001, 0.0001, 0.0001, 0.0003, 0.0, -0.0, -0.0, -0.0, 0.0, 0.0003, -0.0, -0.0, -0.0, -0.0, 0.0, 0.0001, -0.0001, 0.0, 0.0, -0.0, 0.0, -0.0001, -0.0]",0.0
2026-07-19_14-44-37.mp4,1,105.0,15.0,0.0,motion,0.0,0.0,0.0,0.0,0.0,0.2625,2.797,0.438,0.1943,0.215,0.0203,,"[0.0007, -0.0016, -0.0004, -0.0006, -0.0005, -0.0005, -0.0003, -0.0006, -0.0003, -0.0003, -0.0002, -0.0002, 0.0, -0.0001, -0.0001, -0.0, 0.0001, -0.0, -0.0, -0.0, -0.0, -0.0, -0.0, -0.0, -0.0, -0.0, -0.0, -0.0, -0.0, -0.0, -0.0, -0.0, 0.0002, -0.0, -0.0, -0.0, -0.0, -0.0, -0.0, -0.0, -0.0, -0.0, -0.0, -0.0, 0.0001, 0.0001, 0.0001, 0.0001, 0.0001, 0.0001, 0.0001, 0.0001, 0.0001, 0.0001, 0.0001, 0.0001, 0.0001, 0.0001, 0.0001, -0.0025, 0.0004, 0.0001, 0.0001, 0.0001, 0.0001, 0.0001, 0.0001, 0.0001, 0.0001, 0.0001, 0.0001, 0.0001, 0.0001, 0.0001, 0.0001, -0.0, -0.0, -0.0, -0.0, -0.0, -0.0, -0.0, -0.0, -0.0, -0.0, -0.0, -0.0, -0.0, -0.0, -0.0, -0.0, -0.0, -0.0, -0.0, -0.0, -0.0, -0.0, -0.0, -0.0, -0.0, -0.0, -0.0, -0.0, -0.0]",0.0
2026-07-03_11-25-14.mp4,1,120.0,15.0,0.0,motion,0.0,0.0,0.0,0.0,0.0,0.2713,2.797,0.445,0.4533,2.621,0.0874,,"[-0.0, -0.0001, -0.0002, 0.0003, 0.0001, -0.0001, -0.0, -0.0, 0.0002, 0.0001, 0.0003, -0.0, -0.0, -0.0, -0.0, -0.0, -0.0, -0.0, -0.0, -0.0, -0.0005, -0.0, -0.0, -0.0, -0.0, -0.0, 0.0, 0.0, 0.0, 0.0, 0.0, 0.0, 0.0, 0.0004, 0.0, 0.0, -0.0, -0.0, -0.0, -0.0, -0.0, -0.0, -0.0, 0.0001, 0.0001, 0.0001, 0.0001, 0.0001, 0.0001, 0.0001, 0.0001, 0.0001, 0.0001, 0.0001, 0.0001, 0.0001, 0.0001, 0.0001, -0.0024, 0.0003, 0.0001, 0.0001, 0.0001, 0.0001, 0.0001, 0.0, 0.0001, -0.0001, 0.0001, 0.0003, 0.0002, 0.0001, 0.0, 0.0, -0.0, -0.0, -0.0, -0.0, 0.0002, -0.0001, 0.0002, -0.0, 0.0005, 0.0001, -0.0011, 0.0001, -0.0, -0.0, 0.0001, -0.0, -0.0, -0.0, -0.0, 0.0006, -0.0, -0.0, -0.0, -0.0, -0.0, -0.0, -0.0, -0.0, -0.0, -0.0, -0.0, -0.0, -0.0, 0.0002, -0.0, -0.0, -0.0, -0.0, -0.0, -0.0, -0.0, -0.0, -0.0, -0.0, -0.0]",0.0
2026-07-15_16-53-50.mp4,1,120.0,15.0,0.0,motion,0.0,0.0,0.0,0.0,0.0,0.2905,0.763,0.0,0.4997,0.077,0.0,,"[0.5345, -0.5706, -0.1827, 1.3108, 1.1063, 0.2075, 0.3297, 0.1946, -0.4607, -0.4029, -0.1372, -0.1963, -0.6459, -0.1347, -0.7922, -0.9855, -0.4289, -0.7889, -0.3961, -0.8806, -0.6746, -0.0358, -0.4915, -0.1394, -0.0112, 0.224, 0.2213, 0.0571, -0.1709, -0.2818, 0.4173, 0.2785, 0.2551, 0.2236, 0.2024, 0.1626, 0.1291, 0.115, 0.0856, 0.0664, 0.0399, 0.0183, 0.0008, -0.0084, -0.0276, -0.047, -0.0462, -0.0456, -0.0471, -0.0459, -0.0469, -0.0437, -0.0385, -0.0342, -0.001, 0.3637, 0.4554, 0.3223, -0.0544, 0.0067, -0.0468, -0.013, -0.0528, -0.0289, -0.0478, -0.0464, -0.0464, -0.0465, -0.046, -0.0458, -0.043, -0.0292, -0.0145, -0.0027, -0.0031, -0.0027, -0.0021, -0.0003, -0.0006, -0.0, -0.0009, -0.0, -0.0001, -0.0001, -0.0001, -0.0001, 0.0004, -0.0005, 0.0006, 0.0005, 0.0001, -0.0008, -0.0, -0.0011, -0.0068, -0.0468, -0.0469, -0.0347, -0.0104, -0.0201, -0.0085, -0.0048, -0.0044, -0.0008, 0.0065, 0.0114, 0.0173, 0.0223, 0.031, 0.2969, 1.235, 0.0434, -0.3375, -0.7, 0.3591, -0.2955, -0.0448, 0.0764, -0.0855]",0.0
2026-07-05_12-57-14.mp4,1,120.0,15.0,0.0,motion,0.0,0.0,0.0,0.0,0.0,0.1723,1.271,0.144,0.0727,0.037,0.0009,,"[-0.001, 0.0014, 0.001, 0.0009, 0.0008, 0.0007, 0.0007, 0.0006, 0.0005, 0.0005, 0.0004, 0.0003, 0.0003, 0.0002, 0.0001, 0.0001, -0.0, 0.0, 0.0, 0.0, 0.0, 0.0, -0.0, 0.0, 0.0, 0.0, 0.0, 0.0, 0.0, -0.0, -0.0, -0.0, -0.0, -0.0, -0.0, -0.0, -0.0, -0.0, -0.0, -0.0001, -0.0, -0.0, -0.0, -0.0, 0.0011, -0.0003, -0.0002, -0.0006, -0.0001, 0.0003, 0.0, -0.0001, -0.0001, -0.0001, 0.0, -0.0, 0.0002, -0.0001, -0.0, -0.0006, 0.0017, -0.0, -0.0, -0.0, -0.0, 0.0001, 0.0003, 0.0002, 0.0, 0.0004, 0.0005, 0.0001, 0.0005, 0.0004, 0.0005, 0.0004, 0.0005, 0.0005, 0.0005, 0.0002, -0.0024, -0.0055, 0.0022, -0.0003, -0.0046, -0.0016, 0.0002, 0.0008, 0.0005, 0.0001, 0.0, 0.0001, -0.0001, 0.0001, 0.0006, 0.0001, 0.0007, 0.0009, 0.0016, -0.0002, -0.0004, 0.009, -0.0038, -0.0016, -0.0009, -0.0016, 0.0001, -0.0006, -0.0004, -0.0004, 0.0003, -0.0006, -0.0031, -0.0105, 0.0197, 0.0012, -0.001, -0.0007, -0.0002]",0.0
2026-07-10_02-53-33.mp4,1,120.0,15.0,0.0,motion,0.0,0.0,0.0,0.0,0.0,0.436,1.78,0.222,0.3319,0.021,0.002,,"[0.0001, -0.0, -0.0001, -0.0001, -0.0, -0.0001, -0.0001, -0.0001, -0.0001, -0.0001, -0.0, -0.0, -0.0, -0.0, -0.0001, -0.0, -0.0, -0.0003, -0.0, 0.0008, 0.0003, -0.0, -0.0, -0.0, -0.0, -0.0, -0.0, -0.0, -0.0, -0.0, -0.0, -0.0, -0.0001, -0.0, -0.0, -0.0, 0.0, 0.0, 0.0, 0.0, 0.0, 0.0, 0.0, 0.0, 0.0, 0.0, 0.0, 0.0, -0.0, -0.0, -0.0, -0.0, -0.0, -0.0, -0.0, -0.0, -0.0, -0.0, -0.0, 0.0, -0.0, -0.0, -0.0, -0.0, -0.0, -0.0, -0.0, -0.0, 0.0, 0.0, 0.0, 0.0, 0.0, 0.0, 0.0, 0.0, 0.0, 0.0, 0.0, 0.0, 0.0, 0.0, 0.0, -0.0001, 0.0, 0.0, 0.0, 0.0, 0.0, 0.0, 0.0, -0.0002, -0.0, 0.0, 0.0, 0.0, -0.0001, 0.0001, -0.0, 0.0, 0.0, 0.0, 0.0, 0.0, 0.0, 0.0, 0.0, -0.0, -0.0, -0.0, -0.0, -0.0, -0.0, 0.0, -0.0, -0.0, -0.0, -0.0, -0.0]",0.0
2026-07-12_02-06-12.mp4,1,120.0,15.0,0.167,motion,0.0,0.0,0.0,0.0,0.0,0.4505,0.763,0.438,0.3263,0.512,0.0669,,"[0.0001, -0.0015, -0.0003, -0.0011, -0.001, -0.001, -0.0012, 0.0001, -0.001, 0.0, -0.0, -0.0001, -0.001, 0.0016, 0.0003, 0.0036, 0.0014, 0.0008, 0.0233, -0.0008, -0.0012, -0.0029, -0.0088, 0.0028, -0.0056, -0.0054, -0.0026, -0.0071, -0.0011, -0.0032, 0.0055, -0.0006, -0.0003, 0.0002, 0.0012, 0.0012, 0.0012, 0.0009, 0.0006, -0.0023, 0.0006, 0.0004, 0.0004, 0.0003, 0.0029, 0.0009, 0.0003, 0.0002, 0.0003, -0.0003, -0.0007, -0.0007, -0.0007, -0.0007, -0.0009, -0.001, -0.0022, -0.0043, -0.0038, -0.0014, -0.0019, -0.0011, 0.0046, 0.0017, 0.01, 0.0128, -0.0008, 0.0005, 0.0003, 0.0004, -0.0002, -0.0002, -0.0, -0.0016, 0.0015, 0.001, -0.0082, 0.0081, -0.0025, -0.0047, -0.0055, -0.0015, -0.0096, -0.0033, 0.0002, 0.0007, 0.0011, 0.0007, 0.0013, 0.0006, 0.0025, 0.0039, 0.0032, 0.0015, 0.001, 0.0012, 0.0007, 0.0004, -0.0003, -0.0013, -0.0006, -0.0006, -0.0005, -0.0002, -0.0008, 0.0002, -0.0006, -0.0002, -0.0002, 0.0001, -0.0002, -0.0004, 0.0002, -0.0006, 0.0005, 0.0014, -0.001, 0.001, -0.0001]",0.0
2026-07-23_09-13-03.mp4,1,120.0,15.0,0.192,motion,0.0,0.0,0.0,0.0,0.0,0.3614,2.797,0.421,0.346,0.371,0.0411,,"[-0.0003, -0.0, -0.0003, -0.0, 0.0004, 0.0016, 0.0028, 0.0003, -0.0001, -0.0004, 0.0005, 0.0002, -0.0003, 0.0002, -0.0002, -0.0002, -0.0004, -0.0002, -0.0002, -0.0002, -0.0012, -0.0004, -0.0003, 0.0004, -0.0003, 0.0001, 0.0003, 0.0001, 0.0, 0.0002, -0.0, 0.0002, -0.0, 0.0001, -0.0, 0.0, -0.0001, -0.0, -0.0001, 0.0008, 0.0001, -0.0003, -0.0, -0.0, -0.0, -0.0001, 0.0001, -0.0003, -0.0006, -0.0, 0.0001, 0.0004, 0.0001, 0.0002, -0.0001, 0.0, 0.0001, 0.0003, -0.0, -0.0003, 0.0, 0.0, -0.0005, -0.0, -0.0, -0.0, -0.0, -0.0, 0.0002, 0.0, -0.0005, -0.0, 0.0, 0.0006, -0.0002, 0.0, 0.0001, -0.0, -0.0, -0.0, 0.0001, -0.0, -0.0, -0.0, -0.0, -0.0, -0.0, -0.0, -0.0, -0.0001, -0.0, -0.0, 0.0007, -0.0, -0.0003, -0.0, -0.0, -0.0, -0.0, -0.0, 0.0, -0.0, -0.0, -0.0, -0.0, -0.0, -0.0, -0.0, 0.0, 0.0, 0.0, 0.0, 0.0, 0.0, 0.0, 0.0, 0.0, -0.0004, 0.0]",0.0
2026-07-05_18-19-36.mp4,1,120.0,15.0,0.525,lips,0.6361,0.763,1.125,0.582,0.0226,0.3049,1.271,0.635,0.0841,0.0,0.0,"[0.169, -1.0, -1.0, 0.02, 0.024, -1.0, 0.024, 0.029, -1.0, 0.025, -1.0, 0.028, -1.0, 0.023, 0.02, -1.0, 0.007, 0.019, -1.0, 0.009, 0.021, 0.027, 0.025, -1.0, 0.013, 0.019, -1.0, 0.008, 0.029, 0.019, 0.036, 0.041, 0.036, 0.061, 0.052, -1.0, 0.04, 0.051, 0.058, -1.0, 0.031, -1.0, 0.018, -1.0, 0.012, -1.0, 0.003, -1.0, 0.01, -1.0, 0.019, 0.037, 0.048, 0.045, 0.047, 0.04, 0.047, 0.046, -1.0, 0.001, -1.0, -1.0, -1.0, -1.0, -1.0, 0.006, 0.044, 0.029, -1.0, -1.0, -1.0, 0.017, 0.014, 0.023, -1.0, -1.0, 0.014, 0.027, 0.044, -1.0, -1.0, -1.0, 0.016, -1.0, -1.0, -1.0, -1.0, -1.0, -1.0, 0.007, -1.0, 0.014, -1.0, -1.0, -1.0, 0.033, -1.0, -1.0, -1.0, 0.015, -1.0, 0.018, -1.0, 0.021, -1.0, 0.033, 0.038, 0.026, 0.027, 0.033, -1.0, -1.0, -1.0, -1.0, -1.0, -1.0, -1.0, -1.0, -1.0, -1.0]","[-0.0, -0.0, -0.0, -0.0, 0.0, -0.0, 0.0, -0.0, 0.0, 0.0, -0.0, -0.0, 0.0, -0.0, -0.0, -0.0, -0.0, -0.0, -0.0, -0.0, -0.0, -0.0, -0.0, -0.0, 0.0, -0.0, 0.0, 0.0, -0.0, -0.0, -0.0, -0.0, 0.0, -0.0, -0.0, -0.0, -0.0, -0.0, -0.0, -0.0, 0.0, -0.0, -0.0, -0.0, -0.0, 0.0, -0.0, -0.0, 0.0, 0.0, 0.0, 0.0, 0.0, 0.0, 0.0, 0.0, 0.0, -0.0, -0.0, -0.0, 0.0, 0.0, 0.0, -0.0, 0.0, -0.0, -0.0, -0.0, -0.0, 0.0, -0.0, -0.0, -0.0, 0.0, 0.0, -0.0, 0.0, 0.0, 0.0, -0.0, -0.0, -0.0, 0.0, 0.0, 0.0, -0.0, -0.0, 0.0, 0.0, -0.0, -0.0, 0.0, -0.0, -0.0, -0.0, -0.0, -0.0, -0.0, 0.0, 0.0, -0.0, -0.0, 0.0, 0.0, -0.0, -0.0, -0.0, -0.0, 0.0, -0.0, -0.0, -0.0, 0.0, -0.0, -0.0, -0.0, -0.0, 0.0, 0.0]",0.0
2026-07-10_13-32-20.mp4,1,120.0,15.0,0.033,motion,0.0,0.0,0.0,0.0,0.0,0.3702,1.017,0.692,0.3668,0.064,0.0154,,"[-0.0001, 0.0002, 0.0002, -0.0002, -0.0, 0.0, 0.0001, 0.0001, 0.0, 0.0, -0.0, 0.0, 0.0, 0.0001, 0.0, -0.0002, 0.0, 0.0001, 0.0, -0.0001, 0.0, 0.0, 0.0, 0.0001, 0.0001, 0.0001, 0.0, -0.0001, 0.0, -0.0001, 0.0, -0.0, -0.0, -0.0001, -0.0, -0.0, -0.0, -0.0, -0.0001, 0.0001, 0.0, 0.0001, 0.0, 0.0, 0.0, -0.0, -0.0, -0.0, -0.0, -0.0, -0.0, 0.0002, -0.0, -0.0, -0.0001, -0.0, -0.0, -0.0, -0.0, -0.0, 0.0001, 0.0, -0.0001, -0.0, -0.0, -0.0, 0.0001, -0.0, -0.0, -0.0, -0.0001, 0.0, 0.0001, 0.0, -0.0, -0.0, -0.0, 0.0001, -0.0, 0.0, 0.0001, -0.0, -0.0, -0.0, -0.0, -0.0002, 0.0001, -0.0001, -0.0, -0.0, -0.0, -0.0, -0.0, -0.0, -0.0, -0.0, -0.0, -0.0001, 0.0, -0.0, -0.0, 0.0001, 0.0001, 0.0, -0.0, -0.0, 0.0, 0.0, 0.0, 0.0001, 0.0001, 0.0, -0.0, 0.0, -0.0, -0.0, -0.0001, -0.0003, 0.0]",0.0
2026-07-08_09-02-03.mp4,1,120.0,15.0,0.058,motion,0.0,0.0,0.0,0.0,0.0,0.3465,1.525,0.522,0.3284,1.809,0.1164,,"[0.0005, -0.0017, -0.0004, -0.0004, -0.0003, -0.0003, -0.0003, -0.0002, -0.0002, -0.0002, -0.0002, -0.0002, -0.0002, -0.0001, -0.0, 0.0001, 0.0, -0.0001, -0.0, -0.0, 0.0, 0.0, 0.0, 0.0007, 0.0, 0.0, -0.0, -0.0, -0.0001, -0.0001, -0.0002, 0.0, -0.0, -0.0, -0.0001, -0.0, -0.0001, 0.0004, -0.0, 0.0001, 0.0001, 0.0003, 0.0001, 0.0002, -0.0, -0.0, 0.0, 0.0001, 0.0001, 0.0, 0.0002, -0.0002, -0.0006, -0.0026, -0.0005, -0.0002, 0.0004, 0.0001, 0.0021, -0.0, 0.0002, -0.0001, -0.0001, 0.0, -0.0, -0.0, -0.0002, -0.0, -0.0002, -0.0001, -0.0001, -0.0004, -0.0, -0.0009, 0.0, 0.0003, 0.0027, -0.0001, 0.0, -0.0001, -0.0002, -0.0001, -0.0001, 0.0005, 0.0002, 0.0, 0.0018, -0.0018, 0.0007, -0.0002, 0.0, -0.0001, -0.0002, -0.001, -0.0005, 0.0014, -0.0005, -0.0006, 0.0, 0.0001, -0.0, 0.0, 0.0002, 0.0001, 0.0005, -0.0007, 0.0002, 0.0001, -0.0007, 0.0001, -0.0001, -0.0002, -0.0, -0.0003, -0.0022, -0.0005, -0.0003, -0.0002, 0.0005]",0.0
2026-07-10_14-19-31.mp4,1,120.0,15.0,0.008,motion,0.0,0.0,0.0,0.0,0.0,0.2764,2.542,0.677,0.2067,3.853,0.1485,,"[-0.0, -0.0, -0.0, 0.0, 0.0001, -0.0001, 0.0001, 0.0, 0.0, -0.0, -0.0001, 0.0002, -0.0001, -0.0, 0.0001, -0.0001, 0.0001, 0.0001, -0.0, 0.0, -0.0, -0.0, 0.0, -0.0, -0.0, 0.0, 0.0, -0.0, -0.0001, 0.0001, -0.0, -0.0, -0.0, 0.0, -0.0, 0.0001, -0.0001, -0.0001, -0.0, -0.0001, 0.0001, -0.0001, -0.0, 0.0001, -0.0, -0.0, -0.0, -0.0, -0.0, 0.0002, -0.0, -0.0001, 0.0, -0.0, 0.0001, -0.0, -0.0, 0.0001, -0.0001, 0.0001, -0.0, -0.0, -0.0, 0.0, -0.0, 0.0, -0.0, -0.0, 0.0, 0.0001, -0.0001, -0.0001, -0.0, 0.0, 0.0, 0.0, 0.0001, -0.0001, 0.0, 0.0, 0.0, 0.0001, -0.0, 0.0, 0.0001, -0.0001, 0.0, -0.0, -0.0001, -0.0001, -0.0001, 0.0, 0.0002, 0.0001, -0.0, -0.0001, 0.0001, -0.0, -0.0, 0.0001, -0.0001, -0.0001, 0.0, -0.0, -0.0001, 0.0001, 0.0, -0.0, 0.0001, -0.0, -0.0, -0.0, 0.0001, -0.0, -0.0001, -0.0001, -0.0001, -0.0, 0.0]",0.0
2026-07-10_17-23-45.mp4,1,120.0,15.0,0.0,motion,0.0,0.0,0.0,0.0,0.0,0.188,2.797,0.516,0.3276,1.216,0.0532,,"[-0.0, -0.0008, 0.0016, 0.0001, -0.0002, 0.0001, 0.0004, -0.0016, 0.0011, 0.0001, 0.0001, 0.0001, 0.0001, 0.0001, 0.0001, 0.0001, 0.0001, 0.0, -0.002, 0.0004, 0.0001, 0.0001, 0.0001, 0.0001, 0.0001, 0.0001, 0.0001, 0.0001, 0.0001, 0.0001, 0.0001, 0.0001, 0.0001, -0.0011, 0.0, 0.0003, 0.0, 0.0, 0.0, 0.0001, 0.0, 0.0, 0.0, 0.0, 0.0, -0.0, 0.0, 0.0, 0.0, -0.0, -0.0, -0.0, -0.0, -0.0, 0.0, 0.0, 0.0, 0.0, 0.0, -0.0, 0.0012, -0.0013, 0.0, 0.0, 0.0, 0.0, 0.0, 0.0, 0.0, -0.0001, 0.0, 0.0, 0.0, 0.0, 0.0, 0.0, 0.0, 0.0, 0.0, 0.0, 0.0, 0.0, 0.0, 0.0, 0.0, 0.0, 0.0, 0.0, 0.0, 0.0, -0.0001, 0.0, 0.0, 0.0, 0.0, 0.0, 0.0, 0.0, 0.0, 0.0, 0.0, 0.0, 0.0, 0.0, 0.0, 0.0, 0.0, 0.0, 0.0, 0.0, 0.0, 0.0, 0.0, -0.0001, 0.0, 0.0, 0.0, 0.0, 0.0]",0.0
2026-07-20_21-39-16.mp4,1,120.0,15.0,0.0,motion,0.0,0.0,0.0,0.0,0.0,0.1996,2.797,0.0,0.1763,1.341,0.0,,"[-0.0002, 0.0, 0.0003, 0.0002, 0.0002, 0.0002, 0.0002, 0.0001, 0.0001, 0.0001, 0.0001, 0.0001, 0.0001, 0.0001, 0.0, 0.0, 0.0, -0.0, -0.0, -0.0, -0.0, -0.0, -0.0, -0.0, -0.0, -0.0, -0.0, -0.0, -0.0, -0.0, -0.0, -0.0, -0.0, -0.0, -0.0, -0.0, -0.0, -0.0, -0.0, -0.0, -0.0, -0.0, -0.0, -0.0, -0.0, -0.0, -0.0, -0.0, -0.0, -0.0, -0.0, -0.0, -0.0, -0.0, -0.0, -0.0, -0.0, -0.0, -0.0, 0.0003, -0.0, -0.0, -0.0, -0.0, -0.0, -0.0, -0.0, -0.0, -0.0, -0.0, -0.0, -0.0, -0.0, -0.0, -0.0, -0.0, -0.0, -0.0, -0.0, -0.0, -0.0001, -0.0, -0.0, -0.0001, 0.0004, -0.0001, -0.0001, -0.0001, 0.0, -0.0001, 0.0001, -0.0, -0.0, -0.0, -0.0, 0.001, -0.0002, -0.0, -0.0, -0.0, 0.0004, -0.0, -0.0, -0.0, 0.0004, -0.0005, -0.0007, -0.0, -0.0, -0.0, -0.0, 0.0, 0.0, 0.0, 0.0, 0.0, 0.0, 0.0, 0.0]",0.0
2026-07-01_00-54-17.mp4,1,120.0,15.0,0.0,motion,0.0,0.0,0.0,0.0,0.0,0.404,1.525,0.476,0.4387,4.346,0.1564,,"[0.0003, -0.0023, -0.0018, 0.0014, 0.0006, 0.0002, -0.0004, -0.0002, -0.0, -0.0001, -0.0001, -0.0001, -0.0, -0.0, -0.0001, -0.0, 0.0, -0.0001, -0.0001, -0.0002, -0.0, -0.0, -0.0, -0.0, 0.0008, 0.0002, -0.0, -0.0, 0.0, 0.0001, -0.0002, 0.0, -0.0, -0.0, -0.0, -0.0, -0.0, -0.0, -0.0, -0.0, -0.0, 0.0, 0.0, 0.0, 0.0, 0.0, 0.0, 0.0, 0.0, 0.0, 0.0, 0.0, 0.0, 0.0, 0.0, 0.0, -0.0, -0.0, -0.0, 0.0, -0.0, -0.0, -0.0, -0.0, -0.0, -0.0, -0.0, -0.0, -0.0, -0.0, -0.0, -0.0, -0.0, -0.0, -0.0, -0.0, -0.0, -0.0, 0.0, 0.0, 0.0, 0.0, 0.0, 0.0, 0.0, 0.0, -0.0, 0.0, 0.0, 0.0, 0.0, 0.0, 0.0, 0.0, 0.0, 0.0, 0.0, 0.0, 0.0, 0.0, 0.0, 0.0, -0.0, 0.0, 0.0, -0.0, 0.0, 0.0, 0.0, 0.0, -0.0, 0.0, 0.0, 0.0, 0.0, 0.0, 0.0, 0.0, 0.0]",0.0
2026-07-15_04-22-58.mp4,1,63.0,15.0,0.0,motion,0.0,0.0,0.0,0.0,0.0,0.2385,0.763,0.556,0.2705,0.025,0.0032,,"[0.0, -0.0, 0.0001, -0.0, 0.0, -0.0, -0.0002, 0.0, -0.0, -0.0, -0.0, -0.0, 0.0, 0.0, 0.0, 0.0, 0.0, 0.0, 0.0, 0.0, 0.0, 0.0, -0.0, 0.0, 0.0, -0.0, -0.0, -0.0, -0.0, -0.0, -0.0, -0.0, -0.0, -0.0, -0.0, -0.0, 0.0, 0.0, 0.0, 0.0, 0.0, 0.0, 0.0, 0.0, 0.0, 0.0, 0.0, 0.0, 0.0, 0.0, 0.0, 0.0, 0.0, 0.0, 0.0, 0.0, 0.0, 0.0, 0.0, -0.0, 0.0, 0.0]",0.0
2026-07-02_09-00-24.mp4,1,120.0,15.0,0.0,motion,0.0,0.0,0.0,0.0,0.0,0.3407,2.797,0.735,0.3509,0.018,0.0043,,"[-0.0, 0.0009, -0.0004, 0.0, 0.0, -0.0, -0.0001, -0.0, 0.0001, 0.0001, 0.0, 0.0, 0.0, 0.0, 0.0, 0.0, 0.0, -0.0003, 0.0, 0.0, 0.0, 0.0, 0.0, -0.0018, -0.0004, 0.0015, 0.0, 0.0, 0.0, 0.0, 0.0, 0.0, 0.0, 0.0, 0.0, 0.0003, 0.0, 0.0003, 0.0001, -0.0006, -0.0002, -0.0001, -0.0, 0.0002, -0.0, -0.0, -0.0, -0.0001, -0.0, 0.0004, -0.0023, -0.0, -0.0, -0.0, 0.0017, -0.0, -0.0, 0.0006, -0.0, 0.0005, -0.0, -0.0, -0.0, -0.0, -0.0, -0.0, -0.0001, -0.0001, -0.0001, -0.0001, -0.0, -0.0, -0.0, -0.0, -0.0, -0.0, -0.0, -0.0, -0.0, -0.0, -0.0, -0.0, -0.0, -0.0, -0.0, -0.0, 0.0001, 0.0001, 0.0001, 0.0001, 0.0001, 0.0001, 0.0001, 0.0001, 0.0001, 0.0001, 0.0001, 0.0001, 0.0001, 0.0001, 0.0001, -0.0028, 0.0001, 0.0001, 0.0001, 0.0001, 0.0001, 0.0001, 0.0001, 0.0001, 0.0001, 0.0001, 0.0001, 0.0001, 0.0001, 0.0001, 0.0001, 0.0, 0.0]",0.0
2026-07-17_02-44-29.mp4,1,120.0,15.0,0.008,motion,0.0,0.0,0.0,0.0,0.0,0.2977,0.763,0.0,0.4783,0.152,0.0,,"[0.0003, -0.001, 0.0004, -0.0004, -0.0001, -0.0002, -0.0001, -0.0001, -0.0001, -0.0001, -0.0001, -0.0001, -0.0, -0.0, -0.0003, 0.0, 0.0, -0.0, 0.0, 0.0, 0.0, 0.0, 0.0, 0.0, 0.0, 0.0, 0.0, 0.0, 0.0, 0.0, -0.0, -0.0, -0.0, -0.0, -0.0, -0.0, 0.0002, -0.0, -0.0, -0.0, -0.0, -0.0, -0.0, -0.0, -0.0, -0.0, -0.0, 0.0, 0.0, 0.0, 0.0, 0.0, 0.0, 0.0, 0.0, 0.0, 0.0, 0.0, -0.0, 0.0004, -0.0002, 0.0001, -0.0005, 0.0001, 0.0001, 0.0002, -0.0001, 0.0002, 0.0003, 0.0001, 0.0002, 0.0001, 0.0002, 0.0006, 0.0001, 0.0003, -0.0017, 0.0008, -0.0023, -0.0001, -0.0011, 0.0001, -0.0002, -0.0, -0.0001, -0.0, 0.0001, 0.0001, 0.0001, 0.0004, -0.0, 0.0002, 0.0001, 0.0024, -0.0001, -0.0001, -0.0003, -0.0003, -0.0002, -0.0002, -0.0003, -0.0003, -0.0003, -0.0002, -0.0003, -0.001, 0.0009, -0.0001, 0.0027, -0.0003, 0.0001, 0.0007, 0.0001, -0.0002, -0.0002, -0.0003, 0.0002, -0.0002, -0.0002]",0.0
2026-07-20_22-57-57.mp4,1,35.0,15.0,0.0,motion,0.0,0.0,0.0,0.0,0.0,0.4552,1.324,0.609,0.3894,0.343,0.0707,,"[0.0, -0.0, 0.0, -0.0, -0.0, -0.0, -0.0, -0.0, -0.0, -0.0, -0.0, -0.0, 0.0, 0.0, 0.0, 0.0, 0.0, 0.0, 0.0, 0.0, -0.0, -0.0001, 0.0, -0.0, 0.0, 0.0, -0.0, 0.0, 0.0, 0.0, -0.0, 0.0, 0.0, 0.0]",0.0
2026-07-23_15-23-41.mp4,1,120.0,15.0,0.0,motion,0.0,0.0,0.0,0.0,0.0,0.2582,0.763,0.373,0.3315,0.347,0.0248,,"[0.0001, -0.0002, -0.0002, 0.0009, 0.0, -0.0002, -0.0003, -0.0001, -0.0001, -0.0001, -0.0001, 0.0002, -0.0, -0.0001, -0.0001, -0.0001, 0.0001, -0.0001, -0.0001, -0.0, -0.0, -0.0, -0.0, -0.0, -0.0001, -0.0, -0.0, -0.0, -0.0, -0.0, -0.0, -0.0, 0.0, -0.0, 0.0002, 0.0, 0.0, 0.0, 0.0, 0.0, -0.0001, -0.0, -0.0, -0.0, 0.0, 0.0, 0.0, 0.0, 0.0, 0.0, 0.0, 0.0, 0.0, 0.0, 0.0, 0.0, 0.0, 0.0, 0.0, -0.0012, 0.0, 0.0, -0.0001, 0.0, 0.0, 0.0, 0.0, 0.0, 0.0, 0.0001, 0.0001, 0.0001, 0.0001, 0.0001, 0.0001, 0.0, 0.0, 0.0, 0.0, 0.0, 0.0, 0.0, 0.0, 0.0, -0.0003, 0.0, 0.0, -0.0002, 0.0, -0.0, -0.0, -0.0, -0.0, -0.0, -0.0001, -0.0, -0.0, -0.0, -0.0, -0.0, -0.0, -0.0, -0.0001, -0.0002, 0.0005, -0.0003, -0.0005, 0.0001, -0.0005, -0.0002, -0.0006, -0.0007, -0.0007, -0.0008, -0.0009, -0.0009, -0.0008, 0.0002, 0.0009]",0.0
2026-07-19_23-56-18.mp4,1,120.0,15.0,0.0,motion,0.0,0.0,0.0,0.0,0.0,0.3383,1.525,0.496,0.3414,0.237,0.0322,,"[0.0, 0.0, 0.0, 0.0, 0.0, 0.0001, 0.0001, 0.0, -0.0, -0.0, -0.0006, -0.0, 0.0002, 0.0, 0.0, 0.0, 0.0, -0.001, 0.0002, -0.0001, -0.0006, 0.0001, 0.0016, 0.0007, -0.0001, -0.0, 0.0, -0.0001, -0.0005, -0.0004, 0.0005, 0.0001, 0.0002, -0.0002, -0.0002, 0.0008, -0.0005, -0.0001, -0.0007, -0.0, 0.0002, 0.0003, 0.0002, -0.0002, 0.0001, 0.0001, -0.0005, 0.0001, 0.0, 0.0002, 0.0, -0.0001, 0.0001, -0.0, -0.0, -0.0, 0.0001, 0.0, -0.0001, -0.0, -0.0001, -0.0001, 0.0001, -0.0002, -0.0, 0.0003, 0.0, -0.0, 0.0001, -0.0, -0.0, -0.0003, 0.0, -0.0, 0.0001, 0.0001, -0.0001, 0.0, -0.0001, -0.0, 0.0003, -0.0, -0.0, 0.0001, -0.0002, 0.0, -0.0, 0.0001, -0.0001, -0.0, -0.0, 0.0003, -0.0001, 0.0, -0.0002, 0.0, 0.0, -0.0, -0.0, 0.0, -0.0, -0.0, 0.0, -0.0001, 0.0, 0.0, 0.0, 0.0002, 0.0, 0.0, 0.0001, 0.0, 0.0, -0.0002, -0.0, 0.0003, -0.0001, -0.0002, 0.0]",0.0
2026-07-19_00-03-14.mp4,1,120.0,15.0,0.0,motion,0.0,0.0,0.0,0.0,0.0,0.3702,0.763,0.554,0.2184,0.002,0.0004,,"[-0.0001, -0.0004, -0.0002, 0.0002, -0.0017, -0.0003, -0.0003, 0.0014, 0.0002, -0.0002, 0.0026, 0.0004, 0.0002, -0.0001, 0.001, -0.0001, -0.0, -0.0, -0.0, -0.0, -0.0004, -0.0001, -0.0014, -0.0009, -0.0001, -0.0001, 0.0003, -0.0, 0.0001, 0.0001, -0.0029, 0.0005, 0.0002, 0.0002, 0.0002, 0.0009, 0.0003, 0.0003, 0.0003, 0.0034, 0.0002, 0.0002, 0.0002, -0.0029, 0.0002, -0.0028, 0.0002, 0.0002, 0.0002, 0.0002, 0.0002, -0.0021, 0.0002, 0.0002, 0.0003, 0.0004, 0.0004, 0.0004, -0.0008, 0.002, -0.0001, -0.0005, -0.0011, 0.0005, 0.0001, -0.0007, 0.0012, -0.0, -0.0006, -0.0022, -0.0004, 0.0007, -0.0002, -0.0002, -0.0014, -0.0002, -0.0002, -0.0002, 0.0022, 0.0009, -0.0002, 0.0009, -0.0002, 0.002, 0.0018, 0.0001, -0.0003, 0.0007, -0.0003, -0.0006, -0.0003, -0.0008, -0.0003, 0.0007, -0.0001, -0.0, 0.0, 0.0, 0.0001, 0.0001, 0.0002, 0.0002, 0.0002, 0.0001, -0.0004, -0.0007, -0.0019, -0.001, -0.0003, -0.0015, -0.0023, -0.001, -0.0007, -0.0022, 0.0001, -0.0006, -0.0004, -0.0011, 0.0015]",0.0
2026-07-23_15-43-41.mp4,1,120.0,15.0,0.0,motion,0.0,0.0,0.0,0.0,0.0,0.2378,1.78,0.0,0.4202,5.876,0.0,,"[-0.0002, 0.0002, 0.0002, 0.0001, 0.0001, 0.0001, 0.0001, 0.0004, 0.0004, 0.0001, 0.0001, 0.0, 0.0, 0.0, 0.0, -0.0, -0.0, -0.0, -0.0, -0.0, -0.0, -0.0, -0.0, -0.0, 0.0, 0.0, 0.0, 0.0, 0.0, 0.0, 0.0, 0.0, 0.0, -0.0, -0.0, -0.0, -0.0, -0.0, -0.0, -0.0, -0.0, -0.0, -0.0, -0.0, -0.0, -0.0, -0.0, 0.0, 0.0001, 0.0002, 0.0001, 0.0, -0.0002, 0.0, 0.0, 0.0, 0.0, 0.0007, 0.0, -0.0007, 0.0, 0.0001, -0.0008, 0.0, 0.0, 0.0, 0.0001, 0.0, 0.0, 0.0, 0.0001, -0.0001, 0.0, 0.0, 0.0, 0.0, 0.0, 0.0, -0.0, -0.0, -0.0, -0.0, -0.0, -0.0, -0.0, -0.0, 0.0, 0.0, 0.0, 0.0, -0.0, -0.0, -0.0, -0.0, -0.0, -0.0, -0.0, -0.0, -0.0, -0.0, -0.0, -0.0, -0.0, -0.0, -0.0, -0.0, -0.0, -0.0, -0.0, -0.0, -0.0, -0.0, -0.0, -0.0, -0.0, -0.0, 0.0, -0.0, -0.0]",0.0
2026-07-08_20-32-32.mp4,1,120.0,15.0,0.017,motion,0.0,0.0,0.0,0.0,0.0,0.438,1.525,0.142,0.215,0.384,0.0172,,"[0.0011, -0.0, -0.0004, -0.0016, -0.0006, -0.0021, -0.0026, -0.0014, -0.0057, 0.001, -0.0018, -0.0001, 0.0007, -0.0002, 0.0003, 0.0005, 0.0002, 0.0001, 0.0024, 0.0004, 0.0018, 0.0016, 0.0006, 0.0005, 0.0002, -0.0015, -0.0003, -0.0003, -0.0003, -0.0003, -0.0007, -0.0003, -0.0003, -0.0003, -0.0002, 0.0011, 0.0002, -0.0001, 0.0, 0.0001, 0.0004, -0.0007, -0.0024, -0.0025, -0.0018, -0.0021, -0.0015, -0.0017, -0.0025, -0.0019, -0.0019, -0.0013, -0.0043, -0.0039, -0.0023, -0.0026, 0.019, 0.0413, 0.0064, -0.0187, -0.0014, -0.0207, 0.0133, -0.0006, -0.0055, -0.0034, 0.0233, -0.0032, -0.0032, -0.0051, -0.0032, -0.0032, -0.0025, -0.001, 0.0151, -0.0001, -0.0004, 0.0002, 0.0007, 0.0012, -0.0004, -0.0005, 0.0035, 0.002, 0.002, 0.0019, 0.0019, 0.0019, -0.0024, -0.0046, -0.0066, -0.003, -0.0337, 0.0021, -0.0118, 0.0018, 0.0018, 0.0015, 0.0016, 0.0016, 0.0016, 0.0016, 0.0016, 0.0016, 0.0014, 0.0011, 0.0124, 0.001, -0.0004, 0.0069, -0.0008, -0.0008, 0.0057, -0.0008, -0.0008, -0.0005, -0.0005, -0.0008, -0.0008]",0.0
2026-07-10_21-30-55.mp4,1,120.0,15.0,0.0,motion,0.0,0.0,0.0,0.0,0.0,0.2657,0.763,0.195,0.4508,18.0,0.0491,,"[0.0001, 0.0002, -0.0032, 0.0001, 0.0001, 0.0001, 0.0001, 0.0001, 0.0001, 0.0001, 0.0001, 0.0007, 0.0001, 0.0001, 0.0001, 0.0001, 0.0001, 0.0001, -0.0, -0.0, -0.0, -0.0, -0.0, -0.0, -0.0, -0.0, -0.0, -0.0, -0.0, -0.0, -0.0, 0.0, 0.0, -0.0, 0.0, 0.0, 0.0, 0.0, 0.0, 0.0, 0.0, 0.0, 0.0, 0.0, 0.0, 0.0, -0.0004, 0.0002, 0.0004, -0.0003, 0.0, 0.0, 0.0001, 0.0, 0.0001, 0.0, 0.0, 0.0, 0.0, -0.001, 0.0, 0.0, 0.0, 0.0, 0.0, 0.0, 0.0, 0.0, 0.0, 0.0, 0.0, 0.0, 0.0, 0.0, 0.0, -0.0, -0.0, -0.0, -0.0, -0.0, -0.0, -0.0, -0.0, -0.0, -0.0, -0.0, -0.0, -0.0, -0.0, -0.0, -0.0, -0.0, -0.0, -0.0, -0.0, -0.0, -0.0, -0.0, -0.0, -0.0, -0.0, -0.0, -0.0, -0.0, -0.0, -0.0, -0.0, -0.0, -0.0, -0.0, -0.0, -0.0, -0.0, -0.0, -0.0, -0.0, -0.0, -0.0, -0.0]",0.0
2026-07-18_08-27-18.mp4,1,120.0,15.0,0.008,motion,0.0,0.0,0.0,0.0,0.0,0.2793,1.525,0.645,0.3917,1.719,0.114,,"[-0.0, -0.0, -0.0, -0.0, -0.0, -0.0, -0.0001, -0.0, 0.0001, -0.0001, 0.0, 0.0006, -0.0, -0.0, 0.0, -0.0, -0.0, -0.0, -0.0002, -0.0, -0.0, -0.0, -0.0001, -0.0, -0.0, -0.0, -0.0, 0.0, -0.0001, 0.0, 0.0, 0.0, 0.0002, 0.0, -0.0, -0.0, -0.0, -0.0, -0.0, 0.0, 0.0, 0.0, -0.0, -0.0, -0.0001, -0.0, -0.0005, 0.0005, 0.0001, 0.0001, 0.0, -0.0001, -0.0, -0.0, -0.0, -0.0, -0.0, -0.0, 0.0, 0.0, 0.0001, 0.0, 0.0001, -0.0, -0.0, -0.0, -0.0, -0.0, -0.0, -0.0, -0.0, -0.0, 0.0001, 0.0, -0.0001, -0.0, -0.0, -0.0, 0.0, 0.0, -0.0, -0.0, 0.0, 0.0, -0.0, 0.0, 0.0, 0.0, 0.0, 0.0, 0.0, 0.0, 0.0001, -0.0, 0.0, 0.0, -0.0, 0.0, -0.0, -0.0, -0.0, -0.0, -0.0, -0.0, -0.0, -0.0, -0.0, -0.0, 0.0, -0.0, 0.0, -0.0, -0.0, -0.0, -0.0, -0.0, -0.0, -0.0, -0.0]",0.0
2026-07-25_02-53-27.mp4,1,120.0,15.0,0.0,motion,0.0,0.0,0.0,0.0,0.0,0.251,1.017,0.455,0.3313,3.892,0.0908,,"[-0.0001, 0.0, 0.0001, 0.0, 0.0, 0.0001, 0.0001, -0.0, 0.0, 0.0001, 0.0001, 0.0001, 0.0001, -0.0, 0.0001, 0.0, 0.0, 0.0, 0.0, 0.0, 0.0001, -0.0009, 0.0001, 0.0004, 0.0001, -0.0006, 0.0001, 0.0, -0.0001, 0.0, 0.0001, -0.0, 0.0001, -0.0, -0.0001, -0.0, -0.0, -0.0, -0.0, -0.0, -0.0, 0.0, -0.0002, 0.0002, 0.0, -0.0001, 0.0007, -0.0002, -0.0001, 0.0002, -0.0001, 0.0001, -0.0002, 0.0, 0.0003, 0.0001, -0.0, 0.0004, -0.0001, -0.0, -0.0001, -0.0, -0.0001, -0.0002, -0.0005, -0.0, 0.0004, -0.0001, -0.0, 0.0, 0.0, 0.0001, 0.0, -0.0, -0.0001, -0.0001, 0.0, 0.0, -0.0001, -0.0, -0.0001, -0.0001, -0.0, -0.0, -0.0004, -0.0001, 0.0007, 0.0003, -0.0002, 0.0009, 0.0002, -0.0003, -0.0001, -0.0001, -0.0, -0.0, 0.0002, -0.0002, -0.0, 0.0001, -0.0001, -0.0001, -0.0001, -0.0, -0.0, 0.0, -0.0, -0.0001, -0.0, -0.0, -0.0003, -0.0001, -0.0001, -0.0, 0.0001, -0.0, -0.0002, -0.0, 0.0001]",0.0
2026-07-14_15-01-13.mp4,1,120.0,15.0,0.0,motion,0.0,0.0,0.0,0.0,0.0,0.3613,1.017,0.497,0.1877,2.261,0.1245,,"[-0.0, 0.0, 0.0, -0.0, -0.0, -0.0, 0.0, -0.0002, -0.0, -0.0, 0.0, 0.0001, -0.0, 0.0, -0.0, 0.0001, -0.0, -0.0, -0.0, 0.0001, 0.0001, -0.0, -0.0, -0.0, -0.0, -0.0, -0.0001, 0.0002, -0.0001, -0.0, -0.0001, 0.0, -0.0001, -0.0, 0.0002, 0.0002, -0.0004, 0.0002, -0.0001, 0.0003, 0.0002, 0.0002, 0.0002, 0.0, -0.0006, 0.0002, -0.0002, 0.0005, -0.0006, -0.0004, 0.0002, -0.0009, 0.0, -0.0001, 0.0, 0.0, -0.0, 0.0001, 0.0001, 0.0001, -0.0002, -0.0002, 0.0009, 0.0004, -0.0001, 0.0002, 0.0002, 0.0, -0.0, 0.0, 0.0001, -0.0002, 0.0, 0.0, 0.0013, 0.0008, -0.0003, -0.0015, 0.0001, 0.0001, -0.0004, -0.0013, 0.0003, 0.0001, -0.0, -0.0009, 0.0, 0.0016, -0.0001, -0.0002, -0.0011, -0.0007, -0.0005, -0.0002, -0.0, -0.0, -0.0002, -0.0001, -0.0001, 0.0019, 0.0013, 0.0002, -0.0001, 0.0021, 0.0, -0.0014, -0.0004, -0.0002, -0.0008, 0.0002, 0.0003, -0.0002, 0.0001, 0.0005, 0.0, -0.0001, -0.0001, 0.0006, -0.0001]",0.0
2026-07-04_00-54-41.mp4,1,120.0,15.0,0.033,motion,0.0,0.0,0.0,0.0,0.0,0.5855,1.525,0.3,0.7794,0.372,0.0476,,"[-0.0004, 0.0011, -0.0053, 0.0088, -0.0029, -0.0004, 0.0016, -0.0017, 0.0016, 0.0006, -0.0008, -0.0022, -0.0009, 0.0048, 0.0005, 0.0005, -0.0019, 0.0006, 0.001, -0.001, 0.0006, -0.0011, -0.0011, -0.0012, -0.0002, -0.0001, -0.003, 0.002, 0.0018, -0.0127, 0.0062, -0.0032, 0.0006, 0.0006, 0.0006, 0.0164, 0.0139, 0.0045, 0.0004, -0.006, -0.0178, -0.0045, -0.0092, 0.0004, 0.0032, -0.0009, -0.0006, -0.0006, -0.0003, -0.0006, -0.0015, 0.0005, 0.0015, 0.0041, 0.011, 0.001, -0.0002, 0.0002, -0.0003, -0.0006, -0.0003, 0.0001, -0.0006, -0.0005, -0.0005, -0.0005, -0.0004, -0.0013, -0.0012, -0.0007, 0.0003, -0.0001, -0.0009, 0.0003, 0.0002, -0.0001, 0.0001, -0.0, -0.0001, -0.0001, -0.0013, 0.0025, 0.0017, 0.0004, -0.0002, -0.0002, -0.0002, -0.0003, -0.0007, -0.0001, -0.0003, 0.0002, -0.0008, -0.0004, -0.0006, -0.0005, -0.0003, -0.0008, 0.0009, -0.0004, 0.0002, -0.0005, 0.0051, -0.0004, 0.0032, -0.0006, -0.0015, 0.0013, -0.0012, -0.0008, -0.0001, -0.0002, 0.0017, -0.0018, 0.0029, -0.0041, -0.0002, -0.0002, -0.0001]",0.0
2026-07-08_22-29-40.mp4,1,67.0,15.0,0.0,motion,0.0,0.0,0.0,0.0,0.0,0.3846,2.034,0.578,0.2137,0.026,0.0057,,"[-0.0, -0.0001, 0.0001, 0.0, 0.0, 0.0, 0.0, -0.0, 0.0, 0.0, 0.0, 0.0, 0.0, 0.0, 0.0, 0.0, 0.0, -0.0, 0.0, 0.0, 0.0, 0.0, -0.0, 0.0, 0.0, 0.0, -0.0, 0.0, -0.0, -0.0, -0.0, -0.0, -0.0, -0.0, -0.0, -0.0, -0.0, -0.0, -0.0, -0.0, -0.0, -0.0, -0.0, -0.0, -0.0, -0.0, -0.0, -0.0, 0.0, 0.0001, -0.0, -0.0, -0.0, -0.0, -0.0, -0.0, -0.0, -0.0, -0.0, 0.0, 0.0, 0.0003, -0.0001, -0.0, -0.0, -0.0]",0.0
2026-07-09_11-31-20.mp4,1,120.0,15.0,0.0,motion,0.0,0.0,0.0,0.0,0.0,0.3074,0.763,0.661,0.3103,99.0,0.2031,,"[0.0038, 0.0028, -0.0015, -0.001, -0.0013, -0.023, -0.0059, -0.001, -0.0005, -0.0004, -0.0002, -0.0038, 0.0002, 0.0004, -0.0033, 0.0008, 0.001, 0.0025, 0.0025, 0.0023, 0.0025, 0.0018, 0.0016, 0.0016, 0.0002, 0.0002, 0.0001, 0.0, 0.0, 0.0, -0.0001, -0.0001, -0.0423, -0.0008, -0.0008, -0.0008, -0.0008, -0.0008, -0.0008, 0.0436, -0.0008, -0.0009, -0.0009, -0.0009, -0.0007, -0.0008, -0.0008, -0.0008, 0.0224, -0.0024, -0.0024, -0.0024, -0.0024, -0.0024, -0.0024, -0.0009, -0.0009, -0.0009, -0.0009, -0.0057, 0.0009, -0.0009, -0.0009, 0.0075, -0.0001, -0.0001, -0.0016, -0.0001, -0.0001, -0.0001, -0.0001, -0.0001, -0.0006, -0.0017, -0.0006, -0.0008, -0.0007, -0.0007, -0.0009, -0.0004, -0.0004, -0.0004, -0.0005, -0.0005, -0.0005, -0.0005, -0.0005, 0.0156, -0.0005, -0.0005, -0.0005, -0.0006, -0.0006, -0.0006, -0.0006, -0.0006, -0.0003, -0.0006, -0.0006, -0.0006, -0.0006, -0.0006, -0.0006, -0.0001, -0.0001, -0.0001, 0.0019, 0.0006, -0.0001, -0.0001, -0.0001, -0.0001, -0.0001, -0.0001, 0.0007, -0.0001, -0.0001, -0.0001, -0.0001]",0.0
2026-07-03_13-17-54.mp4,1,120.0,15.0,0.0,motion,0.0,0.0,0.0,0.0,0.0,0.4562,1.78,0.356,0.21,0.825,0.0734,,"[-0.0, -0.005, 0.0102, -0.0022, -0.0002, -0.0002, -0.0002, -0.0001, -0.0005, -0.0001, -0.0001, -0.0001, -0.0001, -0.0001, 0.0, -0.0001, -0.0001, -0.0003, 0.0001, 0.0, 0.0, 0.0, 0.0, 0.0, -0.0, -0.0, 0.0001, 0.0001, 0.0001, 0.0001, 0.0001, 0.0001, 0.0001, 0.0001, 0.0001, 0.0001, 0.0002, 0.0002, 0.0002, 0.0002, 0.0001, -0.0017, 0.0001, 0.0001, 0.0001, 0.0002, 0.0002, 0.0002, 0.0002, 0.0002, -0.002, -0.0008, 0.0002, 0.0002, 0.0002, 0.0006, 0.0002, 0.0001, 0.0001, 0.0002, 0.0, 0.0004, 0.0004, -0.001, -0.0001, -0.0, -0.0001, -0.0001, -0.0001, -0.0002, -0.0002, -0.0002, -0.0003, -0.0003, -0.0012, -0.0062, -0.0003, -0.0003, 0.0099, 0.0015, -0.0003, -0.0003, -0.0003, -0.0003, 0.0017, -0.0003, -0.0003, 0.0027, -0.001, -0.0004, -0.0004, -0.0006, -0.0006, -0.0006, -0.0002, -0.0002, -0.0002, -0.0002, -0.0002, -0.0002, -0.0001, 0.0009, -0.0001, -0.0, -0.0, -0.0, -0.0, -0.0, -0.0, -0.0, -0.0, -0.0, -0.0, -0.0, -0.0, -0.0, -0.0, -0.0, -0.0]",0.0
2026-07-11_13-38-54.mp4,1,120.0,15.0,0.0,motion,0.0,0.0,0.0,0.0,0.0,0.389,1.017,0.529,0.256,0.473,0.066,,"[-0.0001, 0.0, 0.0001, 0.0001, 0.0001, 0.0, 0.0, 0.0, 0.0, 0.0001, 0.0001, 0.0, 0.0, 0.0, 0.0, 0.0, 0.0, 0.0, 0.0, 0.0, 0.0, 0.0, 0.0, 0.0001, 0.0001, 0.0, 0.0, 0.0, -0.0004, 0.0, -0.0001, 0.0, 0.0, -0.0, 0.0, 0.0, 0.0, 0.0, 0.0, 0.0, 0.0, 0.0, 0.0, 0.0, -0.0, 0.0, 0.0, 0.0, 0.0, 0.0, 0.0, 0.0, -0.0, 0.0, 0.0, 0.0, 0.0, 0.0, 0.0, -0.0, 0.0, 0.0, 0.0, 0.0, 0.0, 0.0, 0.0, 0.0, 0.0, 0.0, 0.0, 0.0, 0.0, 0.0, 0.0, -0.0001, 0.0, 0.0, 0.0, 0.0, 0.0, 0.0, 0.0, 0.0, 0.0, 0.0, 0.0, 0.0, 0.0, -0.0001, 0.0, 0.0, 0.0, 0.0, 0.0, 0.0, 0.0, 0.0, 0.0, 0.0, 0.0, 0.0, 0.0, 0.0, 0.0, 0.0, 0.0, 0.0, 0.0, 0.0, 0.0, -0.0, 0.0, 0.0, 0.0, -0.0002, 0.0, 0.0, 0.0]",0.0
2026-07-13_23-16-16.mp4,1,120.0,15.0,0.0,motion,0.0,0.0,0.0,0.0,0.0,0.3238,2.542,0.264,0.3011,2.407,0.0603,,"[-0.0118, 0.1603, 0.01, 0.2139, -0.0677, 0.0022, -0.0468, -0.0671, -0.0204, 0.0014, -0.0064, -0.0149, 0.0523, 0.0311, -0.0059, 0.0229, -0.0057, -0.0111, 0.0211, 0.008, 0.0064, 0.0069, 0.0059, -0.2507, 0.0041, 0.0043, 0.0043, 0.0041, 0.0059, 0.0061, 0.0061, 0.0073, 0.0071, 0.0098, 0.0069, 0.0062, 0.0062, 0.0062, 0.0062, -0.002, -0.002, -0.002, -0.002, -0.002, 0.0378, 0.005, 0.0049, 0.0051, 0.0051, 0.0052, 0.0271, 0.0047, 0.0047, 0.0047, 0.0047, 0.0047, 0.0048, 0.0048, 0.0048, -0.2203, 0.0153, 0.0059, 0.0059, 0.0059, 0.0059, 0.0188, 0.0065, 0.0065, 0.0065, 0.0065, 0.0066, 0.0064, 0.0066, 0.0066, 0.0042, -0.003, -0.0028, -0.0028, -0.0028, -0.0028, -0.0028, -0.0024, -0.0024, -0.0024, -0.0024, -0.0024, -0.0057, -0.0057, -0.0057, 0.0672, -0.0058, -0.0058, -0.0058, -0.0058, -0.0058, -0.0045, -0.0066, -0.0058, -0.0058, -0.0057, -0.0057, 0.0986, -0.0059, -0.0059, -0.0028, -0.0036, -0.0036, -0.0036, -0.0035, -0.0035, -0.0035, -0.0035, -0.0035, -0.0035, -0.0035, -0.0035, -0.0035, -0.0001, -0.0001]",0.0
2026-07-21_15-27-53.mp4,1,120.0,15.0,0.0,motion,0.0,0.0,0.0,0.0,0.0,0.2633,0.763,0.435,0.3102,0.081,0.0086,,"[0.0, 0.0, 0.0, 0.0, 0.0, 0.0, 0.0, 0.0, 0.0, 0.0, 0.0004, -0.001, -0.0001, -0.0, -0.0003, 0.0007, 0.0006, 0.0009, 0.0009, 0.0009, 0.001, 0.001, 0.001, 0.0001, -0.0, -0.0134, 0.0443, -0.0296, -0.0012, 0.0099, -0.0322, 0.0032, -0.0082, -0.0012, -0.0019, -0.0014, -0.0004, -0.0017, 0.0274, 0.0013, 0.0136, -0.0037, -0.008, -0.0065, -0.0104, 0.0073, 0.0002, -0.0003, 0.0101, 0.0055, 0.0044, 0.0011, 0.0039, 0.0047, 0.0009, -0.0002, 0.0116, 0.0007, -0.0028, -0.0055, -0.0396, -0.0003, -0.0069, -0.0018, -0.0047, 0.0008, 0.0007, 0.001, 0.005, 0.0067, 0.0131, 0.0056, 0.0175, 0.059, 0.0128, 0.0096, -0.0007, -0.0073, -0.0037, -0.0076, -0.1178, 0.0085, 0.0025, -0.0103, -0.0428, -0.0013, 0.0053, 0.0046, 0.0049, 0.0065, 0.0059, 0.0063, 0.0066, 0.006, 0.0062, 0.0057, 0.0021, 0.0023, 0.002, 0.0021, 0.0009, 0.0016, 0.0209, 0.0073, -0.001, 0.0067, 0.0016, -0.0105, 0.0031, -0.0084, -0.0002, -0.0058, 0.002, -0.0017, -0.0144, -0.0005, -0.0081, -0.0037, 0.0015]",0.0
2026-07-08_11-16-08.mp4,1,120.0,15.0,0.0,motion,0.0,0.0,0.0,0.0,0.0,0.4772,2.542,0.478,0.5221,0.966,0.1121,,"[-0.0777, 0.1092, 0.0863, 0.0276, 0.0723, 0.0665, 0.0554, 0.0547, 0.0491, 0.0433, 0.082, 0.0727, -0.1541, 0.0652, -0.2005, -0.0006, 0.1905, 0.0063, 0.0203, 0.0106, 0.0047, -0.001, -0.0014, -0.0013, -0.0013, 0.0704, 0.0002, 0.0016, -0.0041, -0.0026, 0.2032, -0.1783, -0.2223, -0.1054, -0.0979, 0.1781, 0.1712, 0.0035, -0.0092, -0.0077, -0.0077, -0.0051, -0.0051, -0.0074, -0.0126, -0.0049, 0.2115, -0.0053, -0.0144, -0.0164, -0.1569, -0.0131, -0.0074, -0.0071, 0.0696, -0.0052, -0.0122, -0.0052, 0.0668, 0.1592, -0.2419, 0.0133, 0.0493, 0.0742, -0.0306, -0.0043, -0.0008, -0.0008, -0.0008, -0.0637, 0.0016, 0.0016, 0.0013, -0.0598, 0.0036, 0.0087, -0.001, -0.0116, -0.0102, -0.0011, 0.0041, 0.0088, 0.0087, -0.0004, -0.0004, 0.0042, 0.0044, 0.0042, 0.0048, 0.0029, 0.003, 0.007, 0.4094, 0.0041, -0.2076, -0.1937, -0.1474, 0.0076, 0.282, -0.0002, -0.2045, -0.0002, -0.0004, -0.0209, -0.0004, -0.0004, -0.0004, -0.0325, 0.0765, 0.0188, -0.0082, -0.0656, -0.1123, 0.2381, 0.0041, 0.0041, -0.0025, 0.0031, -0.0025]",0.0
2026-07-05_21-49-44.mp4,1,120.0,15.0,0.0,motion,0.0,0.0,0.0,0.0,0.0,0.3599,0.763,0.0,0.343,0.045,0.0,,"[0.0002, 0.0018, -0.0016, -0.0001, -0.0008, -0.0006, -0.0001, -0.0001, -0.0, -0.0, -0.0, -0.0, -0.0, -0.0, 0.0, 0.0, 0.0, 0.0001, 0.0, 0.0, 0.0, 0.0, 0.0, 0.0, 0.0, 0.0, 0.0, 0.0, 0.0, 0.0, 0.0, 0.0, 0.0, 0.0, 0.0, 0.0, 0.0, 0.0, 0.0, 0.0, 0.0, 0.0, -0.0, -0.0, -0.0, -0.0, -0.0, -0.0, -0.0, -0.0, -0.0, -0.0, 0.0, 0.0, 0.0, 0.0, 0.0, 0.0001, 0.0001, 0.0001, 0.0, -0.0001, 0.0001, 0.0, 0.0, 0.0, 0.0, -0.0009, 0.0, 0.0, 0.0, 0.0, 0.0, 0.0, 0.0, 0.0, 0.0, 0.0, 0.0, 0.0, 0.0, 0.0, 0.0, -0.0, 0.0, 0.0, 0.0, 0.0, 0.0, 0.0, 0.0, 0.0, -0.0, -0.0, -0.0, 0.0, 0.0, 0.0, 0.0, 0.0, 0.0, 0.0, 0.0, 0.0, 0.0, 0.0, 0.0, 0.0, 0.0, 0.0, -0.0001, -0.0004, 0.0, 0.0, 0.0, 0.0, 0.0001, 0.0, 0.0]",0.0
2026-07-09_04-06-43.mp4,1,120.0,15.0,0.142,motion,0.0,0.0,0.0,0.0,0.0,0.2765,1.78,0.559,0.4011,1.678,0.0968,,"[-0.0, 0.0, 0.0, 0.0, -0.0001, 0.0, -0.0001, 0.0003, -0.0001, -0.0, -0.0001, 0.0, 0.0001, 0.0001, -0.0, -0.0, -0.0, -0.0, -0.0, -0.0, -0.0, -0.0, -0.0, -0.0001, 0.0001, 0.0, 0.0, -0.0, -0.0, -0.0, 0.0, 0.0, -0.0, -0.0, 0.0, 0.0, -0.0001, -0.0, 0.0001, 0.0001, -0.0001, -0.0, -0.0, -0.0, 0.0, 0.0, 0.0, 0.0001, -0.0001, -0.0001, 0.0, 0.0, 0.0002, 0.0001, 0.0, 0.0001, 0.0, 0.0001, 0.0001, -0.0001, 0.0001, 0.0001, 0.0001, 0.0001, 0.0001, 0.0, 0.0, -0.0015, 0.0, 0.0001, 0.0001, 0.0001, 0.0, 0.0, 0.0, 0.0, 0.0, 0.0001, 0.0001, 0.0001, 0.0001, 0.0001, 0.0001, 0.0001, 0.0, 0.0, 0.0, 0.0, 0.0, 0.0, 0.0, 0.0002, -0.0006, -0.0, -0.0001, 0.0002, -0.0003, -0.0, 0.0001, 0.0, 0.0, 0.0, 0.0, 0.0, -0.0, -0.0, 0.0004, -0.0, 0.0, -0.0, -0.0, -0.0, -0.0001, -0.0001, 0.0, -0.0001, -0.0, 0.0, 0.0]",0.0
2026-07-09_04-04-55.mp4,1,120.0,15.0,0.017,motion,0.0,0.0,0.0,0.0,0.0,0.4463,1.525,0.241,0.323,0.155,0.0144,,"[0.0, -0.0, -0.0, 0.0, 0.0, 0.0, 0.0, 0.0, 0.0, 0.0, 0.0, 0.0, -0.0001, 0.0, -0.0, 0.0, 0.0, 0.0, -0.0, -0.0, -0.0, -0.0, -0.0, -0.0, -0.0, -0.0, -0.0, -0.0, -0.0, -0.0, -0.0, -0.0, -0.0, -0.0, 0.0001, -0.0, -0.0, -0.0, -0.0, -0.0, -0.0, -0.0, -0.0, 0.0, 0.0, 0.0, 0.0, 0.0, 0.0, 0.0, 0.0, 0.0, 0.0, 0.0, 0.0, 0.0, 0.0, 0.0, -0.0001, -0.0, 0.0, 0.0, 0.0, 0.0, -0.0, 0.0, 0.0, 0.0, 0.0, 0.0, -0.0, 0.0, 0.0, 0.0, 0.0, 0.0, -0.0, 0.0, 0.0, 0.0, 0.0, 0.0, 0.0, 0.0, 0.0, 0.0, 0.0, 0.0, 0.0, 0.0, 0.0, 0.0, 0.0, 0.0, 0.0, 0.0, 0.0, 0.0, 0.0, 0.0, 0.0, -0.0, 0.0, 0.0, 0.0, 0.0, 0.0, -0.0, 0.0, 0.0, -0.0, -0.0, -0.0, -0.0, -0.0, 0.0, -0.0, -0.0001, 0.0]",0.0
2026-07-04_06-55-00.mp4,1,120.0,15.0,0.0,motion,0.0,0.0,0.0,0.0,0.0,0.3093,1.017,0.225,0.3494,0.752,0.0299,,"[-0.0001, 0.0035, -0.0002, -0.0011, 0.0001, 0.0, 0.0001, 0.0, 0.0, -0.0012, 0.0, -0.0001, -0.0001, -0.0, -0.0001, 0.0022, -0.0013, -0.0011, 0.0001, -0.0029, 0.0005, 0.0, 0.0001, 0.0001, 0.0001, 0.0, 0.0041, 0.0, 0.0, 0.0, 0.0004, -0.0018, 0.0001, 0.0002, 0.0, -0.0001, -0.0, -0.0013, -0.0001, -0.0001, -0.0001, -0.0001, 0.0001, 0.0001, 0.0, 0.0001, 0.0001, 0.0, 0.0, 0.0, 0.0, 0.0, 0.0, 0.0, 0.0, 0.0, 0.0, 0.0, 0.0, 0.0011, -0.0012, 0.0, 0.0, 0.0, 0.0, 0.0, 0.0, 0.0, 0.0, 0.0, 0.0, 0.0, 0.0, 0.0, 0.0, 0.0, 0.0, 0.0, 0.0, 0.0, 0.0, 0.0, 0.0, 0.0, 0.0, 0.0, 0.0, 0.0, 0.0, 0.0, 0.0, 0.0, 0.0, 0.0, 0.0, 0.0, 0.0, 0.0, 0.0, 0.0, 0.0, 0.0, 0.0, 0.0, 0.0, 0.0, 0.0, 0.0, 0.0, 0.0, 0.0, 0.0, 0.0, 0.0, 0.0, 0.0, 0.0, 0.0, 0.0]",0.0
2026-07-22_23-22-15.mp4,1,120.0,15.0,0.0,motion,0.0,0.0,0.0,0.0,0.0,0.4733,2.797,0.089,0.4282,0.014,0.0006,,"[-0.0001, -0.0038, -0.0007, -0.0007, 0.0003, 0.0002, 0.0015, -0.0012, -0.0004, 0.0008, 0.0033, -0.0005, -0.0032, 0.0007, 0.0008, 0.0057, 0.0002, 0.0009, 0.0005, 0.0022, -0.0004, 0.0013, 0.0002, 0.0013, 0.0009, 0.0028, 0.0083, -0.0067, -0.0287, -0.0013, -0.002, 0.0032, 0.0014, 0.0006, 0.0009, 0.0014, 0.0013, 0.0009, 0.0011, 0.0013, 0.0008, 0.0009, 0.0011, 0.0012, 0.0001, 0.0002, 0.0002, 0.0001, 0.0007, 0.0004, 0.0003, 0.0004, 0.0003, 0.0003, 0.0001, 0.0003, 0.0004, 0.0003, 0.0, -0.0016, -0.0041, -0.0035, 0.0023, -0.0002, 0.0008, 0.0, 0.0002, 0.0001, 0.0003, 0.0003, 0.0003, 0.0002, 0.0002, 0.0003, 0.0002, 0.0005, 0.0006, 0.0009, 0.0009, 0.0009, 0.001, 0.001, 0.001, 0.001, 0.0011, 0.0011, 0.0009, 0.0008, 0.0008, 0.0019, -0.0075, -0.0182, 0.0013, -0.0012, 0.0, 0.0004, 0.001, 0.0009, 0.001, 0.0009, 0.001, 0.0009, 0.0021, 0.0009, 0.0009, 0.0009, 0.0007, 0.0001, 0.0001, -0.0, -0.0, 0.0, -0.0, -0.0, -0.0001, -0.0, -0.0, -0.0, -0.0]",0.0
2026-07-05_09-27-09.mp4,1,120.0,15.0,0.0,motion,0.0,0.0,0.0,0.0,0.0,0.2848,1.271,0.258,0.3708,99.0,0.0732,,"[0.0001, 0.0002, -0.001, -0.0022, -0.0003, 0.0009, 0.0003, -0.0001, -0.0, 0.0006, 0.0001, -0.0005, 0.0001, 0.0001, 0.0001, 0.0001, 0.0008, 0.0005, 0.0016, -0.0005, 0.0004, 0.0007, 0.0001, 0.0, 0.0001, -0.0037, -0.0005, 0.0001, 0.0001, 0.0001, 0.0001, -0.0001, 0.0001, -0.0009, 0.0002, 0.0002, 0.0002, 0.0003, 0.0002, 0.0008, 0.0008, -0.0001, 0.0006, 0.0003, 0.0004, 0.0003, 0.0005, 0.0005, 0.0074, -0.0056, 0.0006, -0.0009, 0.0004, 0.0006, -0.0156, 0.0006, 0.0006, 0.0005, 0.0005, 0.0044, 0.0005, 0.0005, 0.0005, 0.0005, 0.0009, -0.003, 0.0005, 0.0005, 0.0005, 0.0005, -0.0, -0.0, -0.0, -0.0001, 0.0008, 0.0001, 0.0001, 0.0001, 0.0001, 0.0001, 0.0001, -0.0001, -0.0001, -0.0001, -0.0001, -0.0001, -0.0001, -0.0001, 0.0009, -0.0001, -0.0, -0.0, -0.0, -0.0, -0.0, -0.0, -0.0, -0.0, -0.0, -0.0, -0.0, -0.0, -0.0, -0.0, -0.0, -0.0, -0.0, -0.0, -0.0, -0.0, -0.0, -0.0, -0.0, -0.0, -0.0, -0.0, -0.0, -0.0, -0.0]",0.0
2026-07-11_10-48-04.mp4,0,0.0,0.0,0.0,tooshort,0.0,0.0,0.0,0.0,0.0,0.0,0.0,0.0,0.0,0.0,0.0,,,
2026-06-30_23-54-48.mp4,1,120.0,15.0,0.0,motion,0.0,0.0,0.0,0.0,0.0,0.2408,1.78,0.284,0.371,2.757,0.0502,,"[0.0, -0.0, -0.0002, -0.0, -0.0004, -0.0001, 0.0006, -0.0004, 0.0004, 0.0004, 0.001, 0.001, 0.0025, 0.0029, 0.0025, 0.0031, 0.0046, 0.0053, -0.0007, 0.0005, 0.0053, -0.015, -0.0018, 0.0012, 0.0011, -0.0192, 0.0017, -0.0471, -0.0116, 0.0005, 0.0018, 0.0077, -0.0342, 0.0936, 0.0009, -0.0008, -0.0021, -0.0003, 0.0168, -0.0021, -0.0079, -0.0034, -0.0032, -0.0048, -0.0064, -0.0467, 0.0219, -0.0061, -0.0085, -0.0121, 0.044, -0.0096, -0.0344, -0.0072, 0.0457, 0.0237, -0.0373, -0.0397, -0.0372, -0.0004, -0.0373, -0.0408, -0.0398, 0.0012, 0.1029, -0.0469, -0.0515, -0.1111, -0.039, -0.039, -0.2936, 1.1636, -0.0368, -0.0366, -0.0366, -0.0373, 0.0326, -0.0365, -0.0357, -0.0331, -0.0284, -0.0288, -0.0295, -0.0316, -0.0311, -0.0337, -0.031, -0.0022, -0.0126, 0.0038, 0.0105, 0.0001, -0.0032, 0.0091, -0.0331, 0.0079, 0.0117, 0.0177, 0.0, 0.0, 0.0109, 0.0411, 0.0211, 0.0093, -0.1175, 0.0583, 0.0074, 0.0067, -0.1646, 0.0016, -0.0152, 0.0027, -0.0014, 0.0019, 0.0009, -0.0, -0.035, -0.0031, 0.02]",0.0
2026-07-10_18-31-32.mp4,1,49.0,15.0,0.0,motion,0.0,0.0,0.0,0.0,0.0,0.3238,0.937,0.714,0.2065,32.548,0.2244,,"[0.0001, -0.0001, -0.0004, 0.0004, -0.0, 0.0, 0.0001, -0.0004, -0.0001, 0.0003, -0.0006, 0.0002, 0.0004, 0.0002, 0.0003, -0.0, 0.0013, 0.0006, 0.0002, -0.0011, -0.0006, -0.003, 0.0009, 0.0001, -0.0011, 0.0002, 0.0001, -0.0, 0.0003, -0.0, 0.0002, 0.0001, 0.0001, 0.0003, 0.0002, 0.0001, 0.0001, 0.0, 0.0, 0.0, -0.0003, 0.0, 0.0, -0.0, 0.0003, -0.0, -0.0, -0.0]",0.0
2026-07-12_03-18-11.mp4,1,120.0,15.0,0.0,motion,0.0,0.0,0.0,0.0,0.0,0.2637,0.763,0.0,0.3419,0.064,0.0,,"[-0.0002, -0.0006, 0.0005, 0.0003, -0.0009, -0.0012, -0.0001, -0.0007, -0.0023, 0.0009, -0.0028, -0.002, -0.0037, -0.0039, -0.0035, -0.001, 0.0004, -0.0042, -0.0256, 0.0367, 0.0022, -0.0033, -0.0032, 0.0582, -0.003, -0.0148, 0.001, 0.0006, 0.0022, 0.0036, 0.0023, -0.0025, -0.0162, 0.0002, -0.0003, -0.0022, -0.002, -0.0021, -0.0063, 0.0002, 0.0046, 0.0016, 0.0017, 0.0018, 0.0007, 0.0024, 0.0026, 0.0023, 0.003, 0.0022, 0.0024, 0.0024, 0.0024, 0.0024, -0.0068, -0.0533, 0.0023, 0.0023, 0.0023, -0.0031, 0.0024, 0.0024, 0.0024, 0.0024, 0.0024, 0.0015, 0.0024, 0.002, 0.0024, 0.0024, 0.0005, 0.0004, -0.0009, 0.0003, 0.0003, 0.0002, -0.0004, 0.0002, 0.0002, 0.0002, -0.0, 0.0001, 0.0001, 0.0001, 0.0001, 0.0001, 0.0001, 0.0001, 0.0, 0.0, 0.0, 0.0, -0.0, -0.0005, -0.0005, -0.0005, -0.0005, -0.0005, -0.0005, -0.0005, -0.0003, -0.0005, -0.0005, -0.0004, -0.0005, -0.0004, 0.0003, -0.0003, 0.0137, -0.0002, -0.0002, -0.0001, -0.0001, -0.0, 0.0, 0.0, 0.0001, 0.0001, -0.0011]",0.0
2026-07-09_13-58-55.mp4,1,120.0,15.0,0.0,motion,0.0,0.0,0.0,0.0,0.0,0.3529,1.525,0.41,0.6343,0.078,0.0104,,"[-0.0, 0.0004, 0.0006, -0.0002, -0.0001, -0.0, -0.0, -0.0, -0.0001, 0.0011, 0.0009, 0.0002, -0.0001, -0.0005, 0.0007, -0.0015, -0.0021, 0.0003, 0.0001, 0.0001, 0.0, 0.0, -0.0003, 0.0005, -0.0001, 0.0, 0.0001, -0.0, -0.0, 0.0001, -0.0002, 0.0002, -0.0001, 0.0002, 0.0002, 0.0002, -0.0001, -0.0001, -0.0, -0.0001, 0.0002, 0.0003, 0.0007, 0.0003, 0.0001, 0.0, 0.0, 0.0002, -0.0, -0.0002, 0.0012, 0.0009, 0.0028, -0.0037, -0.0011, -0.0026, -0.0017, -0.0109, 0.0067, 0.0061, 0.0004, 0.0005, 0.0008, 0.0003, 0.0003, 0.0001, 0.0004, 0.0005, 0.0005, 0.0006, 0.0004, 0.0003, 0.0, 0.0013, -0.0018, -0.0003, -0.0021, -0.0066, 0.0006, 0.0016, 0.0008, 0.0004, 0.0007, 0.0005, 0.0009, 0.0006, -0.0005, -0.0004, 0.0014, 0.0002, -0.0009, 0.0017, 0.0081, -0.0123, -0.0025, -0.0048, -0.0009, 0.0002, 0.0002, 0.0069, 0.0047, 0.0076, 0.0093, -0.0168, -0.0002, -0.0012, 0.0002, -0.0008, -0.0012, 0.0002, -0.0, -0.0002, -0.0002, -0.0002, -0.0002, 0.0002, 0.0002, 0.0005, 0.0007]",0.0
2026-07-01_23-25-58.mp4,1,120.0,15.0,0.05,motion,0.0,0.0,0.0,0.0,0.0,0.496,0.763,0.0,0.2164,0.111,0.0,,"[0.0, 0.0, 0.0, 0.0, -0.0, -0.0, 0.0, -0.0001, 0.0, 0.0001, 0.0, 0.0, -0.0001, -0.0001, -0.0001, -0.0001, -0.0001, -0.0001, -0.0005, 0.0016, -0.0012, -0.0008, 0.0019, -0.0021, -0.0037, 0.0038, -0.0001, 0.0025, 0.001, -0.0001, -0.0001, -0.0001, -0.0001, -0.0004, -0.0001, -0.0001, -0.0001, -0.0001, -0.0001, -0.0002, -0.0003, -0.0001, -0.0001, -0.0001, -0.0, -0.0, -0.0, -0.0, -0.0, -0.0001, -0.0001, -0.0001, -0.0001, 0.0004, 0.0006, -0.0001, -0.0001, -0.0001, -0.0001, 0.0002, -0.0001, -0.0001, -0.0001, -0.0001, 0.0002, -0.0001, -0.0001, -0.0, -0.0, 0.0019, 0.0066, 0.0066, 0.0066, 0.0066, 0.0066, 0.0066, 0.0066, 0.0066, 0.0066, 0.0066, 0.0066, 0.0065, 0.0066, 0.0066, -0.0521, -0.1393, 0.0066, 0.0061, 0.0066, 0.0069, 0.0066, 0.0066, 0.0052, 0.007, 0.0066, 0.0089, 0.0066, 0.0058, 0.0066, 0.0066, 0.0047, -0.0, -0.0, -0.0, 0.001, -0.0, -0.0007, -0.0, 0.0, -0.0001, -0.0001, 0.0001, 0.0003, -0.0, -0.0002, -0.0, -0.0, -0.0, -0.0]",0.0
2026-07-04_08-15-47.mp4,1,120.0,15.0,0.0,motion,0.0,0.0,0.0,0.0,0.0,0.4876,1.78,0.339,0.3497,0.004,0.0006,,"[-0.0, 0.0, 0.0, -0.0, -0.0, -0.0, -0.0, -0.0, -0.0, -0.0, 0.0, -0.0, -0.0, -0.0, -0.0, -0.0, -0.0, -0.0, -0.0, -0.0, -0.0, -0.0, -0.0, -0.0, -0.0, -0.0, 0.0, 0.0, 0.0, 0.0, -0.0, -0.0, -0.0, -0.0, -0.0, -0.0, -0.0, -0.0, -0.0, -0.0, -0.0, -0.0, -0.0, -0.0, -0.0, 0.0, -0.0, 0.0, -0.0, -0.0, -0.0, -0.0, -0.0, -0.0, -0.0, -0.0, -0.0, -0.0, -0.0, 0.0, -0.0, -0.0, -0.0, -0.0, 0.0, 0.0, 0.0, 0.0, -0.0, -0.0, -0.0, -0.0, -0.0, -0.0, -0.0, 0.0, -0.0, -0.0, 0.0, -0.0, -0.0, -0.0, 0.0, 0.0, 0.0, 0.0, 0.0, 0.0, 0.0, 0.0, -0.0, 0.0, 0.0, 0.0, 0.0, -0.0, -0.0, -0.0, 0.0, 0.0, 0.0, 0.0, 0.0, 0.0, 0.0, 0.0, 0.0, 0.0, 0.0, 0.0, 0.0, 0.0, -0.0, 0.0, -0.0, 0.0, 0.0, 0.0, 0.0]",0.0
2026-07-09_20-09-57.mp4,1,120.0,15.0,0.0,motion,0.0,0.0,0.0,0.0,0.0,0.2647,1.78,0.515,0.1817,0.651,0.0538,,"[-0.0001, 0.0013, 0.0, 0.0, 0.0, 0.0, -0.0001, 0.0002, -0.0, 0.0, 0.0, 0.0, 0.0, 0.0, 0.0, 0.0, 0.0004, 0.0, 0.0, 0.0, 0.0, 0.0, 0.0, 0.0, -0.0021, 0.0006, 0.0002, 0.0001, 0.0001, 0.0, -0.0001, 0.0001, 0.0001, 0.0, 0.0001, 0.0002, 0.0001, 0.0001, 0.0001, 0.0001, -0.001, 0.0002, 0.0001, 0.0, 0.0, 0.0, 0.0, 0.0, 0.0, 0.0, 0.0, 0.0001, -0.0, 0.0002, 0.0006, -0.0, -0.0, 0.0, 0.0, -0.0013, 0.0, 0.0, 0.0, 0.0, 0.0, 0.0, 0.0, 0.0, 0.0, 0.0, 0.0, 0.0, 0.0, 0.0, 0.0, 0.0, 0.0, 0.0, 0.0, 0.0, 0.0, 0.0, 0.0, 0.0, 0.0, 0.0, 0.0, 0.0, 0.0, 0.0, -0.0, 0.0, 0.0, -0.0011, 0.0005, 0.0003, 0.0, 0.0, 0.0, 0.0, 0.0, 0.0, 0.0001, 0.0, 0.0, 0.0001, 0.0, 0.0, 0.0, -0.0, -0.0, -0.0, -0.0, -0.0, -0.0, -0.0, -0.0, -0.0, -0.0]",0.0
2026-07-17_05-00-16.mp4,1,120.0,15.0,0.0,motion,0.0,0.0,0.0,0.0,0.0,0.1925,2.797,0.0,0.2648,39.848,0.0,,"[-0.0, 0.0002, -0.0, 0.0, 0.0001, 0.0, 0.0, 0.0, 0.0, 0.0, 0.0, 0.0, 0.0, -0.0, 0.0, 0.0, 0.0, 0.0, 0.0, 0.0, 0.0, 0.0, -0.0, -0.0, -0.0, 0.0, 0.0, -0.0, -0.0, 0.0, 0.0, 0.0, -0.0, -0.0, 0.0, 0.0, 0.0, 0.0, 0.0, 0.0, 0.0, -0.0, -0.0, 0.0, -0.0, -0.0, 0.0, 0.0, 0.0, -0.0, 0.0, 0.0, 0.0, -0.0001, 0.0, 0.0, 0.0, 0.0001, 0.0, 0.0, 0.0001, -0.0, -0.0001, 0.0, 0.0, -0.0, 0.0, 0.0001, -0.0, -0.0, 0.0, -0.0, 0.0001, 0.0002, 0.0002, 0.0002, 0.0002, 0.0006, 0.0013, -0.0006, -0.0006, -0.0006, -0.0006, -0.0008, 0.0, -0.0009, 0.0004, -0.0031, -0.0039, -0.0006, -0.0003, -0.0003, -0.0117, -0.0229, 0.0571, 0.0006, -0.0002, -0.0004, 0.0045, -0.012, -0.0011, 0.0004, -0.0002, -0.0004, -0.0017, -0.0004, -0.0006, -0.0005, -0.0009, -0.0015, 0.0002, 0.0002, 0.0002, 0.0002, 0.0005, 0.0001, -0.0, 0.0, 0.0]",0.0
2026-07-21_09-08-39.mp4,1,120.0,15.0,0.0,motion,0.0,0.0,0.0,0.0,0.0,0.4671,0.763,0.0,0.649,58.114,0.0,,"[0.0038, 0.0003, -0.0013, -0.0031, -0.0035, -0.0027, -0.0064, -0.0052, -0.0018, -0.002, -0.0018, -0.0023, -0.0016, -0.0051, -0.0026, 0.0022, 0.0003, 0.0011, 0.0018, 0.0019, 0.0021, 0.0019, -0.0047, -0.0024, 0.0131, 0.0012, 0.0027, -0.0123, -0.0124, -0.0125, -0.0272, -0.0386, -0.0317, -0.0335, -0.0145, -0.0124, -0.0126, 0.0186, 0.0813, -0.0156, 0.1934, 0.0364, 0.0449, -0.008, -0.0116, -0.0112, -0.0118, -0.0127, -0.0133, -0.014, -0.014, -0.014, -0.014, -0.0131, -0.01, -0.0101, -0.0035, -0.0018, -0.0002, -0.0, -0.0, -0.0, -0.0, -0.0, -0.0, -0.0001, -0.0001, -0.0, -0.0001, 0.0004, 0.0001, -0.0002, 0.0004, 0.0001, 0.0, -0.0, 0.0, 0.0001, 0.0, -0.0, 0.0, -0.0, -0.0, -0.0, -0.0, -0.0002, -0.0002, -0.0013, -0.0004, -0.0, 0.0002, -0.0, -0.0003, -0.0, 0.0019, -0.0, -0.0, -0.0, -0.0, 0.0004, -0.0, 0.0001, -0.0001, -0.0001, -0.0001, -0.0001, -0.0001, -0.0, -0.0003, 0.0005, -0.0003, 0.0003, -0.0003, -0.0001, -0.0002, 0.0001, -0.0003, -0.0, 0.0001]",0.0
2026-07-04_11-29-03.mp4,0,0.0,0.0,0.0,tooshort,0.0,0.0,0.0,0.0,0.0,0.0,0.0,0.0,0.0,0.0,0.0,,,
2026-07-02_08-38-06.mp4,1,77.0,15.0,0.0,motion,0.0,0.0,0.0,0.0,0.0,0.1945,2.542,0.249,0.5316,0.0,0.0,,"[-0.0003, 0.0, 0.0003, 0.0003, 0.0004, -0.001, 0.0002, 0.0002, 0.001, 0.0, 0.0001, 0.0001, 0.0001, 0.0008, -0.0003, 0.0, 0.0, 0.0001, 0.0, 0.0, 0.0, -0.0, -0.0, -0.0, -0.0, -0.0, -0.0, -0.0, -0.0, 0.0, 0.0, 0.0, 0.0, -0.0002, 0.0, 0.0, 0.0, 0.0, 0.0, -0.0, 0.0, -0.0, -0.0, -0.0, -0.0002, -0.0, -0.0, 0.0001, -0.0, -0.0, -0.0, -0.0, -0.0, -0.0, 0.0004, -0.0004, 0.0003, -0.0, -0.0, 0.0, -0.0, -0.0, -0.0, -0.0, -0.0, -0.0, -0.0, -0.0, -0.0, -0.0, 0.0, -0.0, -0.0, -0.0, -0.0, -0.0]",0.0
2026-07-04_18-12-19.mp4,1,120.0,15.0,0.0,motion,0.0,0.0,0.0,0.0,0.0,0.2173,2.797,0.539,0.2951,0.14,0.0144,,"[-0.0, -0.0001, 0.0001, 0.0001, 0.0, 0.0, -0.0, -0.0001, -0.0, -0.0, 0.0, -0.0, 0.0, -0.0, 0.0001, -0.0, -0.0, 0.0, -0.0, -0.0, -0.0, 0.0001, -0.0, -0.0, -0.0, -0.0, -0.0, -0.0, -0.0, -0.0, 0.0002, -0.0, -0.0, -0.0, 0.0, -0.0, -0.0, -0.0, -0.0, -0.0, 0.0, 0.0, -0.0, -0.0, -0.0, -0.0, 0.0, 0.0, 0.0, 0.0, 0.0, 0.0, 0.0, 0.0, 0.0, 0.0, 0.0, 0.0, 0.0, -0.0002, 0.0, 0.0, 0.0, -0.0002, 0.0, -0.0, 0.0, 0.0, -0.0, -0.0001, 0.0, 0.0, 0.0, 0.0, 0.0, -0.0, 0.0, 0.0, 0.0, 0.0, 0.0, 0.0, 0.0, 0.0, 0.0, -0.0, -0.0, 0.0, -0.0, -0.0, -0.0, -0.0, -0.0, -0.0, -0.0, -0.0, -0.0, -0.0, -0.0, 0.0, -0.0, -0.0, -0.0, -0.0, -0.0, -0.0, -0.0, -0.0, -0.0, -0.0, -0.0, -0.0, -0.0, -0.0, -0.0, -0.0, -0.0, -0.0, -0.0]",0.0
2026-07-06_06-04-26.mp4,1,120.0,15.0,0.0,motion,0.0,0.0,0.0,0.0,0.0,0.1236,0.763,0.36,0.2612,99.0,0.0445,,"[-0.0059, -0.0284, 0.0975, -0.0371, -0.0232, -0.0225, -0.0217, -0.021, 0.0573, -0.0195, -0.0188, 0.3129, -0.0172, -0.0193, -0.0185, -0.0178, -0.0214, -0.0215, -0.0175, -0.0921, -0.0178, -0.0178, -0.0178, -0.0178, -0.0153, -0.0153, -0.0137, -0.0046, 0.0758, -0.0047, -0.0046, 0.1307, -0.0046, -0.0046, -0.0046, -0.007, -0.007, -0.007, -0.0068, -0.0068, -0.0069, -0.0069, -0.0085, -0.0085, -0.0052, -0.0052, -0.0052, -0.0008, -0.0008, -0.0008, -0.0008, -0.0008, -0.0008, -0.0084, -0.0009, 0.0036, -0.0009, 0.051, -0.0009, -0.0245, -0.0008, 0.0016, 0.01, 0.01, 0.01, 0.0104, 0.01, 0.0102, 0.0099, 0.0098, 0.0098, 0.0125, 0.0176, 0.0193, 0.0193, 0.0316, -0.0418, -0.2292, 0.0405, 0.0492, 0.0483, 0.0483, 0.058, 0.0574, 0.0632, 0.0676, -0.0116, -0.0819, 0.0853, 0.0853, -0.3224, 0.0675, 0.0802, -0.1894, -0.1755, 0.0646, 0.0645, -0.2178, 0.0645, -0.2378, 0.0596, 0.0596, -0.2542, -0.2136, 0.04, 0.0889, 0.0187, 0.0449, 0.0098, 0.2067, -0.0017, -0.0153, -0.0216, -0.0358, 0.1084, -0.0536, -0.0581, 0.0566, 0.0511]",0.0
2026-07-04_22-49-22.mp4,1,120.0,15.0,0.0,motion,0.0,0.0,0.0,0.0,0.0,0.3696,1.525,0.269,0.5996,0.002,0.0002,,"[-0.0003, 0.0001, -0.0004, -0.0006, 0.0002, -0.0001, 0.0, -0.0001, -0.0001, -0.0002, 0.0024, 0.0029, 0.0002, -0.0001, -0.0003, -0.0006, -0.0004, -0.0003, -0.0001, -0.0003, -0.0003, -0.0003, 0.0029, -0.0003, -0.0003, -0.0003, -0.0002, 0.0, -0.0001, -0.0001, -0.0001, -0.0001, -0.0001, -0.0001, -0.0013, -0.0001, -0.0001, -0.0, 0.0001, 0.0, 0.0, 0.0, 0.0, 0.0, -0.0, 0.0, 0.0, 0.0, 0.0, 0.0, -0.0, -0.0, -0.0, -0.0, -0.0, -0.0, -0.0, -0.0, -0.0, 0.0005, 0.0003, -0.0, -0.0, -0.0, -0.0, -0.0, -0.0, -0.0, -0.0, -0.0, -0.0, -0.0, -0.0, -0.0, -0.0, -0.0, 0.0, 0.0, -0.0, -0.0, -0.0, -0.0, -0.0, -0.0, -0.0, -0.0, -0.0, -0.0, -0.0002, -0.0, -0.0, -0.0, 0.0001, 0.0003, 0.0, -0.0001, -0.0, 0.0, -0.0, -0.0001, -0.0001, 0.0002, 0.0005, -0.0001, -0.0001, -0.0001, -0.0001, -0.0001, -0.0001, 0.0, -0.0002, 0.0001, 0.0003, -0.0001, -0.0001, 0.0002, -0.0001, 0.0, -0.0]",0.0
2026-07-04_22-49-34.mp4,1,120.0,15.0,0.0,motion,0.0,0.0,0.0,0.0,0.0,0.2999,2.797,0.306,0.2459,0.439,0.028,,"[-0.0044, -0.0066, 0.1456, -0.0066, -0.0066, -0.0065, 0.011, -0.0065, -0.0063, -0.0063, -0.005, -0.0049, -0.0049, -0.0048, -0.0047, -0.0046, -0.0046, -0.0046, 0.0072, 0.0003, 0.0003, 0.0003, 0.0009, 0.0032, 0.0008, -0.0359, 0.0008, 0.0008, 0.0008, 0.0008, 0.0008, 0.0008, 0.0008, 0.0008, 0.001, 0.001, 0.001, 0.001, 0.0031, 0.0011, 0.0011, -0.0001, -0.0001, -0.0001, 0.0002, 0.0002, -0.0005, -0.0005, -0.0005, -0.0005, -0.0005, -0.0005, -0.0005, -0.0005, -0.0004, -0.0004, -0.0004, -0.0004, -0.0004, -0.0089, -0.0004, 0.0209, -0.0004, -0.0004, -0.0004, -0.0004, -0.0004, -0.0004, -0.0004, -0.0004, -0.0004, -0.0004, -0.0004, -0.0004, -0.0004, -0.0007, -0.0007, 0.0, 0.0, 0.0, 0.0, 0.0, 0.0, 0.0, 0.0, 0.0, 0.0, 0.0, 0.0, 0.0, 0.0, 0.0, 0.0, -0.0002, -0.0011, -0.0007, -0.0007, -0.0007, -0.0007, -0.0007, -0.0007, -0.0007, -0.0007, -0.0007, -0.0007, -0.0007, -0.0007, -0.0007, 0.0065, 0.0251, -0.011, -0.0007, -0.0007, -0.0007, -0.0007, -0.0007, -0.0007, -0.0007, -0.0007]",0.0
2026-07-05_08-20-46.mp4,1,120.0,15.0,0.0,motion,0.0,0.0,0.0,0.0,0.0,0.1678,0.763,0.355,0.4218,12.794,0.0552,,"[-0.0, -0.0, 0.0, 0.0, -0.0, 0.0001, -0.0001, 0.0005, -0.0002, 0.0002, 0.0006, -0.0002, -0.0, -0.0001, 0.0001, 0.0, -0.0013, -0.0001, -0.0002, 0.0001, -0.0007, -0.0001, -0.0001, -0.0001, -0.0002, 0.0006, 0.0004, -0.0003, 0.0009, -0.0, 0.0009, -0.0006, -0.0002, 0.0008, -0.0002, 0.001, -0.0002, -0.0002, 0.0004, -0.0002, -0.0002, -0.0, -0.0001, -0.0001, -0.0, -0.0001, -0.0001, -0.0001, -0.0001, -0.0001, -0.0001, -0.0, -0.0, -0.0, 0.0, 0.0, 0.0, 0.0, -0.0001, -0.0003, -0.0, -0.0, -0.0, -0.0, -0.0, -0.0, -0.0, -0.0, -0.0, -0.0, -0.0, -0.0, -0.0, -0.0001, 0.0004, 0.0002, 0.0003, -0.0, -0.0, -0.0001, -0.0, -0.0, 0.0002, 0.0, 0.0001, -0.0, -0.0001, 0.0001, -0.0, -0.0, -0.0, -0.0, -0.0, -0.0, 0.0, 0.0, 0.0, 0.0, 0.0, 0.0, -0.0003, -0.0002, 0.0006, 0.0, 0.0, -0.0001, 0.0, 0.0, 0.0, -0.0007, 0.0, 0.0004, 0.0, 0.0002, 0.0, -0.0005, -0.0003, 0.0001, 0.0]",0.0
2026-07-20_08-13-16.mp4,1,120.0,15.0,0.0,motion,0.0,0.0,0.0,0.0,0.0,0.2878,1.78,0.319,0.5272,0.69,0.0375,,"[-0.0001, -0.0007, 0.0001, -0.0003, 0.0002, 0.0002, 0.0002, 0.0002, 0.0002, 0.0002, 0.0003, 0.0001, 0.0001, 0.0001, 0.0001, 0.0001, 0.0, -0.0, 0.0, -0.0003, -0.0, -0.0, 0.0001, -0.0, -0.0003, -0.0, -0.0, -0.0, 0.0, -0.0001, -0.0001, 0.0003, 0.0007, -0.0002, -0.0001, -0.0001, -0.0001, -0.0001, -0.0001, -0.0001, -0.0001, -0.0001, -0.0, -0.0001, 0.0007, 0.0002, 0.0028, -0.0008, 0.0032, -0.0029, -0.0003, -0.0005, 0.0003, -0.0, 0.0001, 0.0, -0.0005, 0.0001, 0.0001, -0.002, -0.0009, -0.0003, -0.0001, 0.0002, 0.0003, 0.0002, -0.0005, 0.0002, 0.0003, 0.0002, 0.0002, 0.0002, 0.0002, 0.0002, 0.0001, -0.0001, 0.0001, 0.0001, -0.0, 0.0006, 0.0004, -0.0001, -0.0005, 0.0002, -0.001, 0.0, 0.0001, 0.0001, 0.0001, -0.0003, 0.0001, 0.0001, -0.0004, 0.0001, 0.0, 0.0005, 0.0004, 0.0001, 0.0001, 0.0001, 0.0, -0.0009, 0.0, -0.0, 0.0, 0.0, -0.0001, 0.0, 0.0, 0.0, 0.0, 0.0, 0.0, 0.0, 0.0, 0.0001, 0.0, 0.0, 0.0]",0.0
2026-07-10_00-38-58.mp4,1,120.0,15.0,0.0,motion,0.0,0.0,0.0,0.0,0.0,0.3129,0.763,0.25,0.3199,1.879,0.0511,,"[0.0017, -0.0023, -0.0016, -0.0015, -0.0016, -0.0025, -0.0011, -0.001, -0.0009, -0.0008, 0.0018, -0.0006, -0.0005, -0.0003, -0.0002, -0.0001, -0.0, -0.0, -0.0, -0.0, -0.0, -0.0001, -0.0001, -0.0001, -0.0001, -0.0001, 0.0, 0.0, 0.0, 0.0, 0.0, 0.0, 0.0, 0.0, 0.0, 0.0, 0.0, 0.0, 0.0, 0.0, 0.0, 0.0, 0.0, 0.0, -0.0001, -0.0001, -0.0001, -0.0001, -0.0001, -0.0001, -0.0001, -0.0001, -0.0001, -0.0001, -0.0001, -0.0001, -0.0001, -0.0001, -0.0001, 0.0042, -0.0001, -0.0001, -0.0001, -0.0001, -0.0001, -0.0001, -0.0001, -0.0001, -0.0001, -0.0001, -0.0001, -0.0001, -0.0001, -0.0001, -0.0001, -0.0, -0.0, -0.0, -0.0, -0.0, -0.0, -0.0, -0.0, -0.0, -0.0, -0.0, -0.0, -0.0, -0.0, -0.0, -0.0, -0.0, -0.0, -0.0, -0.0, -0.0, -0.0, -0.0, -0.0, -0.0, -0.0, -0.0, -0.0, -0.0001, -0.0001, -0.0002, -0.0002, -0.0003, -0.0003, -0.0004, -0.0004, -0.0005, -0.0005, -0.0006, -0.0007, -0.0007, -0.0008, -0.0008, 0.0008]",0.0
2026-07-26_09-33-26.mp4,1,120.0,15.0,0.083,motion,0.0,0.0,0.0,0.0,0.0,0.3242,0.763,0.425,0.3689,0.011,0.0015,,"[0.0002, 0.0018, 0.0036, 0.0004, 0.0, -0.0006, 0.0019, 0.0019, -0.0037, -0.0001, -0.0009, -0.0018, -0.0026, 0.0006, -0.0007, 0.0005, -0.0007, -0.0002, -0.0002, -0.0, -0.0, 0.0001, 0.0001, 0.0003, 0.0001, 0.0002, 0.0, 0.0001, 0.0, 0.0007, 0.0001, -0.0001, -0.0, 0.0002, 0.0002, 0.0001, -0.0003, -0.0012, 0.0001, -0.0, 0.0004, -0.0001, -0.0003, 0.0002, 0.0002, 0.0, 0.0, 0.0, 0.0, 0.0, -0.0, 0.0, 0.0, 0.0, -0.0, -0.0001, -0.0003, -0.0003, -0.0002, 0.0002, -0.0001, -0.0001, -0.0, 0.0003, 0.0004, -0.0, -0.0002, -0.0, -0.0001, 0.0007, 0.0002, 0.0001, 0.0, 0.0, -0.0001, -0.0002, -0.0, -0.0001, -0.0001, -0.0001, -0.0001, -0.0002, 0.0001, -0.0, 0.0005, -0.0001, 0.0002, -0.0002, 0.0001, -0.0, -0.0, -0.0001, -0.0, -0.0, -0.0, 0.0001, 0.0001, -0.0001, -0.0001, -0.0002, 0.0001, -0.0, -0.0, -0.0001, -0.0, 0.0005, -0.0, -0.0, 0.0, 0.0002, 0.0001, 0.0007, 0.0, 0.0, 0.0, -0.0002, -0.0002, -0.0002, -0.0001]",0.0
2026-07-11_08-45-23.mp4,1,120.0,15.0,0.008,motion,0.0,0.0,0.0,0.0,0.0,0.5394,1.017,0.574,0.225,1.102,0.1622,,"[-0.0, 0.0001, 0.0, 0.0, 0.0, 0.0, 0.0, 0.0, 0.0, 0.0, -0.0, 0.0, 0.0, 0.0, -0.0, 0.0, -0.0001, -0.0, -0.0003, 0.0, 0.0, 0.0003, 0.0001, 0.0, -0.0, -0.0, -0.0, -0.0, 0.0, 0.0, 0.0, -0.0, -0.0002, -0.0002, -0.0002, 0.0, -0.0, 0.0003, 0.0, 0.0001, 0.0001, 0.0004, -0.0, 0.0001, -0.0002, 0.0, -0.0001, 0.0, 0.0, -0.0, -0.0, -0.0001, -0.0, -0.0, -0.0, -0.0, -0.0, 0.0, 0.0, -0.0, 0.0, -0.0, -0.0, 0.0, 0.0, 0.0, -0.0, 0.0, -0.0, -0.0001, 0.0001, 0.0, -0.0, 0.0, 0.0, 0.0, -0.0, -0.0, 0.0, -0.0001, -0.0001, 0.0002, 0.0003, -0.0, 0.0, -0.0002, -0.0001, -0.0001, 0.0, 0.0, 0.0, -0.0001, 0.0, 0.0, -0.0001, -0.0, 0.0002, -0.0001, -0.0, 0.0, 0.0, 0.0001, 0.0, -0.0, -0.0, -0.0, 0.0, 0.0, -0.0, -0.0, 0.0001, -0.0, -0.0, -0.0, -0.0, -0.0, -0.0, -0.0001, 0.0]",0.0
2026-07-07_04-31-27.mp4,1,120.0,15.0,0.0,motion,0.0,0.0,0.0,0.0,0.0,0.2466,1.017,0.453,0.3969,0.245,0.022,,"[0.0002, -0.0016, -0.0007, -0.0004, 0.0015, 0.0, 0.0008, -0.0002, -0.0001, 0.0009, -0.0002, -0.0001, -0.0001, -0.0001, 0.0001, -0.0005, -0.0013, 0.0003, -0.0008, 0.0001, 0.0002, -0.0, 0.0001, -0.0, -0.0002, 0.0001, -0.0, -0.0003, -0.0002, 0.0, -0.0004, 0.0003, 0.0006, -0.0002, 0.0006, -0.0003, 0.0012, 0.0, -0.0, -0.0004, 0.0003, 0.0001, 0.0003, -0.0009, -0.0002, -0.0003, 0.0007, -0.001, 0.0017, -0.0, -0.0015, -0.0011, 0.0004, 0.0, 0.0001, 0.0001, -0.0, 0.0001, 0.0001, -0.0001, -0.0, -0.0001, 0.0, 0.0003, 0.0003, -0.0013, 0.0015, -0.0004, -0.0005, -0.0001, -0.0001, -0.0, -0.0001, 0.0011, -0.0001, -0.0, 0.0003, 0.0002, -0.0, -0.0001, -0.0001, -0.0002, -0.0004, -0.0002, 0.0002, 0.0001, 0.0, 0.0001, 0.0003, 0.0001, 0.0006, 0.0005, 0.0001, -0.0, -0.0, 0.0005, 0.0006, -0.0018, 0.0009, -0.0048, 0.0006, -0.0002, 0.0004, 0.0001, 0.0003, -0.0, 0.0003, 0.0001, 0.0001, 0.0002, 0.0001, 0.0002, 0.0002, -0.0001, -0.0004, 0.0003, 0.0002, -0.0, 0.0]",0.0
2026-07-09_08-01-16.mp4,1,120.0,15.0,0.0,motion,0.0,0.0,0.0,0.0,0.0,0.2491,1.271,0.677,0.3662,0.045,0.0073,,"[-0.0, 0.0, 0.0, 0.0, 0.0, 0.0, 0.0, 0.0001, 0.0, 0.0, 0.0, 0.0, 0.0, 0.0, -0.0001, 0.0, 0.0, 0.0, 0.0, -0.0, 0.0, -0.0002, -0.0, -0.0, 0.0, 0.0, -0.0001, -0.0, 0.0, 0.0001, 0.0, 0.0, 0.0001, -0.0001, -0.0, 0.0, -0.0, -0.0, 0.0, -0.0, 0.0, -0.0, -0.0, -0.0, 0.0, 0.0, -0.0, -0.0, -0.0, -0.0, -0.0, 0.0001, 0.0, 0.0, -0.0, -0.0001, -0.0, 0.0, -0.0, -0.0001, 0.0002, 0.0, 0.0, -0.0, 0.0, 0.0001, -0.0, 0.0, 0.0, -0.0001, 0.0001, -0.0, -0.0, -0.0, -0.0, -0.0, -0.0, 0.0, -0.0, 0.0, 0.0, -0.0001, 0.0, 0.0, -0.0, 0.0, 0.0, 0.0, 0.0, 0.0, -0.0, 0.0, 0.0, 0.0, 0.0, 0.0, 0.0, 0.0, 0.0, 0.0, 0.0, 0.0, 0.0, 0.0, 0.0, 0.0, -0.0, -0.0, 0.0, -0.0, -0.0, 0.0, -0.0, -0.0, -0.0, -0.0, -0.0, -0.0, -0.0]",0.0
2026-07-01_18-41-50.mp4,1,120.0,15.0,0.0,motion,0.0,0.0,0.0,0.0,0.0,0.5809,1.525,0.724,0.2472,10.819,0.3853,,"[-0.0003, 0.0001, 0.0004, 0.0006, -0.0002, 0.0005, -0.0001, 0.0022, 0.0012, -0.0024, 0.003, -0.0008, -0.0012, -0.0022, -0.0011, -0.0006, -0.0002, 0.0038, 0.0009, -0.0103, -0.0001, -0.0007, 0.0029, 0.0062, 0.007, -0.0028, 0.003, -0.0001, -0.0004, -0.0005, -0.001, 0.0004, -0.0012, -0.0046, 0.0054, 0.005, 0.0038, -0.0018, 0.0003, -0.0036, -0.0125, -0.0064, -0.0, 0.0028, 0.0039, 0.0039, -0.0017, 0.0009, 0.0012, -0.0002, -0.0001, -0.0006, -0.0003, 0.0006, 0.0001, 0.0011, -0.0003, -0.0005, -0.0006, -0.0004, -0.0029, -0.0012, -0.0043, -0.0003, 0.0083, 0.001, 0.0039, -0.0003, -0.0006, 0.0018, 0.0006, -0.0001, -0.0006, -0.0024, -0.0014, 0.0014, 0.0004, -0.0002, -0.0017, -0.0003, 0.0004, -0.0003, 0.0005, -0.0001, -0.0016, -0.0001, 0.0002, -0.0, 0.0016, -0.0001, -0.0029, 0.0005, 0.0002, -0.0001, 0.0014, 0.0006, 0.0004, 0.0001, -0.0004, -0.0001, -0.0001, -0.0, -0.0004, 0.0001, 0.0011, 0.0006, -0.0007, -0.0006, -0.0003, 0.0011, -0.0007, 0.0003, 0.0002, -0.0002, -0.0002, -0.0009, -0.0014, -0.0002, 0.0002]",0.0
2026-07-05_13-20-32.mp4,1,93.0,15.0,0.0,motion,0.0,0.0,0.0,0.0,0.0,0.2952,2.797,0.764,0.3273,0.079,0.0166,,"[-0.0001, -0.0002, -0.0006, 0.0001, 0.0001, 0.0001, 0.0001, 0.0001, 0.0001, 0.0001, 0.0001, 0.0, 0.0, 0.0, 0.0, 0.0, 0.0, 0.0, 0.0005, -0.0, -0.0, -0.0, 0.0, 0.0, -0.0, -0.0, -0.0, -0.0, -0.0, -0.0, -0.0, -0.0001, -0.0, -0.0, 0.0, 0.0, 0.0, -0.0005, 0.0, 0.0002, 0.0, 0.0, 0.0, 0.0, 0.0, 0.0, 0.0, 0.0, 0.0, 0.0, 0.0, 0.0, 0.0, -0.0, -0.0, -0.0, -0.0, -0.0, -0.0, 0.0001, -0.0, -0.0, -0.0, -0.0, -0.0, -0.0, -0.0, -0.0, -0.0, -0.0, 0.0, 0.0, 0.0, 0.0, 0.0, 0.0, 0.0, 0.0, 0.0, 0.0, -0.0, 0.0, 0.0, 0.0, 0.0, -0.0005, 0.0, 0.0, 0.0001, 0.0, 0.0, 0.0]",0.0
2026-07-13_03-17-20.mp4,1,120.0,15.0,0.0,motion,0.0,0.0,0.0,0.0,0.0,0.3482,0.763,0.376,0.3712,2.369,0.0922,,"[-0.0003, 0.0006, 0.0009, 0.0002, 0.0002, 0.0002, 0.0001, 0.0001, 0.0001, 0.0001, 0.0001, 0.0, 0.0, 0.0, -0.0, 0.0002, -0.0, -0.0, -0.0, -0.0, -0.0, -0.0, -0.0, -0.0, -0.0, -0.0, 0.0001, 0.0001, 0.0001, 0.0003, 0.0001, 0.0002, 0.0001, 0.0001, 0.0001, 0.0001, 0.0001, 0.0001, 0.0001, 0.0, 0.0001, -0.0046, 0.0001, 0.0001, 0.0002, 0.0002, 0.0002, 0.0004, 0.0002, 0.0002, 0.0002, 0.0002, 0.0002, 0.0002, 0.0002, 0.0002, 0.0002, 0.0, 0.0, -0.0011, 0.0, -0.0001, 0.0, 0.0, 0.0, 0.0, 0.0, 0.0, 0.0, 0.0, 0.0, 0.0, 0.0, 0.0, 0.0, 0.0, 0.0, -0.0001, 0.0, -0.0, 0.0, 0.0, 0.0, 0.0, 0.0, 0.0, 0.0, 0.0, 0.0, 0.0, 0.0, 0.0, 0.0, 0.0, 0.0, 0.0, 0.0001, 0.0001, 0.0001, 0.0001, 0.0001, 0.0001, -0.0003, -0.0008, 0.0001, 0.0001, 0.0001, 0.0001, 0.0001, 0.0001, 0.0001, -0.0004, 0.0001, 0.0001, 0.0001, 0.0001, 0.0001, 0.0001, 0.0]",0.0
2026-07-05_11-46-45.mp4,1,116.0,15.0,0.0,motion,0.0,0.0,0.0,0.0,0.0,0.2811,2.542,0.244,0.3204,0.303,0.016,,"[0.0002, -0.0002, -0.0002, -0.0004, -0.0001, 0.0004, -0.0002, -0.0001, -0.0001, -0.0001, -0.0001, -0.0001, 0.0002, -0.0001, -0.0, -0.0, -0.0, 0.0, -0.0, -0.0, -0.0, -0.0, -0.0, -0.0, -0.0, -0.0, -0.0, -0.0, -0.0, -0.0, -0.0, -0.0, -0.0, -0.0, -0.0, -0.0, -0.0, -0.0, -0.0, 0.0, 0.0, 0.0, 0.0, 0.0, -0.0, -0.0, -0.0, -0.0, -0.0, -0.0, -0.0, -0.0, -0.0, 0.0001, -0.0002, -0.0, -0.0, -0.0, -0.0, 0.0003, -0.0, -0.0, -0.0, -0.0, -0.0, -0.0, -0.0, -0.0, -0.0, -0.0, -0.0, -0.0, -0.0, -0.0, -0.0, 0.0, 0.0, 0.0, 0.0, -0.0, -0.0, -0.0, -0.0, -0.0, -0.0, -0.0, -0.0, -0.0, -0.0, -0.0, -0.0, -0.0, 0.0, -0.0001, 0.0002, 0.0001, -0.0, 0.0, 0.0, 0.0, 0.0, 0.0, 0.0, 0.0, -0.0, -0.0001, 0.0, -0.0002, -0.0, 0.0, 0.0005, -0.0005, 0.0, 0.0, 0.0]",0.0
2026-07-01_17-54-17.mp4,1,120.0,15.0,0.0,motion,0.0,0.0,0.0,0.0,0.0,0.4041,1.017,0.546,0.4806,0.024,0.0052,,"[0.0, -0.0001, -0.0, -0.0, 0.0, -0.0, -0.0, -0.0, -0.0, 0.0, -0.0, -0.0001, 0.0, 0.0, -0.0, 0.0, 0.0001, -0.0, -0.0, -0.0, 0.0002, 0.0001, -0.0002, 0.0, 0.0001, 0.0, 0.0001, -0.0002, -0.0004, -0.0001, 0.0001, 0.0006, 0.0008, 0.0002, 0.0008, 0.0009, 0.0009, 0.0004, 0.0003, 0.0006, 0.0014, -0.0034, 0.0087, 0.0121, -0.0057, -0.0033, -0.0112, -0.0011, 0.023, -0.0222, -0.0006, 0.004, 0.0151, 0.0072, -0.0224, 0.002, -0.0014, -0.0007, -0.0421, -0.002, -0.0141, 0.0033, 0.0053, 0.0118, 0.0338, 0.0068, 0.003, 0.0024, 0.0026, 0.0035, 0.0007, 0.0026, 0.0027, 0.0026, 0.0013, -0.0344, -0.0326, -0.0171, 0.0277, 0.0043, 0.0014, -0.0014, 0.0114, 0.0094, 0.0007, -0.0116, -0.008, -0.0023, 0.0077, 0.0033, 0.01, -0.0063, 0.0284, -0.0042, -0.0018, -0.0017, -0.0002, -0.0007, -0.0003, 0.0004, -0.004, -0.0099, -0.0136, -0.0031, 0.0106, -0.0009, 0.0002, -0.0021, -0.0021, -0.0018, -0.002, 0.0013, -0.0027, -0.0027, -0.0031, -0.0032, -0.0056, -0.0017, 0.004]",0.0
2026-07-06_06-03-02.mp4,1,120.0,15.0,0.0,motion,0.0,0.0,0.0,0.0,0.0,0.2832,0.763,0.541,0.3468,0.534,0.0533,,"[0.0, 0.0, -0.0002, 0.0, -0.0003, -0.0002, -0.0003, 0.0, 0.0, 0.0, 0.0003, 0.0, 0.0, 0.0, 0.0, 0.0, 0.0001, -0.0007, 0.0, 0.0, 0.0, 0.0, 0.0, -0.0, 0.0006, 0.0001, 0.0001, 0.0, 0.0, 0.0, 0.0, -0.0002, 0.0004, -0.0002, -0.0001, -0.0003, -0.0006, 0.0, -0.0, -0.0003, -0.0, -0.0, 0.001, -0.0, -0.0004, -0.0003, 0.0006, 0.0005, 0.0, 0.0, -0.0001, 0.0, -0.0, 0.0001, 0.0, 0.0, 0.0, -0.0, 0.0001, -0.0, 0.0001, 0.0, -0.0003, 0.0, 0.0, 0.0, -0.0001, -0.0002, -0.0, -0.0008, -0.0004, 0.0, -0.0002, 0.0001, 0.0001, 0.0001, 0.0001, 0.0003, -0.0001, 0.0004, 0.0001, -0.0, -0.0002, 0.0001, 0.0, 0.0, -0.0001, 0.0, -0.0, 0.0, 0.0002, 0.0, 0.0, 0.0, -0.0004, -0.0001, 0.0, 0.0009, -0.0009, 0.0002, 0.0, 0.0, 0.0, 0.0, 0.0, 0.0, -0.0003, 0.0, 0.0003, 0.0, 0.0, 0.0, 0.0, 0.0, 0.0, -0.0004, -0.0001, 0.0, 0.0]",0.0
2026-07-20_19-21-29.mp4,1,120.0,15.0,0.0,motion,0.0,0.0,0.0,0.0,0.0,0.3087,0.763,0.364,0.0772,5.213,0.0942,,"[-0.002, 0.0084, 0.0037, 0.0018, -0.0001, 0.0004, 0.0003, 0.0001, 0.0064, 0.0, -0.0001, -0.0002, 0.0009, -0.0003, -0.0004, -0.0005, -0.0006, -0.0004, -0.0003, -0.0003, -0.0003, -0.0003, 0.0001, -0.0003, -0.0001, -0.0001, -0.0001, -0.0001, -0.0001, -0.0001, 0.0003, 0.0002, 0.0026, 0.0005, 0.0003, 0.0003, 0.0002, 0.0003, 0.0003, 0.0003, 0.0003, 0.0003, 0.0003, 0.0003, 0.0004, -0.0125, 0.0004, 0.0004, 0.0005, 0.0005, 0.0005, 0.0005, 0.0005, 0.0005, 0.0005, 0.0005, 0.0005, 0.0005, 0.0005, -0.0018, 0.0005, 0.0, 0.0, 0.0, 0.0001, 0.0001, 0.0001, 0.0001, 0.0001, 0.0001, 0.0001, 0.0001, 0.0001, 0.0001, 0.0001, 0.0, 0.0, 0.0, 0.0, 0.0, 0.0, 0.0, 0.0, 0.0, 0.0, 0.0, 0.0, 0.0, 0.0, 0.0, 0.0, 0.0, 0.0, 0.0, 0.0, 0.0, 0.0, 0.0, 0.0, 0.0, 0.0, 0.0, 0.0, 0.0, 0.0, 0.0, 0.0, 0.0, 0.0, 0.0, 0.0, 0.0, 0.0, 0.0, 0.0, 0.0, 0.0, 0.0, 0.0]",0.0
2026-07-08_08-34-58.mp4,1,120.0,15.0,0.158,motion,0.0,0.0,0.0,0.0,0.0,0.2655,0.763,0.585,0.2412,1.702,0.0978,,"[-0.0001, -0.0001, -0.0001, -0.0004, -0.0001, -0.0001, -0.0, 0.0003, -0.0001, -0.0001, -0.0001, -0.0001, 0.0026, -0.0001, 0.0006, 0.0008, -0.0001, -0.0002, 0.0001, -0.0016, 0.0006, -0.0006, 0.0001, -0.0002, -0.0002, -0.0004, -0.0002, -0.0004, -0.0008, -0.0004, -0.0002, 0.0002, -0.0001, -0.0001, -0.0001, -0.0001, -0.001, 0.0011, 0.0021, 0.0019, 0.0011, -0.001, -0.0002, 0.0002, -0.0002, -0.0002, -0.0002, -0.0007, 0.0, -0.0003, -0.0, -0.0004, 0.0001, -0.0005, -0.0, -0.0, 0.0003, -0.0005, -0.0005, -0.0002, -0.0002, -0.0003, 0.0001, 0.0003, -0.0002, 0.0056, -0.0016, 0.0003, -0.0004, -0.0003, 0.0001, -0.0004, -0.0002, -0.0002, -0.0002, -0.0003, -0.0002, -0.0002, -0.0003, 0.0001, -0.0003, -0.0006, 0.0005, 0.0003, 0.0002, -0.0001, -0.0001, -0.0001, -0.0003, -0.0003, -0.0002, 0.0001, -0.0006, -0.0003, -0.0003, -0.0003, 0.0, -0.0005, -0.0003, -0.0006, 0.0038, -0.0009, -0.0003, 0.004, -0.0003, -0.0005, 0.0004, -0.0006, -0.0003, -0.0005, -0.0004, -0.0003, -0.0004, -0.0006, 0.0, -0.0005, -0.0003, -0.0004, 0.0001]",0.0
2026-07-21_09-14-09.mp4,1,120.0,15.0,0.0,motion,0.0,0.0,0.0,0.0,0.0,0.2988,2.797,0.643,0.245,0.218,0.0344,,"[0.0001, -0.0002, -0.0001, -0.0001, -0.0001, -0.0, -0.0, -0.0, -0.0, -0.0, -0.0, -0.0, -0.0, -0.0, -0.0, -0.0, -0.0, -0.0, -0.0, -0.0, -0.0, -0.0, -0.0, 0.0002, -0.0, -0.0, -0.0, -0.0, -0.0, -0.0, -0.0, -0.0, -0.0, 0.0001, -0.0, -0.0001, -0.0, -0.0, -0.0, -0.0, -0.0, -0.0, -0.0, -0.0, -0.0, -0.0, -0.0, -0.0, -0.0, 0.0, 0.0, 0.0, 0.0, 0.0, 0.0, 0.0, 0.0, 0.0, 0.0, -0.0001, 0.0, 0.0, 0.0, 0.0, 0.0, 0.0, 0.0, -0.0, 0.0, -0.0, -0.0, 0.0, 0.0, 0.0, 0.0, -0.0, -0.0, -0.0, -0.0, 0.0, -0.0, -0.0, -0.0, -0.0, 0.0001, 0.0, -0.0, -0.0, -0.0, -0.0, 0.0001, -0.0, -0.0, -0.0, -0.0, -0.0, -0.0, -0.0, -0.0, -0.0, -0.0, -0.0, -0.0, -0.0, -0.0, -0.0, 0.0, 0.0, 0.0, 0.0, 0.0, 0.0, 0.0, 0.0, 0.0, 0.0, 0.0, 0.0, 0.0]",0.0
2026-07-21_15-19-11.mp4,1,120.0,15.0,0.0,motion,0.0,0.0,0.0,0.0,0.0,0.4398,0.763,0.121,0.3169,0.497,0.0176,,"[-0.0, 0.0001, 0.0001, 0.0, 0.0, 0.0, 0.0, 0.0, 0.0, 0.0, -0.0, 0.0001, 0.0, 0.0, -0.0001, -0.0004, 0.0, 0.0001, 0.0, 0.0, 0.0, 0.0, 0.0, 0.0, 0.0, 0.0, 0.0, 0.0, 0.0, 0.0, 0.0, -0.0, -0.0, -0.0, -0.0, -0.0, -0.0, 0.0, 0.0, 0.0, 0.0, -0.0, -0.0, -0.0, 0.0001, -0.0, -0.0, -0.0, -0.0, -0.0001, -0.0, -0.0, -0.0, -0.0, -0.0, -0.0, 0.0001, -0.0, -0.0, 0.0, 0.0, -0.0, 0.0, -0.0, -0.0, -0.0, -0.0, -0.0, -0.0, -0.0, -0.0, -0.0, -0.0, -0.0, -0.0, 0.0, 0.0, 0.0, 0.0, 0.0, 0.0, 0.0, 0.0, -0.0001, 0.0, 0.0, 0.0, 0.0, 0.0, 0.0, 0.0, 0.0, 0.0, 0.0, 0.0, 0.0, 0.0, 0.0, 0.0, -0.0, -0.0, -0.0, -0.0, -0.0, -0.0, -0.0, -0.0, -0.0, -0.0, -0.0, 0.0, -0.0, -0.0, -0.0, -0.0, -0.0, -0.0, -0.0, -0.0]",0.0
2026-07-05_11-31-03.mp4,1,120.0,15.0,0.183,motion,0.0,0.0,0.0,0.0,0.0,0.4352,1.525,0.366,0.5412,13.09,0.1481,,"[0.0307, -0.0394, 0.001, -0.0175, -0.0281, -0.0271, -0.0198, -0.0251, -0.0233, -0.0202, -0.0166, -0.0153, -0.006, -0.0069, -0.0141, -0.012, -0.0032, 0.0297, -0.0079, -0.0085, -0.0084, -0.0098, 0.0339, -0.0178, -0.0173, -0.0175, -0.0145, 0.0065, 0.0786, 0.0111, -0.0048, -0.009, -0.0088, -0.0074, 0.0019, -0.0085, 0.0272, -0.0183, 0.2799, -0.0305, -0.007, -0.0964, -0.137, -0.0232, -0.0065, -0.0034, -0.0039, -0.0047, -0.0065, 0.0556, -0.028, -0.0027, -0.003, -0.0013, 0.0047, 0.0104, 0.007, 0.0095, 0.003, 0.0012, 0.0004, -0.0005, 0.003, 0.0074, 0.0015, 0.003, -0.0076, 0.0014, -0.0057, 0.0039, 0.0044, -0.003, -0.0074, -0.0091, -0.0201, -0.0025, -0.0294, -0.0198, 0.0182, 0.0156, 0.0151, 0.0077, 0.007, 0.0046, -0.0, 0.0005, 0.0012, 0.0023, 0.0012, -0.0001, -0.0036, -0.0043, -0.004, -0.0046, -0.0096, -0.0166, -0.0127, -0.0122, -0.0057, -0.015, -0.0184, 0.0003, -0.0557, 0.0074, -0.0237, -0.0152, 0.0772, -0.0176, -0.0199, 0.1533, 0.1038, -0.0184, -0.0185, -0.0185, 0.1315, -0.0184, -0.0186, -0.0181, -0.0166]",0.0
2026-07-08_01-04-58.mp4,1,120.0,15.0,0.233,motion,0.0,0.0,0.0,0.0,0.0,0.6873,1.525,0.245,0.2788,99.0,0.1681,,"[-0.0, -0.0002, 0.0005, -0.0004, -0.0, 0.0005, 0.0, 0.0002, 0.0004, -0.0003, -0.0001, -0.0, 0.0002, -0.0001, 0.0, -0.0001, -0.0001, 0.0, 0.0004, 0.0014, 0.0013, 0.0037, 0.0069, 0.007, 0.007, 0.0035, 0.0015, 0.0018, 0.0016, 0.0016, 0.0016, 0.0009, -0.0007, -0.0102, -0.025, 0.0017, -0.0719, -0.1002, 0.0016, 0.005, 0.1063, 0.0625, -0.001, 0.0016, 0.0016, 0.0016, 0.0017, 0.0017, 0.0013, 0.001, -0.0, -0.0001, -0.0024, -0.0057, -0.0058, -0.0056, -0.0019, -0.0001, -0.0007, -0.0005, -0.0007, -0.001, -0.0002, 0.0081, -0.0007, 0.0039, -0.0001, 0.0002, -0.0001, 0.0, 0.0005, 0.0002, 0.0006, 0.0004, 0.0006, 0.0006, -0.0066, 0.0005, 0.0006, 0.0009, 0.0009, 0.001, 0.001, 0.0018, 0.0018, -0.0182, 0.0001, 0.0018, 0.0025, 0.0025, 0.0025, 0.0022, 0.0024, 0.0019, 0.0025, 0.0025, 0.0026, 0.0015, -0.0214, 0.0026, 0.0026, 0.002, 0.0015, -0.0201, 0.0019, 0.0019, 0.0019, 0.0009, -0.0038, 0.0019, 0.0019, -0.0029, 0.0018, 0.0019, 0.0011, 0.0011, 0.0011, 0.0011, 0.0011]",0.0
2026-07-21_13-49-54.mp4,1,44.0,15.0,0.0,motion,0.0,0.0,0.0,0.0,0.0,0.2064,1.744,0.545,0.2118,0.077,0.008,,"[0.0, -0.0001, -0.0001, -0.0, 0.0, -0.0001, -0.0, -0.0, -0.0, -0.0, -0.0, -0.0, -0.0, -0.0, -0.0, 0.0, 0.0, 0.0, -0.0, -0.0, 0.0, 0.0, -0.0, -0.0, 0.0, 0.0, 0.0, 0.0, 0.0, 0.0, -0.0, -0.0, 0.0, 0.0, -0.0, -0.0, 0.0, 0.0001, -0.0, -0.0001, 0.0, 0.0, 0.0]",0.0
2026-07-23_16-32-41.mp4,1,120.0,15.0,0.0,motion,0.0,0.0,0.0,0.0,0.0,0.3716,2.797,0.531,0.3326,2.087,0.1335,,"[0.0, 0.0001, -0.0001, 0.0004, 0.002, -0.0009, -0.0014, -0.0005, -0.0003, -0.0001, -0.0, 0.0, 0.0, 0.0001, 0.0009, 0.0001, -0.0, -0.0001, -0.0001, 0.0001, 0.0001, 0.0001, -0.0002, -0.0, -0.0001, -0.0001, -0.0003, 0.0002, -0.0002, -0.0007, 0.0002, 0.0, -0.0002, 0.0, -0.0001, -0.0001, -0.0, 0.0001, -0.0, 0.0006, 0.0014, 0.001, 0.0006, -0.0007, -0.0001, -0.0004, -0.0004, -0.0002, -0.0005, 0.0, -0.0003, -0.0001, 0.0001, -0.0002, -0.0001, -0.0, 0.0, -0.0001, 0.0002, -0.0002, -0.0001, 0.0003, -0.0002, 0.0009, -0.0003, -0.0001, -0.0007, 0.0007, -0.0, -0.0007, -0.0003, -0.0002, -0.0, -0.0001, -0.0004, -0.0002, -0.0003, 0.0052, -0.0, -0.0004, -0.0001, -0.0004, -0.0002, -0.0005, -0.0003, -0.0001, -0.0007, 0.0001, 0.0002, -0.0, -0.0003, -0.0001, -0.0003, -0.0001, 0.0006, -0.0, -0.0002, -0.0002, -0.0, 0.0001, 0.0001, 0.0, 0.0, -0.0, 0.0002, 0.0, 0.0001, 0.0, -0.0, 0.0001, 0.0, -0.0, 0.0, 0.0, -0.0001, 0.0, 0.0, -0.0001, -0.0]",0.0
2026-07-17_22-38-54.mp4,1,120.0,15.0,0.0,motion,0.0,0.0,0.0,0.0,0.0,0.3091,1.525,0.558,0.343,0.214,0.0303,,"[0.0, 0.0, 0.0, 0.0, 0.0, 0.0, 0.0, 0.0, -0.0, -0.0, -0.0, -0.0, -0.0, -0.0, -0.0, -0.0, -0.0, 0.0, -0.0, -0.0, -0.0, -0.0001, 0.0, 0.0001, -0.0, -0.0, 0.0001, 0.0, 0.0, 0.0, 0.0, -0.0001, -0.0001, 0.0003, -0.0001, 0.0, -0.0001, -0.0, 0.0, -0.0001, 0.0, -0.0, 0.0, 0.0, 0.0, -0.0, 0.0, 0.0001, 0.0001, 0.0001, -0.0002, -0.0002, -0.0, 0.0001, 0.0001, -0.0, 0.0, 0.0, 0.0, -0.0001, -0.0001, -0.0003, 0.0001, -0.0, 0.0, 0.0, 0.0002, -0.0001, 0.0001, -0.0001, 0.0003, -0.0001, -0.0002, -0.0002, 0.0, 0.0001, -0.0001, 0.0002, -0.0001, -0.0, 0.0001, -0.0, -0.0001, -0.0, 0.0001, 0.0001, 0.0, -0.0, 0.0004, -0.0002, -0.0, -0.0, -0.0, 0.0, 0.0004, 0.0, 0.0, 0.0, 0.0, -0.0003, -0.0002, 0.0, -0.0001, 0.0, 0.0, 0.0, 0.0, 0.0, 0.0, 0.0001, -0.0004, 0.0, 0.0, 0.0, 0.0, 0.0004, -0.0003, 0.0, 0.0]",0.0
2026-07-12_22-11-01.mp4,1,120.0,15.0,0.608,lips,0.5444,0.763,1.75,0.489,0.0507,0.7503,0.763,0.367,0.5143,90.773,0.3629,"[-1.0, 0.03, -1.0, 0.041, -1.0, 0.095, 0.044, -1.0, -1.0, -1.0, 0.028, -1.0, -1.0, -1.0, -1.0, -1.0, -1.0, 0.037, -1.0, 0.09, 0.101, -1.0, 0.096, 0.117, 0.177, 0.12, -1.0, -1.0, -1.0, -1.0, -1.0, -1.0, 0.035, 0.105, -1.0, 0.169, 0.18, 0.132, 0.119, 0.116, 0.151, 0.167, 0.164, 0.074, 0.069, -1.0, 0.1, 0.046, -1.0, -1.0, -1.0, 0.122, -1.0, 0.178, 0.209, 0.175, 0.168, -1.0, 0.175, 0.107, 0.059, -1.0, 0.117, -1.0, 0.105, -1.0, -1.0, -1.0, -1.0, -1.0, -1.0, -1.0, -1.0, -1.0, 0.055, -1.0, 0.18, 0.151, 0.092, 0.055, 0.084, 0.189, 0.144, 0.181, 0.22, 0.211, -1.0, 0.259, 0.141, 0.141, -1.0, 0.142, 0.149, 0.075, -1.0, 0.129, 0.122, 0.051, -1.0, 0.078, -1.0, 0.024, -1.0, 0.076, -1.0, -1.0, 0.117, 0.082, 0.086, 0.097, 0.114, 0.068, 0.09, 0.088, 0.102, 0.118, 0.083, 0.087, 0.098, 0.077]","[-0.0074, -0.0095, -0.0579, -0.0025, -0.0038, -0.0047, -0.0051, -0.0058, -0.007, -0.0182, -0.0159, -0.0053, 0.0387, 0.0371, -0.0105, 0.0363, 0.0706, -0.0143, 0.0143, 0.0162, -0.0081, -0.0271, -0.0148, 0.0038, 0.0205, 0.0195, -0.0056, -0.0181, -0.0161, 0.0107, -0.0093, 0.0214, 0.0993, 0.0177, 0.0023, 0.0334, 0.0717, -0.0002, -0.0167, -0.0104, -0.1053, -0.1022, -0.0882, -0.0131, -0.0056, -0.0075, -0.0023, -0.0078, 0.0292, 0.1026, 0.0143, 0.0106, -0.0109, 0.025, 0.0173, 0.0103, -0.0097, -0.0034, -0.0499, 0.0076, 0.1162, 0.0883, -0.0344, -0.0859, -0.1504, -0.1005, 0.0386, 0.0485, 0.1056, -0.0143, -0.0521, -0.0451, -0.0059, 0.0338, 0.0083, -0.0258, 0.0071, -0.0016, -0.011, -0.0054, -0.0017, -0.0493, 0.0014, -0.031, 0.0191, 0.0694, 0.0724, 0.0821, 0.0545, 0.0155, 0.037, -0.0177, -0.0124, -0.0022, -0.0506, -0.0366, -0.0434, -0.0619, -0.0626, -0.0149, -0.0181, -0.021, -0.0037, -0.0005, 0.0041, 0.006, 0.0055, 0.0191, 0.0388, 0.0519, 0.0619, 0.0511, 0.0028, 0.0012, 0.0003, 0.028, 0.0025, 0.0031, -0.0164]",1.0
2026-07-04_03-47-44.mp4,1,120.0,15.0,0.0,motion,0.0,0.0,0.0,0.0,0.0,0.3451,0.763,0.206,0.2262,99.0,0.0708,,"[0.0001, 0.0002, 0.0002, -0.0, 0.0002, 0.0002, 0.0002, 0.0002, -0.0002, 0.0001, -0.0028, 0.0015, -0.0001, 0.0, 0.0, -0.0008, -0.0019, 0.0001, -0.0001, 0.0003, -0.0001, -0.0004, -0.0001, -0.0001, -0.0002, 0.0034, 0.0015, -0.0002, -0.0008, -0.0002, -0.0002, -0.0, 0.0001, 0.0015, 0.0007, -0.0001, 0.0002, -0.0002, -0.0006, -0.0013, -0.0004, 0.0019, -0.0011, -0.0002, -0.0003, -0.0002, -0.0001, -0.0002, -0.0002, -0.0001, 0.0, -0.0007, -0.0011, 0.0033, 0.0016, -0.0001, -0.0002, 0.0001, -0.0001, 0.0006, -0.0008, -0.0005, 0.0002, -0.001, -0.0008, -0.0007, 0.0006, 0.0009, 0.0016, 0.0008, 0.0009, 0.0009, 0.0002, 0.0005, 0.0009, 0.0009, 0.0009, 0.0009, 0.0009, 0.0004, 0.0008, -0.0228, 0.0008, 0.0008, 0.0008, 0.0008, 0.0008, 0.0008, 0.0008, 0.0008, 0.0008, 0.0008, 0.0008, 0.0008, 0.0008, 0.0008, 0.0008, 0.0, 0.0, 0.0, 0.0, -0.0004, -0.0004, -0.0003, -0.0002, -0.0001, -0.0, 0.0, 0.0001, 0.0002, 0.0003, 0.0004, 0.0005, 0.0006, 0.0006, 0.0008, 0.0134, 0.0013, -0.0018]",0.0
2026-07-14_19-36-19.mp4,1,120.0,15.0,0.0,motion,0.0,0.0,0.0,0.0,0.0,0.3925,1.78,0.842,0.4838,0.759,0.1425,,"[-0.0001, -0.0001, 0.0001, -0.0001, 0.0007, 0.0009, -0.0001, -0.0001, 0.0005, 0.0003, 0.0002, -0.0007, -0.0001, -0.0002, -0.0001, 0.0009, -0.0, -0.0001, -0.0001, -0.0002, -0.0001, -0.0001, -0.0001, -0.0002, 0.0004, -0.0001, 0.0001, 0.0001, -0.0001, -0.0001, -0.0003, -0.0, 0.0001, -0.0, -0.0, -0.0001, -0.0, -0.0, -0.0, 0.0002, 0.0002, 0.0001, -0.0001, -0.0, -0.0, -0.0, 0.0, -0.0, -0.0, -0.0, 0.0001, -0.0002, -0.0, -0.0, -0.0, -0.0, -0.0, 0.0, -0.0, 0.0, 0.0, 0.0, -0.0, 0.0002, 0.0, 0.0, 0.0, -0.0, 0.0, -0.0, -0.0, -0.0001, -0.0, -0.0001, 0.0001, -0.0, 0.0, -0.0, -0.0001, -0.0001, 0.0, 0.0, 0.0, 0.0, 0.0, 0.0, 0.0, 0.0, 0.0, 0.0, 0.0, 0.0, 0.0, 0.0, 0.0, 0.0, 0.0, 0.0, 0.0, 0.0, -0.0001, -0.0, 0.0, -0.0001, 0.0, 0.0, 0.0, 0.0, 0.0, 0.0, 0.0, 0.0, 0.0, -0.0, 0.0, 0.0, 0.0, 0.0, 0.0]",0.0
2026-07-04_20-39-41.mp4,1,120.0,15.0,0.0,motion,0.0,0.0,0.0,0.0,0.0,0.3253,1.78,0.0,0.328,5.704,0.0,,"[-0.0, -0.0, -0.0, -0.0, -0.0, -0.0, -0.0, -0.0, -0.0, -0.0, -0.0, -0.0, -0.0, -0.0, -0.0, -0.0, -0.0, -0.0, -0.0, -0.0, -0.0, -0.0, -0.0, 0.0049, 0.0049, 0.0049, 0.0049, -0.0078, -0.0051, -0.0053, -0.0053, -0.0053, -0.0053, -0.0053, -0.0053, -0.0053, -0.0053, -0.0053, -0.1575, -0.0053, -0.0053, -0.0053, 0.3884, -0.0901, 0.0017, -0.0053, -0.0051, -0.0051, -0.0054, -0.0053, -0.0053, -0.0053, -0.0054, -0.0065, -0.011, -0.0111, -0.0111, -0.0117, 0.0016, -0.0008, -0.0008, -0.0008, -0.0008, -0.0004, -0.0006, 0.0008, -0.0017, 0.0016, 0.0326, -0.0113, -0.0009, 0.0007, -0.0012, -0.0008, -0.0035, -0.002, -0.0002, 0.0004, 0.0009, -0.0026, -0.0008, -0.0, -0.0012, 0.0005, 0.0006, 0.0007, 0.0008, 0.0014, 0.0027, 0.0015, 0.0034, 0.0043, 0.0025, 0.0032, 0.0026, 0.0011, -0.0001, 0.0027, 0.0009, 0.0022, 0.0012, -0.0803, 0.0128, 0.0014, 0.0023, 0.0023, 0.0024, 0.0024, 0.0026, 0.0039, 0.0032, 0.0034, 0.0027, 0.0027, 0.0024, 0.0022, 0.0025, -0.0005, -0.0001]",0.0
2026-07-21_01-15-14.mp4,1,120.0,15.0,0.0,motion,0.0,0.0,0.0,0.0,0.0,0.3846,2.034,0.468,0.2753,0.883,0.0844,,"[-0.0002, 0.0002, 0.0007, 0.0002, 0.0006, -0.0001, 0.0001, 0.0001, 0.0001, 0.0001, 0.0001, 0.0001, 0.0, -0.0007, 0.0, 0.0003, -0.0, 0.0005, -0.0001, -0.0003, 0.0003, 0.0, 0.0001, 0.0, 0.0002, 0.0, 0.0, 0.0, 0.0, -0.0002, -0.0, -0.0, -0.0, 0.0, 0.0, -0.0, 0.0, 0.0, -0.0002, -0.0, 0.0, -0.0, -0.0, -0.0, -0.0, -0.0, -0.0, -0.0, -0.0, -0.0, -0.0, -0.0, -0.0, -0.0, 0.0002, 0.0001, 0.0004, 0.0, -0.0, -0.0001, -0.0, -0.0, -0.0, -0.0, -0.0, -0.0, -0.0, 0.0001, 0.0001, -0.0, 0.0002, -0.0, -0.0002, -0.0006, 0.0001, -0.0, -0.0, 0.0001, -0.0001, -0.0, -0.0, 0.0, -0.0, 0.0, 0.0, 0.0002, 0.0, 0.0, 0.0, -0.0, -0.0, -0.0, -0.0, -0.0, -0.0, -0.0, -0.0, -0.0, -0.0, -0.0, -0.0, 0.0, 0.0, 0.0, 0.0, 0.0, 0.0, 0.0, 0.0, 0.0, 0.0, 0.0, 0.0, 0.0, 0.0, 0.0, -0.0002, 0.0, 0.0]",0.0
2026-07-19_10-20-02.mp4,1,120.0,15.0,0.358,motion,0.0,0.0,0.0,0.0,0.0,0.4345,0.763,0.0,0.5095,99.0,0.0,,"[-0.0001, -0.0001, -0.0, -0.0001, -0.0, 0.0, -0.0001, -0.0, -0.0001, -0.0, 0.0001, -0.0002, 0.0011, -0.0, 0.0006, -0.0002, -0.0001, -0.0001, -0.0001, -0.0, -0.0001, 0.0001, -0.0, -0.0001, -0.0, -0.0, -0.0, -0.0, -0.0001, -0.0001, 0.0001, 0.0002, -0.0, 0.0, -0.0, -0.0, -0.0001, 0.0001, -0.0, -0.0, -0.0, -0.0, 0.0, -0.0001, -0.0001, -0.0001, -0.0001, -0.0001, -0.0002, -0.0, 0.0001, -0.0, -0.0, 0.0001, -0.0, -0.0001, -0.0, 0.0, 0.0017, -0.0003, -0.0, -0.0, -0.0002, -0.0, -0.0003, -0.0003, -0.0001, 0.0002, 0.0001, -0.0, -0.0, 0.0, 0.0, -0.0005, -0.0001, -0.0001, 0.0001, -0.0001, -0.0001, -0.0002, -0.0001, -0.0001, -0.0001, -0.0, -0.0001, -0.0001, 0.0, 0.0002, 0.0001, -0.0066, 0.0166, 0.0377, 0.0368, 0.0364, 0.0369, 0.0368, 0.0368, 0.0367, 0.036, 0.0358, 0.0363, 0.0371, 0.0372, 0.0334, 0.2624, -0.646, -0.6451, 0.0369, 0.0363, 0.0372, 0.0369, 0.0368, 0.0372, 0.0371, 0.0368, 0.0368, 0.0372, 0.0368, 0.0368]",0.0
2026-07-08_06-56-53.mp4,1,120.0,15.0,0.0,motion,0.0,0.0,0.0,0.0,0.0,0.3303,2.034,0.619,0.3125,12.781,0.1895,,"[-0.0, -0.0002, 0.0, 0.0002, -0.0002, -0.0002, -0.0001, -0.0001, -0.0001, -0.0001, -0.0001, -0.0002, -0.0002, -0.0002, -0.0002, -0.0002, -0.0002, -0.0, 0.0048, -0.0002, -0.0002, -0.0002, -0.0002, -0.0002, -0.0002, -0.0002, -0.0002, -0.0002, -0.0002, -0.0003, -0.0002, -0.0002, 0.0007, -0.0002, -0.0, -0.0, -0.0, -0.0006, -0.0, -0.0, -0.0, -0.0, -0.0, -0.0, -0.0, -0.0, -0.0, -0.0, -0.0, -0.0, -0.0, -0.0, -0.0, 0.0005, -0.0, -0.0, -0.0, -0.0, -0.0, 0.0005, -0.0, -0.0, -0.0, -0.0, -0.0, -0.0, -0.0, -0.0, -0.0, -0.0, -0.0, -0.0, -0.0, -0.0, -0.0, 0.0, 0.0, 0.0, 0.0, 0.0, 0.0, 0.0, 0.0, 0.0, 0.0, 0.0, 0.0, 0.0, 0.0, 0.0, 0.0, 0.0, 0.0, 0.0, 0.0, 0.0, 0.0, 0.0, 0.0, 0.0, 0.0, 0.0, 0.0, 0.0, 0.0, 0.0, 0.0, 0.0, 0.0, 0.0, 0.0, 0.0, 0.0, 0.0, 0.0, 0.0, 0.0, 0.0, 0.0]",0.0
2026-07-22_11-31-40.mp4,1,120.0,15.0,0.0,motion,0.0,0.0,0.0,0.0,0.0,0.3049,2.542,0.454,0.2926,1.603,0.0852,,"[-0.0048, 0.146, 0.0164, -0.0235, -0.0079, -0.0079, -0.0079, -0.0079, -0.0079, -0.0079, -0.0079, -0.0079, -0.0161, -0.0077, -0.0077, -0.0077, -0.0077, 0.0873, -0.0021, -0.0026, -0.0026, -0.0026, -0.0026, -0.0026, -0.0026, -0.0026, -0.0026, -0.0026, -0.0029, -0.0029, -0.0029, -0.0101, -0.0101, -0.0072, -0.0072, -0.0072, -0.0072, -0.0072, -0.0072, -0.0072, -0.0072, -0.0072, -0.0072, -0.0072, -0.0094, -0.0094, 0.2126, -0.0094, -0.0094, -0.0094, -0.0094, -0.0094, -0.0094, -0.0094, -0.0107, -0.0107, -0.0107, -0.0107, -0.0107, 0.0608, -0.0103, -0.0129, -0.0058, -0.0058, -0.0058, -0.0058, -0.0058, -0.0058, -0.0058, 0.0337, -0.0058, -0.0058, -0.0053, -0.0058, -0.0205, -0.0034, 0.0777, -0.0033, -0.0035, -0.0026, -0.0035, -0.0035, -0.0035, -0.0035, -0.0035, -0.0022, -0.0022, -0.0022, -0.0022, -0.0022, -0.0027, -0.0026, -0.0, -0.0, -0.0, -0.0011, -0.0011, -0.0011, -0.0011, -0.0011, -0.0011, -0.0011, -0.0011, -0.0011, -0.0011, -0.0011, -0.0011, -0.0011, -0.0011, -0.0011, 0.0336, -0.0011, -0.0011, -0.0011, -0.0011, -0.0011, -0.0011, -0.0011, -0.0011]",0.0
2026-07-04_05-03-31.mp4,1,120.0,15.0,0.0,motion,0.0,0.0,0.0,0.0,0.0,0.1819,2.797,0.602,0.2334,0.013,0.0014,,"[0.0, 0.0, -0.0012, 0.0001, 0.0003, -0.0004, 0.0003, -0.0006, -0.0003, 0.0003, 0.0003, -0.0, 0.0003, 0.0002, 0.0007, -0.0003, -0.0, 0.0001, 0.0, -0.001, 0.0001, 0.0002, 0.0, 0.0, 0.0, 0.0, 0.0001, 0.0, -0.0, -0.0007, 0.0002, 0.0002, 0.0001, 0.0004, -0.0002, -0.0005, 0.0007, 0.0008, -0.0007, -0.0001, 0.0, 0.0001, 0.0001, -0.0001, -0.0002, 0.0002, -0.0001, 0.0, -0.0013, 0.0002, -0.0001, 0.0001, -0.0001, -0.0005, 0.0004, -0.0, 0.0002, 0.0001, 0.0002, 0.0001, 0.0, -0.0005, 0.0001, 0.0002, -0.0001, 0.0, -0.0001, -0.0002, -0.0002, 0.0003, -0.0005, -0.0005, -0.0004, -0.0002, 0.0014, -0.0007, -0.0002, -0.0002, 0.0021, -0.0005, -0.0005, -0.0003, 0.0043, -0.0003, -0.0003, -0.0004, -0.0002, -0.0003, -0.0003, -0.0006, 0.0008, -0.0006, -0.0002, 0.0, 0.0001, -0.0002, -0.0002, -0.0002, -0.0, -0.0, -0.0, -0.0, -0.0, -0.0, -0.0, -0.0, -0.0, -0.0, -0.0, -0.0, -0.0, -0.0, -0.0, -0.0, 0.0, 0.0, 0.0, 0.0, 0.0]",0.0
2026-07-07_22-33-42.mp4,1,120.0,15.0,0.0,motion,0.0,0.0,0.0,0.0,0.0,0.4656,0.763,0.478,0.2659,0.04,0.0086,,"[-0.0016, -0.0002, 0.0015, 0.0014, 0.0016, 0.0002, 0.0011, 0.0012, 0.0044, -0.0016, 0.0015, 0.0005, 0.0004, 0.0004, 0.0003, -0.0, 0.0001, 0.0, 0.0003, 0.0, 0.0, -0.0, 0.0006, 0.0015, 0.0015, 0.0015, 0.0015, 0.0015, -0.0007, 0.0015, 0.0015, 0.0015, 0.0015, 0.0012, 0.0015, 0.0015, 0.0, -0.0161, -0.0263, 0.0044, 0.0022, 0.0019, -0.0016, -0.0003, 0.0055, 0.0015, 0.0015, 0.0014, 0.0017, 0.0018, 0.0017, 0.0017, 0.0021, 0.0011, 0.0002, -0.0004, 0.0004, 0.0007, 0.0002, -0.002, 0.0003, -0.0005, 0.0025, -0.0078, -0.0016, 0.0016, 0.0, 0.0003, 0.0003, 0.0003, 0.0002, 0.0002, 0.0002, 0.0003, 0.0003, 0.0004, 0.0001, 0.0001, 0.0005, 0.0011, 0.0003, -0.0002, -0.0, -0.0, -0.0, -0.0, -0.0, -0.0, -0.0, 0.0002, -0.0, -0.0, -0.0, -0.0002, -0.0, 0.0, -0.0003, 0.0, 0.0, 0.0, 0.0, 0.0, 0.0, 0.0, 0.0, -0.0, 0.0, 0.0, 0.0, 0.0, -0.0002, 0.0, 0.0, 0.0, 0.0, 0.0, 0.0, 0.0, 0.0]",0.0
2026-07-04_09-55-22.mp4,1,66.0,15.0,0.0,motion,0.0,0.0,0.0,0.0,0.0,0.3881,1.525,0.305,0.4026,0.14,0.0145,,"[-0.0004, -0.0005, 0.0005, 0.0009, 0.0005, 0.0004, 0.0003, 0.0002, 0.0002, -0.0004, -0.0005, -0.0001, 0.0009, 0.0001, 0.0001, 0.0001, 0.0001, 0.0, 0.0, -0.0003, 0.0, 0.0001, 0.0001, 0.0001, 0.0001, 0.0, -0.0, -0.0, -0.0003, 0.0, 0.0, 0.0, 0.0, 0.0, 0.0, 0.0, 0.0, 0.0, 0.0, 0.0, 0.0, 0.0, 0.0, 0.0, -0.0, -0.0, -0.0, -0.0, -0.0, -0.0, -0.0, -0.0, -0.0, -0.0, -0.0, -0.0, -0.0, 0.0001, 0.0001, 0.0004, -0.0, -0.0, -0.0, -0.0, -0.0]",0.0
2026-07-10_14-14-55.mp4,1,120.0,15.0,0.008,motion,0.0,0.0,0.0,0.0,0.0,0.1217,1.78,0.891,0.4858,0.154,0.0145,,"[0.0, -0.0, -0.0005, -0.0, 0.0, -0.0, -0.0, -0.0, -0.0, -0.0002, -0.0, -0.0, -0.0, -0.0, -0.0, 0.0004, 0.0, -0.0, 0.0005, -0.0005, 0.0002, 0.0, -0.0, -0.0, -0.0, -0.0, -0.0, -0.0, -0.0, -0.0, -0.0, -0.0, 0.0001, -0.0, 0.0, 0.0, -0.0002, -0.0, -0.0, -0.0, -0.0, -0.0, -0.0, 0.0001, -0.0, -0.0, -0.0, -0.0, 0.0, 0.0, 0.0, 0.0, -0.0, -0.0, -0.0, -0.0, -0.0, -0.0, -0.0, 0.0, -0.0, -0.0, -0.0, -0.0, -0.0, -0.0, -0.0, -0.0, -0.0, -0.0, -0.0, 0.0, 0.0, 0.0, 0.0, 0.0, 0.0, 0.0, 0.0, 0.0, 0.0, 0.0, 0.0, 0.0, 0.0, 0.0, -0.0001, 0.0, 0.0, 0.0, 0.0, 0.0, 0.0, 0.0, 0.0, 0.0, 0.0, 0.0, 0.0, 0.0, 0.0, 0.0, -0.0, -0.0, -0.0, -0.0, -0.0, -0.0, -0.0, -0.0, -0.0, -0.0, -0.0, -0.0, -0.0, -0.0, -0.0, -0.0, -0.0]",0.0
2026-07-08_13-52-55.mp4,1,120.0,15.0,0.0,motion,0.0,0.0,0.0,0.0,0.0,0.2736,0.763,0.296,0.29,0.073,0.0055,,"[0.0005, -0.0013, -0.0003, -0.0026, -0.0, -0.0009, 0.0003, -0.0007, -0.0009, -0.0008, -0.0007, 0.0012, -0.0004, -0.0002, 0.0007, 0.0, -0.0003, 0.0005, 0.0033, -0.0007, -0.0, -0.0002, -0.0, -0.0003, -0.0001, -0.0001, -0.0002, 0.0001, 0.0001, -0.0005, 0.0003, -0.0003, -0.0, -0.0003, 0.0001, 0.0001, -0.0002, -0.0001, -0.0001, 0.0009, -0.0001, -0.0001, -0.0001, 0.0007, -0.0001, -0.0, -0.0, -0.0001, -0.0002, -0.0001, 0.0002, -0.0001, -0.0002, -0.0, 0.0, -0.0002, -0.0, -0.0, -0.0, 0.0, -0.0, -0.0001, -0.0, -0.0, -0.0, -0.0, 0.0, 0.0, 0.0, 0.0001, -0.0001, 0.0001, 0.0001, 0.0003, 0.0009, 0.0001, 0.0002, 0.0004, -0.0003, 0.0001, -0.0001, -0.0007, -0.0007, -0.0003, -0.0001, -0.0005, 0.0001, 0.0002, -0.0006, 0.0001, 0.0002, 0.0001, 0.0001, 0.0002, 0.0001, 0.0001, 0.0001, 0.0001, 0.0, 0.0001, 0.0001, -0.0, 0.0, 0.0, -0.0, 0.0, 0.0, 0.0, -0.0, 0.0, -0.0, -0.0, 0.0, -0.0, -0.0, 0.0, 0.0, 0.0, 0.0]",0.0
2026-07-09_12-20-56.mp4,1,120.0,15.0,0.008,motion,0.0,0.0,0.0,0.0,0.0,0.2002,2.542,0.665,0.2689,0.13,0.0153,,"[0.0001, -0.0005, 0.0, -0.0003, 0.0001, -0.0002, -0.0001, -0.0, -0.0001, -0.0002, 0.0001, 0.0001, -0.0001, 0.0001, -0.0002, 0.0001, 0.0002, -0.0, 0.0, 0.0001, 0.0001, -0.0001, -0.0, 0.0, -0.0, -0.0, -0.0001, -0.0, 0.0, 0.0001, -0.0, -0.0001, -0.0002, -0.0, -0.0001, -0.0001, 0.0003, 0.0, -0.0, 0.0, 0.0, 0.0, 0.0002, 0.0001, -0.0, 0.0, 0.0004, -0.0001, 0.0002, 0.0001, 0.0004, -0.0019, 0.0005, 0.0001, -0.0, 0.0, 0.0, -0.0004, -0.0, -0.0, 0.0001, 0.0, 0.0, 0.0, 0.0, 0.0001, 0.0, -0.0, -0.0001, 0.0, -0.0, 0.0001, -0.0, 0.0001, 0.0, -0.0, -0.0001, 0.0, -0.0, 0.0005, -0.0002, -0.0002, 0.0004, -0.0, 0.0, 0.0, -0.0, 0.0002, -0.0, -0.0, -0.0, -0.0, -0.0006, -0.0, -0.0, 0.0, 0.0002, -0.0, 0.0, 0.0, -0.0, -0.0002, 0.0, 0.0, 0.0, 0.0, 0.0, 0.0, 0.0, 0.0, -0.0, -0.0, 0.0, -0.0001, -0.0, -0.0, -0.0001, -0.0003, 0.0]",0.0
2026-07-24_12-39-18.mp4,1,120.0,15.0,0.075,motion,0.0,0.0,0.0,0.0,0.0,0.4432,0.763,0.273,0.4983,0.003,0.0004,,"[-0.0, -0.0, -0.0, -0.0, 0.0001, 0.0, -0.0, -0.0, -0.0, 0.0007, -0.0, -0.0001, -0.0004, -0.0, 0.0009, 0.0001, 0.0009, 0.001, 0.0011, 0.0011, 0.0011, 0.0004, 0.0008, 0.0011, 0.0011, 0.0011, 0.0011, 0.0007, 0.0008, -0.0019, -0.0006, -0.0212, -0.0043, -0.0006, 0.0003, 0.0006, 0.0011, 0.0009, 0.0007, 0.0005, 0.0038, 0.0004, 0.0049, 0.001, 0.0014, 0.0008, 0.0007, 0.0, 0.0001, -0.0013, 0.0001, -0.0004, -0.0004, -0.0008, -0.0009, -0.0013, -0.001, -0.0011, -0.0018, -0.0013, -0.0015, -0.0011, -0.0014, -0.0014, -0.0015, -0.0021, 0.0007, 0.0022, 0.0062, 0.0079, 0.0085, -0.0019, -0.0015, 0.0107, 0.0018, -0.0016, -0.0014, -0.0016, -0.0001, 0.0028, -0.0018, -0.0016, -0.0033, -0.0031, -0.0053, 0.0002, -0.0015, -0.002, 0.0022, 0.0003, -0.0003, -0.0001, 0.0001, -0.0002, 0.0002, 0.0003, 0.0003, 0.0003, 0.0002, 0.0002, 0.0002, -0.0002, -0.0, -0.0, -0.0004, -0.0004, 0.0, 0.0, 0.0001, -0.0003, -0.0, -0.0004, 0.0, 0.0, 0.0003, -0.0, -0.0002, 0.0002, 0.0001]",0.0
2026-07-04_14-49-00.mp4,1,120.0,15.0,0.692,lips,0.54,0.763,2.125,0.605,0.01,0.4798,0.763,0.435,0.5624,0.0,0.0,"[0.014, 0.005, 0.01, 0.014, 0.011, 0.01, 0.008, 0.01, 0.015, 0.016, 0.015, 0.018, 0.018, 0.03, 0.037, 0.03, 0.038, 0.032, 0.036, 0.029, 0.026, 0.031, 0.032, 0.026, 0.022, 0.017, -1.0, -1.0, -1.0, 0.023, -1.0, 0.014, -1.0, 0.028, -1.0, 0.024, 0.018, 0.025, 0.014, 0.016, 0.007, 0.006, 0.007, 0.011, 0.013, 0.006, 0.01, 0.008, 0.007, 0.006, 0.007, 0.006, 0.025, 0.019, 0.019, 0.026, 0.022, 0.029, 0.042, 0.035, 0.028, 0.027, 0.024, 0.03, 0.028, 0.041, -1.0, -1.0, -1.0, -1.0, -1.0, -1.0, -1.0, -1.0, -1.0, -1.0, -1.0, 0.016, 0.029, 0.017, -1.0, -1.0, 0.028, 0.018, 0.016, 0.016, 0.016, -1.0, 0.032, -1.0, 0.022, -1.0, 0.017, -1.0, 0.014, -1.0, 0.032, 0.027, -1.0, 0.008, -1.0, 0.014, -1.0, 0.049, -1.0, -1.0, 0.022, -1.0, -1.0, 0.038, -1.0, 0.016, 0.017, 0.031, 0.021, -1.0, -1.0, -1.0, -1.0, -1.0]","[0.0004, -0.0005, -0.0002, -0.0003, -0.0003, -0.0002, -0.0001, -0.0003, -0.0002, -0.0001, 0.0004, -0.0001, -0.0003, -0.0003, -0.0003, -0.0001, -0.0003, -0.0001, -0.0, -0.0, 0.0, 0.0002, -0.0001, -0.0, -0.0, -0.0, -0.0, -0.0, 0.0002, 0.0001, -0.0, 0.0, -0.0, 0.0001, -0.0001, -0.0, -0.0, -0.0, 0.0, 0.0, 0.0001, 0.0, -0.0, 0.0, 0.0003, 0.0003, 0.0001, 0.0001, 0.0001, 0.0003, 0.0001, 0.0002, -0.0003, -0.0005, -0.0006, -0.0006, -0.0001, -0.0004, -0.0002, -0.0001, 0.0, -0.0001, -0.0001, 0.0, 0.0001, 0.0001, 0.0001, 0.0001, 0.0001, 0.0001, 0.0001, 0.0001, 0.0, -0.0, 0.0001, 0.0, 0.0001, -0.0, -0.0, -0.0, -0.0, -0.0, -0.0001, -0.0001, -0.0, -0.0001, -0.0, -0.0, -0.0, 0.0001, 0.0, -0.0, -0.0, 0.0, 0.0002, 0.0001, 0.0, -0.0, 0.0001, -0.0001, 0.0001, -0.0001, -0.0, -0.0002, 0.0, 0.0001, 0.0, -0.0, -0.0, -0.0002, 0.0, -0.0, -0.0001, 0.0005, -0.0001, 0.0004, 0.0002, 0.0001, -0.0001]",0.0
2026-07-22_00-45-29.mp4,1,120.0,15.0,0.0,motion,0.0,0.0,0.0,0.0,0.0,0.3601,1.525,0.479,0.6025,0.0,0.0,,"[0.0, -0.0001, 0.0, 0.0, 0.0, 0.0, 0.0, 0.0, -0.0, 0.0, 0.0, 0.0, -0.0, 0.0, 0.0, 0.0, 0.0, 0.0, 0.0, -0.0, 0.0, 0.0, -0.0, -0.0, 0.0, 0.0, -0.0, 0.0, 0.0, -0.0001, 0.0, 0.0, 0.0, 0.0, 0.0, 0.0, -0.0001, 0.0, 0.0, 0.0, -0.0, 0.0001, 0.0, 0.0004, 0.0001, 0.0001, 0.0, 0.0002, 0.0001, 0.0001, 0.0001, 0.0002, 0.0001, 0.0004, 0.0002, -0.0001, -0.0009, -0.0013, -0.0016, 0.0005, 0.0008, 0.0002, 0.0005, 0.0002, 0.0004, 0.0001, -0.0003, -0.0008, -0.0022, 0.0001, 0.0001, 0.0002, 0.0002, -0.0001, 0.0004, -0.0004, 0.0001, 0.0002, -0.0, -0.0, 0.0001, 0.0011, 0.0005, 0.0005, 0.0011, -0.002, -0.001, 0.0017, 0.0003, 0.0002, -0.0004, -0.0001, -0.0001, -0.0001, -0.0, -0.0001, -0.0001, -0.0001, -0.0, -0.0002, 0.0001, -0.0, -0.0003, 0.0002, 0.0006, 0.001, 0.0014, 0.0018, 0.0022, 0.0026, 0.003, 0.0034, 0.004, 0.0043, 0.0045, 0.0051, 0.0059, 0.0119, -0.0063]",0.0
2026-07-04_01-45-53.mp4,1,120.0,15.0,0.0,motion,0.0,0.0,0.0,0.0,0.0,0.3441,1.78,0.143,0.4077,0.155,0.0066,,"[0.0, -0.0007, -0.0001, -0.0003, -0.0002, -0.0006, -0.0002, -0.0011, -0.0001, -0.0001, -0.0001, 0.003, 0.0005, 0.0003, -0.0001, -0.0006, 0.0006, -0.0004, 0.0, -0.0002, 0.0, 0.0002, -0.0002, 0.0001, -0.0001, -0.0001, -0.0001, -0.0, 0.0, 0.0, 0.0, -0.0003, 0.0, -0.0001, -0.0, -0.0, 0.0, -0.0, 0.0, -0.0, -0.0002, 0.0, 0.0, 0.0001, 0.0, -0.0, 0.0001, -0.0, -0.0, -0.0, -0.0, -0.0, -0.0, -0.0, -0.0, -0.0, -0.0, -0.0, -0.0, 0.0004, -0.0, -0.0, -0.0, -0.0, -0.0, -0.0, -0.0, -0.0, -0.0, -0.0, -0.0, -0.0, -0.0, -0.0, -0.0, -0.0, -0.0, 0.0, 0.0, 0.0, 0.0, -0.0, -0.0, -0.0, -0.0, -0.0, -0.0, -0.0, -0.0, -0.0, -0.0, -0.0, -0.0, 0.0, 0.0, 0.0, 0.0003, 0.0, 0.0, 0.0, 0.0, 0.0, -0.0001, 0.0, 0.0, 0.0, 0.0, 0.0, -0.0003, -0.0, 0.0, 0.0, 0.0, 0.0, -0.0, 0.0, 0.0, 0.0, 0.0]",0.0
2026-07-05_05-51-53.mp4,1,120.0,15.0,0.0,motion,0.0,0.0,0.0,0.0,0.0,0.5923,2.288,0.0,0.5616,0.558,0.0,,"[-0.0551, -0.0529, -0.0527, -0.0596, -0.0653, -0.0657, -0.0655, -0.0766, -0.0731, -0.0761, -0.0874, 0.0107, 0.059, 0.2311, 0.1728, 0.3724, -0.1586, -0.1684, 0.0492, -0.0046, -0.1645, -0.1643, 0.1675, -0.1587, -0.2041, 1.0358, 1.1436, -0.0513, -0.2373, -0.2475, -0.1505, -0.1016, 0.1919, -0.0821, -0.0583, -0.1483, -0.0588, -0.051, 0.0485, 0.5389, -0.0958, -0.0003, 0.0316, 0.045, 0.0437, 0.1497, -0.4947, -0.3804, -0.5831, -0.4718, -0.0087, 0.1027, -0.0111, 0.0439, 0.0503, 0.0687, 0.0668, 0.067, 0.0668, 0.0668, 0.0668, 0.0703, 0.054, 0.0398, 0.0186, 0.0021, 0.0005, 0.002, -0.0, -0.0001, -0.0, -0.0002, -0.0005, 0.0001, -0.0001, 0.0003, -0.0002, 0.0014, 0.0001, -0.0002, -0.0005, -0.0003, -0.0005, -0.0004, -0.0024, -0.0017, -0.0077, -0.0082, -0.0033, -0.0022, -0.0015, 0.0037, 0.0043, 0.0079, 0.005, 0.0108, 0.0048, 0.0091, 0.0051, 0.0443, 0.0051, 0.2003, 0.0022, -0.125, -0.0574, 0.0052, -0.1463, -0.0377, 0.0027, 0.0019, 0.0017, 0.0046, 0.0055, 0.0026, 0.0068, 0.0071, 0.0088, 0.0158, 0.0118]",0.0
2026-07-07_01-40-11.mp4,1,120.0,15.0,0.0,motion,0.0,0.0,0.0,0.0,0.0,0.6433,0.763,0.0,0.1736,99.0,0.0,,"[0.0, 0.0, -0.0007, -0.0002, 0.0058, 0.0115, 0.0124, 0.0123, 0.0123, 0.0123, 0.0121, 0.0123, 0.0125, 0.0123, 0.0122, 0.0121, 0.0104, 0.0342, -0.0027, -0.1737, -0.1668, -0.0122, 0.0153, 0.0102, 0.0157, 0.0124, 0.0087, 0.0168, 0.0118, 0.0121, 0.0125, 0.0123, 0.0121, 0.013, 0.0129, 0.0061, 0.0001, -0.0004, -0.0, 0.0, -0.0001, -0.0002, -0.0005, -0.0001, -0.0002, -0.0002, -0.0002, -0.0001, -0.0002, -0.0001, -0.0001, -0.0001, -0.0002, -0.0002, -0.0057, 0.0106, -0.0003, 0.0001, -0.0002, -0.0002, -0.0001, 0.0001, -0.0008, 0.0003, -0.0007, -0.0, -0.0001, 0.0, -0.0006, 0.0001, -0.0003, -0.0, 0.0, 0.0, -0.0, 0.0, 0.0, 0.0, -0.0, 0.0, -0.0, 0.0001, 0.0001, 0.0, -0.0, 0.0, 0.0, -0.0, 0.0, -0.0, -0.0, 0.0, -0.0, 0.0, -0.0, -0.0, -0.0, -0.0, 0.0, -0.0001, -0.0, 0.0, 0.0, 0.0, 0.0, 0.0, 0.0, 0.0, -0.0, 0.0001, -0.0, 0.0, 0.0, 0.0, 0.0, 0.0, 0.0, 0.0, -0.0]",0.0
2026-07-03_12-09-31.mp4,1,120.0,15.0,0.0,motion,0.0,0.0,0.0,0.0,0.0,0.3633,2.034,0.157,0.3217,99.0,0.0563,,"[0.0, 0.0004, -0.0023, -0.0022, -0.0, 0.0001, -0.0, 0.002, 0.0006, 0.0002, -0.0002, 0.0001, 0.0004, 0.0001, 0.0001, 0.0001, 0.0001, 0.0001, -0.0, -0.0001, -0.0001, -0.0001, -0.0001, -0.0, -0.0, -0.0, -0.0, -0.0, 0.0, 0.0, 0.0, 0.0, 0.0, 0.0, 0.0, 0.0, -0.0, -0.0, -0.0, -0.0001, -0.0, -0.0, -0.0, -0.0, -0.0001, -0.0001, -0.0001, -0.0001, -0.0001, -0.0001, -0.0002, 0.0011, -0.0007, -0.0, 0.0007, -0.0007, -0.0003, -0.0003, -0.0003, -0.0003, 0.0006, 0.0006, 0.0001, -0.0004, 0.0002, 0.0003, -0.0003, 0.0021, 0.0004, 0.0008, -0.0002, -0.0002, -0.0002, -0.0001, -0.0003, -0.0003, -0.0002, -0.0002, -0.0002, -0.0002, -0.0002, -0.0002, -0.0002, 0.0001, -0.0001, -0.0, -0.0, -0.0, 0.0006, -0.0, -0.0, -0.0, -0.0, -0.0, -0.0, -0.0, -0.0, -0.0, -0.0, -0.0, -0.0, -0.0, -0.0, -0.0, -0.0, -0.0, -0.0, -0.0, -0.0, -0.0, -0.0, -0.0, -0.0, -0.0, 0.0001, -0.0, -0.0, -0.0, -0.0]",0.0
2026-07-10_07-22-24.mp4,0,0.0,0.0,0.0,tooshort,0.0,0.0,0.0,0.0,0.0,0.0,0.0,0.0,0.0,0.0,0.0,,,
2026-07-08_14-38-24.mp4,1,120.0,15.0,0.0,motion,0.0,0.0,0.0,0.0,0.0,0.2348,0.763,0.341,0.4034,0.17,0.0116,,"[-0.0001, -0.0004, 0.0001, 0.0003, 0.0001, 0.0001, 0.0001, 0.0, 0.0, 0.0, 0.0, 0.0, 0.0, 0.0, 0.0006, -0.0002, -0.0, -0.0, -0.0, -0.0, -0.0, -0.0, -0.0001, -0.0001, -0.0001, -0.0001, -0.0001, -0.0001, -0.0001, -0.0, -0.0, -0.0001, 0.0003, -0.0001, -0.0001, -0.0, -0.0001, 0.0008, -0.0001, -0.0001, -0.0001, 0.0003, -0.0005, -0.0001, -0.0, -0.0, 0.0005, -0.0, -0.0, -0.0, -0.0, -0.0, -0.0, 0.0, 0.0, 0.0, -0.0, -0.0, -0.0, -0.0004, -0.0007, 0.0, -0.0, -0.0001, -0.0002, -0.0, 0.0001, -0.0, -0.0, 0.0003, -0.0004, 0.0018, -0.0002, 0.0002, -0.0, 0.0001, -0.0, -0.0, -0.0003, -0.0, -0.0001, -0.0, -0.0004, 0.0002, -0.0, -0.0, -0.0, 0.0, 0.0, 0.0, 0.0, 0.0, 0.0, 0.0002, 0.0004, 0.0, -0.0007, -0.0001, -0.0, -0.0003, -0.0001, -0.0001, -0.0001, -0.0001, -0.0004, -0.0001, -0.0001, -0.0001, 0.0001, 0.0002, -0.0002, -0.0, 0.0013, -0.0004, -0.0001, 0.0013, -0.0001, -0.0001, -0.0001]",0.0
2026-06-30_16-11-20.mp4,1,120.0,15.0,0.0,motion,0.0,0.0,0.0,0.0,0.0,0.3176,0.763,0.951,0.3075,0.38,0.0832,,"[-0.0, -0.0001, 0.0, 0.0, 0.0, 0.0, 0.0, 0.0, 0.0, 0.0, 0.0, 0.0, 0.0, 0.0, 0.0, 0.0, 0.0, 0.0, 0.0, -0.0, -0.0, -0.0, -0.0, -0.0, -0.0, -0.0, -0.0, -0.0, -0.0, -0.0, -0.0, -0.0, -0.0, -0.0, -0.0, -0.0, 0.0, -0.0, -0.0, -0.0, -0.0, -0.0, -0.0, -0.0, 0.0, 0.0, 0.0, 0.0, 0.0, 0.0, -0.0, -0.0, -0.0, -0.0, -0.0, -0.0, -0.0, -0.0, -0.0, -0.0, -0.0, -0.0, -0.0, -0.0, -0.0, 0.0002, -0.0, -0.0, -0.0, -0.0, -0.0, -0.0, -0.0, -0.0, -0.0, -0.0, -0.0, -0.0, -0.0, -0.0, -0.0, 0.0, 0.0, 0.0, 0.0, 0.0, 0.0, 0.0, 0.0, 0.0, 0.0, 0.0, 0.0, 0.0, 0.0, 0.0, 0.0, 0.0, 0.0, 0.0, 0.0, 0.0, 0.0, 0.0, 0.0, 0.0, 0.0, 0.0, 0.0, 0.0, 0.0, 0.0, 0.0, 0.0, -0.0, 0.0, -0.0, 0.0, 0.0]",0.0
2026-07-22_14-13-32.mp4,1,120.0,15.0,0.0,motion,0.0,0.0,0.0,0.0,0.0,0.5493,0.763,0.458,0.5136,2.725,0.1842,,"[0.0041, -0.0057, -0.0335, -0.0006, -0.0003, -0.0056, -0.021, 0.0003, 0.0015, 0.0019, 0.0029, 0.0047, 0.0848, -0.0656, 0.0091, 0.003, -0.0, -0.0025, -0.0053, -0.0047, -0.0036, -0.007, -0.0084, -0.0246, -0.0096, -0.027, -0.0523, 0.0206, -0.0, -0.0023, 0.1243, 0.0204, -0.0016, 0.0134, -0.0018, -0.0022, -0.0021, -0.0022, -0.0027, -0.0043, -0.0046, -0.0055, -0.0093, -0.0086, -0.0092, -0.0092, -0.0188, 0.0022, 0.0027, 0.0032, 0.0116, 0.0083, -0.0067, 0.0394, 0.0011, 0.0011, 0.003, 0.0774, 0.0036, 0.0232, 0.0038, 0.0029, -0.2003, -0.0133, 0.0031, 0.003, 0.0032, 0.0034, 0.0597, 0.0152, 0.0044, -0.0544, -0.0095, 0.0015, 0.0041, 0.0063, 0.0008, -0.0085, 0.032, 0.0156, 0.009, 0.0071, 0.0005, -0.0042, -0.008, -0.0128, -0.0149, -0.0156, -0.0154, -0.0161, -0.0357, -0.0329, -0.092, -0.0862, -0.0958, 0.0797, -0.0215, 0.1189, 0.1464, 0.1551, 0.0898, 0.0362, -0.0149, -0.0186, -0.0186, -0.006, -0.023, 0.0285, -0.0011, -0.0063, -0.0274, -0.0236, -0.0358, -0.0197, -0.0144, -0.0089, 0.0008, -0.0011, -0.0025]",0.0
2026-07-10_22-22-48.mp4,1,120.0,15.0,0.0,motion,0.0,0.0,0.0,0.0,0.0,0.2875,0.763,0.472,0.435,0.158,0.0185,,"[-0.0, 0.0001, 0.0001, 0.0, -0.0, 0.0, 0.0, 0.0, 0.0, -0.0, -0.0001, -0.0, -0.0, -0.0, -0.0, -0.0, -0.0, -0.0, -0.0, -0.0, -0.0, 0.0005, -0.0, -0.0, 0.0001, -0.0, 0.0, -0.0001, -0.0, -0.0001, -0.0001, -0.0, -0.0, -0.0001, -0.0, -0.0, -0.0, 0.0, 0.0, -0.0, -0.0, -0.0, 0.0, -0.0, -0.0, 0.0, -0.0, -0.0, 0.0, 0.0003, -0.0001, -0.0001, 0.0, 0.0, 0.0002, -0.0001, 0.0, 0.0, 0.0002, -0.0, 0.0, 0.0, -0.0, -0.0003, 0.0, -0.0003, -0.0, 0.0001, 0.0, 0.0, 0.0, 0.0, -0.0001, 0.0, 0.0, 0.0, 0.0, 0.0, 0.0, -0.0, 0.0, 0.0, -0.0001, 0.0, 0.0001, -0.0, -0.0001, 0.0, 0.0, -0.0, 0.0, 0.0, 0.0, 0.0, 0.0, 0.0, 0.0, -0.0001, 0.0, 0.0, 0.0, 0.0, -0.0, 0.0, -0.0, 0.0, -0.0, 0.0001, -0.0, -0.0, 0.0, 0.0, -0.0, -0.0, -0.0, -0.0, -0.0, -0.0, -0.0]",0.0
2026-07-11_14-05-54.mp4,1,101.0,15.0,0.0,motion,0.0,0.0,0.0,0.0,0.0,0.2608,0.763,0.511,0.2896,0.049,0.0062,,"[-0.0001, 0.0, 0.0001, 0.0001, 0.0001, 0.0001, 0.0, 0.0, 0.0, 0.0, -0.0, 0.0, 0.0, 0.0, 0.0, 0.0, 0.0, -0.0, 0.0, 0.0, 0.0, 0.0, 0.0, 0.0, 0.0, 0.0, 0.0, 0.0, -0.0, -0.0, 0.0, 0.0, -0.0001, 0.0, 0.0, -0.0, 0.0, 0.0001, 0.0, 0.0, 0.0, 0.0, 0.0, 0.0, 0.0, 0.0, 0.0, 0.0, 0.0, 0.0, 0.0, 0.0, 0.0, -0.0, 0.0, 0.0, 0.0, -0.0002, 0.0, 0.0, 0.0, -0.0001, 0.0, 0.0, 0.0, 0.0, 0.0, 0.0, 0.0, 0.0, 0.0, 0.0, 0.0, 0.0, 0.0, -0.0001, 0.0, -0.0003, 0.0, 0.0, 0.0, 0.0, 0.0, 0.0, 0.0, 0.0, 0.0, 0.0, 0.0, 0.0, 0.0, 0.0, 0.0, -0.0, -0.0, -0.0, -0.0, -0.0, -0.0, -0.0]",0.0
2026-07-15_09-01-43.mp4,1,120.0,15.0,0.0,motion,0.0,0.0,0.0,0.0,0.0,0.4217,2.542,0.521,0.3476,1.078,0.1141,,"[0.0, 0.0005, -0.0001, -0.0, -0.0003, 0.0001, 0.0004, -0.0004, 0.0002, -0.0003, 0.0006, -0.0, 0.0002, -0.0003, -0.0001, -0.0003, 0.0, -0.0, -0.0001, -0.0001, -0.0001, -0.001, 0.0002, -0.0001, -0.0002, -0.0002, -0.0002, 0.0001, 0.0006, -0.0008, -0.0002, -0.0001, 0.0, 0.0008, 0.0013, 0.0003, -0.0003, 0.0, 0.0064, 0.0, -0.0008, 0.002, -0.0005, -0.0007, 0.0004, 0.0018, -0.0089, -0.0054, -0.0, -0.0003, 0.0019, 0.0022, -0.0002, 0.0001, -0.0002, 0.0004, -0.0001, 0.0001, 0.0001, 0.0002, 0.0002, 0.0005, 0.0002, 0.001, -0.0, -0.0, 0.0001, 0.0001, 0.0004, 0.0002, -0.0001, -0.0004, 0.0003, 0.0013, -0.0025, 0.0, 0.0005, -0.0012, 0.0003, -0.0004, 0.0001, 0.0, -0.0, -0.0001, -0.0001, -0.0013, 0.0, 0.0005, -0.0, 0.0002, 0.0013, 0.0011, 0.0001, 0.0002, -0.0, -0.0, -0.0, -0.0, -0.0, 0.0003, -0.0, -0.0, -0.0001, -0.0001, -0.0001, -0.0001, -0.0, -0.0008, -0.0, -0.0003, 0.0, 0.0, 0.0, 0.0, 0.0, 0.0, 0.0, 0.0, 0.0]",0.0
2026-07-03_15-20-23.mp4,1,120.0,15.0,0.0,motion,0.0,0.0,0.0,0.0,0.0,0.3118,0.763,0.471,0.3825,0.028,0.004,,"[-0.022, 0.0422, -0.0733, 0.0504, 0.0239, 0.0191, 0.0125, 0.0165, 0.0149, 0.0133, 0.0117, 0.0093, 0.0074, 0.0, 0.0042, 0.0026, 0.001, 0.0015, -0.0017, -0.0028, -0.0007, -0.0007, -0.0009, -0.0009, -0.0009, -0.0009, 0.0237, 0.0106, -0.0009, -0.0014, -0.001, -0.0011, -0.0011, -0.0011, -0.0011, -0.0011, -0.0012, 0.0014, 0.0014, 0.0014, 0.0014, 0.002, 0.0026, 0.0033, 0.003, 0.0028, 0.0028, 0.0028, 0.0028, 0.0028, 0.0028, 0.0029, -0.0756, 0.003, 0.0026, 0.0026, -0.0171, 0.0004, 0.002, 0.0127, 0.0073, 0.0028, 0.0028, 0.0028, 0.0028, 0.0028, 0.0028, 0.0028, -0.0044, 0.0103, 0.0017, 0.0003, -0.0019, -0.0065, -0.0004, -0.0001, 0.0, 0.0, 0.0, 0.0, 0.0, 0.0, 0.0, 0.0, -0.0001, 0.0002, 0.0002, 0.0002, 0.0002, -0.0, -0.0, -0.0, 0.0, 0.0, 0.0, -0.0, -0.0, -0.0, -0.0, -0.0, -0.0, -0.0, -0.0, -0.0, -0.0, -0.0, -0.0, -0.0, 0.0, 0.0, 0.0, 0.0, 0.0, 0.0, 0.0, 0.0, 0.0, 0.0, 0.0]",0.0
2026-06-30_23-50-24.mp4,1,120.0,15.0,0.008,motion,0.0,0.0,0.0,0.0,0.0,0.4194,2.542,0.253,0.4807,0.0,0.0,,"[-0.0002, -0.0003, -0.0002, -0.0004, 0.0002, 0.0003, -0.0004, -0.0002, -0.0002, 0.0022, 0.0014, 0.0, -0.0001, -0.0004, 0.001, -0.0007, -0.0008, -0.0005, -0.0006, -0.0029, -0.0001, -0.002, 0.0001, 0.0002, 0.0016, 0.0008, 0.0016, 0.0034, 0.0024, 0.0015, 0.0039, 0.003, 0.0039, -0.0015, 0.0653, -0.0125, -0.0066, -0.0547, -0.0082, -0.0114, -0.0028, -0.0061, 0.0106, -0.0168, 0.0026, 0.0043, 0.0012, 0.0028, -0.0, 0.0015, 0.0038, 0.0033, 0.0031, 0.0058, 0.0013, 0.0003, 0.0001, -0.0002, 0.0004, -0.0005, -0.0005, -0.0007, 0.0001, -0.0001, 0.0, -0.0055, -0.0003, -0.0008, 0.0022, 0.0008, 0.0066, -0.0018, -0.0001, -0.0001, -0.0001, 0.0009, -0.0001, -0.0008, 0.0001, 0.0001, 0.0001, -0.0, 0.0, 0.0, 0.0002, 0.0001, 0.0004, 0.0004, 0.0004, 0.0004, 0.0003, 0.0003, 0.0037, -0.0083, 0.0004, 0.0004, -0.0016, -0.0012, 0.0004, -0.0035, 0.0034, -0.0016, -0.0003, -0.0, 0.0002, 0.001, 0.0008, 0.0008, 0.0014, 0.0014, 0.0017, 0.002, 0.0022, 0.0024, 0.0027, 0.0033, 0.0134, 0.014, -0.0049]",0.0
2026-07-10_11-27-15.mp4,1,120.0,15.0,0.0,motion,0.0,0.0,0.0,0.0,0.0,0.3817,2.288,0.611,0.2508,0.509,0.0788,,"[-0.0, 0.0, 0.0, 0.0004, -0.0, -0.0, 0.0, -0.0, -0.0, -0.0, -0.0, -0.0, -0.0, -0.0, -0.0, 0.0, -0.0, -0.0, -0.0, 0.0, 0.0, 0.0, 0.0001, -0.0, -0.0, -0.0, 0.0, -0.0, 0.0, 0.0001, -0.0, -0.0001, -0.0, -0.0001, 0.0, -0.0, -0.0, 0.0, 0.0, 0.0, 0.0, 0.0001, 0.0, 0.0, 0.0, 0.0, 0.0, 0.0, 0.0, -0.0, -0.0, -0.0, -0.0, -0.0, -0.0, -0.0, -0.0, 0.0, 0.0, -0.0001, 0.0, 0.0, 0.0, 0.0, 0.0, 0.0, 0.0, 0.0, 0.0, 0.0, 0.0, 0.0, 0.0, 0.0, 0.0, 0.0, 0.0, 0.0, 0.0, 0.0, 0.0, 0.0, 0.0, 0.0, 0.0, 0.0, 0.0, 0.0, 0.0, 0.0, 0.0, 0.0, 0.0, 0.0, 0.0, 0.0, 0.0, 0.0, 0.0, 0.0, 0.0, 0.0, 0.0, 0.0, 0.0, 0.0, 0.0, 0.0, 0.0, 0.0, 0.0, 0.0, 0.0, 0.0, 0.0, 0.0, 0.0, 0.0, 0.0]",0.0
2026-07-16_09-32-51.mp4,1,120.0,15.0,0.0,motion,0.0,0.0,0.0,0.0,0.0,0.3139,2.797,0.427,0.3281,0.777,0.0586,,"[-0.0, 0.0003, -0.0001, 0.0, 0.0, 0.0, 0.0, 0.0, 0.0, 0.0001, -0.0, -0.0, -0.0, -0.0, -0.0, 0.0, -0.0, -0.0, -0.0006, 0.0001, -0.0, -0.0, -0.0, -0.0, -0.0, 0.001, -0.0, -0.0, -0.0, -0.0, -0.0, -0.0, -0.0, -0.0, -0.0, -0.0, -0.0, -0.0, -0.0, -0.0, -0.0, -0.0, -0.0, -0.0, 0.0, 0.0, -0.0, -0.0001, 0.0, 0.0001, 0.0, 0.0, 0.0003, 0.0, 0.0, 0.0, 0.0, 0.0, 0.0, -0.0004, 0.0, 0.0, 0.0, 0.0, 0.0, 0.0, 0.0, 0.0, 0.0, 0.0, 0.0, 0.0, 0.0, 0.0, 0.0, -0.0001, 0.0, 0.0, 0.0, 0.0, 0.0, 0.0, 0.0, 0.0, 0.0, 0.0, 0.0, -0.0004, 0.0, 0.0, 0.0003, -0.0, 0.0, 0.0, 0.0, 0.0, 0.0, 0.0, 0.0, 0.0, 0.0, 0.0, 0.0, 0.0, 0.0, 0.0, 0.0, 0.0, 0.0, -0.001, 0.0005, 0.0, 0.0, 0.0, 0.0, 0.0, 0.0, 0.0, 0.0]",0.0
2026-07-15_18-27-25.mp4,1,75.0,15.0,0.0,motion,0.0,0.0,0.0,0.0,0.0,0.1647,0.763,0.294,0.0874,99.0,0.0482,,"[0.0151, 0.1221, -0.0225, -0.0212, -0.0199, -0.0186, -0.0173, -0.016, -0.0147, -0.0134, -0.0233, -0.0108, -0.0095, -0.0082, -0.0069, -0.0056, -0.0043, 0.0004, 0.0004, 0.0004, 0.0004, 0.0004, 0.0004, 0.0004, 0.0004, 0.0004, -0.0, -0.0, -0.0, -0.0, -0.0, -0.0, -0.0, -0.0, -0.0, -0.0, -0.0, -0.0, -0.0, -0.0, -0.0, -0.0, -0.0, -0.0, -0.0018, -0.0018, -0.0018, -0.0003, -0.0003, -0.0003, -0.0003, -0.0003, -0.0003, -0.0003, -0.0003, 0.0084, 0.0084, 0.0084, 0.0084, 0.0656, 0.0084, 0.0084, -0.0407, 0.0084, 0.0084, 0.0084, 0.0084, 0.0084, 0.0084, 0.0084, -0.2611, 0.0084, 0.0084, 0.0084]",0.0
2026-07-10_10-12-46.mp4,1,79.0,15.0,0.0,motion,0.0,0.0,0.0,0.0,0.0,0.3966,1.017,0.507,0.3127,0.0,0.0,,"[0.0001, -0.0001, -0.0, 0.0001, -0.0001, 0.0, 0.0004, -0.0, 0.0, 0.0, 0.0, 0.0, -0.0012, -0.0, 0.0, 0.0, -0.0003, 0.0004, 0.0001, -0.0, -0.0, -0.0, 0.0001, 0.0001, 0.0001, 0.0, 0.0, 0.0001, -0.0, -0.0001, -0.0001, -0.0001, 0.0, 0.0, 0.0, 0.0, 0.0, 0.0001, 0.0001, 0.0, 0.0004, 0.0, 0.0, 0.0, -0.0004, 0.0, 0.0001, 0.0002, 0.0003, 0.0003, -0.0004, 0.0003, -0.0001, 0.0005, 0.0006, 0.0003, 0.0003, 0.0003, 0.0003, -0.0002, 0.0003, -0.0009, -0.0032, -0.0025, 0.0003, 0.0002, 0.0001, 0.0003, 0.0003, 0.0003, 0.0004, 0.0004, 0.0004, 0.0, 0.0009, 0.0004, 0.0003, 0.0001]",0.0
2026-07-26_00-55-25.mp4,1,120.0,15.0,0.0,motion,0.0,0.0,0.0,0.0,0.0,0.2349,0.763,0.623,0.3338,1.81,0.0943,,"[-0.0097, 0.0107, 0.0096, 0.009, 0.0083, 0.0076, 0.0074, 0.0063, 0.0057, 0.005, 0.0044, 0.0037, 0.0031, -0.0068, 0.0017, 0.0011, -0.0013, 0.0004, 0.0004, 0.0004, 0.0004, 0.0004, 0.0004, 0.0004, 0.0004, -0.0019, 0.0004, 0.0004, 0.0004, -0.0013, -0.0013, -0.0013, -0.0019, -0.0019, -0.0019, -0.0019, -0.0019, -0.0019, -0.0019, -0.0019, -0.0019, -0.002, -0.0005, -0.002, 0.042, -0.0017, -0.0016, 0.0149, -0.0016, -0.0016, -0.0016, -0.0015, -0.0016, -0.0016, -0.0016, -0.0016, -0.0016, -0.0016, -0.0015, -0.0097, -0.0001, -0.0045, -0.0001, 0.0004, 0.0004, 0.0004, 0.0004, 0.0004, 0.0004, 0.0004, 0.0004, 0.0004, 0.0004, 0.0004, 0.0004, 0.0001, 0.0001, 0.0, 0.0, 0.0, 0.0, 0.0, 0.0, 0.0, 0.0, 0.0, 0.0, 0.0, 0.0, 0.0, 0.0, 0.0, 0.0, 0.0, 0.0, 0.0, 0.0, 0.0, 0.0, 0.0, 0.0, 0.0, 0.0, 0.0, 0.0, 0.0, 0.0, 0.0, 0.0, 0.0, 0.0, 0.0, 0.0, 0.0, 0.0, 0.0, 0.0, 0.0, 0.0]",0.0
2026-07-14_22-53-32.mp4,1,120.0,15.0,0.0,motion,0.0,0.0,0.0,0.0,0.0,0.299,2.542,0.188,0.2997,0.282,0.0124,,"[-0.0, 0.0, -0.0, 0.0, 0.0, 0.0, 0.0, -0.0, 0.0, 0.0, 0.0, 0.0, 0.0, 0.0, 0.0, -0.0, 0.0, 0.0, -0.0, -0.0, 0.0, -0.0001, 0.0001, 0.0, 0.0, -0.0001, 0.0, 0.0, 0.0, 0.0, 0.0, 0.0, -0.0, 0.0, 0.0, -0.0001, 0.0, 0.0, 0.0, 0.0, 0.0, 0.0001, 0.0, 0.0, 0.0, 0.0, 0.0, 0.0, 0.0, 0.0, 0.0, -0.0001, 0.0, 0.0, 0.0, 0.0, 0.0, 0.0, 0.0, 0.0, 0.0, 0.0, -0.0, -0.0, 0.0, 0.0, 0.0, 0.0, 0.0, 0.0, 0.0, 0.0, 0.0, 0.0, 0.0, -0.0, 0.0, 0.0, 0.0, 0.0, -0.0, 0.0, -0.0, 0.0, 0.0, 0.0, 0.0, 0.0, 0.0, -0.0, 0.0, 0.0, 0.0, 0.0, -0.0001, -0.0, -0.0, 0.0, -0.0, -0.0, -0.0, -0.0, -0.0, -0.0, 0.0001, -0.0, -0.0, -0.0, -0.0, 0.0001, -0.0, -0.0, -0.0, -0.0, -0.0, -0.0, -0.0, -0.0, -0.0]",0.0
2026-07-08_08-39-52.mp4,1,120.0,15.0,0.108,motion,0.0,0.0,0.0,0.0,0.0,0.1819,2.542,0.817,0.5848,0.009,0.0014,,"[-0.0001, 0.0008, -0.0002, -0.0007, -0.0002, -0.0002, 0.0001, 0.0033, -0.0002, -0.0002, -0.0001, -0.0001, 0.0007, -0.0003, -0.0012, -0.0001, -0.0002, 0.0001, -0.0005, 0.0012, -0.0006, -0.0009, -0.0002, 0.0001, 0.0, -0.0012, -0.0008, -0.0001, -0.0001, 0.0017, -0.0004, 0.0009, 0.0003, 0.001, 0.0007, 0.0009, 0.0073, -0.0087, -0.0005, -0.0003, -0.0, -0.0001, -0.0001, -0.0001, -0.0001, -0.0001, -0.0001, -0.0, -0.0, -0.0, 0.0, 0.0001, 0.0003, 0.0, 0.0, -0.0, -0.0, -0.0, -0.0, -0.0, -0.0, -0.0, -0.0, -0.0, -0.0, -0.0, -0.0, -0.0, -0.0, 0.0, 0.0, 0.0, -0.0, 0.0, 0.0, 0.0, 0.0, 0.0, 0.0, 0.0, 0.0, 0.0, 0.0, 0.0, 0.0, 0.0, 0.0, 0.0, -0.0, 0.0, 0.0, -0.0, -0.0, -0.0, 0.0, -0.0, -0.0, -0.0, -0.0, -0.0, -0.0, -0.0, -0.0, -0.0, -0.0, -0.0, 0.0, -0.0, -0.0, -0.0, -0.0, 0.0, 0.0, -0.0, 0.0, -0.0, -0.0, -0.0, -0.0]",0.0
2026-07-12_19-39-22.mp4,1,120.0,15.0,0.0,motion,0.0,0.0,0.0,0.0,0.0,0.3119,0.763,0.369,0.3335,0.558,0.0413,,"[0.0, -0.0, -0.0001, 0.0, -0.0, -0.0002, -0.0, -0.0, 0.0003, -0.0, -0.0, -0.0, -0.0, -0.0, 0.0, 0.0, -0.0, -0.0, -0.0, -0.0002, -0.0, -0.0, -0.0, -0.0, -0.0, 0.0001, -0.0, -0.0, -0.0, -0.0, -0.0, 0.0001, -0.0, -0.0, 0.0, 0.0, -0.0, 0.0, 0.0, -0.0, -0.0, -0.0, -0.0, -0.0, 0.0, 0.0, 0.0, 0.0, 0.0, 0.0, 0.0, 0.0, 0.0, 0.0, 0.0, 0.0, 0.0, 0.0, 0.0, -0.0002, 0.0, 0.0, 0.0, 0.0, 0.0, 0.0, 0.0, 0.0, 0.0, 0.0, 0.0, 0.0, 0.0, 0.0, 0.0, -0.0, -0.0, -0.0, -0.0, -0.0, -0.0, -0.0, -0.0, -0.0, -0.0, -0.0, -0.0, -0.0, -0.0, -0.0, -0.0, -0.0, -0.0, -0.0, -0.0, -0.0, -0.0, 0.0, -0.0, -0.0, -0.0, -0.0, -0.0, -0.0, -0.0, -0.0, -0.0, -0.0, -0.0, -0.0, -0.0, -0.0, -0.0, -0.0, -0.0, -0.0, -0.0, -0.0, -0.0]",0.0
2026-07-07_23-02-30.mp4,1,120.0,15.0,0.0,motion,0.0,0.0,0.0,0.0,0.0,0.1764,2.797,0.135,0.2785,0.068,0.0015,,"[-0.0001, 0.0002, 0.0001, -0.0001, -0.0001, 0.0, 0.0001, -0.0001, 0.0, 0.0, -0.0001, 0.0001, 0.0, 0.0001, 0.0, -0.0, -0.0001, 0.0004, -0.0, -0.0, 0.0, -0.0, -0.0, -0.0, -0.0, -0.0, -0.0, -0.0, -0.0, -0.0, -0.0, -0.0, -0.0, 0.0, -0.0, -0.0, -0.0, -0.0, -0.0, -0.0, -0.0, -0.0, -0.0, -0.0, -0.0, -0.0, 0.0, 0.0, 0.0, 0.0, 0.0, 0.0, 0.0, 0.0, 0.0, 0.0, 0.0, 0.0, 0.0, -0.0, 0.0, -0.0001, 0.0, 0.0, 0.0, 0.0, 0.0, 0.0, 0.0, 0.0, 0.0, 0.0, 0.0, 0.0, 0.0, 0.0, 0.0, 0.0, 0.0, -0.0, 0.0, -0.0, -0.0, -0.0, -0.0, -0.0, 0.0, 0.0, 0.0, 0.0, 0.0, 0.0, 0.0, 0.0, 0.0, -0.0001, 0.0, 0.0, 0.0, 0.0, 0.0, -0.0, 0.0, 0.0, 0.0, 0.0, 0.0, 0.0, -0.0, 0.0, 0.0, 0.0, 0.0, -0.0, 0.0, 0.0, 0.0, -0.0, 0.0]",0.0
2026-07-10_02-11-09.mp4,1,120.0,15.0,0.0,motion,0.0,0.0,0.0,0.0,0.0,0.3885,0.763,0.421,0.4247,0.159,0.0225,,"[-0.0, -0.0, -0.0, 0.0, -0.0, 0.0, -0.0, -0.0, -0.0, 0.0, -0.0, -0.0, 0.0, -0.0, -0.0, -0.0, -0.0, -0.0, -0.0, -0.0, -0.0, -0.0, -0.0, -0.0, -0.0, 0.0, -0.0, -0.0, -0.0, -0.0, -0.0, -0.0, -0.0, -0.0, -0.0, -0.0, -0.0, -0.0, -0.0, -0.0, -0.0, 0.0, 0.0, 0.0, 0.0, 0.0, 0.0, 0.0, 0.0, 0.0, 0.0, 0.0, 0.0, 0.0, 0.0, 0.0, 0.0, 0.0, 0.0, -0.0, 0.0, -0.0, -0.0001, -0.0, 0.0, 0.0, 0.0, -0.0, 0.0, 0.0, 0.0, 0.0, 0.0, 0.0, 0.0, 0.0, -0.0, 0.0, 0.0, 0.0, 0.0, 0.0, 0.0, 0.0, 0.0, 0.0, 0.0, 0.0, 0.0, 0.0, 0.0, 0.0, 0.0, 0.0, 0.0, 0.0, 0.0, 0.0, 0.0, 0.0, 0.0, 0.0, 0.0, 0.0, 0.0, 0.0, 0.0, 0.0, 0.0, 0.0, 0.0, 0.0, 0.0, 0.0, 0.0, 0.0, 0.0, 0.0, 0.0]",0.0
2026-07-05_13-01-50.mp4,1,120.0,15.0,0.0,motion,0.0,0.0,0.0,0.0,0.0,0.369,2.797,0.485,0.4403,0.093,0.0152,,"[-0.0002, -0.0006, 0.0, -0.0005, -0.0005, -0.0004, -0.0005, -0.0002, 0.0005, 0.0016, 0.0004, 0.0005, -0.0002, 0.0046, -0.0006, -0.0012, -0.0006, -0.0008, 0.0012, -0.0012, -0.0017, -0.0018, -0.0017, -0.0025, -0.0034, -0.0039, -0.0042, -0.0046, -0.0091, -0.0095, -0.0096, -0.0055, -0.0051, 0.0077, -0.0008, -0.0073, 0.0006, -0.0059, 0.0129, 0.0153, 0.0092, 0.001, 0.003, 0.1305, 0.0227, 0.0275, -0.0911, 0.004, -0.0061, -0.0081, -0.0069, -0.0122, -0.0087, -0.0099, -0.0089, -0.0049, -0.0045, -0.0013, -0.0066, -0.0003, -0.0009, 0.0079, -0.0047, -0.001, 0.0018, 0.0081, 0.0049, -0.0024, -0.0024, 0.0109, -0.002, -0.0015, -0.0017, 0.0022, -0.0012, -0.0019, -0.0019, -0.0016, -0.0028, 0.0166, -0.0015, -0.0011, -0.0015, -0.0007, -0.0153, -0.0004, -0.0006, -0.0006, 0.0106, 0.0151, -0.0178, 0.0007, 0.0009, 0.0007, 0.0004, 0.0009, -0.0021, -0.0032, -0.0032, -0.0019, -0.0015, 0.0039, -0.0043, -0.003, 0.0109, -0.0506, -0.0042, -0.0039, -0.0055, 0.0019, 0.0054, 0.0195, 0.0187, 0.0173, -0.0075, -0.0088, -0.0079, -0.0098, 0.0055]",0.0
2026-07-05_11-06-57.mp4,1,120.0,15.0,0.008,motion,0.0,0.0,0.0,0.0,0.0,0.5551,1.525,0.588,0.1786,41.064,0.3188,,"[-0.0037, 0.0062, 0.0047, 0.0042, 0.0006, 0.001, 0.0024, 0.0093, 0.0005, 0.0148, 0.0097, 0.0035, 0.0014, -0.0024, -0.0244, -0.0315, 0.0127, 0.0268, 0.0059, 0.0058, 0.0031, 0.0015, -0.0005, -0.0, -0.0056, -0.0056, 0.0024, 0.0009, 0.0007, -0.0004, 0.0016, -0.0025, -0.0029, -0.0013, -0.0012, -0.0009, -0.0042, 0.0015, 0.0002, -0.0005, -0.0015, 0.001, 0.0063, 0.0008, -0.0019, -0.0019, -0.0009, 0.003, -0.0005, 0.0033, -0.0002, 0.0023, -0.0011, -0.0007, -0.0029, -0.0007, -0.0007, -0.0007, -0.001, -0.0015, -0.0004, -0.0005, -0.0005, 0.0021, 0.0007, 0.0001, -0.0003, 0.0001, 0.0052, -0.0002, -0.0003, -0.0003, -0.0003, -0.0003, -0.0003, -0.0004, -0.0004, -0.0004, -0.0004, -0.0003, 0.0002, 0.0006, -0.0003, -0.0003, -0.0001, -0.0001, 0.0004, -0.0001, -0.0001, -0.0001, -0.0001, -0.0003, -0.0001, -0.0001, -0.0002, 0.0011, -0.0001, -0.0002, -0.0001, -0.0001, -0.0001, -0.0002, 0.0011, -0.0001, -0.0001, -0.0001, -0.0001, -0.0001, -0.0001, 0.0007, -0.0001, -0.0001, -0.0001, -0.0001, -0.0002, -0.0001, -0.0001, -0.0001, -0.0]",0.0
2026-07-21_12-16-49.mp4,1,120.0,15.0,0.0,motion,0.0,0.0,0.0,0.0,0.0,0.6587,0.763,0.851,0.5091,0.005,0.0026,,"[0.0002, -0.0001, -0.0024, -0.0013, 0.0016, -0.0, -0.0, 0.0, -0.0001, 0.0004, 0.0011, 0.0005, 0.0007, 0.0007, 0.0008, 0.0007, 0.0008, 0.0007, 0.0006, -0.0003, 0.0005, 0.0005, 0.0002, 0.0028, -0.0146, -0.002, -0.0011, -0.0052, -0.001, -0.0007, -0.0029, -0.0059, -0.0061, -0.0051, -0.006, -0.0034, -0.0016, 0.0018, 0.0016, -0.0008, 0.0045, -0.0007, 0.0044, 0.0062, 0.0163, 0.0651, 0.0921, 0.0372, 0.0355, -0.0032, -0.1248, -0.0806, -0.0, 0.0001, -0.0282, -0.0037, -0.0103, -0.0035, 0.0018, -0.0114, 0.0013, 0.0034, 0.0064, 0.0076, 0.0037, 0.0082, 0.0047, 0.0021, 0.0021, 0.0021, 0.0011, 0.001, 0.0006, 0.0004, 0.0005, -0.0002, 0.0001, 0.0001, 0.0004, -0.0007, -0.0, -0.0001, -0.0001, -0.0001, -0.0001, 0.0007, -0.0001, 0.0033, -0.0, -0.0, -0.0, -0.0012, -0.0, -0.0, -0.0006, -0.0, -0.0001, -0.0002, 0.0022, -0.0001, -0.0001, -0.0, -0.0018, 0.0001, 0.0001, 0.0001, -0.0018, 0.0, -0.0006, 0.0, 0.0, 0.0015, 0.004, 0.0, -0.0031, 0.0001, -0.0012, 0.0001, 0.0]",0.0
2026-07-22_21-19-24.mp4,0,0.0,0.0,0.0,tooshort,0.0,0.0,0.0,0.0,0.0,0.0,0.0,0.0,0.0,0.0,0.0,,,
2026-07-08_21-55-47.mp4,1,120.0,15.0,0.0,motion,0.0,0.0,0.0,0.0,0.0,0.2444,0.763,0.175,0.271,4.096,0.0344,,"[0.0002, -0.0007, 0.0002, 0.0052, 0.0007, -0.002, -0.0005, -0.0013, -0.0009, -0.0005, -0.0004, -0.0004, -0.0003, -0.0003, 0.0008, -0.0002, 0.0014, -0.0002, -0.0001, 0.0, 0.0001, 0.0, 0.0, 0.0, -0.0, -0.001, -0.0003, -0.0003, -0.0007, -0.0, 0.0, 0.0, 0.0001, 0.0001, 0.0001, 0.0001, 0.0001, 0.0001, 0.0001, 0.0001, 0.0001, 0.0, 0.0, 0.0, -0.0, 0.0001, 0.0001, 0.0001, 0.0003, 0.0001, 0.0001, 0.0001, 0.0001, 0.0001, 0.0001, 0.0001, 0.0001, 0.0001, 0.0001, 0.0011, -0.0043, 0.0002, 0.0001, 0.0003, 0.0002, 0.0001, 0.0001, 0.0001, 0.0001, -0.0002, 0.0001, 0.0001, 0.0001, 0.0001, 0.0001, 0.0004, -0.0, -0.0, -0.0, 0.0, 0.0, 0.0, 0.0, 0.0, 0.0, -0.0, -0.0, -0.0, -0.0, -0.0, -0.0, 0.0, 0.0, 0.0, -0.0002, 0.0, 0.0, 0.0, 0.0, 0.0, 0.0, 0.0, 0.0, 0.0, 0.0, 0.0, 0.0, 0.0, 0.0, 0.0, -0.0, -0.0, -0.0, 0.0, -0.0, -0.0, -0.0, -0.0, -0.0]",0.0
2026-07-04_12-40-21.mp4,1,120.0,15.0,0.0,motion,0.0,0.0,0.0,0.0,0.0,0.2877,1.78,0.42,0.4569,0.0,0.0,,"[0.0016, -0.0018, -0.0021, -0.0014, -0.0013, -0.0011, -0.0009, -0.0012, -0.0009, -0.0008, -0.0007, -0.0006, -0.0005, -0.0, -0.0003, -0.0002, -0.0002, -0.0, -0.0, -0.0, 0.0018, 0.0003, -0.0, -0.0011, 0.0008, -0.0006, -0.0001, -0.0004, 0.0004, -0.0001, -0.0001, 0.0002, -0.0013, -0.0006, 0.0, -0.0001, 0.0004, -0.0004, 0.0022, -0.0002, -0.0001, 0.0007, -0.0002, -0.0, 0.0004, 0.0004, 0.0004, 0.0004, 0.0004, 0.0004, 0.0004, 0.0004, 0.001, 0.0009, 0.0037, 0.0011, 0.0011, 0.0011, 0.0011, -0.017, 0.0012, 0.0011, 0.0011, 0.0011, 0.0011, 0.0011, 0.0011, -0.0186, 0.0011, 0.0011, 0.0009, 0.001, 0.0009, 0.0009, 0.0009, 0.0004, 0.0004, 0.0004, 0.0004, 0.0004, 0.0004, 0.0004, 0.0004, 0.0005, -0.0003, 0.0081, -0.0003, -0.0003, -0.0003, -0.0003, -0.0011, -0.0003, -0.0003, -0.0003, -0.0003, -0.0003, -0.0003, -0.0003, -0.0003, 0.0, -0.0003, -0.0, -0.0, 0.0013, -0.0, -0.0, 0.0002, -0.0001, -0.0001, -0.0001, -0.0001, -0.0001, -0.0001, -0.0001, -0.0001, -0.0001, 0.0002, -0.0, -0.0001]",0.0
2026-07-07_19-28-25.mp4,1,120.0,15.0,0.0,motion,0.0,0.0,0.0,0.0,0.0,0.2191,2.797,0.585,0.451,0.655,0.0507,,"[0.0, -0.0001, -0.0, 0.0001, -0.0002, -0.0001, 0.0, -0.0001, -0.0002, 0.0001, -0.0, 0.0001, 0.0, -0.0001, -0.0001, -0.0, -0.0001, -0.0001, -0.0, -0.0001, 0.0002, -0.0, 0.0, -0.0001, -0.0001, -0.0, -0.0001, -0.0, 0.0023, -0.0003, 0.0, -0.0001, -0.0, -0.0002, 0.0005, -0.0017, 0.0005, -0.0001, -0.0001, 0.0, -0.0, -0.0001, -0.0001, -0.0001, 0.0002, 0.0002, -0.0, 0.0, -0.0, 0.0, 0.0001, -0.0, 0.0001, -0.0, -0.0, -0.0, -0.0, -0.0, -0.0001, 0.0, -0.0001, 0.0001, 0.0002, -0.0, -0.0001, 0.0, -0.0, 0.0001, -0.0001, 0.0001, -0.0, 0.0, -0.0, -0.0001, -0.0004, -0.0001, 0.0, 0.0001, -0.0, 0.0, -0.0, 0.0004, 0.0, -0.0001, 0.0001, -0.0, -0.0001, 0.0, 0.0, 0.0001, 0.0, -0.0, 0.0, -0.0001, 0.0, -0.0, -0.0, -0.0, -0.0, -0.0, 0.0001, 0.0, -0.0001, -0.0001, 0.0002, -0.0002, 0.0007, -0.0, -0.0002, -0.0002, 0.0, 0.0001, 0.0002, -0.0002, -0.0, -0.0, -0.0002, -0.0, 0.0]",0.0
2026-07-22_13-34-32.mp4,1,120.0,15.0,0.0,motion,0.0,0.0,0.0,0.0,0.0,0.2125,0.763,0.327,0.2582,0.062,0.0041,,"[0.0, -0.0, -0.0, 0.0002, -0.0001, -0.0, -0.0, -0.0, -0.0, 0.0, 0.0001, -0.0, -0.0, -0.0, -0.0, -0.0001, -0.0, -0.0, 0.0, -0.0, -0.0, -0.0, -0.0, 0.0, -0.0, -0.0, -0.0, -0.0, -0.0, -0.0, -0.0, -0.0, -0.0, -0.0, -0.0, -0.0, -0.0, -0.0, -0.0, 0.0, 0.0, -0.0, -0.0, -0.0, -0.0, -0.0, -0.0, -0.0, -0.0, -0.0, -0.0, -0.0, -0.0, -0.0, -0.0, -0.0, 0.0003, 0.0, -0.0, 0.0001, -0.0, 0.0003, -0.0, -0.0, -0.0, 0.0002, -0.0, 0.0, -0.0, -0.0, -0.0, -0.0, -0.0001, -0.0, -0.0, -0.0, -0.0003, -0.0, 0.0, -0.0, -0.0, 0.0, -0.0, -0.0, -0.0, 0.0, 0.0, 0.0001, 0.0002, 0.0, 0.0, 0.0, -0.0, -0.0, -0.0, -0.0, -0.0, 0.0001, -0.0, -0.0, -0.0001, -0.0001, -0.0, 0.0, 0.0, 0.0, 0.0001, 0.0001, 0.0001, 0.0001, 0.0001, 0.0001, 0.0002, 0.0002, 0.0002, 0.0002, 0.0003, 0.0002, -0.0003]",0.0
2026-07-14_16-38-30.mp4,1,120.0,15.0,0.025,motion,0.0,0.0,0.0,0.0,0.0,0.3159,1.78,0.608,0.3667,0.0,0.0,,"[0.0, 0.0, 0.0, -0.0002, 0.0001, -0.0003, 0.0, 0.0, -0.0, 0.0, 0.0, 0.0, -0.0, -0.0, -0.0, -0.0, -0.0, -0.0, -0.0, -0.0, -0.0, -0.0, -0.0001, -0.0001, -0.0001, -0.0001, -0.0001, 0.0005, -0.0001, -0.0001, -0.0001, -0.0001, -0.0001, -0.0001, -0.0001, -0.0001, -0.0001, 0.0027, -0.0001, -0.0001, -0.0001, -0.0001, -0.0001, -0.0001, -0.0001, -0.0001, -0.0001, -0.0001, -0.0001, -0.0001, -0.0001, -0.0006, -0.0001, 0.0, 0.0, 0.0, 0.0, 0.0, 0.0, -0.0005, 0.0, 0.0001, 0.0001, 0.0001, 0.0001, 0.0001, 0.0001, 0.0001, 0.0004, 0.0001, 0.0001, 0.0001, 0.0001, 0.0001, -0.0003, 0.0001, -0.0009, 0.0001, 0.0001, 0.0001, 0.0001, 0.0001, 0.0001, -0.0011, 0.0001, 0.0001, 0.0001, 0.0001, 0.0001, 0.0001, 0.0, 0.0001, 0.0, 0.0, 0.0, 0.0, 0.0, 0.0, 0.0, 0.0004, -0.0, -0.0, -0.0, -0.0, -0.0, -0.0, -0.0, -0.0, -0.0, -0.0, -0.0, -0.0, -0.0, -0.0, -0.0, 0.0, 0.0, 0.0, 0.0]",0.0
2026-07-01_00-38-04.mp4,1,120.0,15.0,0.008,motion,0.0,0.0,0.0,0.0,0.0,0.5053,0.763,0.159,0.3205,0.45,0.025,,"[0.0001, 0.0001, -0.0, -0.0001, -0.0002, -0.0002, -0.0002, -0.0002, -0.0002, -0.0002, -0.0002, -0.0002, 0.0008, -0.0026, -0.0002, -0.001, -0.0006, 0.0024, 0.0019, 0.0045, -0.0001, -0.0002, -0.0002, -0.0002, -0.0002, -0.0002, -0.0002, -0.0002, -0.0002, -0.0002, -0.0026, -0.0003, -0.0003, -0.0002, -0.0001, -0.0002, 0.0015, 0.0003, 0.0, 0.0, -0.0001, -0.0, -0.0, -0.0, -0.0, -0.0, -0.0002, -0.0001, -0.0, -0.0001, 0.0008, -0.0001, -0.0, -0.0, 0.0002, 0.0, -0.0, -0.0, -0.0001, -0.0, -0.0, -0.0, -0.0, -0.0, -0.0, -0.0001, 0.0, 0.0001, 0.0, -0.0001, 0.0001, 0.0001, -0.0001, 0.0001, 0.0002, 0.0, 0.0, -0.0005, 0.0, 0.0, 0.0, 0.0, 0.0, 0.0, 0.0, 0.0, -0.0003, -0.0001, 0.0, -0.0001, 0.0, 0.0, 0.0001, -0.0001, -0.0, -0.0, -0.0, -0.0, -0.0, -0.0001, 0.0001, -0.0, 0.0003, -0.0, -0.0, -0.0, -0.0, 0.0, -0.0, 0.0006, -0.0001, -0.0001, -0.0001, 0.0, -0.0001, -0.0, -0.0, -0.0001, 0.0]",0.0
2026-07-02_20-43-13.mp4,1,120.0,15.0,0.0,motion,0.0,0.0,0.0,0.0,0.0,0.4349,1.78,0.164,0.3644,1.072,0.0369,,"[-0.0012, 0.0, 0.0189, -0.0069, -0.0006, 0.0199, -0.0016, -0.0008, -0.0111, -0.0008, -0.0009, -0.0009, 0.0016, -0.0009, 0.0011, -0.002, -0.0021, -0.001, -0.0004, -0.0006, 0.003, 0.0016, 0.0, 0.0, -0.0003, -0.0003, -0.0003, -0.0003, -0.0002, -0.0002, -0.0002, 0.001, -0.0002, -0.0002, -0.0002, -0.0002, 0.0007, -0.0001, -0.0001, -0.0001, -0.0001, -0.0001, -0.0001, -0.0001, -0.0, -0.0002, -0.0002, -0.0002, -0.0003, -0.0002, -0.0003, -0.0006, -0.0003, -0.0003, -0.0003, -0.0003, -0.0002, -0.0002, -0.0002, -0.0003, 0.004, -0.0003, 0.0027, 0.0007, -0.0002, -0.0003, -0.0002, -0.0003, -0.0003, -0.0003, -0.0003, -0.0003, -0.0003, -0.0003, -0.0003, -0.0003, -0.0001, -0.0001, -0.0, 0.0, 0.0, 0.0, 0.0, 0.0, 0.0, 0.0, 0.0, -0.0, -0.0, -0.0, -0.0, -0.0, -0.0, -0.0, 0.0, 0.0, 0.0, 0.0, 0.0, 0.0, 0.0, 0.0, 0.0, 0.0, 0.0, 0.0, 0.0, 0.0, 0.0, -0.0, 0.0, 0.0, 0.0, 0.0, 0.0, 0.0, 0.0, 0.0, 0.0]",0.0
2026-07-01_08-19-22.mp4,1,120.0,15.0,0.033,motion,0.0,0.0,0.0,0.0,0.0,0.268,1.017,0.131,0.2945,0.124,0.0039,,"[0.0, 0.0, -0.0, -0.0, -0.0, 0.0, -0.0, -0.0, -0.0, -0.0, -0.0, -0.0, -0.0, -0.0, -0.0, -0.0, -0.0, 0.0001, -0.0, -0.0, -0.0, -0.0, 0.0, -0.0, -0.0, -0.0, 0.0, -0.0, -0.0, -0.0, -0.0, 0.0, -0.0, 0.0, -0.0, 0.0, -0.0, 0.0, -0.0, 0.0, 0.0, 0.0, 0.0, 0.0, 0.0, 0.0, 0.0, 0.0, 0.0, 0.0, 0.0, 0.0, 0.0, 0.0, 0.0, 0.0, -0.0, -0.0, -0.0, -0.0, -0.0, -0.0, -0.0, -0.0, -0.0, -0.0, -0.0, -0.0, -0.0, -0.0, -0.0, 0.0, -0.0, -0.0, -0.0, -0.0, -0.0, -0.0, -0.0, -0.0, -0.0, -0.0, -0.0, -0.0, -0.0, -0.0, -0.0, 0.0, 0.0, 0.0, 0.0, 0.0, 0.0, 0.0, 0.0, 0.0, 0.0, 0.0, 0.0, 0.0, 0.0, 0.0, 0.0, 0.0, 0.0, 0.0, 0.0, 0.0, 0.0, 0.0, 0.0, 0.0, 0.0, 0.0, 0.0, 0.0, 0.0, 0.0, 0.0]",0.0
2026-07-12_13-44-37.mp4,1,120.0,15.0,0.025,motion,0.0,0.0,0.0,0.0,0.0,0.1828,2.797,0.16,0.3196,0.372,0.0079,,"[0.0, -0.0001, 0.0002, 0.0002, 0.0004, 0.0009, 0.0002, 0.0002, 0.0002, 0.0002, 0.0002, -0.0007, 0.0004, 0.0, -0.0001, 0.0001, 0.0048, -0.0091, -0.0007, 0.0002, 0.0004, 0.0002, 0.0002, 0.0001, 0.0002, 0.0002, 0.0002, 0.0001, 0.0002, 0.0002, 0.0002, 0.0002, 0.0003, 0.0, -0.0, -0.0, 0.0, 0.0, 0.0, 0.0, 0.0, 0.0, -0.0, -0.0, -0.0, -0.0, 0.0, -0.0, -0.0, -0.0, -0.0001, 0.0, -0.0, -0.0002, -0.0002, 0.0001, 0.0003, 0.0001, -0.0002, 0.0007, -0.0, 0.0001, -0.0, 0.0, -0.0, -0.0001, -0.0001, -0.0, -0.0, -0.0, 0.0, 0.0, -0.0, -0.0, -0.0, 0.0, 0.0001, -0.0, -0.0, 0.0, -0.0, 0.0, -0.0, -0.0, -0.0, -0.0, -0.0, 0.0, -0.0, 0.0, -0.0002, 0.0, 0.0, 0.0001, 0.0, 0.0, 0.0, 0.0, 0.0001, 0.0, 0.0, 0.0, -0.0, 0.0001, -0.0, 0.0001, 0.0, -0.0001, -0.001, 0.0001, 0.0, 0.0, -0.0, 0.0001, 0.0, 0.0001, 0.0, 0.0001, 0.0]",0.0
2026-07-21_15-10-41.mp4,1,120.0,15.0,0.0,motion,0.0,0.0,0.0,0.0,0.0,0.4327,2.288,0.1,0.2608,1.278,0.0244,,"[-0.0001, -0.0, 0.0001, 0.0003, 0.0001, 0.0, 0.0, 0.0002, 0.0002, 0.0, -0.0001, 0.0, 0.0, -0.0, 0.0001, -0.0, -0.0, -0.0, -0.0, 0.0003, -0.0, -0.0, -0.0, -0.0, -0.0, -0.0, -0.0, -0.0, -0.0, -0.0, -0.0, -0.0, -0.0, -0.0, -0.0, 0.0, 0.0, 0.0, 0.0, 0.0, 0.0, 0.0, 0.0, 0.0, 0.0, 0.0, 0.0, 0.0, 0.0, 0.0, 0.0, 0.0, 0.0, -0.0, -0.0, -0.0, -0.0, -0.0, -0.0, -0.0003, -0.0005, 0.0001, 0.0004, 0.0, 0.0, -0.0001, -0.0001, 0.0002, 0.0003, -0.0, 0.0003, -0.0, -0.0, -0.0, -0.0, -0.0, -0.0, -0.0, -0.0004, -0.0, -0.0, -0.0, 0.0001, 0.0005, -0.0, -0.0, -0.0, -0.0, -0.0002, -0.0, -0.0, -0.0, -0.0, -0.0, -0.0, -0.0, -0.0, -0.0, -0.0, 0.0, 0.0, 0.0, 0.0, -0.0, -0.0001, -0.0002, -0.0002, -0.0003, -0.0003, -0.0004, -0.0004, -0.0005, -0.0005, -0.0006, -0.0006, -0.0007, -0.0007, -0.0008, 0.0008]",0.0
2026-07-04_09-23-34.mp4,1,120.0,15.0,0.0,motion,0.0,0.0,0.0,0.0,0.0,0.2872,1.271,0.373,0.2221,0.411,0.0313,,"[0.0001, -0.0003, -0.0001, -0.0001, -0.0, 0.0001, -0.0001, 0.0, 0.0001, 0.0, -0.0, 0.0, -0.0, -0.0, -0.0, 0.0, -0.0003, 0.0001, -0.0001, -0.0, 0.0001, -0.0, 0.0, -0.0, 0.0, 0.0, 0.0, 0.0, 0.0, 0.0, 0.0, 0.0, -0.0, 0.0, 0.0, 0.0, 0.0, 0.0, 0.0, -0.0001, 0.0, 0.0, 0.0, 0.0, 0.0, 0.0, 0.0, 0.0, 0.0, -0.0001, -0.0, 0.0, 0.0, 0.0, 0.0, 0.0, 0.0, 0.0, 0.0, -0.0, -0.0001, 0.0, 0.0, 0.0, 0.0, 0.0, 0.0, 0.0, -0.0, 0.0, 0.0, 0.0, 0.0, 0.0, 0.0, 0.0, 0.0, 0.0, 0.0, 0.0, 0.0, 0.0, 0.0, 0.0, 0.0, 0.0, 0.0, 0.0, 0.0, 0.0, 0.0, 0.0, 0.0, 0.0, 0.0, 0.0, 0.0, 0.0, 0.0, -0.0001, -0.0001, -0.0, 0.0, 0.0, 0.0, 0.0, 0.0, 0.0, 0.0, 0.0, 0.0, 0.0, 0.0, 0.0, 0.0, 0.0, 0.0, -0.0, -0.0]",0.0
2026-07-14_04-53-07.mp4,0,0.0,0.0,0.0,tooshort,0.0,0.0,0.0,0.0,0.0,0.0,0.0,0.0,0.0,0.0,0.0,,,
2026-07-05_08-07-10.mp4,1,120.0,15.0,0.0,motion,0.0,0.0,0.0,0.0,0.0,0.2792,1.525,0.5,0.217,0.403,0.0401,,"[-0.0001, 0.0004, -0.0002, 0.0001, 0.0, -0.0, 0.0, 0.0003, -0.0001, 0.0, 0.0, 0.0, 0.0, 0.0, -0.0, -0.0, -0.0, 0.0, -0.0, -0.0, -0.0, -0.0, -0.0003, 0.0001, 0.0, 0.0001, -0.0001, 0.0, -0.0, 0.0004, -0.0, -0.0001, -0.0, -0.0, -0.0, 0.0, 0.0001, 0.0002, 0.0001, -0.0001, -0.0, -0.0, -0.0, 0.0, -0.0, -0.0, -0.0, -0.0, -0.0, -0.0, 0.0002, -0.0001, 0.0, -0.0, -0.0, -0.0, 0.0, -0.0, -0.0, 0.0001, -0.0, -0.0, -0.0, -0.0, -0.0, -0.0, -0.0, -0.0, -0.0, -0.0, 0.0001, -0.0001, -0.0, -0.0, -0.0, -0.0, -0.0, -0.0, -0.0, -0.0, -0.0, -0.0, -0.0, -0.0, -0.0, -0.0, 0.0, 0.0002, -0.0, -0.0, 0.0, 0.0, -0.0, -0.0, -0.0, -0.0, 0.0002, -0.0002, -0.0002, -0.0, -0.0, -0.0003, 0.0002, -0.0, -0.0, -0.0, -0.0, 0.0001, 0.0003, 0.0003, -0.0, -0.0003, 0.0003, 0.0001, -0.0, -0.0, -0.0, -0.0, -0.0]",0.0
2026-07-24_04-37-17.mp4,1,120.0,15.0,0.033,motion,0.0,0.0,0.0,0.0,0.0,0.3176,1.78,0.499,0.4159,0.093,0.0135,,"[0.0002, 0.0002, 0.0001, 0.0002, 0.0001, 0.0001, 0.0, -0.0045, -0.0003, 0.0007, 0.0002, -0.0, 0.0, 0.0002, 0.0, 0.0, 0.0002, 0.0002, 0.0002, 0.0002, -0.0, 0.0007, -0.0002, 0.0, -0.0001, -0.0001, 0.0001, 0.0, 0.0001, -0.0002, 0.0002, -0.0, 0.0, 0.0, -0.0001, -0.0001, -0.0002, -0.0001, -0.0002, 0.0001, -0.0001, -0.0001, -0.0001, -0.0001, -0.0001, 0.0001, 0.0007, 0.0005, 0.0006, -0.0003, -0.0002, 0.0001, 0.0001, -0.0003, -0.0002, 0.0001, 0.0, -0.0002, 0.0001, -0.0003, -0.0, -0.0, -0.0, -0.0, -0.0001, 0.0001, 0.0, -0.0001, 0.0, -0.0, -0.0, 0.0001, -0.0, 0.0001, -0.0002, 0.0001, 0.0001, -0.0, 0.0, 0.0001, -0.0, 0.0, 0.0002, -0.0003, 0.0001, 0.0001, -0.0001, 0.0001, 0.0001, -0.0001, -0.0001, -0.0001, -0.0001, -0.0001, -0.0001, -0.0, 0.0, -0.0001, -0.0002, -0.0, -0.0001, -0.0, -0.0001, 0.0, 0.0013, -0.0, -0.0, -0.0001, -0.0, -0.0, 0.0, -0.0001, -0.0001, -0.0001, 0.0001, 0.0002, 0.0001, -0.0002, -0.0001]",0.0
2026-07-19_03-02-07.mp4,1,120.0,15.0,0.0,motion,0.0,0.0,0.0,0.0,0.0,0.2808,1.78,0.075,0.2078,0.481,0.0068,,"[0.0001, -0.0003, -0.0013, -0.0004, 0.0001, -0.0001, 0.0009, 0.0002, 0.0005, 0.0014, -0.0006, -0.0003, -0.0002, -0.0001, -0.0004, -0.0004, -0.0007, -0.0006, -0.0006, -0.0008, -0.0006, -0.0003, -0.0004, -0.0007, -0.0005, -0.0005, -0.0007, -0.0001, -0.0012, 0.0067, 0.0002, 0.0072, 0.002, -0.0013, 0.0021, -0.0014, -0.0071, 0.0038, 0.0, -0.0001, -0.0003, 0.0016, -0.0005, -0.0004, -0.0101, 0.0013, -0.0008, -0.0001, -0.0004, 0.0003, -0.0001, 0.0002, -0.0014, -0.0, -0.0051, 0.0103, 0.0027, 0.0012, -0.0, 0.001, -0.0008, -0.0001, -0.0002, 0.0008, -0.0002, -0.0002, -0.0004, -0.0002, -0.0002, -0.0002, -0.0009, 0.0007, -0.002, -0.0018, -0.0005, 0.0002, 0.0001, -0.0002, 0.0002, 0.0003, -0.0001, 0.0002, 0.0005, 0.0002, 0.0002, 0.0002, 0.0002, 0.0002, -0.0001, -0.0005, -0.0001, -0.0001, -0.0002, 0.0002, 0.0005, -0.0, 0.0005, -0.0001, 0.0, -0.0003, -0.0, -0.0, -0.0002, -0.0001, -0.0, -0.0002, -0.0, -0.0002, -0.0002, 0.0002, 0.0003, -0.0004, 0.0008, -0.0004, 0.0005, 0.0002, 0.0002, 0.0002, -0.0]",0.0
2026-07-13_20-43-18.mp4,1,120.0,15.0,0.0,motion,0.0,0.0,0.0,0.0,0.0,0.2869,2.797,0.397,0.4227,99.0,0.1132,,"[-0.0, -0.0001, -0.0003, -0.0008, 0.0004, -0.0003, -0.0, 0.0004, -0.0001, -0.0002, -0.0002, -0.0004, -0.0001, 0.0011, -0.001, 0.0015, 0.0004, -0.0001, -0.0009, 0.0003, -0.0001, -0.0001, -0.0001, 0.0005, -0.0007, 0.0031, -0.0003, 0.0008, -0.0002, -0.0005, -0.0003, 0.0001, -0.0011, -0.0004, 0.0, -0.0004, -0.0018, -0.0002, -0.0001, -0.0001, -0.0004, -0.0, -0.0, -0.0, 0.0, 0.0002, 0.001, 0.0018, 0.0005, 0.0012, 0.0, -0.0001, 0.0, -0.001, 0.0022, 0.0019, 0.0015, 0.0018, 0.0019, 0.0006, -0.0035, 0.0122, 0.0016, 0.0007, 0.0002, 0.0008, 0.0037, 0.002, 0.0025, -0.0634, 0.0063, 0.0017, 0.001, 0.0013, 0.0021, 0.0021, 0.002, 0.0017, 0.0021, 0.0021, 0.0018, 0.0022, 0.0028, 0.001, 0.0016, 0.0, -0.0, -0.0003, -0.0004, 0.0, -0.0007, -0.0008, -0.0006, -0.0008, -0.0004, -0.0009, -0.0005, 0.0001, 0.0001, 0.0002, 0.0005, 0.0001, 0.0042, 0.0035, 0.0096, 0.0069, 0.0043, 0.0004, 0.0001, 0.0005, -0.0047, -0.007, -0.0097, -0.0055, -0.0046, 0.0001, 0.0005, -0.0028, 0.0003]",0.0
2026-07-12_13-48-01.mp4,1,120.0,15.0,0.008,motion,0.0,0.0,0.0,0.0,0.0,0.3652,0.763,0.454,0.2509,0.008,0.0013,,"[0.0, 0.0002, 0.0001, 0.0001, 0.0001, 0.0001, 0.0001, 0.0002, 0.0002, -0.0, 0.0001, -0.0001, -0.0, -0.0008, 0.0001, -0.0, -0.0, 0.0002, -0.0009, -0.0001, -0.0, 0.0001, 0.0, 0.0001, 0.0001, 0.0001, 0.0, 0.0001, 0.0001, 0.0, 0.0001, 0.0001, 0.0, 0.0001, 0.0001, -0.0, -0.0002, 0.0, 0.0, 0.0, 0.0, 0.0, 0.0, -0.0, 0.0, -0.0001, 0.0001, 0.0, 0.0, 0.0, 0.0, -0.0, 0.0, -0.0, 0.0, -0.0, 0.0, -0.0, -0.0, -0.0, -0.0, -0.0, -0.0, -0.0, -0.0, -0.0, -0.0, -0.0, -0.0, -0.0, -0.0, -0.0, 0.0003, 0.0, 0.0, -0.0, -0.0, -0.0, 0.0002, -0.0, -0.0, -0.0, -0.0, -0.0, -0.0, -0.0002, -0.0, -0.0, -0.0, -0.0, -0.0, -0.0, -0.0, -0.0, -0.0, 0.0001, 0.0003, 0.0001, 0.0, -0.0001, -0.0001, 0.0, 0.0, 0.0, -0.0, 0.0, 0.0, -0.0001, -0.0, -0.0, -0.0, -0.0, 0.0, -0.0, 0.0001, 0.0, -0.0, 0.0, -0.0]",0.0
2026-07-06_18-58-59.mp4,1,120.0,15.0,0.0,motion,0.0,0.0,0.0,0.0,0.0,0.1929,1.525,0.315,0.1457,1.48,0.0363,,"[0.0004, 0.0, -0.0002, 0.0, -0.0005, -0.0043, 0.0002, -0.0005, 0.0003, 0.0, -0.0001, 0.0006, 0.0003, -0.0, 0.0002, 0.0, 0.0002, 0.0, 0.0002, 0.0002, 0.0002, -0.0001, -0.0002, 0.0003, 0.0, -0.0001, -0.0, 0.0, 0.0, 0.0, 0.0, 0.0, 0.0, 0.0, -0.0, 0.0, 0.0, 0.0, 0.0, 0.0, 0.0, 0.0, 0.0, 0.0, -0.0002, 0.0001, -0.0001, -0.0, -0.0002, 0.0008, -0.0005, 0.0001, -0.0007, 0.0001, 0.0, 0.0, -0.0004, 0.0004, 0.0, -0.0001, 0.0002, -0.0, -0.0, -0.0, -0.0001, 0.0, 0.0002, -0.0, 0.0003, 0.0003, -0.0, -0.0, -0.0, -0.0, -0.0001, -0.0, -0.0, -0.0, -0.0, -0.0, -0.0, -0.0, -0.0, -0.0, -0.0, 0.0, -0.0, -0.0, 0.0, 0.0, -0.0, -0.0, -0.0, -0.0, -0.0, -0.0007, 0.0003, -0.0, 0.0003, 0.0001, 0.0002, -0.0, 0.0001, -0.0, 0.0002, -0.0, 0.0, -0.0, 0.0, -0.0001, -0.0, -0.0001, -0.0, -0.0, -0.0001, -0.0, 0.0003, 0.0, -0.0]",0.0
2026-07-19_14-41-01.mp4,1,120.0,15.0,0.508,lips,0.4606,0.763,0.75,0.225,0.0107,0.2856,2.542,0.199,0.5908,0.0,0.0,"[-1.0, -1.0, -1.0, -1.0, -1.0, -1.0, -1.0, -1.0, -1.0, -1.0, -1.0, 0.022, 0.027, 0.035, -1.0, -1.0, -1.0, -1.0, -1.0, -1.0, -1.0, -1.0, -1.0, -1.0, -1.0, -1.0, -1.0, -1.0, -1.0, -1.0, -1.0, -1.0, -1.0, -1.0, -1.0, -1.0, -1.0, -1.0, -1.0, -1.0, -1.0, -1.0, -1.0, -1.0, -1.0, -1.0, -1.0, -1.0, -1.0, -1.0, -1.0, -1.0, -1.0, -1.0, -1.0, -1.0, -1.0, -1.0, -1.0, -1.0, -1.0, -1.0, 0.037, 0.025, 0.007, 0.01, 0.01, 0.004, 0.005, 0.005, 0.007, 0.006, 0.008, 0.005, 0.006, 0.007, 0.006, 0.006, 0.008, 0.006, 0.006, 0.006, 0.008, 0.006, 0.005, 0.006, 0.006, 0.006, 0.007, 0.007, 0.006, 0.006, 0.005, 0.007, 0.005, 0.005, 0.004, 0.006, 0.005, 0.005, 0.004, 0.006, 0.005, 0.006, 0.024, 0.038, 0.042, 0.03, 0.036, 0.029, 0.025, 0.015, 0.018, 0.015, 0.023, 0.028, 0.024, 0.024, 0.02, 0.005]","[0.0, -0.0001, -0.0, -0.0, 0.0, -0.0, -0.0, 0.0, -0.0, -0.0, 0.0, -0.0, -0.0, -0.0, -0.0, -0.0, 0.0, 0.0003, -0.0001, -0.0, -0.0, -0.0, -0.0001, 0.0, -0.0, -0.0, -0.0, -0.0, 0.0, -0.0, 0.0, -0.0, -0.0, 0.0, -0.0, -0.0, -0.0, -0.0, -0.0, -0.0, -0.0, -0.0, -0.0, -0.0, 0.0, 0.0, 0.0, 0.0, 0.0, 0.0, 0.0, 0.0, 0.0, 0.0, 0.0, 0.0, 0.0, 0.0, -0.0, -0.0001, -0.0, 0.0001, -0.0, 0.0, 0.0, 0.0, 0.0, 0.0, 0.0, 0.0, 0.0, 0.0, 0.0, 0.0, 0.0, -0.0, -0.0, 0.0, -0.0, -0.0, -0.0, -0.0, -0.0, -0.0, -0.0, -0.0, -0.0, -0.0, -0.0, 0.0, 0.0, 0.0, 0.0, 0.0, 0.0, 0.0, 0.0, 0.0, 0.0, 0.0, 0.0, 0.0, 0.0, 0.0, -0.0001, -0.0001, 0.0, 0.0, 0.0, -0.0, -0.0001, -0.0002, -0.0, 0.0003, 0.0001, -0.0, -0.0001, -0.0, 0.0]",0.0
2026-07-19_18-29-09.mp4,1,120.0,15.0,0.0,motion,0.0,0.0,0.0,0.0,0.0,0.1643,0.763,0.159,0.4504,0.221,0.0047,,"[-0.0354, 0.032, 0.0333, 0.031, 0.0279, 0.0262, 0.0239, 0.0215, 0.0191, 0.0167, 0.0144, 0.012, 0.0096, 0.0072, 0.0049, 0.0025, 0.0001, 0.0, 0.0, 0.0, -0.0, -0.0, -0.0, 0.0002, -0.0, -0.0, -0.0, -0.0, -0.0, -0.0, -0.0, -0.0, -0.0, -0.0, 0.0, 0.0007, 0.0, 0.0, 0.0001, 0.0001, 0.0001, 0.0004, 0.0001, 0.0001, 0.0001, 0.0001, 0.0002, 0.0001, 0.0001, -0.0016, -0.0006, 0.0001, -0.0002, -0.0004, -0.0001, 0.0001, 0.0001, 0.0001, 0.0001, -0.0007, 0.0001, 0.0001, 0.0001, 0.0001, 0.0001, 0.0001, 0.0, 0.0, -0.0, 0.0001, 0.0002, 0.0002, 0.0002, 0.0001, 0.0001, -0.0001, -0.0002, -0.0002, 0.0004, -0.0001, -0.0001, 0.0005, -0.0001, 0.0007, -0.0047, -0.004, 0.0008, 0.0012, 0.0008, 0.0019, 0.004, 0.0024, -0.0001, -0.0008, -0.0011, 0.0002, -0.0002, -0.0012, 0.0002, 0.0008, -0.0016, 0.0005, -0.0002, -0.0004, -0.0003, -0.0001, 0.0002, 0.0, 0.0002, 0.0, -0.0004, 0.0001, 0.0001, 0.0, -0.0001, 0.0001, 0.0, 0.0001, 0.0]",0.0
2026-07-07_23-38-05.mp4,1,120.0,15.0,0.0,motion,0.0,0.0,0.0,0.0,0.0,0.2976,2.797,0.44,0.6747,0.027,0.0034,,"[-0.0001, 0.0002, -0.0001, 0.0, 0.0, 0.0, 0.0001, 0.0, 0.0, 0.0, 0.0001, 0.0, 0.0, 0.0, 0.0, -0.0, -0.0, 0.0, -0.0, -0.0, -0.0, -0.0, -0.0, -0.0, -0.0, -0.0, -0.0, -0.0, -0.0, -0.0, -0.0, -0.0, -0.0, -0.0, -0.0, 0.0001, -0.0, -0.0, -0.0, -0.0, -0.0, -0.0, -0.0, -0.0, -0.0001, 0.0, 0.0, 0.0, 0.0, 0.0, 0.0, 0.0, 0.0, 0.0, 0.0, 0.0, 0.0, 0.0, 0.0, -0.0001, 0.0, 0.0, 0.0, 0.0, 0.0, 0.0, 0.0, 0.0, 0.0, 0.0, 0.0, 0.0, 0.0, 0.0, 0.0, 0.0, 0.0, 0.0, 0.0, 0.0, 0.0, 0.0, 0.0, 0.0, 0.0, -0.0002, 0.0, 0.0001, 0.0, 0.0, 0.0, 0.0, 0.0, 0.0, 0.0, 0.0, 0.0, 0.0, 0.0, 0.0001, -0.0001, -0.0003, 0.0001, 0.0, 0.0, -0.0, 0.0, 0.0, 0.0, 0.0, 0.0, 0.0, -0.0, -0.0001, 0.0, 0.0, 0.0, 0.0, -0.0]",0.0
2026-07-04_00-50-41.mp4,1,120.0,15.0,0.025,motion,0.0,0.0,0.0,0.0,0.0,0.4254,0.763,0.371,0.6234,99.0,0.1572,,"[-0.0, -0.0, -0.0, -0.0001, -0.0001, 0.0002, -0.0001, -0.0001, -0.0001, -0.0001, -0.0001, -0.0002, -0.0001, -0.0003, -0.0004, -0.0001, 0.0001, 0.0009, -0.0002, -0.0007, -0.003, -0.0029, -0.0049, -0.006, -0.0084, -0.0084, -0.0072, -0.0071, -0.0079, -0.0082, -0.0081, -0.0072, -0.0094, -0.0086, 0.055, 0.0051, 0.0053, 0.0698, 0.0089, 0.0526, -0.0202, -0.0238, -0.0183, -0.016, -0.0222, -0.0164, -0.0175, -0.0163, -0.0156, -0.0158, -0.0126, -0.0137, 0.0179, -0.0083, 0.3158, 0.0218, -0.0599, -0.006, -0.0753, -0.001, -0.0046, -0.0074, -0.0062, -0.0283, -0.0075, -0.036, -0.015, -0.0141, -0.0169, 0.0101, 0.0048, 0.0051, 0.0012, 0.0045, 0.0061, 0.001, -0.0024, -0.0025, -0.0051, -0.0015, 0.0063, 0.0033, 0.0064, 0.0059, 0.0004, -0.0004, 0.0012, 0.0036, -0.0007, 0.0021, -0.0012, 0.0032, 0.002, -0.004, -0.0005, -0.0023, -0.001, -0.0008, -0.0008, -0.0005, -0.0007, 0.0003, -0.0021, -0.001, -0.0027, -0.0, -0.0001, 0.0, 0.0001, 0.0043, 0.001, 0.0004, 0.0002, -0.0021, 0.0022, -0.0005, -0.0, -0.0004, -0.0001]",0.0
2026-07-03_23-01-28.mp4,1,120.0,15.0,0.0,motion,0.0,0.0,0.0,0.0,0.0,0.3467,0.763,0.27,0.3236,3.722,0.0739,,"[-0.0024, 0.0018, 0.0029, 0.0088, 0.0014, 0.0013, 0.0012, 0.001, 0.0011, 0.0007, 0.0006, 0.0004, 0.0003, 0.0002, 0.0, -0.0001, -0.0003, -0.0003, -0.0002, -0.0, -0.0, -0.0, -0.0, -0.0, 0.0, 0.0, 0.0, -0.0, 0.0, 0.0, 0.0, 0.0, -0.0001, -0.0001, 0.0, 0.0, 0.0, 0.0, 0.0, 0.0, 0.0, 0.0, 0.0, 0.0, 0.0001, 0.0001, 0.0001, 0.0001, 0.0001, 0.0001, 0.0001, 0.0001, 0.0001, 0.0001, 0.0001, 0.0001, 0.0001, 0.0001, 0.0001, -0.0026, 0.0001, 0.0001, 0.0001, 0.0001, 0.0001, 0.0001, 0.0001, 0.0001, 0.0001, 0.0001, 0.0001, 0.0001, 0.0001, 0.0001, 0.0001, 0.0, 0.0, 0.0, 0.0, 0.0, -0.0, 0.0, 0.0, 0.0, -0.0, -0.0, -0.0, -0.0, -0.0, -0.0, -0.0, -0.0, -0.0, -0.0, -0.0, 0.0008, 0.0008, 0.0008, 0.0008, 0.0016, 0.0004, 0.0004, 0.0004, 0.0004, 0.0004, 0.0004, 0.0004, 0.0004, 0.0004, 0.0001, -0.0259, 0.0003, 0.0004, 0.0004, 0.0143, 0.0006, 0.0006, 0.0003, 0.0004]",0.0
2026-07-08_15-58-59.mp4,1,120.0,15.0,0.0,motion,0.0,0.0,0.0,0.0,0.0,0.2428,2.542,0.654,0.2113,1.789,0.1019,,"[-0.0001, 0.0001, 0.0001, -0.0003, 0.0002, 0.0001, 0.0001, 0.0001, 0.0, 0.0, 0.0001, -0.0001, 0.0001, 0.0004, -0.0003, -0.0002, 0.0002, 0.0001, -0.0003, 0.0008, -0.0004, -0.0001, 0.0, 0.0, 0.0001, 0.0, 0.0, -0.0001, -0.0002, -0.0001, -0.0001, -0.0001, 0.0001, -0.0001, -0.0001, 0.0, 0.0002, 0.0002, 0.0, -0.0, -0.0001, 0.0003, 0.0, 0.0001, -0.0001, -0.001, 0.0004, -0.0001, 0.0, 0.0005, -0.0001, -0.0001, -0.0001, 0.0001, 0.0001, 0.0001, -0.0001, 0.0002, -0.0002, 0.0, 0.0002, 0.0001, -0.0, -0.0, -0.0, 0.0, -0.0001, 0.0, -0.0001, -0.0001, -0.0001, 0.0001, 0.0001, -0.0, -0.0001, -0.0001, 0.0, -0.0, 0.0, 0.0001, -0.0001, 0.0, 0.0001, -0.0001, 0.0, -0.0001, 0.0, 0.0001, -0.0, -0.0002, 0.0, 0.0, 0.0, -0.0, -0.0, 0.0001, 0.0001, -0.0002, -0.0001, 0.0, -0.0, 0.0001, -0.0001, -0.0, 0.0, 0.0, 0.0001, -0.0, -0.0, -0.0, -0.0, 0.0003, 0.0001, -0.0001, -0.0001, -0.0001, -0.0, -0.0001, 0.0]",0.0
2026-07-01_06-21-38.mp4,1,120.0,15.0,0.0,motion,0.0,0.0,0.0,0.0,0.0,0.3429,1.525,0.295,0.3992,0.0,0.0,,"[-0.0014, 0.0013, 0.0018, 0.0012, 0.0011, 0.001, 0.0009, 0.001, 0.0007, 0.0006, 0.0005, 0.0004, 0.0003, 0.0002, 0.0002, 0.0001, -0.0, -0.0, 0.0, 0.0, 0.0, 0.0001, 0.0001, 0.0001, 0.0001, 0.0002, 0.0001, 0.0001, 0.0001, 0.0002, 0.0001, 0.0001, 0.0001, -0.0007, -0.0005, 0.0002, -0.0004, 0.0002, -0.0004, 0.0002, -0.0014, 0.0001, 0.0002, 0.0002, -0.0004, 0.0011, 0.0001, 0.0001, 0.0002, -0.0005, -0.0019, 0.0, -0.0002, 0.0006, -0.0001, -0.0, -0.0002, 0.0001, -0.0003, -0.0005, 0.0004, 0.0002, 0.0007, 0.0004, 0.0007, -0.0002, -0.0017, -0.0006, -0.0004, 0.0013, -0.0011, 0.0026, -0.0004, 0.0058, -0.0003, -0.0009, -0.0001, -0.0005, -0.0005, -0.0016, -0.0005, -0.0003, -0.0004, -0.0002, -0.0003, -0.0003, -0.0004, -0.0003, -0.0003, -0.0001, -0.0001, -0.0001, -0.0001, 0.0034, -0.0001, 0.0, -0.0001, -0.0001, -0.0001, -0.0002, -0.0002, -0.0002, -0.0002, -0.0001, -0.0002, -0.0003, -0.0004, 0.0001, -0.0002, -0.0001, -0.0001, 0.0001, 0.0, 0.0001, 0.0008, 0.0, -0.0001, 0.0011, -0.0001]",0.0
2026-07-10_16-33-47.mp4,1,120.0,15.0,0.0,motion,0.0,0.0,0.0,0.0,0.0,0.2146,2.797,0.274,0.2114,1.406,0.0344,,"[0.0, -0.0, 0.0001, -0.0001, 0.0, -0.0, -0.0, -0.0, -0.0, -0.0, -0.0, -0.0, -0.0, -0.0, -0.0, 0.0, 0.0, -0.0, -0.0, 0.0, 0.0, 0.0, 0.0, 0.0, 0.0, 0.0, 0.0, 0.0, 0.0, 0.0, 0.0, 0.0, 0.0, 0.0, -0.0002, 0.0, 0.0, -0.0, 0.0001, -0.0002, 0.0, 0.0002, -0.0003, 0.0, 0.0, 0.0, 0.0, 0.0, -0.0, 0.0, 0.0, -0.0, 0.0, 0.0, 0.0, 0.0, 0.0, 0.0, 0.0, 0.0, 0.0, 0.0, 0.0, -0.0003, 0.0, 0.0, 0.0, 0.0, 0.0, 0.0, 0.0, 0.0, 0.0, 0.0, 0.0, 0.0, 0.0, 0.0, 0.0, -0.0, -0.0001, -0.0, -0.0001, 0.0001, -0.0, 0.0, -0.0, -0.0, 0.0001, -0.0, -0.0, -0.0, -0.0001, 0.0001, 0.0001, -0.0, -0.0, 0.0, -0.0, 0.0, -0.0, 0.0001, -0.0, -0.0, -0.0, -0.0, -0.0, -0.0, -0.0, -0.0, -0.0, -0.0, -0.0, -0.0, -0.0, -0.0, -0.0, 0.0, 0.0]",0.0
2026-07-13_16-40-33.mp4,1,120.0,15.0,0.0,motion,0.0,0.0,0.0,0.0,0.0,0.3089,1.017,0.599,0.2338,1.43,0.109,,"[-0.0, -0.0, 0.0, -0.0, -0.0, -0.0, -0.0, 0.0, -0.0, -0.0, -0.0, -0.0, 0.0, 0.0, -0.0, -0.0, 0.0, -0.0, 0.0, -0.0, -0.0, 0.0, 0.0001, 0.0002, 0.0001, -0.0002, -0.0, -0.0005, 0.0002, 0.0002, -0.0001, -0.0001, 0.0002, 0.0001, -0.0, -0.0002, 0.0003, -0.0, -0.0, -0.0001, -0.0, 0.0, -0.0001, -0.0004, -0.0002, 0.0002, -0.0003, 0.0003, 0.0006, -0.0, -0.0001, -0.0, 0.0004, -0.0, -0.0001, -0.0005, 0.0003, 0.0001, 0.0001, 0.0, -0.0001, -0.0, -0.0, -0.0001, -0.0, 0.0, -0.0001, -0.0, 0.0001, -0.0003, -0.0001, -0.0001, 0.0002, -0.0002, 0.0002, 0.0003, -0.0002, -0.0003, 0.0007, 0.0001, -0.0002, -0.0001, 0.0001, -0.0002, -0.0001, 0.0, -0.0002, -0.0001, -0.0, -0.0002, -0.0, 0.0001, 0.0007, 0.0, 0.0002, 0.0002, -0.0001, -0.0, -0.0002, -0.0, -0.0001, 0.0001, -0.0001, -0.0001, -0.0, -0.0001, -0.0001, -0.0002, -0.0001, -0.0, 0.0001, 0.0, 0.0001, 0.0, -0.0, -0.0, -0.0, -0.0, 0.0]",0.0
2026-07-21_06-00-41.mp4,1,120.0,15.0,0.0,motion,0.0,0.0,0.0,0.0,0.0,0.3441,1.017,0.306,0.3206,0.891,0.0496,,"[0.0, -0.0, 0.0001, -0.0, -0.0, -0.0, -0.0, 0.0, -0.0, 0.0, 0.0, 0.0, -0.0001, 0.0, -0.0001, -0.0, 0.0, 0.0, 0.0, 0.0, 0.0, 0.0, 0.0, 0.0, 0.0, 0.0, 0.0, 0.0, 0.0, 0.0, -0.0, -0.0, 0.0, -0.0, -0.0, -0.0, -0.0, -0.0, 0.0, 0.0, 0.0, 0.0, 0.0, 0.0, -0.0, -0.0, -0.0, -0.0, -0.0, -0.0, -0.0, -0.0, -0.0, -0.0001, -0.0, 0.0, 0.0, 0.0, 0.0, 0.0001, 0.0, 0.0, 0.0, 0.0, 0.0, -0.0, 0.0, 0.0, 0.0, 0.0, 0.0, -0.0001, 0.0, 0.0, 0.0, 0.0, 0.0, 0.0, 0.0, 0.0, 0.0001, -0.0001, -0.0001, -0.0, -0.0001, -0.0, -0.0, 0.0, 0.0, -0.0, 0.0001, 0.0001, 0.0, 0.0, -0.0001, 0.0001, -0.0001, 0.0001, 0.0, -0.0, -0.0, 0.0, -0.0, -0.0, -0.0, -0.0, 0.0, -0.0, 0.0, 0.0, 0.0, 0.0, 0.0, 0.0, 0.0, -0.0001, 0.0, 0.0, 0.0]",0.0
2026-07-03_23-12-46.mp4,1,120.0,15.0,0.0,motion,0.0,0.0,0.0,0.0,0.0,0.3869,2.542,0.471,0.1302,0.021,0.0037,,"[-0.0, 0.0001, 0.0001, -0.0, -0.0, -0.0, -0.0, -0.0, -0.0, -0.0, -0.0, -0.0001, -0.0, -0.0, -0.0, -0.0, -0.0, -0.0, 0.0, 0.0, 0.0, 0.0, 0.0, 0.0, 0.0, 0.0, 0.0, -0.0, -0.0, -0.0, 0.0, -0.0, -0.0, -0.0, -0.0, -0.0, -0.0, -0.0, -0.0, -0.0, -0.0, -0.0, -0.0, -0.0, 0.0, 0.0, 0.0, 0.0, 0.0, 0.0, 0.0, 0.0, 0.0, 0.0, 0.0, 0.0, 0.0, 0.0, 0.0, -0.0006, 0.0, 0.0, 0.0, 0.0, 0.0, 0.0, 0.0, 0.0, 0.0, 0.0, 0.0, 0.0, 0.0, -0.0001, -0.0001, -0.0001, -0.0001, -0.0001, -0.0001, -0.0001, -0.0001, -0.0001, -0.0001, -0.0001, -0.0001, -0.0001, -0.0001, 0.0, 0.0035, -0.0002, -0.0001, -0.0002, 0.0001, -0.0002, -0.0002, -0.0001, -0.0002, -0.0002, -0.0002, -0.0003, -0.0005, 0.0008, -0.0056, -0.0002, 0.0006, 0.0052, 0.0003, -0.0001, -0.0, -0.0, -0.0, -0.0, -0.0, -0.0, -0.0, -0.0, -0.0001, 0.0, -0.0002]",0.0
2026-07-22_07-31-25.mp4,1,120.0,15.0,0.0,motion,0.0,0.0,0.0,0.0,0.0,0.3036,1.271,0.083,0.1099,0.41,0.0073,,"[-0.0, 0.0, 0.0, 0.0, -0.0, -0.0, 0.0, 0.0, 0.0, 0.0, 0.0, 0.0, 0.0, 0.0, 0.0, 0.0, 0.0, 0.0, 0.0, 0.0, 0.0, -0.0001, 0.0, 0.0, 0.0, 0.0, 0.0, 0.0, 0.0, 0.0, 0.0, 0.0, 0.0, 0.0, 0.0, 0.0, 0.0, -0.0, -0.0, -0.0, -0.0, 0.0, -0.0, -0.0, 0.0, 0.0, -0.0001, 0.0, 0.0, 0.0, 0.0, 0.0001, -0.0, 0.0, 0.0, 0.0, 0.0, 0.0, 0.0, -0.0001, 0.0, 0.0, 0.0, 0.0, 0.0, 0.0, 0.0, 0.0, -0.0, 0.0, 0.0, 0.0, 0.0, 0.0, 0.0, 0.0, 0.0, 0.0, 0.0, 0.0, 0.0, 0.0, 0.0, 0.0, 0.0, 0.0, 0.0, 0.0, 0.0, 0.0, 0.0, 0.0, 0.0, 0.0, 0.0, 0.0, 0.0, 0.0, 0.0, 0.0, 0.0, 0.0, 0.0, 0.0, 0.0, 0.0, 0.0, 0.0, 0.0, 0.0, 0.0, 0.0, 0.0, 0.0, 0.0, 0.0, 0.0, 0.0, -0.0]",0.0
2026-07-02_14-26-46.mp4,1,120.0,15.0,0.0,motion,0.0,0.0,0.0,0.0,0.0,0.2667,0.763,0.401,0.1993,0.302,0.0248,,"[-0.0, -0.0, 0.0, -0.0, 0.0, 0.0, 0.0, 0.0, 0.0, 0.0, 0.0, 0.0, -0.0, 0.0, 0.0, -0.0, 0.0002, 0.0, -0.0, -0.0001, -0.0002, -0.0002, -0.0003, -0.0003, -0.0003, -0.0003, -0.0003, -0.0003, -0.0003, -0.0004, -0.0003, -0.0007, 0.0003, 0.0007, 0.0008, 0.0031, -0.0009, 0.0044, -0.0019, -0.0004, -0.0001, -0.0004, 0.0001, -0.0003, -0.0001, -0.0003, -0.0003, -0.0003, -0.0004, -0.0002, -0.0002, 0.0, -0.0002, 0.0, 0.0, 0.0, 0.0001, 0.0001, -0.0, 0.0, 0.0, -0.0, 0.0, 0.0001, -0.0001, 0.0006, -0.0002, 0.0, -0.0006, -0.0001, -0.0001, 0.0001, -0.0, 0.0, 0.0, 0.0001, 0.0, 0.0, 0.0, 0.0, -0.0, 0.0001, -0.0006, -0.0001, 0.0, 0.0, 0.0, 0.0, 0.0, 0.0, 0.0, 0.0, 0.0, 0.0, 0.0, 0.0, 0.0, 0.0, 0.0, 0.0, 0.0, 0.0, 0.0, 0.0, 0.0, -0.0, 0.0, 0.0, 0.0, 0.0, 0.0, 0.0, 0.0, -0.0, 0.0, 0.0, 0.0, 0.0, 0.0]",0.0
2026-07-06_11-16-17.mp4,1,120.0,15.0,0.0,motion,0.0,0.0,0.0,0.0,0.0,0.5646,1.525,0.297,0.262,3.687,0.1319,,"[-0.0001, 0.0001, 0.0, 0.0001, 0.0002, 0.0, 0.0, -0.0001, -0.0, -0.0001, -0.0, 0.0003, -0.0, -0.0, -0.0, -0.0, -0.0, -0.0, 0.0, 0.0, -0.0, -0.0001, 0.0001, 0.0001, 0.0, -0.0, -0.0001, 0.0, -0.0001, -0.0, -0.0001, -0.0, 0.0, 0.0, 0.0001, -0.0001, -0.0001, 0.0, 0.0001, 0.0, 0.0002, 0.0001, -0.0001, -0.0, -0.0, -0.0001, 0.0, 0.0, -0.0, -0.0, 0.0, -0.0, -0.0, 0.0, 0.0, 0.0, 0.0, -0.0, 0.0, -0.0, -0.0, -0.0, -0.0, -0.0, 0.0, -0.0, -0.0001, -0.0, -0.0, -0.0, -0.0, -0.0, 0.0003, -0.0, -0.0001, 0.0001, -0.0, -0.0, -0.0001, -0.0001, -0.0001, 0.0001, 0.0003, 0.0004, -0.0, -0.0, -0.0, -0.0001, -0.0, -0.0, -0.0, -0.0, -0.0, -0.0, -0.0, -0.0, -0.0, -0.0, -0.0, -0.0, -0.0, -0.0, -0.0, -0.0, -0.0001, -0.0, -0.0, -0.0, -0.0, -0.0, -0.0, 0.0007, -0.0, 0.0, -0.0, 0.0001, 0.0, 0.0001, -0.0001]",0.0
2026-07-04_01-33-11.mp4,1,120.0,15.0,0.0,motion,0.0,0.0,0.0,0.0,0.0,0.3271,1.017,0.404,0.5531,0.006,0.0008,,"[0.0, -0.0, 0.0002, -0.0, -0.0001, -0.0001, -0.0, -0.0, -0.0001, 0.0, -0.0001, -0.0, -0.0, -0.0, -0.0, -0.0, -0.0, -0.0, -0.0, -0.0001, 0.0, 0.0, -0.0001, -0.0001, 0.0001, -0.0001, -0.0001, -0.0001, 0.0, -0.0, -0.0002, 0.0, -0.0001, 0.0, 0.0021, -0.0001, 0.0001, 0.0004, 0.0, -0.0001, -0.0006, -0.0001, -0.001, 0.0, -0.0, -0.0001, -0.0001, -0.0, -0.0, 0.0, 0.0001, 0.0, 0.0002, 0.0, 0.0001, 0.0001, -0.0, 0.0001, -0.0001, -0.0002, -0.0, -0.0, -0.0, -0.0001, -0.0, -0.0, 0.0002, -0.0, -0.0, 0.0, 0.0001, -0.0, 0.0, -0.0001, -0.0001, 0.0002, -0.0001, 0.0001, 0.0002, 0.0001, -0.0004, 0.0004, -0.0002, -0.0002, 0.0001, -0.0, 0.0, 0.0, 0.0, -0.0, -0.0001, -0.0, -0.0001, -0.0, 0.0, 0.0, -0.0, 0.0001, 0.0, -0.0001, 0.0, 0.0, 0.0, 0.0002, 0.0001, 0.0, 0.0, 0.0, 0.0, 0.0, 0.0, 0.0001, -0.0001, -0.0006, 0.0, 0.0, -0.0001, 0.0, 0.0]",0.0
2026-07-18_07-28-01.mp4,1,120.0,15.0,0.0,motion,0.0,0.0,0.0,0.0,0.0,0.524,2.797,0.0,0.4842,0.204,0.0,,"[0.0, 0.0, -0.0, -0.0, -0.0, -0.0, -0.0, -0.0, -0.0, -0.0, -0.0, -0.0, -0.0, -0.0, 0.0, 0.0, 0.0, 0.0001, 0.0, 0.0, 0.0, 0.0, 0.0, 0.0002, 0.0, 0.0, 0.0, 0.0, -0.0002, -0.0005, 0.0, 0.0002, 0.0002, -0.0, -0.0, -0.0, 0.0, -0.0, -0.0, -0.0, 0.0, 0.0, 0.0, 0.0, -0.0, -0.0003, -0.0003, 0.0007, 0.0, 0.0, -0.0, -0.0, -0.0, -0.0, -0.0, -0.0, -0.0, -0.0, -0.0, 0.0, 0.0, -0.0, -0.0, 0.0, -0.0, 0.0, 0.0, 0.0, 0.0, 0.0, 0.0, 0.0, -0.0, -0.0, -0.0001, -0.0001, -0.0003, 0.0002, -0.0, 0.0002, -0.0, -0.0, 0.0, -0.0, -0.0, -0.0001, -0.0002, -0.0003, -0.0003, -0.0001, -0.0003, -0.0004, -0.0006, -0.0007, 0.0002, 0.0005, 0.0004, 0.0005, 0.0005, 0.0007, 0.0023, 0.0051, 0.0048, -0.0024, 0.0002, 0.0027, 0.0076, 0.0017, 0.0005, -0.026, -0.0044, -0.0019, 0.0003, 0.0006, 0.0005, 0.0006, 0.0006, 0.0007, 0.0008]",0.0
2026-07-15_19-52-42.mp4,1,120.0,15.0,0.0,motion,0.0,0.0,0.0,0.0,0.0,0.3251,0.763,0.0,0.3268,19.773,0.0,,"[0.0, 0.0005, -0.0001, -0.0001, -0.0001, -0.0001, -0.0001, -0.0001, -0.0, -0.0, -0.0, -0.0, -0.0, -0.0, -0.0, -0.0, -0.0, -0.0, 0.0, 0.0, 0.0, 0.0, 0.0, 0.0, 0.0, 0.0, 0.0, 0.0, 0.0, 0.0, 0.0, 0.0, 0.0, 0.0, 0.0, 0.0, 0.0, 0.0, 0.0, 0.0, 0.0, 0.0, 0.0, 0.0, -0.0003, -0.0003, -0.0003, -0.0003, -0.0003, -0.0003, -0.0003, -0.0003, -0.0003, -0.0003, -0.0003, -0.0003, -0.0003, -0.0003, -0.0003, 0.0099, -0.0003, -0.0003, -0.0003, -0.0003, -0.0003, -0.0003, -0.0003, -0.0003, -0.0003, -0.0003, -0.0003, -0.0003, -0.0003, -0.0003, -0.0003, -0.0, -0.0, -0.0, -0.0, -0.0, -0.0, -0.0, -0.0, -0.0, -0.0, -0.0, -0.0, -0.0, -0.0, -0.0, -0.0, -0.0, -0.0, -0.0, -0.0, -0.0, -0.0, -0.0, -0.0, -0.0, -0.0, -0.0, -0.0, -0.0, -0.0, -0.0, -0.0, -0.0, -0.0, -0.0, -0.0, -0.0, -0.0, -0.0, -0.0, -0.0, -0.0, -0.0, -0.0]",0.0
2026-07-19_17-50-21.mp4,1,120.0,15.0,0.0,motion,0.0,0.0,0.0,0.0,0.0,0.4336,1.78,0.409,0.3247,0.004,0.0007,,"[-0.0001, 0.0001, 0.0001, 0.0, -0.0, 0.0, -0.0001, 0.0007, -0.0, -0.0, -0.0002, -0.0001, -0.0001, 0.0, -0.0, 0.0001, -0.0001, -0.0, 0.0, -0.0, -0.0001, -0.0002, -0.0, 0.0001, 0.0013, -0.0, -0.0, -0.0, -0.0002, -0.0, -0.0002, -0.0001, -0.0, -0.0, -0.0, -0.0, -0.0, -0.0, -0.0, 0.0, 0.0, 0.0, 0.0, 0.0, 0.0, 0.0, -0.0, -0.0, -0.0, -0.0, 0.0002, -0.0, -0.0, -0.0, -0.0, -0.0, -0.0, -0.0, -0.0, -0.0001, -0.0, -0.0, -0.0, -0.0, -0.0, -0.0, 0.0, 0.0, 0.0, 0.0, 0.0, 0.0, 0.0, 0.0, 0.0, 0.0, -0.0, -0.0, 0.0001, -0.0, -0.0001, 0.0001, -0.0, -0.0, -0.0, -0.0001, -0.0, -0.0, -0.0, -0.0, -0.0, 0.0002, -0.0001, -0.0, 0.0, -0.0, -0.0001, 0.0, 0.0, 0.0, 0.0, -0.0, 0.0002, -0.0, -0.0, -0.0, -0.0, 0.0, -0.0, -0.0001, -0.0, -0.0, -0.0, -0.0, -0.0, -0.0, -0.0, -0.0, 0.0]",0.0
2026-07-12_01-17-01.mp4,1,120.0,15.0,0.0,motion,0.0,0.0,0.0,0.0,0.0,0.1159,0.763,0.37,0.4015,0.624,0.0165,,"[-0.0, -0.0001, 0.0001, 0.0001, 0.0001, 0.0, 0.0004, 0.0008, -0.0004, 0.0001, -0.0002, -0.0001, -0.0001, -0.0002, 0.0, 0.0005, 0.0004, -0.0003, 0.0004, 0.0001, -0.0001, -0.0066, -0.0168, 0.0361, -0.008, 0.0017, 0.0002, -0.0004, -0.0005, -0.0052, -0.0112, -0.002, 0.0073, 0.0007, 0.0006, 0.0004, 0.0006, 0.0004, -0.0007, 0.0008, 0.0004, 0.0005, 0.0005, 0.0004, 0.0004, 0.0001, 0.0, -0.0006, -0.0004, -0.0001, -0.0001, -0.0001, -0.0001, 0.0, -0.0006, 0.0008, -0.0021, 0.0005, -0.0002, 0.0004, 0.0007, -0.0, 0.0009, 0.0009, -0.0001, -0.0, 0.0004, -0.0001, 0.0002, -0.0, 0.0001, 0.0012, -0.001, 0.0001, 0.0002, -0.0001, 0.0, 0.0002, 0.0006, -0.0004, -0.0021, -0.0047, 0.0024, -0.0001, 0.0003, 0.0, 0.0003, 0.0002, 0.0002, 0.0005, -0.0003, -0.0009, 0.0007, -0.0001, 0.0, 0.0, -0.0, -0.0016, 0.001, -0.0027, -0.0098, -0.0079, -0.0099, -0.016, -0.0233, -0.03, -0.0367, -0.0436, -0.0454, -0.059, -0.064, -0.0708, -0.0778, -0.0713, -0.0142, 0.0539, -0.0406, -0.1226, 0.0923]",0.0
2026-07-14_05-23-43.mp4,1,120.0,15.0,0.0,motion,0.0,0.0,0.0,0.0,0.0,0.2871,1.525,0.021,0.3866,0.478,0.002,,"[-0.0624, 0.1938, 0.083, 0.3683, -0.0281, -0.0828, 0.022, -0.0775, -0.0488, -0.0659, -0.0333, 0.0347, 0.0296, 0.0421, -0.0287, -0.0777, 0.0791, 0.0147, 0.0147, 0.024, 0.0875, 0.019, 0.0182, 0.0128, 0.0096, 0.0192, 0.0037, 0.0037, 0.0037, 0.0046, -0.0546, 0.0053, -0.0012, 0.0022, 0.0022, -0.0948, 0.0049, 0.0197, 0.0046, 0.0046, 0.0046, 0.0069, 0.0069, 0.0069, -0.0075, 0.0034, 0.0015, 0.0034, 0.0033, 0.0033, 0.0065, 0.0034, 0.0033, -0.0074, 0.001, 0.001, -0.056, 0.0005, 0.0005, 0.1574, -0.0458, 0.0005, -0.0516, 0.0003, 0.0003, -0.0988, 0.0008, 0.0046, 0.0009, 0.0904, 0.0007, 0.0007, -0.0011, -0.0012, -0.0012, 0.0039, 0.0024, 0.0024, 0.0007, 0.0007, -0.0144, -0.0025, -0.0025, -0.0024, -0.0024, 0.0005, 0.0005, 0.0005, 0.0005, 0.0005, 0.0005, 0.0005, 0.0005, 0.0005, 0.0005, 0.0005, -0.0, -0.0, -0.0, -0.0, -0.0, -0.0, -0.0027, 0.0008, 0.0043, 0.0078, 0.0114, 0.0149, 0.0184, 0.0219, 0.0254, 0.0289, 0.0324, 0.0359, 0.0394, 0.0429, 0.0465, 0.1333, -0.0553]",0.0
2026-07-16_18-29-59.mp4,1,120.0,15.0,0.0,motion,0.0,0.0,0.0,0.0,0.0,0.3165,0.763,0.669,0.4006,99.0,0.2113,,"[-0.0066, -0.0384, -0.1104, -0.0295, -0.0285, -0.0065, 0.0663, 0.1772, 0.0283, 0.063, 0.0393, 0.0387, 0.0615, -0.0242, -0.0221, -0.0212, -0.0211, -0.0183, -0.0233, -0.0237, -0.0179, 0.0096, -0.022, -0.0134, -0.0117, -0.0087, -0.0066, -0.0054, -0.0019, -0.0019, -0.0019, -0.002, -0.0019, 0.0177, -0.0018, -0.0018, -0.0016, 0.0011, -0.0006, -0.0006, -0.0006, -0.0006, -0.0006, -0.0006, -0.0004, -0.0004, -0.0015, -0.0004, -0.0004, 0.0002, 0.0002, 0.0002, 0.0002, 0.0002, 0.0002, 0.0002, 0.0002, 0.0002, -0.0017, -0.0048, 0.0002, 0.0002, 0.0002, 0.0002, 0.0002, 0.0012, 0.0, 0.0, 0.0, 0.0, 0.0, 0.0, 0.0, 0.0, -0.0, -0.0002, -0.0003, -0.0002, -0.0002, -0.0002, -0.0002, 0.0053, -0.0002, -0.0002, -0.0002, -0.0002, -0.0002, -0.0002, -0.0002, -0.0002, -0.0002, -0.0002, -0.0002, -0.0002, -0.0002, -0.0004, -0.0001, 0.0, 0.0, 0.0, -0.0, 0.0, 0.0, 0.0, 0.0, 0.0, 0.0, 0.0, 0.0007, -0.0011, 0.0, -0.0, -0.0, -0.0, 0.0, 0.0, 0.0005, -0.0, -0.0]",0.0
2026-07-11_18-13-09.mp4,1,120.0,15.0,0.0,motion,0.0,0.0,0.0,0.0,0.0,0.265,0.763,0.189,0.3619,0.275,0.0108,,"[-0.0001, 0.0, -0.0, 0.0001, 0.0, 0.0, 0.0, 0.0, 0.0, 0.0, 0.0, 0.0, 0.0, 0.0, 0.0, 0.0, 0.0, 0.0, 0.0, 0.0, -0.0, -0.0, -0.0, -0.0, -0.0, -0.0, -0.0, -0.0, -0.0, 0.0, -0.0, 0.0, 0.0, 0.0, 0.0, 0.0, 0.0, 0.0, 0.0, 0.0, 0.0, 0.0, 0.0, 0.0, 0.0, 0.0, 0.0, 0.0, 0.0, 0.0, 0.0, 0.0, 0.0, 0.0, 0.0, 0.0, 0.0, 0.0, 0.0, -0.0, 0.0, 0.0, 0.0, 0.0, 0.0, 0.0, 0.0, 0.0, 0.0, 0.0, 0.0, 0.0, 0.0, 0.0, 0.0, -0.0, -0.0, -0.0, -0.0, -0.0, -0.0, -0.0, -0.0, -0.0, -0.0, -0.0, -0.0, -0.0, -0.0, -0.0, 0.0, -0.0, 0.0002, -0.0, -0.0, -0.0, 0.0001, -0.0001, -0.0, -0.0, -0.0, -0.0, -0.0, -0.0, -0.0, -0.0, -0.0, -0.0, 0.0, 0.0, 0.0, 0.0, 0.0, -0.0, -0.0, -0.0, 0.0, -0.0, -0.0]",0.0
2026-07-22_14-09-56.mp4,1,120.0,15.0,0.0,motion,0.0,0.0,0.0,0.0,0.0,0.3598,0.763,0.75,0.3563,0.051,0.0131,,"[0.0, 0.0, 0.0, 0.0, 0.0, 0.0, 0.0, 0.0, 0.0, 0.0, 0.0, 0.0, 0.0, 0.0, 0.0, 0.0, 0.0, 0.0, 0.0, 0.0, 0.0, 0.0, 0.0, 0.0, 0.0, 0.0, 0.0, 0.0, 0.0, 0.0, 0.0, 0.0, 0.0, 0.0, 0.0, 0.0, 0.0, 0.0, 0.0, -0.0, -0.0, 0.0, 0.0, 0.0, 0.0, -0.0, -0.0, -0.0, -0.0, -0.0, -0.0, -0.0, -0.0, -0.0, 0.0006, -0.0005, -0.0009, -0.0003, -0.0001, -0.0008, 0.0008, -0.0001, -0.0008, -0.0005, -0.0014, -0.0007, -0.0, -0.0005, -0.0011, -0.0001, 0.0003, 0.0017, 0.0056, 0.0052, 0.0002, 0.0016, 0.0, -0.0002, -0.0004, -0.0011, -0.0001, -0.0042, -0.0055, -0.0012, 0.0018, 0.0044, -0.0035, -0.0001, -0.0003, 0.0081, -0.004, -0.0105, -0.0109, -0.0064, 0.0066, 0.0409, -0.0922, -0.0239, -0.0375, -0.0782, -0.0253, 0.0238, -0.013, -0.0031, -0.0253, 0.0441, 0.0576, 0.043, 0.0649, 0.0245, 0.0392, 0.2053, -0.0337, -0.0004, -0.0363, -0.039, -0.0401, -0.0398, -0.0085]",0.0
2026-07-19_03-03-55.mp4,1,120.0,15.0,0.0,motion,0.0,0.0,0.0,0.0,0.0,0.0791,1.78,0.0,0.6404,0.531,0.0,,"[-0.0025, 0.0046, 0.0029, 0.0019, 0.0019, 0.0016, 0.0017, 0.0013, 0.0012, 0.001, 0.0011, 0.0007, 0.0005, 0.0003, -0.0002, -0.0001, -0.0001, -0.0, -0.0, -0.0, -0.0, -0.0, 0.0, 0.0, 0.0, 0.0, 0.0001, 0.0, 0.0, 0.0, 0.0001, -0.0, -0.0, -0.0, -0.0, -0.0, -0.0, -0.0, -0.0, -0.0001, -0.0, -0.0, 0.0, 0.0, 0.0, 0.0, 0.0, 0.0, 0.0, 0.0, 0.0, 0.0, 0.0, 0.0, -0.0001, 0.0, 0.0, 0.0, 0.0, -0.0001, 0.0, -0.0, -0.0, -0.0, -0.0009, -0.0001, -0.0001, 0.0001, 0.0005, 0.0001, 0.0002, 0.0002, 0.0001, 0.0001, 0.0001, -0.0001, 0.0004, 0.0004, 0.0005, 0.0282, -0.033, 0.0058, -0.0043, 0.0, -0.001, -0.0025, -0.0, 0.0018, 0.0008, -0.0, 0.0014, -0.0035, 0.0008, 0.0026, 0.0001, 0.0015, 0.0029, 0.0017, -0.0006, -0.0017, -0.0008, -0.0001, -0.0002, -0.0003, -0.0006, -0.0, -0.0002, -0.0001, -0.0001, -0.0001, -0.0003, -0.0, -0.0, 0.0001, 0.0004, 0.0001, 0.0001, -0.0, 0.0]",0.0
2026-07-14_23-17-19.mp4,1,120.0,15.0,0.017,motion,0.0,0.0,0.0,0.0,0.0,0.3263,1.78,0.317,0.4106,0.1,0.0094,,"[0.0, 0.0, 0.0004, 0.0, -0.0, -0.0, 0.0, 0.0, -0.0001, -0.0, -0.0, -0.0, -0.0001, -0.0, -0.0, -0.0, 0.0, -0.0, -0.0001, -0.0001, 0.0001, -0.0, -0.0, 0.0001, -0.0, -0.0001, 0.0001, 0.0002, -0.0, -0.0, -0.0, -0.0, 0.0, -0.0, -0.0, -0.0, -0.0001, 0.0, 0.0, -0.0001, -0.0001, 0.0001, -0.0, -0.0, -0.0, 0.0002, -0.0, 0.0003, -0.0, -0.0001, 0.0001, -0.0, -0.0, -0.0, -0.0, 0.0001, -0.0002, -0.0001, -0.0, 0.0002, 0.0001, 0.0001, -0.0004, 0.0, -0.0002, 0.0, 0.0, -0.0, 0.0004, 0.0008, -0.0018, -0.0007, 0.0002, 0.0004, -0.0002, 0.0, 0.0001, 0.0006, 0.0001, 0.0, 0.0, -0.0, -0.0, -0.0, 0.0007, 0.0002, 0.0001, -0.0001, -0.0003, -0.0003, 0.0001, -0.0, -0.0002, -0.0001, -0.0, -0.0, 0.0, 0.0001, -0.0, -0.0, 0.0, 0.0, -0.0, -0.0, 0.0, 0.0, -0.0, 0.0, -0.0, -0.0002, -0.0002, -0.0001, -0.0001, 0.0001, -0.0001, -0.0001, -0.0001, -0.0001, 0.0001]",0.0
2026-07-01_20-18-01.mp4,1,120.0,15.0,0.075,motion,0.0,0.0,0.0,0.0,0.0,0.3501,0.763,0.52,0.3348,1.773,0.1163,,"[0.0, 0.0, 0.0, 0.0, -0.0001, 0.0001, 0.0005, -0.0001, -0.0001, -0.0009, 0.0002, -0.0001, 0.0, -0.0001, 0.0001, 0.0, 0.0, 0.0, 0.0, 0.0, 0.0001, 0.0, 0.0, 0.0001, 0.0, -0.0, -0.0, -0.0, -0.0, -0.0, -0.0001, -0.0, -0.0, -0.0002, -0.0, -0.0, -0.0001, 0.0002, -0.0, 0.0007, -0.0, 0.0002, -0.0001, -0.0001, -0.0, -0.0001, 0.0, -0.0001, -0.0, -0.0, -0.0, -0.0, -0.0, -0.0, 0.0003, -0.0001, -0.0002, -0.0, 0.0, 0.0001, 0.0, 0.0, 0.0, -0.0, 0.0, -0.0, 0.0, -0.0, 0.0, 0.0, -0.0001, -0.0001, 0.0001, -0.0, -0.0, 0.0001, -0.0001, -0.0, -0.0, 0.0, -0.0, -0.0, -0.0, -0.0, -0.0, -0.0, 0.0001, -0.0, 0.0002, -0.0, -0.0, -0.0, 0.0001, -0.0, -0.0, -0.0, -0.0, -0.0, -0.0, 0.0003, -0.0, -0.0, -0.0, -0.0, -0.0, -0.0, -0.0, -0.0, -0.0, -0.0, -0.0, -0.0, -0.0, -0.0, -0.0, -0.0001, -0.0001, 0.0, 0.0]",0.0
2026-07-04_20-58-29.mp4,1,120.0,15.0,0.0,motion,0.0,0.0,0.0,0.0,0.0,0.2542,0.763,0.43,0.3802,2.757,0.0803,,"[-0.0003, 0.0002, 0.0008, 0.0002, 0.0002, 0.0002, 0.0002, 0.0001, 0.0002, 0.0001, 0.0002, 0.0, 0.0001, 0.0003, -0.0, 0.0, -0.0, -0.0, -0.0, -0.0, -0.0, 0.0, 0.0003, -0.0, 0.0, 0.0, 0.0005, -0.0009, 0.0002, 0.0004, -0.0015, 0.0013, -0.0001, -0.0004, -0.0002, -0.0002, -0.0, -0.0002, 0.0002, -0.0003, -0.0001, -0.0, -0.0004, 0.0001, 0.0004, -0.0003, 0.0006, -0.0001, -0.0005, -0.0002, -0.0004, -0.0003, -0.0002, -0.0, 0.0002, 0.0005, -0.0002, 0.0008, 0.003, 0.0014, 0.0015, -0.0009, -0.0001, -0.0, 0.0, -0.0004, -0.0022, 0.0003, -0.0004, -0.0006, -0.0006, -0.0005, -0.0005, -0.002, -0.0001, -0.0001, -0.0, 0.0001, -0.0001, 0.0003, 0.0012, 0.0031, 0.0035, 0.001, 0.0004, 0.0007, 0.0004, 0.0007, 0.0002, 0.0, 0.0003, -0.0004, -0.002, 0.0046, -0.0125, -0.0012, -0.0038, 0.0009, 0.0007, -0.0029, 0.0007, 0.0007, 0.0004, 0.001, 0.0008, 0.0006, 0.0008, 0.0008, 0.0006, 0.0007, 0.0003, 0.0002, 0.0001, 0.0001, 0.0001, -0.0, -0.0, 0.0001, -0.0]",0.0
2026-07-03_12-48-19.mp4,1,120.0,15.0,0.0,motion,0.0,0.0,0.0,0.0,0.0,0.1867,2.542,0.226,0.2609,0.06,0.0024,,"[0.0003, -0.0008, -0.0007, -0.0003, 0.0035, 0.0, -0.0009, -0.0002, -0.0012, 0.0016, 0.0007, 0.0016, -0.006, -0.0002, -0.0002, -0.0003, -0.0, -0.0, -0.0007, -0.0001, 0.0, 0.0006, -0.0011, 0.0, 0.0009, 0.0048, 0.0003, 0.0004, -0.0011, 0.0002, 0.0002, -0.0014, -0.0003, 0.0017, 0.0002, 0.0002, 0.0002, 0.0002, 0.0002, -0.0053, -0.0019, 0.0005, -0.0004, 0.0006, 0.0, 0.0004, 0.0005, 0.0004, 0.0004, 0.0005, 0.0008, 0.0005, 0.0006, 0.0006, 0.0006, -0.0024, -0.0005, -0.0044, 0.0037, 0.0067, 0.0037, 0.0025, 0.0037, 0.0024, 0.0037, 0.0037, 0.0028, 0.0018, 0.0034, 0.0037, 0.0038, 0.0049, 0.0498, -0.1504, 0.0111, -0.0041, 0.0036, 0.0035, 0.0056, 0.0033, 0.0039, 0.0036, 0.0036, 0.001, 0.0035, 0.0035, 0.0035, 0.0036, 0.0051, 0.0001, 0.0003, 0.0001, 0.0001, -0.0006, 0.0002, 0.0002, 0.0002, 0.0002, 0.0002, -0.001, 0.0001, 0.0001, 0.0002, -0.0003, -0.0001, 0.0004, 0.0002, 0.0002, -0.0001, 0.0003, -0.0004, -0.0002, 0.0002, 0.0009, -0.0004, -0.0006, 0.0021, -0.0045, 0.0002]",0.0
2026-07-11_10-18-34.mp4,1,120.0,15.0,0.0,motion,0.0,0.0,0.0,0.0,0.0,0.4443,0.763,0.117,0.3236,0.001,0.0,,"[-0.0004, 0.0007, 0.0056, -0.0007, -0.0005, -0.0002, -0.0002, -0.0003, 0.0001, -0.0003, -0.0005, 0.0004, -0.0003, -0.0003, 0.0018, -0.0003, 0.0, -0.0003, -0.0001, -0.0001, 0.0005, -0.0001, -0.0001, -0.0001, -0.0001, -0.0001, -0.0001, -0.0001, -0.0001, -0.0001, -0.0, -0.0, -0.0, 0.0, -0.0, -0.0, -0.0, -0.0, 0.0, 0.0, 0.0, 0.0, 0.0, 0.0, 0.0001, 0.0001, 0.0001, 0.0001, 0.0001, 0.0, 0.0, 0.0, 0.0, -0.0004, 0.0, 0.0001, 0.0001, 0.0001, -0.0006, -0.0007, 0.0003, -0.0, 0.0002, 0.0001, 0.0008, 0.0003, 0.0001, 0.0001, 0.0002, 0.0001, -0.0006, -0.0003, 0.0001, 0.0001, -0.0002, -0.0007, -0.0008, 0.0, 0.0001, 0.0001, 0.0001, 0.0001, 0.0001, 0.0001, 0.0001, 0.0001, 0.0001, 0.0001, 0.0001, 0.0, -0.0, -0.0, -0.0001, -0.0001, -0.0003, -0.0001, -0.0001, -0.0001, -0.0001, -0.0001, -0.0001, -0.0001, -0.0001, -0.0001, 0.002, -0.0001, -0.0001, -0.0001, -0.0001, -0.0001, -0.0001, -0.0001, -0.0001, -0.0001, -0.0001, -0.0001, -0.0001, -0.0001, -0.0001]",0.0
2026-07-08_09-56-39.mp4,1,120.0,15.0,0.042,motion,0.0,0.0,0.0,0.0,0.0,0.3013,1.271,0.609,0.4265,0.153,0.0243,,"[0.0, -0.0003, -0.0003, -0.0001, 0.0, 0.0001, -0.0, -0.0, 0.0, 0.0, -0.0, 0.0, 0.0, 0.0004, 0.0003, 0.0004, -0.0001, 0.0, 0.0, 0.0, -0.0001, 0.0, -0.0003, -0.0003, 0.0002, -0.0, -0.0004, -0.0006, 0.0005, -0.0001, -0.0, 0.0001, -0.0, -0.0001, -0.0001, -0.0002, 0.0006, -0.0005, 0.0004, 0.0, 0.0002, 0.0001, 0.0, 0.0, 0.0, -0.0001, 0.0001, 0.0003, -0.0001, -0.0003, 0.0001, -0.0001, 0.0003, -0.0, 0.0, 0.0, -0.0006, 0.0, -0.0004, 0.0001, 0.0, 0.0008, -0.0, -0.0, -0.0001, 0.0, -0.0001, 0.0, -0.0005, -0.0002, -0.0001, -0.0004, 0.0003, 0.0006, -0.0003, -0.0001, -0.0002, -0.0, 0.0016, -0.0, -0.0002, 0.0009, -0.0001, -0.0002, -0.0001, 0.0, -0.0001, 0.0002, -0.0009, -0.0002, -0.0003, -0.0002, -0.0002, 0.0011, -0.0001, -0.0001, -0.0001, -0.0001, -0.0002, -0.0001, 0.0, -0.0002, -0.0001, 0.0014, 0.0001, 0.0001, 0.0002, -0.0004, -0.0, -0.0, -0.0, -0.0004, 0.0004, 0.0001, -0.0002, -0.0003, -0.0003, -0.0, -0.0]",0.0
2026-07-01_23-31-51.mp4,1,120.0,15.0,0.25,motion,0.0,0.0,0.0,0.0,0.0,0.4271,0.763,0.732,0.4301,3.056,0.2356,,"[0.0001, 0.0001, 0.0002, 0.0003, 0.0002, 0.0023, 0.0023, 0.0023, 0.0023, 0.0023, 0.0023, 0.0024, -0.0015, -0.0015, -0.003, -0.0036, -0.002, -0.0058, -0.0019, -0.0016, -0.0647, -0.0037, -0.0024, -0.0024, -0.0025, -0.0031, -0.0031, 0.1152, -0.0036, -0.0031, -0.0032, -0.0032, -0.0033, -0.0034, -0.0027, -0.0005, 0.0285, 0.0004, -0.002, 0.0005, 0.0282, 0.0176, 0.0225, 0.0854, 0.0993, 0.1295, 0.1295, 0.1295, 0.1302, 0.1068, 0.1251, 0.1372, -0.0337, 0.2174, 0.1128, -0.12, -0.2095, -0.0176, -1.7118, -0.263, -0.862, 0.117, 0.1166, 0.1122, 0.1123, -0.1679, 0.112, 0.1543, -0.0377, 0.1055, 0.096, 1.3931, -0.897, 0.5155, 0.1667, 0.0485, -0.0135, -0.0378, -0.0573, 0.6684, -0.3162, -0.0364, -0.0201, -0.5925, 0.0451, 0.1965, -1.0005, 0.0477, -0.6636, -0.3027, 0.2219, 0.8329, 0.7856, 0.6822, -0.0692, 0.4818, -0.0419, 0.2664, -0.3632, -0.1232, -0.3801, -0.1188, -0.0554, -0.0529, -0.0932, -0.0807, -0.0721, -0.0436, -0.0195, -0.0264, 0.0054, 0.0059, 0.0189, 0.031, 0.0177, 0.0165, 0.0054, 0.0026, 0.0024]",0.0
2026-07-05_15-36-40.mp4,1,120.0,15.0,0.0,motion,0.0,0.0,0.0,0.0,0.0,0.531,0.763,0.376,0.1956,99.0,0.1995,,"[-0.0024, 0.0044, 0.0023, -0.0118, -0.0373, -0.055, -0.0588, -0.0586, -0.0599, -0.0561, -0.0576, -0.0555, -0.0553, -0.0416, -0.0379, 0.055, -0.3333, 0.0796, 0.4042, 0.7231, 0.5176, 0.102, -0.0339, -0.0361, -0.104, -0.0026, -0.0687, -0.0593, -0.4438, -0.1745, -0.0658, -0.0611, -0.0875, -0.0434, -0.0631, 0.1228, -0.0628, 0.0449, -0.0138, 0.1438, 0.0161, 0.0172, 0.0164, 0.0169, 0.0036, -0.0003, -0.0006, 0.0066, -0.001, -0.0005, 0.0059, 0.0153, 0.0033, 0.0085, 0.0227, 0.0366, 0.0362, 0.0552, 0.0612, 0.0345, 0.0392, 0.0591, -0.1935, 0.2648, 0.0634, -0.1768, 0.0575, 0.0838, 0.0836, -0.3848, -0.1957, 0.1252, -0.4477, -0.0249, 0.2035, 0.1863, 0.1852, 0.1849, 0.1383, 0.1836, 0.1554, -0.0436, -0.2239, 0.0132, -0.0555, 0.1203, -0.5657, -0.2703, -0.4438, -0.1763, -0.3319, 0.1674, 0.1743, 0.1743, 0.1581, 0.137, -0.3888, 0.0883, -0.4758, 0.0239, 0.03, -0.0946, -0.0125, -0.0145, -0.0313, -0.0854, -0.1014, -0.2742, -0.0583, 0.3988, 0.6023, 0.6553, 0.4577, 0.6951, -0.0474, 0.0259, -0.0875, -0.0957, -0.0968]",0.0
2026-07-07_22-36-54.mp4,1,120.0,15.0,0.0,motion,0.0,0.0,0.0,0.0,0.0,0.5218,1.78,0.066,0.2163,16.541,0.0324,,"[-0.0, -0.0, -0.0001, -0.0001, -0.0001, -0.0001, -0.0001, -0.0001, -0.0001, -0.0001, -0.0001, -0.0001, -0.0001, -0.0, -0.0, -0.0, -0.0, 0.0022, 0.0001, -0.0001, -0.0001, -0.0001, -0.0001, -0.0001, -0.0003, 0.0012, -0.0013, 0.0003, -0.0001, 0.0007, 0.0009, 0.001, 0.0003, -0.0002, 0.0057, 0.0022, 0.0018, 0.002, 0.0022, -0.002, 0.0007, -0.0085, -0.0093, -0.0101, -0.0103, -0.0098, -0.011, -0.0185, -0.0084, -0.0032, -0.0039, -0.0037, -0.0133, -0.0074, 0.1275, -0.0877, 0.164, -0.0382, -0.0041, -0.0041, -0.0047, -0.0048, -0.0045, -0.0055, -0.0057, -0.0056, -0.0027, -0.0056, -0.0061, -0.006, 0.0019, -0.0049, 0.0009, -0.0008, -0.0002, 0.0, -0.0012, -0.003, -0.0067, 0.0091, 0.0446, 0.0732, 0.0693, 0.0886, 0.048, 0.0523, 0.0607, 0.0633, 0.065, 0.0653, 0.0647, 0.1008, 0.1119, 0.177, -0.427, -1.0587, -0.8452, 0.1808, -0.5652, 1.2817, -0.1096, -0.2569, -0.057, -0.0511, -0.0005, 0.0089, 0.0237, -0.0258, -0.0323, 0.1534, 0.1008, -0.05, -0.0296, 0.3299, 0.1232, -0.1196, 0.0531, -0.1197, 0.069]",0.0
2026-07-09_18-50-17.mp4,1,120.0,15.0,0.225,motion,0.0,0.0,0.0,0.0,0.0,0.2604,1.78,0.345,0.5241,0.118,0.0095,,"[-0.0161, -0.0372, -0.0365, -0.0358, -0.0351, -0.0341, 0.3248, 0.1502, -0.0325, -0.0352, -0.0347, -0.0417, 0.1054, -0.0328, -0.0325, 0.115, -0.0311, -0.0314, -0.0318, -0.0316, -0.0308, 0.0232, -0.0185, -0.0228, 0.0577, -0.0059, 0.0153, -0.0158, -0.0113, -0.014, -0.0083, -0.0034, 0.005, -0.0128, -0.0013, -0.0195, -0.0222, 0.004, 0.0019, -0.0069, 0.0039, -0.0001, 0.0019, -0.0025, 0.0022, -0.0087, 0.0197, 0.0094, -0.01, 0.0063, -0.005, -0.0016, -0.003, -0.0026, 0.0006, -0.0008, -0.0004, -0.0008, 0.0019, -0.0007, 0.0028, -0.0001, 0.0012, 0.0039, -0.0013, 0.0006, -0.0005, 0.0008, -0.0043, -0.0005, -0.0012, 0.0023, -0.0062, -0.0003, -0.0029, 0.0037, 0.0024, 0.0113, 0.0123, 0.0104, 0.0025, -0.0056, 0.0023, 0.0031, 0.0038, 0.0054, 0.0053, -0.0279, 0.016, -0.0105, -0.0768, 0.006, -0.0054, 0.0014, 0.0027, 0.0021, 0.0036, -0.0001, 0.0017, 0.0014, -0.0074, 0.0275, 0.0262, 0.0088, 0.0032, 0.0022, -0.0027, 0.0041, -0.0209, -0.0032, 0.0041, 0.0077, -0.0002, 0.0124, -0.0021, -0.0098, -0.0102, -0.0007, -0.0005]",0.0
2026-07-07_07-02-19.mp4,1,120.0,15.0,0.0,motion,0.0,0.0,0.0,0.0,0.0,0.3153,2.542,0.0,0.2015,0.089,0.0,,"[-0.0001, -0.0, 0.0001, 0.0001, 0.0001, 0.0001, 0.0001, 0.0001, 0.0001, 0.0, 0.0, 0.0, 0.0003, -0.0001, 0.0, 0.0, -0.0, -0.0, -0.0, -0.0, -0.0, -0.0, -0.0, -0.0, -0.0, -0.0, -0.0, -0.0, 0.0, 0.0, 0.0, 0.0, 0.0, 0.0, 0.0, 0.0, 0.0, 0.0, 0.0, 0.0, 0.0, 0.0, 0.0, 0.0, 0.0, 0.0, 0.0, -0.0006, 0.0, 0.0, 0.0, 0.0, 0.0, 0.0, 0.0, 0.0, 0.0, 0.0004, 0.0, -0.0007, 0.0, 0.0, 0.0, 0.0, 0.0, 0.0, 0.0, 0.0, 0.0, 0.0, 0.0, 0.0, 0.0, 0.0, 0.0, 0.0, 0.0, 0.0, 0.0, 0.0, 0.0, 0.0, 0.0, 0.0, 0.0, 0.0, 0.0, 0.0, 0.0, 0.0, 0.0, 0.0, 0.0, 0.0, 0.0, 0.0, 0.0, 0.0, 0.0, 0.0, 0.0, 0.0, 0.0, 0.0, 0.0, 0.0, 0.0, 0.0, 0.0, 0.0, 0.0, 0.0, 0.0, 0.0, 0.0, 0.0, 0.0, 0.0, 0.0]",0.0
2026-07-21_23-55-48.mp4,1,120.0,15.0,0.0,motion,0.0,0.0,0.0,0.0,0.0,0.3818,1.525,0.837,0.3044,0.04,0.0123,,"[0.0014, -0.0097, -0.0008, -0.0004, -0.0006, -0.0005, -0.0004, -0.0004, -0.0003, -0.0002, -0.0007, -0.0001, 0.0, 0.0002, 0.0001, 0.0002, 0.0003, 0.0001, 0.0001, 0.0001, 0.0001, 0.0001, 0.0001, 0.0001, 0.0001, 0.0001, 0.0, 0.0, 0.0, 0.0006, 0.0, -0.002, 0.0, 0.0, 0.0, 0.0, 0.0002, 0.0, 0.0001, 0.0, 0.0001, 0.0006, 0.0001, -0.0001, 0.0, -0.0002, -0.0, 0.0003, -0.0001, -0.0003, 0.0, 0.0, 0.0, 0.0, -0.0002, -0.0012, 0.0, 0.0, 0.0, 0.0031, 0.0, 0.0, 0.0, 0.0001, -0.0024, 0.0, 0.0, 0.0, 0.0, 0.0, 0.0, -0.0, -0.0, -0.0, -0.0, 0.0001, 0.0001, -0.0006, 0.0001, 0.0001, 0.0, 0.0, 0.0, 0.0, 0.0, 0.0, 0.0, 0.0, 0.0, 0.0, 0.0, 0.0, 0.0001, -0.0, -0.0, -0.0, -0.0, -0.0, -0.0, 0.0, 0.0, 0.0, 0.0, 0.0, 0.0, 0.0, 0.0, 0.0, 0.0, 0.0, 0.0, 0.0, 0.0, 0.0, -0.0007, 0.0, 0.0, 0.0, 0.0]",0.0
2026-07-10_14-05-32.mp4,1,51.0,15.0,0.02,motion,0.0,0.0,0.0,0.0,0.0,0.3346,1.5,0.0,0.3152,99.0,0.0,,"[-0.0055, 0.0055, 0.0059, 0.0047, 0.0043, 0.0039, 0.0036, 0.0039, 0.0028, 0.0025, 0.0023, 0.0019, 0.0015, 0.0012, 0.0008, -0.0007, -0.0011, -0.0011, -0.001, -0.001, -0.001, -0.001, -0.001, -0.001, -0.0026, -0.0036, -0.001, -0.001, -0.001, -0.0013, 0.0348, -0.0006, -0.001, -0.001, -0.001, -0.0015, -0.001, -0.001, -0.0012, -0.001, -0.0011, -0.0011, -0.0011, -0.0011, -0.0011, -0.0011, 0.0, 0.0, 0.0, 0.0]",0.0
2026-07-21_13-04-54.mp4,1,120.0,15.0,0.0,motion,0.0,0.0,0.0,0.0,0.0,0.2381,0.763,0.176,0.2265,0.003,0.0001,,"[0.0002, 0.0003, -0.0003, -0.0001, -0.0001, -0.0001, -0.0004, -0.0001, -0.0001, -0.0, -0.0001, -0.0001, -0.0, -0.0, -0.0, -0.0, -0.0, 0.0, 0.0, 0.0, 0.0, 0.0, -0.0, -0.0, -0.0, -0.0, -0.0, -0.0, -0.0, -0.0, -0.0, -0.0, -0.0, -0.0, 0.0, 0.0, 0.0, 0.0, 0.0, 0.0, 0.0, 0.0, 0.0, 0.0, 0.0, 0.0, 0.0, 0.0, 0.0, 0.0, 0.0, 0.0, 0.0, 0.0, 0.0, 0.0, 0.0, 0.0, 0.0, -0.0001, 0.0, 0.0, 0.0, 0.0, 0.0, 0.0, 0.0, 0.0, 0.0, 0.0, 0.0, 0.0, 0.0, 0.0, 0.0, -0.0, -0.0, -0.0, -0.0, -0.0, -0.0, -0.0, -0.0, -0.0, -0.0, -0.0, -0.0, -0.0, -0.0, -0.0, -0.0, -0.0, -0.0, -0.0, 0.0, 0.0, 0.0, 0.0, 0.0, 0.0, 0.0, 0.0, 0.0, 0.0, 0.0, 0.0, 0.0, 0.0, 0.0, -0.0001, 0.0, 0.0, 0.0, 0.0, 0.0, 0.0, 0.0, 0.0, 0.0]",0.0
2026-07-09_05-45-12.mp4,1,120.0,15.0,0.0,motion,0.0,0.0,0.0,0.0,0.0,0.4217,1.271,0.604,0.3016,5.413,0.215,,"[0.0, -0.0, 0.0, -0.0, 0.0, 0.0, 0.0, -0.0001, -0.0, 0.0001, 0.0001, -0.0006, 0.0004, 0.0002, -0.0001, 0.0001, 0.0001, 0.0001, 0.0001, 0.0001, 0.0001, 0.0001, -0.0005, -0.0007, -0.0, -0.0002, 0.0012, 0.0, -0.0002, 0.0001, 0.0, 0.0001, -0.0004, -0.0002, -0.0003, -0.0002, 0.0001, -0.0, -0.0, 0.0, 0.0, -0.0002, 0.0, 0.0, 0.0, 0.0, -0.0001, -0.0002, 0.0001, 0.0001, 0.0006, 0.0002, 0.0001, -0.0, 0.0001, 0.0001, 0.0001, -0.0, -0.0, 0.0, -0.0002, 0.0, 0.0001, -0.0001, -0.0001, -0.0001, -0.0, -0.0, -0.0, -0.0, -0.0001, -0.0, 0.0, 0.0, 0.0, 0.0, 0.0, 0.0, 0.0003, -0.0001, -0.0001, 0.0, 0.0, 0.0001, 0.0, 0.0, -0.0, -0.0002, -0.0, -0.0, -0.0, -0.0, -0.0, 0.0004, -0.0002, -0.0001, 0.0001, -0.0, -0.0, 0.0, 0.0, 0.0, -0.0, 0.0, -0.0, -0.0, -0.0, -0.0, -0.0, -0.0, -0.0001, -0.0001, -0.0001, -0.0001, -0.0001, -0.0001, -0.0002, -0.0, 0.0001]",0.0
2026-07-03_07-22-16.mp4,1,120.0,15.0,0.083,motion,0.0,0.0,0.0,0.0,0.0,0.3105,0.763,0.259,0.4661,6.696,0.07,,"[-0.003, 0.0012, 0.001, 0.0004, 0.0021, 0.0017, 0.0019, -0.0006, 0.0013, 0.0033, 0.0023, 0.0013, 0.0029, 0.0035, 0.0008, 0.0028, -0.0013, -0.0003, 0.001, 0.0023, -0.0012, -0.001, -0.0013, -0.0017, -0.0011, -0.0001, 0.0018, -0.0009, -0.0004, 0.0001, -0.0005, -0.0002, -0.0006, -0.0006, -0.0008, 0.0028, -0.0003, -0.0005, -0.0001, -0.0008, -0.0006, -0.0006, -0.0005, -0.0005, -0.0005, 0.0006, -0.0005, -0.0006, 0.0091, -0.0002, -0.0005, -0.0004, -0.0004, -0.0004, -0.0002, -0.0004, -0.0001, -0.0004, -0.0004, 0.0004, -0.0004, -0.0004, -0.0004, -0.0004, -0.0, -0.0, -0.0, -0.0, -0.0, -0.0, -0.0, -0.0, 0.0, 0.0, 0.0, 0.0001, 0.0001, 0.0001, 0.0001, 0.0, 0.0, 0.0, 0.0, 0.0, 0.0, 0.0, 0.0, -0.0017, 0.0, 0.0, 0.0001, 0.0, 0.0, -0.0013, 0.0019, 0.0, -0.0003, -0.0, -0.0, -0.0, -0.0001, -0.0001, -0.0001, -0.0001, -0.0001, -0.0007, 0.0011, -0.0001, -0.0001, 0.0019, -0.0007, 0.0001, -0.0001, -0.0001, -0.0001, 0.0008, -0.0001, -0.0001, -0.0001]",0.0
2026-07-05_08-00-58.mp4,0,0.0,0.0,0.0,tooshort,0.0,0.0,0.0,0.0,0.0,0.0,0.0,0.0,0.0,0.0,0.0,,,
2026-07-25_20-22-10.mp4,1,120.0,15.0,0.117,motion,0.0,0.0,0.0,0.0,0.0,0.3579,0.763,0.284,0.1153,99.0,0.1014,,"[0.0021, -0.0013, 0.0026, -0.0016, 0.0016, 0.0012, 0.0001, 0.0008, 0.0011, 0.0085, 0.022, 0.0012, -0.047, -0.033, 0.001, -0.0011, 0.0105, 0.0006, 0.0013, 0.0126, 0.0036, 0.0259, -0.0199, -0.0124, 0.0159, 0.0108, 0.0095, 0.0031, -0.0293, 0.0084, 0.011, -0.0316, -0.0015, -0.0025, -0.003, 0.0112, -0.0015, -0.0038, -0.0015, 0.0032, 0.0156, 0.0163, 0.0056, 0.0149, 0.0075, 0.0316, 0.0143, 0.0019, 0.0179, 0.0064, 0.0207, -0.012, -0.0238, 0.0086, 0.0065, -0.1591, -0.007, -0.1277, 0.0007, 0.0174, 0.0051, 0.0091, 0.0167, -0.0013, 0.0989, 0.0178, -0.0128, 0.0049, 0.0185, -0.0018, 0.0077, 0.0075, 0.0022, 0.017, -0.004, -0.0055, -0.0026, 0.0028, -0.0067, -0.008, 0.0046, 0.005, -0.0017, -0.0101, -0.0061, 0.0006, 0.0056, -0.0067, -0.0025, -0.0006, -0.0005, -0.0009, 0.0002, 0.0007, 0.0003, -0.0017, 0.0008, 0.0092, 0.0031, -0.011, -0.0075, 0.0072, -0.0166, -0.0035, 0.0016, 0.0309, -0.028, -0.0033, 0.011, 0.0225, -0.0042, 0.0018, 0.0052, 0.0568, -0.0013, 0.0034, 0.0069, 0.0204, -0.0115]",0.0
2026-07-04_19-03-48.mp4,1,120.0,15.0,0.0,motion,0.0,0.0,0.0,0.0,0.0,0.3403,0.763,0.633,0.076,29.347,0.2083,,"[0.0, -0.0, 0.0, -0.0, -0.0, -0.0, -0.0, -0.0, -0.0, -0.0, 0.0, 0.0, -0.0, -0.0, -0.0, 0.0, -0.0, -0.0, -0.0, -0.0, -0.0, 0.0, 0.0007, -0.0009, -0.0021, -0.0021, -0.0021, -0.0021, -0.0021, -0.0021, -0.0021, -0.0021, -0.0021, -0.0021, -0.0021, -0.0021, -0.0021, -0.0245, 0.0494, 0.0337, -0.002, -0.0021, -0.0021, -0.0021, -0.0021, -0.0021, -0.0021, -0.0021, -0.0019, -0.0021, -0.0021, -0.0021, -0.0021, -0.0019, -0.0021, -0.0, -0.0, 0.0001, 0.0001, 0.0, -0.0001, 0.0004, -0.0005, -0.0001, 0.0001, 0.0002, -0.0, -0.0, -0.0, 0.0, 0.0, 0.0, 0.0, 0.0007, -0.0005, 0.0004, 0.0004, -0.0003, -0.0005, -0.0006, -0.0006, -0.0006, -0.0006, -0.0006, -0.0006, -0.0007, -0.0025, 0.0001, -0.0055, -0.0002, -0.0079, 0.0002, 0.0223, 0.0051, 0.0023, -0.001, 0.0002, -0.0003, -0.0007, -0.001, -0.0009, -0.0009, -0.0011, 0.0034, 0.0079, 0.0124, 0.0167, 0.0215, 0.0261, 0.0314, 0.0358, 0.0403, 0.0448, 0.0493, 0.0539, 0.0583, 0.0636, 0.0781, -0.0681]",0.0
2026-07-11_05-03-32.mp4,1,120.0,15.0,0.0,motion,0.0,0.0,0.0,0.0,0.0,0.2505,2.542,0.334,0.2935,0.007,0.0006,,"[0.0, 0.0003, 0.0001, -0.0001, 0.0, -0.0, 0.0, -0.0005, 0.0004, -0.0007, 0.0001, 0.0002, 0.0007, -0.0007, -0.0003, 0.0001, -0.0002, -0.0002, -0.0, 0.0002, 0.0001, 0.0002, 0.0001, -0.0003, 0.0002, 0.0, 0.0, 0.0, 0.0, 0.0003, 0.0003, 0.0001, -0.0004, 0.0009, 0.0001, -0.0008, -0.0003, -0.0004, -0.0, 0.0003, -0.0005, -0.0002, 0.0001, -0.0005, -0.0, -0.0004, 0.0019, 0.0001, 0.0001, 0.0001, -0.0001, 0.0, 0.0, -0.0002, 0.0001, -0.0001, -0.0001, -0.0, -0.0001, -0.0002, -0.0005, -0.0002, -0.0002, -0.0001, -0.0001, 0.0, -0.0001, -0.0001, -0.0001, -0.0001, 0.0019, -0.0003, 0.0003, -0.0005, -0.0002, 0.0001, -0.0001, 0.0018, -0.0, 0.0004, -0.0003, 0.0, -0.0003, -0.0001, -0.0001, -0.0003, -0.0001, -0.0001, -0.0001, -0.0003, 0.0004, -0.0001, -0.0013, 0.0003, -0.0004, 0.0005, -0.0, 0.0001, 0.0001, 0.0001, 0.0001, 0.0004, -0.0, 0.0002, 0.0004, 0.0001, 0.0006, 0.0, 0.0006, 0.0015, -0.0028, 0.0004, 0.0003, 0.0008, 0.0003, 0.0006, 0.0004, 0.0006, -0.0005]",0.0
2026-07-14_14-58-37.mp4,1,120.0,15.0,0.0,motion,0.0,0.0,0.0,0.0,0.0,0.4349,2.542,0.562,0.3729,0.225,0.0449,,"[-0.0003, 0.001, 0.0, 0.0002, 0.0001, 0.0002, 0.0001, 0.0001, 0.0002, 0.0003, 0.0001, 0.0001, 0.0, 0.0, 0.0001, 0.0001, 0.0002, 0.0001, 0.0001, 0.0001, 0.0001, -0.0, 0.0001, 0.0001, -0.0008, 0.0012, 0.0001, 0.0002, 0.0001, -0.0025, -0.0007, -0.0003, 0.0001, -0.0001, 0.0001, 0.0001, 0.0001, 0.0004, 0.0009, 0.0001, 0.0, 0.0001, 0.0001, 0.0001, 0.0001, -0.0, -0.0001, -0.0001, -0.0001, -0.0001, -0.0001, -0.0001, -0.0001, -0.0001, -0.0, -0.0, -0.0, -0.0, -0.0, 0.0005, -0.0, 0.0009, -0.0, -0.0, -0.0, -0.0, -0.0, -0.0, -0.0, -0.0, -0.0, -0.0, -0.0, -0.0, -0.0, -0.0, -0.0, 0.0, -0.0, -0.0006, -0.0, 0.0, 0.0, 0.0003, 0.0, 0.0002, -0.0001, -0.0001, -0.0001, -0.0, -0.0001, -0.0001, -0.0001, -0.0001, -0.0001, -0.0001, -0.0001, -0.0001, -0.0001, -0.0001, 0.0004, 0.0018, -0.0005, -0.0001, -0.001, 0.0015, -0.0004, 0.0, -0.0, -0.0, -0.0, -0.0, 0.0, -0.0, -0.0002, -0.0, 0.0, 0.0001, -0.0001]",0.0
2026-07-10_14-20-43.mp4,1,120.0,15.0,0.0,motion,0.0,0.0,0.0,0.0,0.0,0.2343,1.271,0.596,0.3092,0.631,0.054,,"[0.0, -0.0, 0.0001, -0.0, -0.0001, -0.0001, -0.0, -0.0001, 0.0003, 0.0001, -0.0, -0.0, -0.0002, -0.0, -0.0, 0.0, -0.0001, -0.0002, 0.0003, 0.0001, -0.0002, -0.0001, -0.0, -0.0, 0.0002, 0.0, 0.0001, 0.0, 0.0001, 0.0003, 0.0001, 0.0004, -0.0001, 0.0, -0.0001, -0.0002, -0.0006, 0.0009, -0.0023, -0.0011, 0.0018, -0.0003, -0.0, -0.0, 0.0001, -0.0, 0.0, -0.0001, -0.0, 0.0001, -0.0, 0.0003, 0.0002, -0.0, -0.0001, 0.0001, -0.0008, 0.0014, 0.0011, 0.0004, 0.0003, 0.0008, 0.0001, 0.0007, -0.0036, -0.0012, 0.0019, -0.0019, 0.0004, -0.0001, -0.0001, 0.0028, -0.0022, -0.0002, -0.0016, -0.0001, -0.0021, -0.0005, 0.0011, -0.0002, 0.0, -0.0006, 0.0025, 0.0006, -0.0004, 0.0006, 0.0008, -0.0004, -0.0004, -0.0004, 0.0013, 0.0001, -0.0001, 0.0023, 0.0008, 0.0015, -0.0004, -0.001, -0.0004, -0.0004, 0.0002, -0.0006, -0.0003, -0.0003, -0.0003, -0.0003, -0.0002, -0.0002, -0.0001, -0.0001, -0.0003, 0.0, 0.0, 0.0, 0.0002, 0.0, 0.0004, 0.0, -0.0001]",0.0
2026-07-08_09-04-57.mp4,1,120.0,15.0,0.0,motion,0.0,0.0,0.0,0.0,0.0,0.3,0.763,0.459,0.4966,0.0,0.0,,"[-0.0001, 0.0015, -0.0008, -0.0004, -0.0001, -0.0001, -0.0001, 0.0009, -0.0001, -0.0001, 0.0003, -0.0001, -0.0001, -0.0001, -0.0002, 0.0007, -0.0002, -0.0001, -0.0002, -0.0006, -0.0002, -0.0002, -0.0002, 0.0005, -0.0001, -0.0001, -0.0001, -0.0001, -0.0001, 0.002, -0.0002, 0.0005, -0.0001, -0.0002, -0.0001, -0.0001, -0.0001, -0.0001, -0.0001, -0.0001, -0.0001, -0.0001, -0.0001, 0.0002, 0.0007, -0.0, -0.0, -0.0002, 0.0001, -0.0, 0.0, 0.0, -0.0007, -0.0007, 0.0, 0.0001, 0.0002, 0.0002, 0.0002, 0.0, 0.0009, 0.0004, 0.0001, 0.0002, 0.0009, -0.0014, 0.0003, -0.0004, -0.0007, 0.001, -0.0029, -0.0012, -0.0001, 0.0003, -0.0002, -0.0013, -0.0005, -0.0, -0.0, -0.0, 0.0, -0.0001, -0.0, 0.0057, 0.0004, -0.0001, 0.0014, 0.0001, -0.0002, -0.0001, -0.0008, -0.0002, -0.0003, -0.0003, -0.0003, -0.0003, -0.0003, -0.0006, -0.0003, -0.0001, -0.0001, -0.0005, 0.002, -0.0001, -0.0, -0.0, -0.0001, -0.0001, 0.0001, -0.0001, -0.0001, -0.0001, -0.0001, -0.0001, -0.0006, 0.0004, -0.0001, 0.0003, -0.0]",0.0
2026-07-09_08-50-40.mp4,1,120.0,15.0,0.025,motion,0.0,0.0,0.0,0.0,0.0,0.4016,0.763,0.0,0.2921,52.041,0.0,,"[-0.0017, -0.0062, 0.0056, 0.0017, 0.0016, 0.0015, 0.0014, 0.0012, 0.0011, 0.001, 0.0009, 0.0007, 0.0006, 0.0005, 0.0004, 0.0003, 0.0001, -0.0001, -0.0, -0.0, -0.0, -0.0, -0.0, -0.0, -0.0, -0.0, -0.0, -0.0, -0.0, -0.0, -0.0, -0.0, -0.0, -0.0, -0.0, -0.0, -0.0, -0.0, -0.0, -0.0, -0.0, -0.0, -0.0, -0.0, 0.0004, 0.0039, 0.0041, 0.0041, 0.0041, 0.0041, 0.0041, 0.0041, 0.0041, 0.0041, 0.0042, 0.0042, 0.0042, 0.0042, 0.0042, -0.0069, -0.1053, -0.0037, 0.0042, 0.0042, 0.0042, 0.0042, 0.0041, 0.0056, 0.0056, 0.0047, 0.0056, 0.0056, 0.0056, 0.0056, 0.0056, 0.0053, 0.0017, 0.0015, 0.0015, 0.0015, 0.0015, 0.003, -0.0445, 0.0015, 0.0014, 0.0011, 0.0016, 0.0014, 0.0014, 0.0014, 0.0014, 0.0014, 0.0011, 0.0014, 0.0014, 0.0012, 0.0014, 0.0014, 0.0026, -0.0001, -0.0001, -0.0001, -0.0001, -0.0001, -0.0001, -0.0001, -0.0001, -0.0001, -0.0001, -0.0001, -0.0001, -0.0001, -0.0001, -0.0001, -0.0, -0.0, -0.0, -0.0, -0.0]",0.0
2026-07-19_19-19-09.mp4,1,120.0,15.0,0.0,motion,0.0,0.0,0.0,0.0,0.0,0.3275,0.763,0.454,0.4067,11.459,0.1367,,"[-0.0, -0.0, 0.0, -0.0, -0.0, -0.0, -0.0001, -0.0002, 0.0001, -0.0001, -0.0001, -0.0001, -0.0001, -0.0001, -0.0001, 0.0003, -0.0, -0.0001, -0.0001, -0.0, 0.0003, 0.0013, -0.0002, 0.0001, 0.0001, -0.0, -0.0, -0.0003, -0.0001, -0.0001, -0.0005, -0.0, -0.0, -0.0001, -0.0001, 0.0, -0.0001, -0.0, 0.0, 0.0, 0.0, 0.0, 0.0001, -0.0001, 0.0001, 0.0, -0.0002, 0.0, 0.0002, 0.0, 0.0, 0.0001, -0.0001, 0.0, -0.0001, 0.0, 0.0, -0.0, -0.0, 0.0, 0.0, -0.0004, 0.0, 0.0001, -0.0001, 0.0002, -0.0001, 0.0001, 0.0, 0.0, 0.0, -0.0001, 0.0, -0.0, -0.0001, 0.0001, 0.0, 0.0, -0.0, 0.0, -0.0, 0.0, -0.0, -0.0002, 0.0, -0.0, 0.0001, -0.0, -0.0, 0.0, -0.0, -0.0, 0.0, 0.0001, 0.0, -0.0, -0.0, 0.0, 0.0001, -0.0, 0.0001, -0.0001, -0.0, -0.0, -0.0, -0.0, 0.0, -0.0, -0.0, 0.0002, -0.0002, 0.0001, -0.0, -0.0, 0.0001, -0.0, 0.0, -0.0, -0.0]",0.0
2026-07-14_13-34-44.mp4,1,79.0,15.0,0.203,motion,0.0,0.0,0.0,0.0,0.0,0.4576,0.763,0.754,0.3044,0.032,0.0107,,"[0.0011, 0.0005, 0.0007, 0.0009, 0.0008, 0.0087, 0.0012, 0.0011, 0.0005, -0.0389, -0.0008, -0.003, 0.0006, -0.0002, 0.0073, -0.0003, 0.0008, 0.0011, 0.0008, 0.0008, 0.0008, 0.0011, -0.0012, 0.0144, 0.0075, -0.0002, -0.0002, -0.0003, 0.0054, -0.0028, -0.0068, -0.0099, -0.0005, -0.0001, -0.0001, -0.0001, -0.0001, -0.0001, -0.0002, 0.0002, 0.0004, 0.0004, 0.0004, 0.0004, 0.0007, 0.0005, 0.0002, 0.0, 0.0001, 0.0, 0.0, 0.0, 0.0, 0.0, 0.0, 0.0, 0.0, 0.0, 0.0, 0.0004, 0.0, -0.0009, 0.0, 0.0, -0.0003, 0.0, 0.0, 0.0, -0.0001, 0.0, 0.0, 0.0, 0.0, 0.0, 0.0, 0.0, 0.0, 0.0]",0.0
2026-07-19_14-58-37.mp4,1,120.0,15.0,0.0,motion,0.0,0.0,0.0,0.0,0.0,0.3622,1.78,0.424,0.2756,0.0,0.0,,"[-0.0002, 0.0013, 0.003, -0.0006, 0.0001, -0.0001, 0.0001, -0.0012, -0.0001, -0.0002, 0.0006, 0.0004, -0.0003, -0.0002, 0.0, 0.0, -0.0002, -0.0001, -0.0, 0.0006, -0.0001, -0.0003, -0.0002, -0.0001, 0.0002, -0.0, -0.0001, 0.0011, -0.0001, -0.0001, -0.0001, -0.0005, -0.0, -0.0, -0.0, -0.0, -0.0, -0.0, -0.0, 0.0002, -0.0, -0.0, -0.0, 0.0, -0.0, -0.0, -0.0, -0.0, -0.0, -0.0, -0.0, -0.0, -0.0, -0.0, -0.0006, -0.0, -0.0, -0.0, -0.0, 0.0012, -0.0, 0.0003, -0.0, -0.0, -0.0, -0.0, -0.0, -0.0, -0.0, -0.0, -0.0, -0.0, -0.0, -0.0, -0.0, 0.0, 0.0, -0.0004, 0.0, 0.0, 0.0, 0.0, 0.0, 0.0, 0.0, 0.0, 0.0, 0.0, 0.0, 0.0, 0.0, 0.0, 0.0, -0.0, -0.0, -0.0, -0.0, -0.0, -0.0, -0.0, -0.0, -0.0, -0.0, -0.0, -0.0, -0.0, -0.0, 0.0, -0.0, -0.0, -0.0, -0.0, -0.0, -0.0, -0.0, -0.0, -0.0, -0.0, -0.0]",0.0
2026-07-18_15-07-56.mp4,1,120.0,15.0,0.017,motion,0.0,0.0,0.0,0.0,0.0,0.3669,0.763,0.243,0.4746,0.001,0.0,,"[0.0001, 0.0001, 0.0001, 0.0001, 0.0001, 0.001, 0.0001, 0.0005, 0.0006, 0.0008, 0.0001, -0.001, -0.0023, -0.0011, -0.0003, 0.0001, 0.0001, -0.0002, -0.0001, 0.0001, 0.0001, 0.0006, -0.0005, -0.0, 0.0002, 0.0004, 0.0003, 0.0001, 0.0001, 0.0, -0.0, -0.0, 0.0, 0.0, 0.0001, 0.0, -0.0, -0.0001, -0.0, -0.0, 0.0, 0.0, 0.0001, 0.0001, -0.0, 0.0001, 0.0, -0.0, -0.0001, -0.0001, 0.0001, 0.0, 0.0, -0.0004, 0.0003, 0.0, -0.0006, 0.0001, -0.0, -0.0001, -0.0, -0.0, 0.0, 0.0, 0.0002, 0.0, -0.0001, -0.0002, 0.0, 0.0002, 0.0006, -0.0, 0.001, -0.0001, -0.0006, 0.0004, 0.0001, -0.0006, 0.0001, -0.0004, -0.0001, -0.0006, 0.0001, -0.0, -0.0, 0.0002, -0.0001, -0.0, -0.0, 0.0, 0.0002, -0.0002, 0.0, -0.0, -0.0, 0.0004, 0.0003, -0.0002, -0.0001, -0.0, -0.0, 0.0001, -0.0001, 0.0, -0.0001, -0.0001, -0.0001, -0.0001, -0.0001, 0.0003, -0.0001, -0.0003, -0.0001, 0.0001, -0.0001, 0.0002, 0.001, -0.0001, -0.0001]",0.0
2026-07-22_11-06-40.mp4,1,120.0,15.0,0.008,motion,0.0,0.0,0.0,0.0,0.0,0.066,2.797,0.826,0.2732,0.039,0.0021,,"[-0.0, 0.0005, 0.0001, -0.0003, 0.0002, 0.0001, 0.0001, 0.0001, -0.0001, -0.0002, 0.0001, 0.0001, -0.0, 0.0001, -0.0008, -0.0, -0.0001, 0.0002, 0.0003, -0.0039, 0.0031, 0.0002, 0.0001, -0.0, 0.0001, 0.0, 0.0, 0.0001, 0.0, 0.0, 0.0, 0.0001, 0.0, 0.0, 0.0, -0.0001, -0.0, -0.0001, 0.0001, 0.0001, 0.0002, -0.0001, 0.0005, -0.0, -0.0003, 0.0003, 0.0002, -0.0002, -0.0001, -0.0002, 0.0009, -0.0003, -0.0001, -0.0, -0.0027, -0.0007, 0.0057, -0.0197, 0.0158, 0.0026, -0.0, 0.0, 0.0, 0.0, -0.0003, -0.0, -0.0, 0.0005, -0.0009, 0.0, -0.0001, -0.0001, 0.0001, -0.0005, 0.0, 0.0001, -0.001, 0.0001, 0.0001, 0.0001, 0.0003, 0.0001, 0.0001, 0.0001, 0.0002, 0.0001, 0.0, 0.0, -0.0005, 0.0, -0.0, 0.0, 0.0003, -0.0007, 0.0001, -0.0002, 0.0001, 0.0004, 0.0, 0.0, 0.0, 0.0002, 0.0, -0.0, -0.0, -0.0001, -0.0001, -0.0007, -0.001, -0.0001, -0.0001, -0.0001, 0.0009, 0.0004, -0.0001, -0.0006, -0.0002, 0.0011, 0.0001]",0.0
2026-07-05_02-14-17.mp4,1,120.0,15.0,0.0,motion,0.0,0.0,0.0,0.0,0.0,0.2429,2.797,0.208,0.1677,0.148,0.0065,,"[-0.0, 0.0002, -0.0, -0.0004, 0.0003, -0.0, -0.0001, 0.0, 0.0, -0.0001, 0.0001, -0.0, -0.0, 0.0, 0.0, 0.0001, 0.0, 0.0, 0.0, -0.0, 0.0, 0.0, -0.0, 0.0, 0.0, -0.0, 0.0, -0.0, -0.0, -0.0, -0.0, -0.0, -0.0, -0.0, -0.0, -0.0, -0.0, -0.0, -0.0, -0.0, -0.0, -0.0, 0.0, 0.0, -0.0, -0.0, -0.0, -0.0, -0.0, -0.0, -0.0, -0.0, -0.0, -0.0, -0.0, -0.0, -0.0, -0.0, -0.0, 0.0001, -0.0, -0.0, -0.0, -0.0, -0.0, -0.0, -0.0, -0.0, -0.0, -0.0, -0.0, -0.0, -0.0, -0.0, -0.0, 0.0, 0.0, 0.0, -0.0, -0.0, -0.0, -0.0, -0.0, -0.0, -0.0, -0.0, -0.0, -0.0, -0.0, -0.0, -0.0, -0.0, -0.0001, 0.0002, 0.0001, -0.0, -0.0, -0.0, -0.0, -0.0, -0.0, -0.0, -0.0001, 0.0001, -0.0001, 0.0001, -0.0, -0.0001, 0.0001, 0.0002, -0.0001, -0.0, -0.0, 0.0, -0.0, -0.0, -0.0, -0.0, -0.0]",0.0
2026-07-10_12-45-14.mp4,1,120.0,15.0,0.0,motion,0.0,0.0,0.0,0.0,0.0,0.2244,2.797,0.373,0.2342,99.0,0.0834,,"[-0.0021, 0.0124, -0.0109, 0.0016, 0.0014, 0.0013, 0.0012, 0.001, 0.0064, 0.0014, 0.001, 0.0005, 0.0004, 0.0002, 0.0001, -0.0, -0.0001, 0.0002, -0.0002, -0.0002, -0.0002, -0.0002, -0.0002, -0.0002, -0.0, -0.0, -0.0, -0.0, -0.0, -0.0, -0.0, -0.0, -0.0, -0.0, 0.0, 0.0, 0.0, 0.0, 0.0, 0.0, 0.0, 0.0, 0.0, 0.0, -0.0001, 0.0, 0.0, 0.0, 0.0, -0.0003, 0.0, 0.0, 0.0, 0.0, 0.0, 0.0, 0.0, 0.0, 0.0, 0.0032, -0.0032, -0.0007, 0.0, 0.0, 0.0005, -0.0001, -0.0002, 0.0, 0.0, 0.0, 0.0, 0.0, -0.0001, -0.0001, -0.0001, -0.0, -0.0001, -0.0001, -0.0001, -0.0001, -0.0001, -0.0001, -0.0001, -0.0001, -0.0001, -0.0001, -0.0001, 0.0039, -0.0001, -0.0001, -0.0001, -0.0001, -0.0001, -0.0001, -0.0001, -0.0001, -0.0001, -0.0001, -0.0001, -0.0001, -0.0001, -0.0001, -0.0001, -0.0, -0.0, -0.0, -0.0, -0.0, -0.0, -0.0, -0.0, -0.0, -0.0, -0.0, -0.0, -0.0, -0.0, -0.0, -0.0]",0.0
2026-07-24_19-25-49.mp4,1,120.0,15.0,0.0,motion,0.0,0.0,0.0,0.0,0.0,0.3183,1.78,0.329,0.2006,0.112,0.0106,,"[-0.0, -0.0001, 0.0, -0.0, 0.0006, 0.0002, -0.0003, 0.0004, 0.0003, 0.0008, -0.0003, 0.0003, -0.0001, -0.0002, -0.0001, -0.0009, 0.0001, -0.0001, -0.0, 0.0001, 0.0002, 0.0005, 0.0003, 0.0002, -0.0001, 0.0002, 0.0002, 0.0004, 0.0003, 0.0006, 0.0004, 0.0004, 0.0004, -0.0016, -0.0038, 0.0008, 0.0005, 0.0005, 0.0005, 0.0005, 0.0005, 0.0007, -0.0062, 0.0005, 0.0004, 0.0004, 0.0004, -0.0002, 0.0001, 0.0002, -0.0016, 0.0002, 0.0002, 0.0002, 0.0002, 0.0002, 0.0002, 0.0002, 0.0, 0.0024, 0.0001, 0.0001, 0.0001, 0.0, 0.0, 0.0, -0.0, -0.0, -0.0, -0.0, -0.0, -0.0, -0.0, -0.0, -0.0001, -0.0012, 0.0, 0.0001, 0.0, 0.0, 0.0, 0.0, 0.0, 0.0, 0.0, 0.0, 0.0, 0.0, 0.0, 0.0, 0.0, -0.0, -0.0, -0.0, 0.0005, -0.0, -0.0, -0.0, -0.0, -0.0, -0.0, -0.0001, -0.0001, -0.0001, -0.0001, -0.0001, -0.0001, -0.0001, -0.0001, -0.0001, -0.0, -0.0, -0.0, -0.0, -0.0, -0.0, 0.0012, -0.0, -0.0]",0.0
2026-07-13_23-46-46.mp4,1,120.0,15.0,0.0,motion,0.0,0.0,0.0,0.0,0.0,0.3195,2.034,0.0,0.4307,55.753,0.0,,"[0.0039, -0.0043, -0.0039, -0.0037, -0.0034, 0.0011, -0.0029, -0.0026, -0.0023, -0.002, -0.0018, -0.0015, -0.0009, -0.001, -0.0007, -0.0004, -0.0001, -0.0003, -0.0001, -0.0001, -0.0001, -0.0, -0.0, -0.0, -0.0, -0.0, 0.0029, 0.0029, 0.0029, 0.0029, 0.0029, 0.0029, 0.0029, 0.003, 0.003, 0.003, 0.003, 0.003, 0.003, 0.003, 0.003, -0.0875, 0.003, 0.003, 0.002, 0.002, 0.002, 0.002, 0.0006, 0.003, 0.003, 0.003, 0.003, 0.003, 0.003, 0.003, 0.003, 0.0001, 0.0001, 0.0301, 0.0001, 0.0001, 0.0001, 0.0001, -0.0305, 0.0, 0.0, 0.0, 0.0, 0.0, 0.0, 0.0, 0.0, 0.0, 0.0, 0.001, 0.001, 0.001, 0.001, 0.001, -0.0, -0.0, -0.0, -0.0, -0.0, -0.0, -0.0, -0.0, -0.0, -0.0, -0.0, -0.0, -0.0, -0.0, -0.0, -0.0, -0.0, -0.0, -0.0, -0.0, -0.0, -0.0, -0.0, -0.0, -0.0, -0.0, -0.0, -0.0, -0.0, -0.0, -0.0, -0.0, -0.0, -0.0, -0.0, -0.0, -0.0, -0.0, -0.0]",0.0
2026-07-15_04-26-22.mp4,1,120.0,15.0,0.0,motion,0.0,0.0,0.0,0.0,0.0,0.2627,0.763,0.646,0.287,0.426,0.0507,,"[0.0, 0.0, 0.0, 0.0, 0.0, 0.0, 0.0, 0.0, 0.0, 0.0, 0.0, 0.0, 0.0, 0.0, 0.0, 0.0, 0.0, 0.0, 0.0, 0.0, 0.0, 0.0, 0.0, 0.0, 0.0, 0.0, 0.0, 0.0, 0.0, 0.0, 0.0, 0.0, 0.0, 0.0, 0.0, 0.0, 0.0, 0.0, 0.0, 0.0, 0.0, 0.0, 0.0, 0.0, 0.0, 0.0, 0.0, 0.0, 0.0, 0.0, 0.0, 0.0, 0.0, 0.0, 0.0, 0.0, 0.0, 0.0, 0.0, -0.0004, 0.0, 0.0, 0.0001, 0.0, 0.0, -0.0, -0.0, -0.0, -0.0001, -0.0, -0.0, 0.0001, 0.0001, 0.0001, 0.0001, 0.0001, 0.0001, 0.0001, 0.0004, 0.0001, 0.0002, 0.0002, 0.0001, -0.0001, 0.0003, 0.0001, -0.0033, 0.0004, 0.0, 0.0001, 0.0001, 0.0, 0.0001, 0.0, 0.0001, 0.0, 0.0002, 0.0001, 0.0002, 0.0001, 0.0001, 0.0001, 0.0, -0.0, -0.0001, 0.0002, 0.0, -0.0001, -0.0001, -0.0001, -0.0001, 0.0, 0.0, -0.0002, 0.0004, -0.0004, 0.0002, 0.0, 0.0]",0.0
2026-07-10_22-30-30.mp4,1,120.0,15.0,0.0,motion,0.0,0.0,0.0,0.0,0.0,0.4315,1.78,0.155,0.3332,0.092,0.0056,,"[0.0002, -0.0001, -0.0001, 0.0, -0.0001, -0.0001, -0.0005, -0.0005, -0.0005, -0.0, -0.0, -0.0, 0.0, 0.0, 0.0, 0.0001, -0.0003, -0.0005, 0.0001, 0.0001, 0.0001, 0.0001, 0.0001, 0.0, 0.0, 0.0, 0.0, 0.0, 0.0, 0.0, 0.0, 0.0, 0.0, -0.0, -0.0, 0.0, -0.0, -0.0, -0.0, -0.0, 0.0, -0.0, -0.0, -0.0, -0.0, -0.0, -0.0, 0.0, 0.0, 0.0, 0.0, 0.0, 0.0, 0.0, 0.0, 0.0, 0.0, 0.0, 0.0, 0.0001, 0.0002, 0.0001, -0.0008, -0.0001, -0.0003, -0.0004, 0.0, 0.0, 0.0, 0.0, 0.0, 0.0, 0.0, 0.0, 0.0, 0.0, 0.0003, 0.0002, -0.0001, 0.0, -0.0002, 0.0, -0.0, -0.0, 0.0, -0.0, 0.0001, -0.0, 0.0, -0.0, -0.0, -0.0, 0.0, -0.0, 0.0, 0.0001, 0.0, 0.0, -0.0004, -0.0, 0.0003, -0.0, 0.0, -0.0001, -0.0001, -0.0, -0.0, 0.0, 0.0005, -0.0003, -0.0001, 0.0, -0.0, -0.0002, 0.0002, -0.0001, 0.0002, 0.0, 0.0]",0.0
2026-07-20_19-47-05.mp4,1,120.0,15.0,0.0,motion,0.0,0.0,0.0,0.0,0.0,0.1559,2.797,0.294,0.2722,1.158,0.0246,,"[0.0001, -0.0001, -0.0011, -0.0004, -0.0001, 0.0001, 0.0001, -0.0, 0.0001, 0.0, 0.0001, 0.0, 0.0001, 0.0, 0.0, 0.0, -0.0, 0.0001, 0.0001, 0.0001, -0.0001, -0.0, -0.0, -0.0001, -0.0001, -0.0, -0.0, 0.0002, 0.0001, 0.0, -0.0001, 0.0002, 0.0001, -0.0, -0.0001, 0.0001, 0.0007, -0.0005, -0.0, 0.0003, 0.0004, 0.0001, -0.0031, 0.001, 0.0001, -0.0, 0.0002, -0.0001, 0.0, 0.0, 0.0001, 0.0001, 0.0001, 0.0001, 0.0, 0.0001, 0.0001, 0.0, -0.0, -0.0001, 0.0, -0.0001, -0.0001, 0.0, 0.0, 0.0, 0.0, 0.0001, 0.0, 0.0001, 0.0, -0.0, 0.0, -0.0, -0.0, 0.0, 0.0, 0.0, -0.0, -0.0, -0.0, -0.0, -0.0, -0.0, -0.0, -0.0, 0.0001, -0.0, -0.0, -0.0, -0.0, 0.0, -0.0, -0.0, -0.0, 0.0, 0.0, 0.0, 0.0, 0.0, 0.0, 0.0, 0.0, 0.0, -0.0001, -0.0, 0.0, 0.0001, 0.0, -0.0001, 0.0, -0.0003, -0.0002, -0.0001, -0.0001, -0.0001, 0.0, -0.0001, 0.0001]",0.0
2026-07-09_13-27-25.mp4,1,120.0,15.0,0.0,motion,0.0,0.0,0.0,0.0,0.0,0.3395,2.542,0.384,0.2362,0.671,0.0523,,"[-0.0001, 0.0001, -0.0001, -0.0003, -0.0001, -0.0004, -0.0014, -0.0003, -0.0001, 0.0006, 0.001, -0.0001, 0.0, 0.0012, 0.0014, -0.0005, -0.0007, 0.0017, -0.0001, -0.0003, -0.0016, 0.0005, 0.0004, -0.0002, -0.0008, -0.0, 0.0003, -0.0002, 0.0001, 0.0, 0.0004, 0.0002, 0.0002, -0.0006, 0.0002, 0.0002, 0.0005, 0.0002, 0.0004, 0.0013, 0.0004, 0.0002, 0.0001, -0.0076, 0.0004, 0.0003, 0.0001, 0.0001, 0.0001, 0.0003, -0.0, 0.0001, 0.0001, 0.0001, 0.0001, 0.0002, 0.0002, 0.0022, 0.0002, 0.0002, -0.0005, -0.0, -0.0, 0.0001, -0.0, -0.0, -0.0003, -0.0002, -0.0, -0.0, 0.0001, -0.0, -0.0, 0.0001, 0.0001, 0.0001, -0.0, 0.0001, -0.0009, 0.0001, 0.0001, 0.0001, 0.0004, 0.0001, -0.0002, 0.0001, 0.0001, 0.0003, -0.0008, 0.0001, -0.0001, 0.0001, 0.0001, 0.0001, 0.0001, -0.001, 0.0001, 0.0001, 0.0001, -0.0003, 0.0001, 0.0001, 0.0001, 0.0003, 0.0, 0.0, 0.0, 0.0, 0.0, 0.0002, -0.0001, -0.0, -0.0, -0.0, -0.0, -0.0, -0.0, 0.0003, -0.0]",0.0
2026-07-12_06-44-45.mp4,1,120.0,15.0,0.175,motion,0.0,0.0,0.0,0.0,0.0,0.3234,1.525,0.687,0.1805,0.835,0.1012,,"[-0.0, 0.0001, -0.0, 0.0001, 0.0001, 0.0001, -0.0, -0.0003, -0.0, 0.0001, 0.0001, 0.0002, -0.0001, -0.0, 0.0002, -0.0, -0.0, -0.0001, -0.0, 0.0001, -0.0, -0.0, -0.0, -0.0, -0.0, -0.0, -0.0001, -0.0, -0.0, -0.0001, 0.0002, 0.0002, -0.0, -0.0, -0.0, -0.0, -0.0, 0.0, 0.0, 0.0003, -0.0, 0.0002, -0.0, -0.0, -0.0, -0.0, -0.0, 0.0, -0.0, -0.0, 0.0, -0.0, -0.0, -0.0, -0.0001, -0.0001, -0.0, -0.0, 0.0, 0.0001, -0.0002, 0.0, -0.0, 0.0, 0.0002, -0.0002, -0.0001, 0.0, 0.0, 0.0, 0.0, 0.0, 0.0001, -0.0001, -0.0001, 0.0001, -0.0, 0.0, -0.0, 0.0, 0.0, 0.0001, -0.0001, 0.0, 0.0001, -0.0, 0.0, 0.0, 0.0, -0.0003, 0.0001, -0.0, 0.0001, -0.0, 0.0, -0.0, -0.0001, 0.0, 0.0001, -0.0, 0.0, -0.0, 0.0, -0.0, 0.0, -0.0002, -0.0, -0.0, 0.0001, -0.0, -0.0, -0.0, -0.0, 0.0001, -0.0, -0.0, -0.0, -0.0, 0.0]",0.0
2026-07-16_08-59-52.mp4,1,120.0,15.0,0.008,motion,0.0,0.0,0.0,0.0,0.0,0.287,2.797,0.175,0.324,0.081,0.0038,,"[0.0, -0.0006, 0.0008, -0.0003, 0.0, 0.0, 0.0, 0.0, 0.0, 0.0, 0.0, 0.0, 0.0, 0.0, 0.0, 0.0, 0.0, -0.0, 0.0, 0.0, 0.0, 0.0, 0.0, 0.0, 0.0, 0.0, 0.0, 0.0, 0.0, 0.0, 0.0, 0.0, 0.0, 0.0, 0.0, 0.0, 0.0, 0.0, 0.0, -0.0, -0.0, -0.0, -0.0, -0.0, -0.0, -0.0, -0.0, -0.0, -0.0, -0.0, -0.0, -0.0, -0.0, -0.0, 0.0001, -0.0, -0.0, -0.0, -0.0, 0.0003, -0.0, -0.0, -0.0, -0.0, -0.0, -0.0, -0.0, -0.0, -0.0, -0.0, -0.0, -0.0, -0.0, -0.0, -0.0, 0.0, 0.0, 0.0, 0.0, 0.0, 0.0, 0.0, 0.0, 0.0, 0.0, 0.0, 0.0, 0.0, 0.0, 0.0, 0.0, 0.0, 0.0, 0.0, 0.0, 0.0, 0.0, 0.0, 0.0, 0.0, 0.0, 0.0, 0.0, 0.0, 0.0, 0.0, 0.0, 0.0, 0.0, 0.0, 0.0, 0.0, 0.0, 0.0, 0.0, 0.0, 0.0, 0.0, 0.0]",0.0
2026-07-12_06-46-33.mp4,1,120.0,15.0,0.033,motion,0.0,0.0,0.0,0.0,0.0,0.2253,0.763,0.278,0.3803,0.017,0.001,,"[-0.0118, 0.0126, 0.011, 0.0102, 0.0094, 0.0086, 0.0079, 0.0071, 0.0062, 0.0054, 0.0046, 0.0038, 0.003, 0.0022, 0.0043, 0.0036, 0.0028, 0.0028, 0.0025, 0.0031, 0.0025, 0.0014, 0.002, 0.003, -0.0009, -0.0013, -0.0006, -0.0009, -0.0008, -0.0902, -0.0008, 0.0006, 0.0006, 0.0091, 0.0006, 0.0004, 0.0009, 0.0029, 0.1089, 0.0038, 0.0036, 0.0101, 0.0079, 0.008, 0.0122, 0.009, -0.0341, 0.0091, 0.0092, 0.0096, 0.0173, -0.0062, 0.0092, -0.0884, 0.017, 0.0203, -0.1903, 0.0085, 0.0124, -0.0381, 0.0124, 0.0109, 0.0111, 0.0099, 0.0087, 0.0122, 0.0398, -0.0071, 0.0052, 0.0445, 0.0039, -0.0116, 0.0017, 0.0023, 0.0019, -0.0001, -0.0004, -0.0006, -0.0047, -0.0053, -0.0013, -0.0004, 0.0019, -0.0006, -0.001, 0.0007, 0.0021, 0.0005, 0.0017, 0.0025, 0.0008, 0.002, -0.0313, 0.0057, 0.0038, 0.0011, -0.0003, -0.01, -0.0072, -0.0074, 0.004, -0.0072, -0.0193, -0.0088, 0.0079, 0.0208, 0.0173, 0.0302, -0.0654, -0.0411, 0.0012, 0.0362, 0.0581, 0.1149, 0.004, -0.1306, -0.0082, 0.1099, -0.0086]",0.0
2026-07-09_07-42-10.mp4,1,42.0,15.0,0.0,motion,0.0,0.0,0.0,0.0,0.0,0.2915,2.195,0.438,0.3105,2.435,0.0904,,"[0.0001, 0.0003, -0.0001, -0.0001, 0.0002, -0.0005, -0.0001, -0.0001, 0.0001, -0.0009, -0.0, -0.0, -0.0, -0.0, 0.0, 0.0, -0.0003, 0.0, 0.0, 0.0, 0.0, 0.0, 0.0, 0.0, 0.0, -0.0, -0.0, -0.0, -0.0, -0.0, -0.0, -0.0, -0.0, 0.0002, 0.0002, -0.0, -0.0, -0.0, -0.0, -0.0, -0.0]",0.0
2026-07-24_23-41-59.mp4,1,120.0,15.0,0.0,motion,0.0,0.0,0.0,0.0,0.0,0.3358,0.763,0.201,0.2204,1.268,0.0376,,"[0.0, 0.0001, 0.0001, 0.0001, 0.0001, 0.0001, 0.0001, 0.0001, 0.0001, 0.0001, -0.0, 0.0001, 0.0001, -0.0, 0.0, 0.0003, -0.0015, -0.0007, -0.0019, 0.0009, 0.001, 0.0007, -0.0002, 0.0005, 0.0001, 0.0001, 0.0002, 0.0006, -0.0008, 0.0001, 0.0007, 0.0001, -0.0011, 0.0001, -0.0, -0.0004, -0.0004, -0.0006, 0.0, 0.0001, 0.0001, 0.0001, 0.0001, 0.0001, 0.0, 0.0001, -0.0001, 0.0019, 0.0001, -0.0013, 0.0023, -0.0015, -0.0005, -0.0001, -0.0002, -0.0003, -0.0004, 0.0003, 0.0005, 0.0002, -0.0002, 0.0002, -0.0001, 0.0002, 0.0002, -0.0, 0.0, 0.0001, -0.0, 0.0, -0.0002, -0.0, -0.0001, 0.0, -0.0, 0.0, -0.0, 0.0001, -0.0, -0.0001, 0.0001, 0.0, 0.0, -0.0, 0.0, 0.0001, 0.0002, 0.0, -0.0009, 0.0002, 0.0002, 0.0004, 0.0006, 0.0005, 0.0008, 0.0007, 0.0006, 0.0008, 0.0006, -0.0001, 0.0006, 0.0006, 0.0006, 0.0006, -0.0032, 0.0004, -0.0043, -0.007, 0.0006, -0.0027, 0.0003, 0.0006, 0.0043, -0.0004, 0.0004, 0.0005, 0.0006, 0.0008, 0.0006]",0.0
2026-07-15_09-09-19.mp4,1,120.0,15.0,0.0,motion,0.0,0.0,0.0,0.0,0.0,0.2958,2.034,0.415,0.3186,99.0,0.1216,,"[-0.0043, 0.0021, 0.0086, 0.0019, 0.0017, 0.0015, 0.0013, 0.001, -0.0034, -0.0286, 0.059, -0.0006, -0.0009, -0.001, -0.0015, -0.0015, -0.0017, -0.0027, -0.0014, -0.0014, -0.0014, -0.0014, -0.0014, -0.001, -0.0015, 0.0173, -0.0006, -0.0006, -0.0006, -0.0006, -0.0006, -0.0006, -0.0006, -0.0007, -0.0007, -0.0007, -0.0007, -0.0007, -0.0007, -0.0006, -0.0006, 0.0, 0.0, 0.0, 0.001, 0.001, 0.0009, 0.0009, 0.0009, 0.0008, 0.0008, 0.0008, 0.0008, 0.0008, 0.0008, 0.0008, 0.0008, 0.0008, 0.0008, -0.0309, 0.0009, 0.0045, 0.001, 0.001, 0.0017, 0.001, 0.001, 0.001, 0.001, 0.0009, 0.0009, 0.0009, 0.0009, 0.0009, 0.0009, -0.0001, -0.0001, -0.0, -0.0, -0.0, 0.0, 0.0, 0.0, 0.0, 0.0, 0.0, 0.0, 0.0, 0.0, 0.0, 0.0, 0.0, -0.0005, -0.0004, -0.0004, -0.0004, -0.0004, -0.0004, -0.0004, -0.0004, 0.0002, 0.0002, 0.0002, 0.0002, 0.0002, 0.0002, 0.0002, 0.0142, 0.0002, 0.0002, 0.0002, 0.0002, 0.0002, 0.0002, 0.0002, -0.0195, 0.0002, 0.0002, 0.0002]",0.0
2026-06-30_18-35-01.mp4,1,120.0,15.0,0.0,motion,0.0,0.0,0.0,0.0,0.0,0.3436,2.542,0.575,0.2123,3.583,0.1544,,"[0.038, 3.1886, -0.2023, -0.1935, -0.5354, -0.7852, 0.09, -0.1213, -0.1264, -0.1302, -0.1082, -0.1172, -0.2301, -0.0641, -0.0557, -0.0298, 0.0261, 0.0951, 0.0364, 0.0638, 0.0557, 0.0539, 0.0874, 0.0198, 0.0211, -0.8276, 0.0457, -0.6225, 0.1097, 0.0358, -0.0045, 0.2702, 0.0277, 0.0261, 0.0191, -0.0739, -0.0145, 0.0768, 0.0212, 0.0795, 0.0271, -0.0024, -0.0024, -0.0917, 0.0141, -0.3912, 0.8205, 0.0166, 0.0163, 0.1708, -0.2093, -0.0218, -0.016, -0.0111, -0.0173, -0.0127, -0.0126, -0.0103, -0.009, 0.2165, 0.0601, -0.0541, -0.2482, -0.1807, 0.2883, 0.2486, -0.2075, -0.3968, 0.1029, 0.2006, -0.0751, 0.0155, -0.0576, 0.0378, -0.0847, 0.0245, 0.1356, -0.0173, -0.0591, 0.0116, -0.3523, 0.0377, 0.0303, 0.2025, 0.0196, 0.0255, 0.0226, 0.0243, -0.0117, 0.022, 0.0184, 0.0184, 0.022, 0.0212, 0.0136, -0.0455, -0.199, 0.0089, 0.0103, 0.0168, 0.0167, 0.0168, -0.0362, 0.0168, 0.0158, 0.0248, 0.016, 0.0161, -0.0044, 0.0161, -0.0936, 0.0144, 0.0076, -0.0351, -0.0071, 0.0109, 0.0077, 0.0077, 0.0059]",0.0
2026-07-12_18-54-35.mp4,1,120.0,15.0,0.0,motion,0.0,0.0,0.0,0.0,0.0,0.4409,0.763,0.66,0.4612,2.813,0.2145,,"[0.0, -0.0, -0.0001, -0.0, 0.0, 0.0, -0.0, -0.0, -0.0, 0.0, 0.0, 0.0, 0.0, 0.0, -0.0, -0.0, -0.0001, -0.0006, -0.0022, -0.0022, -0.0021, -0.0021, -0.0021, -0.0021, -0.0016, 0.0002, 0.0003, 0.0003, 0.0003, 0.0005, 0.0006, 0.0016, 0.0149, 0.0494, -0.0005, -0.0029, -0.0003, -0.0025, -0.0006, -0.0148, -0.0572, -0.0017, -0.0007, -0.0007, -0.0021, -0.0012, 0.0219, 0.0008, 0.0025, 0.0015, 0.0014, -0.0057, 0.012, 0.0006, 0.0018, 0.0006, -0.0001, -0.001, -0.0007, -0.0, -0.0015, -0.0009, -0.0005, -0.0005, -0.0009, -0.0003, -0.0016, 0.0042, -0.0002, -0.0002, -0.0002, -0.0002, -0.0003, -0.0001, -0.0001, 0.0, 0.0009, 0.0015, -0.0011, 0.0007, -0.0004, -0.0, -0.0006, -0.0001, -0.0, -0.0001, 0.0, 0.0001, 0.0001, -0.0001, 0.0004, 0.0003, -0.003, -0.0009, 0.0003, 0.0001, 0.0003, 0.0001, 0.0002, 0.0, 0.0001, 0.0003, 0.0001, 0.0001, 0.0001, 0.0006, -0.0001, 0.0001, 0.0, -0.0, -0.0, -0.0, -0.0, -0.0, -0.0, -0.0, -0.0, -0.0, -0.0]",0.0
2026-07-22_23-12-27.mp4,1,120.0,15.0,0.0,motion,0.0,0.0,0.0,0.0,0.0,0.3943,2.797,0.728,0.1342,0.937,0.139,,"[0.0, -0.0001, -0.0, 0.0, -0.0, -0.0001, -0.0, -0.0001, -0.0001, -0.0, 0.0001, 0.0001, 0.0, -0.0, 0.0, 0.0, 0.0, 0.0001, -0.0, -0.0, -0.0, -0.0001, 0.0, -0.0001, -0.0, -0.0, 0.0001, 0.0, -0.0, 0.0, 0.0, 0.0, 0.0, 0.0, 0.0, 0.0, 0.0001, -0.0, 0.0001, -0.0, 0.0, -0.0, 0.0, -0.0001, -0.0, -0.0, 0.0, -0.0, 0.0, 0.0001, -0.0, 0.0, 0.0, 0.0, 0.0, 0.0, -0.0, -0.0005, -0.0002, -0.0001, 0.0003, -0.0, -0.0003, -0.0, 0.0, 0.0003, 0.0001, 0.0001, -0.0001, 0.0001, -0.0, 0.0, 0.0, 0.0, -0.0, 0.0, 0.0001, 0.0001, -0.0, -0.0, 0.0, -0.0002, 0.0002, -0.0003, -0.0001, 0.0, -0.0, 0.0001, 0.0, 0.0, -0.0, -0.0, 0.0, -0.0001, -0.0001, 0.0001, 0.0, -0.0, 0.0, -0.0, 0.0, 0.0, 0.0, 0.0001, -0.0, 0.0, -0.0, -0.0001, -0.0, 0.0, 0.0, -0.0, -0.0, 0.0, 0.0001, 0.0, 0.0, -0.0, 0.0]",0.0
2026-07-20_09-54-15.mp4,1,120.0,15.0,0.0,motion,0.0,0.0,0.0,0.0,0.0,0.3504,0.763,0.284,0.2924,0.082,0.0076,,"[-0.0, 0.0002, -0.0001, 0.0004, -0.0, -0.0, -0.0, 0.0, 0.0001, -0.0002, -0.0, -0.0, -0.0, -0.0002, -0.0, 0.0003, 0.0002, -0.0, -0.0, -0.0, -0.0, 0.0, 0.0, 0.0001, 0.0, 0.0, 0.0, -0.0, -0.0002, 0.0, 0.0, 0.0, -0.0, -0.0001, 0.0, -0.0004, 0.0, 0.0, -0.0002, 0.0, 0.0, -0.0, 0.0001, 0.0, 0.0, 0.0002, -0.0001, 0.0, 0.0, 0.0, 0.0, 0.0, 0.0, 0.0, 0.0, 0.0, 0.0003, 0.0, 0.0, -0.0003, 0.0, 0.0, 0.0, 0.0, -0.0, -0.0, -0.0, -0.0, -0.0, -0.0, -0.0002, -0.0, -0.0, -0.0, -0.0, -0.0, -0.0, -0.0, -0.0, -0.0, 0.0015, -0.0, -0.0, -0.0, -0.0, -0.0003, -0.0003, -0.0003, -0.0003, -0.0003, -0.0003, -0.0003, -0.0003, -0.0003, -0.0003, -0.0003, -0.0002, -0.0002, -0.0002, -0.0002, 0.0078, -0.0002, -0.0004, -0.0011, -0.0004, -0.0004, -0.0004, -0.0004, -0.0004, -0.0001, -0.0004, -0.001, -0.0003, -0.0003, -0.0006, -0.0003, -0.0001, 0.0039, -0.0001]",0.0
2026-07-09_22-12-08.mp4,1,120.0,15.0,0.0,motion,0.0,0.0,0.0,0.0,0.0,0.1387,1.271,0.0,0.2917,0.013,0.0,,"[-0.0211, 0.0181, 0.0188, 0.0183, 0.0166, 0.0151, 0.0137, 0.0123, 0.0109, 0.0094, 0.0137, 0.0067, 0.0116, -0.0043, 0.004, -0.0052, 0.0063, -0.0006, -0.0007, 0.0108, -0.0007, -0.0007, -0.0007, -0.0007, -0.0007, -0.0007, -0.0011, -0.0005, -0.0003, -0.0005, -0.0005, -0.0005, 0.0035, -0.0005, -0.0005, -0.0001, -0.0001, 0.0001, -0.0005, -0.0001, -0.0001, -0.0001, -0.0001, -0.0001, -0.0001, -0.0001, -0.0001, -0.0001, -0.0, -0.0, -0.0, -0.0, 0.0, 0.0, 0.0, 0.0, 0.0, 0.0, 0.0, -0.0002, 0.0004, 0.0005, 0.0, 0.0, 0.0, 0.0, 0.0001, -0.0012, 0.0001, 0.0001, 0.0001, 0.0001, 0.0001, 0.0001, 0.0001, 0.0001, 0.0001, 0.0001, 0.0001, 0.0001, 0.0001, -0.0011, 0.0001, 0.0001, 0.0001, 0.0001, 0.0001, -0.0001, -0.0001, -0.0001, -0.0003, -0.0002, -0.0001, -0.0001, -0.0001, -0.0001, -0.0001, -0.0006, -0.0001, -0.0001, 0.0, -0.0001, 0.0041, -0.0001, -0.0001, -0.0001, -0.0001, -0.0001, -0.0001, -0.0001, -0.0001, -0.0001, -0.0001, -0.0001, -0.0001, -0.0001, -0.0001, -0.0001, 0.0]",0.0
2026-07-12_02-01-24.mp4,1,120.0,15.0,0.0,motion,0.0,0.0,0.0,0.0,0.0,0.3452,0.763,0.0,0.2272,99.0,0.0,,"[-0.1678, -0.0115, 0.0521, 0.2968, 0.26, -0.0249, 0.1044, 1.383, 0.4262, -0.0535, -0.0683, -0.0541, -0.0643, -0.07, -0.0737, -0.0808, -0.0839, -0.0859, -0.0845, -0.0745, -0.0528, -0.0654, -0.061, -0.0149, -0.0001, -0.0003, -0.0008, -0.0006, 0.0012, -0.0006, -0.0006, -0.0006, -0.0005, -0.0005, -0.0005, -0.0005, -0.0001, -0.0001, -0.0001, -0.0001, -0.0001, -0.0001, -0.0001, -0.0001, -0.001, -0.001, -0.001, -0.001, -0.001, -0.001, -0.001, -0.001, -0.001, -0.001, -0.001, -0.001, -0.001, -0.001, -0.001, 0.0285, -0.001, -0.001, -0.001, -0.001, -0.001, -0.001, -0.001, -0.001, -0.001, -0.001, -0.001, -0.0009, 0.0011, -0.0011, -0.0011, -0.0001, -0.0001, -0.0001, -0.0001, -0.0001, -0.0001, -0.0001, -0.0001, -0.0001, -0.0001, -0.0001, -0.0001, -0.0001, -0.0, -0.0, -0.0, -0.0004, -0.0004, -0.0004, -0.0004, -0.0004, -0.0004, -0.0004, -0.0004, -0.0004, -0.0004, -0.0004, -0.0004, -0.0004, -0.0004, -0.0004, 0.0123, -0.0004, -0.0004, -0.0004, -0.0004, -0.0004, -0.0004, -0.0004, -0.0004, -0.0004, -0.0004, -0.0004, -0.0004]",0.0
2026-07-20_23-42-57.mp4,1,31.0,15.0,0.0,motion,0.0,0.0,0.0,0.0,0.0,0.284,3.0,0.667,0.2045,0.085,0.0148,,"[-0.0, 0.0, -0.0, -0.0001, 0.0001, 0.0, 0.0, 0.0, 0.0, 0.0, 0.0, 0.0, 0.0, 0.0, 0.0, 0.0, 0.0, 0.0, 0.0, -0.0, 0.0, -0.0, -0.0, -0.0, -0.0, -0.0, -0.0, -0.0, 0.0, -0.0]",0.0
2026-07-25_03-42-50.mp4,1,120.0,15.0,0.475,lips,0.6198,1.78,1.0,0.015,0.0167,0.2227,0.763,0.624,0.5742,0.0,0.0,"[0.055, 0.096, 0.072, 0.06, 0.067, 0.051, 0.05, 0.036, 0.05, 0.054, 0.047, 0.048, -1.0, 0.068, 0.075, 0.071, 0.054, 0.046, 0.037, -1.0, 0.074, 0.091, 0.062, 0.054, 0.033, 0.033, 0.04, 0.042, 0.05, 0.048, 0.041, 0.035, 0.04, 0.037, 0.036, 0.036, 0.032, 0.041, -1.0, -1.0, 0.047, 0.029, 0.029, 0.05, -1.0, -1.0, -1.0, -1.0, -1.0, -1.0, -1.0, -1.0, -1.0, -1.0, -1.0, -1.0, -1.0, -1.0, -1.0, -1.0, -1.0, -1.0, -1.0, -1.0, -1.0, -1.0, -1.0, -1.0, -1.0, -1.0, -1.0, -1.0, -1.0, -1.0, -1.0, -1.0, -1.0, -1.0, -1.0, -1.0, -1.0, -1.0, -1.0, -1.0, -1.0, -1.0, -1.0, -1.0, -1.0, -1.0, 0.014, 0.044, 0.023, 0.034, 0.033, 0.034, 0.022, 0.026, 0.024, 0.035, 0.035, 0.039, 0.035, 0.033, 0.023, 0.027, -1.0, -1.0, -1.0, -1.0, -1.0, -1.0, -1.0, -1.0, -1.0, -1.0, -1.0, -1.0, -1.0, 0.049]","[0.0, 0.0, -0.0, 0.0001, -0.0, -0.0, -0.0, -0.0, -0.0001, 0.0, -0.0, -0.0001, -0.0001, 0.0, -0.0, -0.0, -0.0, 0.0001, 0.0001, 0.0001, 0.0001, -0.0, 0.0, -0.0, 0.0, 0.0, -0.0, -0.0, 0.0001, -0.0001, -0.0, -0.0, -0.0, -0.0, -0.0, -0.0, -0.0, 0.0, -0.0, -0.0001, -0.0, -0.0, -0.0, -0.0, -0.0, -0.0, 0.0, 0.0001, 0.0004, -0.0, 0.0, -0.0, 0.0001, -0.0002, 0.0, -0.0, -0.0, -0.0, -0.0, -0.0, -0.0, -0.0, -0.0, -0.0, 0.0002, -0.0001, -0.0, -0.0, 0.0, 0.0, -0.0, -0.0, 0.0001, -0.0, -0.0, -0.0, -0.0, 0.0, -0.0, -0.0, 0.0, 0.0, 0.0, 0.0, 0.0, 0.0, 0.0, 0.0, 0.0001, 0.0001, 0.0, 0.0, 0.0001, 0.0, -0.0001, 0.0001, 0.0001, -0.0004, 0.0001, 0.0001, -0.0004, -0.0004, 0.0001, -0.0002, 0.0001, -0.0001, 0.0001, 0.0001, 0.0, 0.0001, 0.0, 0.0001, 0.0001, 0.0, 0.0001, 0.0, 0.0, 0.0, 0.0]",0.0
2026-07-13_04-05-25.mp4,1,120.0,15.0,0.0,motion,0.0,0.0,0.0,0.0,0.0,0.2435,2.542,0.465,0.2604,0.0,0.0,,"[0.0007, -0.0015, -0.0003, -0.0002, -0.0005, -0.0006, -0.0004, -0.0004, -0.0004, -0.0004, -0.0003, -0.0003, -0.0002, -0.0002, -0.0001, -0.0001, 0.0, -0.0001, -0.0001, -0.0001, -0.0001, -0.0001, 0.0017, -0.0001, -0.0001, -0.0001, -0.0001, -0.0001, 0.0001, -0.0001, -0.0001, -0.0001, -0.0, -0.0001, -0.0001, -0.0001, -0.0001, 0.0002, -0.0, -0.0, -0.0, 0.0001, 0.0008, -0.0, 0.0001, -0.0, -0.0, -0.0017, 0.0003, -0.0, -0.0, -0.0, 0.0002, -0.0, 0.0, -0.0002, -0.0002, -0.0002, -0.0002, -0.0002, -0.0002, -0.0002, -0.0002, -0.0002, -0.0002, -0.0002, -0.0002, 0.0002, -0.0002, 0.003, 0.0015, -0.0001, 0.0006, -0.0002, -0.0002, -0.0002, -0.0002, -0.0002, -0.0002, -0.0004, -0.0007, -0.0001, 0.0002, -0.0001, -0.0001, 0.0, 0.0001, 0.0001, 0.0001, 0.0001, 0.0001, 0.0001, 0.0001, 0.0017, -0.0002, 0.0029, -0.0075, 0.0006, 0.0003, 0.0001, 0.0001, 0.0001, 0.0001, -0.0005, 0.0017, 0.0001, 0.0001, 0.0001, 0.001, 0.0002, -0.0022, 0.0002, -0.0, 0.0, 0.0, 0.0, 0.0002, 0.0, 0.0]",0.0
2026-07-19_01-50-55.mp4,1,120.0,15.0,0.267,motion,0.0,0.0,0.0,0.0,0.0,0.5478,0.763,0.152,0.4464,1.614,0.0513,,"[-0.0006, 0.0068, -0.0006, -0.0006, -0.0006, 0.0006, -0.0004, -0.0004, -0.0004, -0.0004, -0.0004, -0.0004, 0.0005, -0.0004, -0.0004, 0.0081, -0.0004, -0.0001, -0.0002, -0.0001, -0.006, -0.0002, -0.0002, -0.0002, -0.0002, -0.0002, -0.0002, -0.0002, -0.0006, -0.0006, -0.0006, -0.0003, -0.0006, 0.0027, -0.0003, -0.0003, -0.0005, -0.0005, -0.0005, -0.0005, -0.0005, -0.0005, -0.0006, 0.0115, -0.0006, -0.0006, -0.0006, -0.0006, -0.0006, -0.0006, -0.0006, 0.0001, 0.0004, 0.0012, 0.0009, 0.0008, 0.0016, 0.0064, 0.0022, 0.0031, 0.0026, 0.0026, 0.0026, 0.0026, 0.0027, 0.0027, -0.0185, -0.0061, -0.022, 0.0125, 0.0009, -0.0242, -0.0163, 0.0002, 0.0001, -0.0074, -0.0081, -0.0095, -0.0081, -0.008, -0.008, -0.0077, -0.0021, -0.0229, 0.0263, 0.0655, -0.0108, 0.0223, -0.0298, 0.0019, 0.1493, 0.1102, 0.0346, -0.0575, -0.0031, -0.0033, -0.0195, -0.0059, -0.0734, -0.0521, -0.043, -0.0894, -0.0033, -0.0107, 0.0158, -0.0058, 0.0056, 0.0095, 0.015, 0.0109, 0.0321, 0.0251, 0.0063, 0.0106, 0.0124, 0.0149, 0.0193, -0.0005, -0.0067]",0.0
2026-07-15_10-09-19.mp4,0,0.0,0.0,0.0,tooshort,0.0,0.0,0.0,0.0,0.0,0.0,0.0,0.0,0.0,0.0,0.0,,,
2026-07-02_07-01-15.mp4,1,120.0,15.0,0.0,motion,0.0,0.0,0.0,0.0,0.0,0.2424,2.034,0.357,0.3876,0.0,0.0,,"[0.0, 0.0001, 0.0001, -0.0001, -0.0001, -0.0002, -0.0, -0.0, -0.0002, 0.0004, -0.0, -0.0, -0.0, -0.0, -0.0, -0.0, -0.0, -0.0, -0.0, -0.0, -0.0, -0.0, -0.0, 0.0001, -0.0, -0.0, -0.0, -0.0, -0.0, -0.0, -0.0, -0.0, -0.0, -0.0, 0.0, 0.0, 0.0, 0.0, 0.0, 0.0, 0.0, 0.0, 0.0, 0.0, 0.0, 0.0, -0.0, -0.0, -0.0, -0.0, -0.0004, -0.0, 0.0001, -0.0, -0.0, -0.0, -0.0, -0.0, -0.0, 0.0, -0.0, 0.0003, -0.0, -0.0, -0.0, -0.0, -0.0, -0.0, -0.0, -0.0, -0.0001, -0.0, 0.0001, -0.0, -0.0, -0.0, -0.0, -0.0, -0.0, -0.0, -0.0, -0.0, -0.0, -0.0, -0.0001, -0.0001, 0.0003, -0.0, -0.0, -0.0, -0.0, -0.0, -0.0, -0.0, -0.0, -0.0, 0.0001, -0.0002, -0.0001, 0.0002, -0.0001, 0.0001, -0.0, 0.0, 0.0001, -0.0, -0.0, -0.0001, 0.0002, -0.0001, -0.0, -0.0, 0.0001, -0.0002, -0.0, -0.0, -0.0, -0.0, -0.0]",0.0
2026-07-01_21-27-16.mp4,1,120.0,15.0,0.0,motion,0.0,0.0,0.0,0.0,0.0,0.3225,2.542,0.0,0.3368,0.178,0.0,,"[0.0, 0.0, 0.0002, 0.0001, -0.0002, -0.0002, 0.0003, -0.0001, -0.0, -0.0, -0.0, -0.0, -0.0, -0.0, -0.0, -0.0, -0.0, -0.0, -0.0, -0.0, -0.0, -0.0, -0.0, -0.0, -0.0, -0.0, 0.0001, -0.0, -0.0, -0.0, -0.0, -0.0, -0.0, -0.0, -0.0, -0.0, -0.0, -0.0, 0.0, 0.0, 0.0, 0.0, 0.0, 0.0, 0.0, 0.0, 0.0, 0.0, 0.0, 0.0, 0.0, 0.0, 0.0, -0.0001, 0.0, 0.0001, 0.0001, 0.0001, 0.0001, -0.0, 0.0001, 0.0001, 0.0001, 0.0001, 0.0001, 0.0001, 0.0001, 0.0001, 0.0001, 0.0001, -0.0018, 0.0001, 0.0, 0.0001, 0.0001, 0.0001, 0.0001, 0.0001, 0.0001, 0.0, 0.0001, 0.0001, 0.0001, -0.0004, 0.0, 0.0001, 0.0, -0.0001, 0.0001, 0.0, 0.0, 0.0, 0.0, 0.0, 0.0, 0.0, 0.0003, 0.0, 0.0, 0.0, 0.0, 0.0, 0.0, -0.0003, -0.0, -0.0, 0.0, 0.0, 0.0, 0.0, 0.0, 0.0, -0.0002, 0.0, 0.0, 0.0, 0.0, 0.0, 0.0]",0.0
2026-07-06_19-08-47.mp4,1,120.0,15.0,0.0,motion,0.0,0.0,0.0,0.0,0.0,0.2778,2.542,0.662,0.3337,0.239,0.0354,,"[0.0, -0.0001, -0.0, 0.0002, -0.0, -0.0, 0.0, 0.0, -0.0, -0.0001, 0.0, 0.0002, -0.0001, 0.0001, -0.0001, 0.0, 0.0, -0.0, 0.0, 0.0003, -0.0, -0.0002, 0.0, -0.0, -0.0, 0.0004, -0.0004, 0.0, -0.0006, 0.0, 0.0003, -0.0001, -0.0, 0.0, 0.0001, -0.0, 0.0001, 0.0002, 0.0002, -0.0001, 0.0, -0.0, 0.0001, -0.0, -0.0, -0.0001, 0.0001, -0.0001, -0.0001, 0.0001, -0.0, -0.0003, 0.0002, -0.0, -0.0, 0.0, -0.0, -0.0, 0.0, 0.0, 0.0001, 0.0, 0.0, 0.0, -0.0001, 0.0, 0.0001, 0.0001, -0.0, 0.0001, -0.0001, -0.0, -0.0001, -0.0, 0.0, -0.0001, -0.0003, 0.0001, 0.0001, 0.0, 0.0, -0.0, 0.0, -0.0, 0.0, -0.0002, 0.0002, -0.0001, -0.0001, 0.0001, -0.0, 0.0001, 0.0001, -0.0001, -0.0001, 0.0, 0.0001, 0.0, -0.0001, -0.0002, 0.0, 0.0001, -0.0, -0.0, -0.0, -0.0, 0.0001, 0.0001, -0.0001, 0.0002, 0.0002, -0.0002, -0.0, -0.0, -0.0001, -0.0001, -0.0, 0.0004, -0.0]",0.0
2026-07-08_17-26-53.mp4,1,120.0,15.0,0.0,motion,0.0,0.0,0.0,0.0,0.0,0.4933,1.525,0.47,0.4154,2.046,0.1558,,"[0.0002, -0.0014, 0.0014, 0.0001, -0.0005, 0.0005, -0.0002, -0.001, -0.0002, -0.0002, -0.0001, -0.0001, -0.0002, -0.0003, -0.0003, -0.0, -0.0012, 0.0008, -0.0001, -0.0002, -0.0002, -0.0002, -0.0002, -0.0002, -0.0006, -0.0002, -0.0002, 0.0019, 0.005, 0.0, -0.0003, -0.0002, -0.0002, -0.001, -0.001, -0.0003, -0.0003, -0.0003, 0.0004, -0.0003, -0.0003, -0.0003, -0.0003, -0.0002, -0.0001, -0.0001, -0.0001, -0.0001, 0.0018, -0.0001, -0.0001, -0.0001, -0.0001, -0.0001, -0.0001, -0.0001, -0.0001, -0.0, -0.0, 0.0019, -0.0, -0.0003, -0.0, -0.0, 0.0001, 0.0, 0.0, -0.0003, 0.0, 0.0, 0.0, 0.0, -0.002, 0.0, 0.0, 0.0001, 0.0001, 0.0001, 0.0001, 0.0001, 0.0001, 0.0001, 0.0001, 0.0, 0.0, 0.0, 0.0001, 0.0001, -0.0, -0.0, -0.0, 0.0007, -0.0, -0.0, -0.0, -0.0, -0.0, -0.0, -0.0, -0.0, -0.0, -0.0006, -0.0, -0.0, -0.0, -0.0, -0.0, 0.0, 0.0, 0.0, 0.0, 0.0, 0.0, 0.0, 0.0, 0.0, 0.0, -0.0, -0.0]",0.0
2026-07-10_18-11-44.mp4,1,120.0,15.0,0.0,motion,0.0,0.0,0.0,0.0,0.0,0.5177,0.763,0.525,0.1034,99.0,0.2717,,"[-0.0001, 0.0003, 0.0007, -0.0008, -0.0, 0.0008, -0.0003, -0.0005, -0.0001, -0.0002, -0.0003, -0.0012, 0.0003, -0.0011, 0.0009, -0.0001, -0.0005, -0.0, 0.0013, -0.0003, 0.0031, 0.0044, -0.0038, -0.0004, -0.0002, -0.0002, -0.0002, -0.0004, 0.001, -0.0003, -0.0002, -0.0002, -0.0002, -0.0002, -0.0023, -0.0035, -0.0034, -0.0033, -0.0034, -0.0034, -0.003, -0.0032, -0.0035, -0.0032, -0.0032, -0.0032, -0.0032, -0.0032, -0.0033, 0.0634, 0.0341, -0.0032, -0.0031, -0.002, -0.0031, -0.0033, -0.0097, -0.0038, -0.0038, -0.0, -0.0037, -0.0034, -0.0026, -0.0053, -0.004, -0.001, 0.0006, 0.0001, 0.0011, 0.0001, -0.0004, 0.0007, 0.0, -0.0, -0.0, 0.0001, 0.0001, 0.0, 0.0001, -0.0, -0.0, -0.0, -0.0, -0.0, 0.0, 0.0, 0.0, 0.0, 0.0, 0.0, 0.0, 0.0, 0.0, 0.0, 0.0, 0.0001, 0.0001, 0.0001, 0.0001, -0.0012, 0.0001, 0.0001, 0.0001, 0.0001, 0.0001, 0.0001, 0.0001, 0.0002, 0.0002, 0.0002, -0.0016, 0.0002, 0.0003, 0.0003, 0.0003, 0.0003, 0.0003, 0.0011, -0.0002]",0.0
2026-07-19_17-16-40.mp4,1,120.0,15.0,0.0,motion,0.0,0.0,0.0,0.0,0.0,0.2631,2.797,0.095,0.4269,0.939,0.0121,,"[-0.0, -0.0, -0.0, 0.0, 0.0, 0.0, 0.0, 0.0, 0.0, 0.0, 0.0, 0.0, 0.0, 0.0, 0.0, 0.0, 0.0, 0.0, 0.0, 0.0, 0.0, 0.0, 0.0, 0.0, 0.0, 0.0, 0.0, 0.0, 0.0, 0.0, 0.0, 0.0, -0.0, -0.0, -0.0, -0.0, -0.0, 0.0, 0.0, 0.0, 0.0, 0.0, 0.0, 0.0, 0.0, 0.0, 0.0, 0.0001, 0.0, 0.0, 0.0, 0.0, -0.0012, 0.0002, 0.0, 0.0, 0.0, 0.0, 0.0, 0.0001, 0.0, 0.0, 0.0001, 0.0, 0.0, 0.0001, 0.0, -0.0, -0.0, -0.0, 0.0002, -0.0, -0.0, -0.0, -0.0, -0.0, -0.0, -0.0, -0.0001, -0.0, -0.0, -0.0, -0.0, -0.0, -0.0, -0.0, 0.0, 0.0, 0.0, 0.0, 0.0, 0.0, 0.0, 0.0, 0.0, -0.0, -0.0, -0.0, -0.0, -0.0, -0.0, 0.0, 0.0, 0.0, 0.0, 0.0, 0.0, -0.0, 0.0, 0.0, 0.0001, 0.0, 0.0, -0.0, 0.0, 0.0, -0.0002, 0.0, 0.0]",0.0
2026-07-08_06-21-22.mp4,1,120.0,15.0,0.0,motion,0.0,0.0,0.0,0.0,0.0,0.3545,1.78,0.421,0.3201,1.106,0.0784,,"[0.0022, -0.0396, 0.0022, 0.0022, 0.0022, 0.0022, 0.0022, 0.0022, 0.0022, 0.0022, 0.0022, 0.0022, 0.0022, -0.0243, 0.0022, 0.0022, 0.0022, 0.0009, 0.0009, 0.0009, 0.0009, 0.0009, 0.0009, 0.0009, 0.0009, 0.0009, 0.0009, 0.0009, 0.0009, 0.0, 0.0, 0.0, 0.0, 0.0, 0.0, 0.0, 0.0, 0.0, 0.0, 0.0, -0.0002, 0.0, 0.0, 0.0, -0.0008, -0.0008, -0.0008, -0.0008, -0.0008, -0.0005, -0.0005, -0.0005, -0.0005, -0.0005, -0.0005, -0.0005, -0.0005, -0.0005, -0.0005, 0.0257, -0.0004, -0.0004, -0.0004, -0.0004, -0.0122, -0.0005, -0.0005, -0.0005, -0.0005, -0.0005, -0.0005, -0.0005, -0.0005, -0.0005, -0.0005, 0.0004, 0.0004, 0.0004, 0.0004, 0.0004, 0.0, 0.0, 0.0, 0.0, 0.0, 0.0, 0.0, 0.0, 0.0, 0.0, 0.0, 0.0, 0.0, 0.0, 0.0, 0.0, 0.0, 0.0, 0.0, 0.0, 0.0, 0.0, 0.0, 0.0, 0.0, 0.0, 0.0, 0.0, 0.0, 0.0, 0.0, 0.0, 0.0, 0.0, 0.0, 0.0, 0.0, 0.0, 0.0]",0.0
2026-07-14_14-16-38.mp4,1,120.0,15.0,0.0,motion,0.0,0.0,0.0,0.0,0.0,0.2291,2.797,0.516,0.3346,0.028,0.0032,,"[0.0009, -0.0035, -0.0008, -0.0013, 0.0012, -0.0004, 0.0, -0.001, -0.0005, -0.0005, -0.0004, -0.0003, -0.0002, -0.0002, -0.0001, -0.0, 0.0, -0.0001, 0.0007, -0.0001, -0.0002, -0.0, 0.0, -0.0, -0.0, -0.0, -0.0, -0.0, -0.0, 0.0001, -0.0007, 0.0001, -0.0, -0.0, 0.0, 0.0001, 0.0, -0.0001, 0.0, 0.0001, 0.0, 0.0, 0.0, 0.0, 0.0, 0.0, -0.0, -0.0, -0.0, -0.0001, -0.0, -0.0, -0.0, -0.0, -0.0, -0.0, -0.0, -0.0, -0.0, -0.0008, 0.0001, 0.001, -0.0002, -0.0, -0.0, -0.0, 0.0003, -0.0, 0.0, 0.0, 0.0, 0.0, 0.0, 0.0, 0.0, -0.0, -0.0, 0.0, 0.0, 0.0, 0.0, -0.0, 0.0, -0.0004, 0.0, 0.0, 0.0, 0.0, 0.0, 0.0, 0.0, 0.0, 0.0, 0.0, 0.0, 0.0, 0.0, 0.0, 0.0, -0.0, -0.0, -0.0, -0.0, -0.0, -0.0, -0.0, -0.0, -0.0, -0.0, -0.0, -0.0, 0.0, 0.0, 0.0, 0.0, -0.0, -0.0, -0.0, -0.0]",0.0
2026-07-19_02-15-55.mp4,1,120.0,15.0,0.0,motion,0.0,0.0,0.0,0.0,0.0,0.1902,2.797,0.552,0.1879,1.336,0.0601,,"[-0.0004, -0.0011, -0.0012, 0.0006, -0.0005, -0.0015, -0.0009, 0.0012, 0.0099, -0.0013, 0.0002, -0.0004, -0.0006, -0.0005, 0.0001, 0.0007, 0.0135, 0.0165, -0.0192, -0.0095, 0.0093, -0.0005, -0.004, -0.0219, 0.0077, 0.0012, 0.0011, 0.0007, 0.0, -0.0001, -0.0, -0.0001, 0.0046, -0.0001, -0.0002, 0.0, 0.0003, 0.0007, 0.0002, 0.0002, 0.0001, -0.0011, -0.0011, -0.0001, -0.0002, -0.0001, 0.0002, -0.0001, -0.0, 0.0005, -0.0001, 0.0018, -0.0022, -0.0, -0.0, -0.0, -0.0, -0.0, -0.0001, 0.0018, -0.0001, -0.0001, -0.0001, -0.0001, -0.0001, -0.0001, -0.0001, 0.0, -0.0001, -0.0001, -0.0001, -0.0001, -0.0001, -0.0001, -0.0001, 0.0, 0.0, 0.0, 0.0, 0.0, 0.0, 0.0, 0.0, 0.0, 0.0, 0.0, 0.0, 0.0, 0.0, 0.0, 0.0, 0.0, 0.0, 0.0, 0.0, 0.0, 0.0, 0.0, 0.0, 0.0, 0.0, 0.0, 0.0, 0.0, 0.0, 0.0, 0.0, 0.0, 0.0, 0.0, 0.0, 0.0, 0.0, 0.0, 0.0, 0.0, 0.0, 0.0, 0.0]",0.0
2026-07-15_07-30-26.mp4,1,120.0,15.0,0.05,motion,0.0,0.0,0.0,0.0,0.0,0.1561,2.797,0.0,0.2987,0.007,0.0,,"[-0.0001, -0.0, 0.0, 0.0, -0.0, 0.0001, -0.0003, 0.0003, 0.0001, 0.0003, 0.0008, 0.0001, -0.0, 0.0, -0.0, -0.0, -0.0002, -0.0, -0.0001, -0.0001, 0.0, 0.0001, -0.0001, -0.0, 0.0001, -0.0001, 0.0, 0.0, 0.0001, 0.0, -0.0001, 0.0, -0.0, 0.0, -0.0001, -0.0002, 0.0, -0.0, -0.0, 0.0, 0.0, 0.0, -0.0, 0.0001, 0.0, -0.0, -0.0001, 0.0, -0.0, 0.0, -0.0, 0.0, -0.0001, -0.0, -0.0001, -0.0001, -0.0, 0.0, 0.0002, -0.0, 0.0002, 0.0003, -0.0002, -0.0001, -0.0002, -0.0, 0.0001, 0.0006, -0.0002, 0.0003, -0.0001, -0.0003, 0.0, 0.0, -0.0007, 0.0008, 0.0003, -0.0, -0.0, -0.0001, -0.0001, -0.0002, -0.0003, 0.0011, -0.0002, 0.0016, -0.0038, 0.0007, -0.0, 0.0002, 0.0, -0.0004, 0.0004, 0.0007, 0.0, 0.0002, 0.0003, 0.0002, 0.0001, 0.0001, 0.0002, -0.0019, 0.0005, 0.0003, 0.0006, 0.0001, -0.001, 0.0002, -0.0004, 0.0003, -0.0002, 0.0005, -0.0014, -0.0005, 0.0002, 0.0002, 0.0001, 0.0003, 0.0001]",0.0
2026-07-23_22-12-51.mp4,1,120.0,15.0,0.0,motion,0.0,0.0,0.0,0.0,0.0,0.1646,1.78,0.585,0.3459,0.835,0.0438,,"[0.0004, 0.0026, -0.003, 0.0026, -0.0055, -0.0004, 0.0003, 0.0066, 0.0125, -0.0246, 0.0006, 0.0001, -0.0001, 0.0004, 0.0, -0.0001, -0.0002, 0.0001, -0.0001, -0.0001, -0.0002, -0.0008, 0.0085, -0.0053, 0.0007, -0.0003, 0.0001, 0.0007, -0.0039, 0.009, 0.0026, 0.0043, -0.005, 0.0006, 0.0027, -0.002, -0.0013, -0.0005, -0.0001, -0.0024, -0.0003, 0.0004, -0.0036, -0.0007, -0.0004, -0.0001, 0.0016, 0.0002, -0.0, -0.0005, -0.0, 0.0001, 0.0027, -0.0011, 0.0003, 0.0001, -0.0, -0.0004, 0.0001, 0.0002, -0.0003, 0.0017, 0.0001, 0.0003, -0.0001, 0.0039, -0.0063, -0.0002, 0.0001, 0.0, 0.0, 0.0, 0.0, 0.0015, 0.0, 0.0, 0.0, 0.0001, 0.0001, 0.0001, 0.0001, -0.0008, -0.0018, 0.0003, 0.0003, 0.0, 0.0, 0.0, 0.0, 0.0001, 0.0001, 0.0001, 0.0001, 0.0001, 0.0001, 0.0001, 0.0001, 0.0, -0.0, -0.0, 0.0, 0.0, 0.0, 0.0, 0.0, 0.0001, 0.0001, 0.0001, 0.0001, 0.0002, 0.0002, 0.0002, 0.0002, 0.0002, 0.0003, 0.0003, 0.0003, 0.0003, -0.0003]",0.0
2026-07-16_19-02-34.mp4,1,120.0,15.0,0.017,motion,0.0,0.0,0.0,0.0,0.0,0.2888,1.271,0.517,0.471,0.011,0.0017,,"[-0.0006, 0.0006, 0.0008, 0.0006, 0.0002, 0.0009, 0.0007, 0.0006, 0.0, 0.0003, 0.0003, 0.0003, 0.0001, 0.0002, 0.0001, -0.0007, 0.0, -0.0, 0.0001, -0.0002, 0.0, 0.0001, 0.0002, 0.0, 0.0001, 0.0, -0.0002, 0.0001, -0.0007, 0.0001, -0.0, -0.0001, -0.0, 0.0002, -0.0003, -0.0001, 0.0001, -0.0, 0.0002, -0.0002, -0.0, -0.0, -0.0003, 0.0011, 0.0001, 0.0002, -0.0, -0.0002, -0.0001, 0.0002, -0.0004, -0.0, -0.0001, 0.0, -0.0, -0.0002, 0.0002, 0.0, 0.0001, -0.0001, -0.0, -0.0, -0.0, -0.0, -0.0, -0.0, 0.0004, -0.0, -0.0, -0.0, -0.0, -0.0, 0.0, 0.0, 0.0, 0.0001, 0.0, 0.0, 0.0, 0.0001, 0.0001, -0.0001, 0.0, -0.0003, -0.0003, -0.0001, 0.0, 0.0, 0.0, 0.0, 0.0, 0.0, 0.0, 0.0, -0.0001, 0.0001, 0.0, -0.0, 0.0, -0.0001, 0.0, -0.0001, 0.0, 0.0, 0.0, 0.0, 0.0, 0.0001, 0.0, 0.0, 0.0, -0.0001, 0.0, 0.0, 0.0, 0.0002, -0.0, -0.0, -0.0]",0.0
2026-07-08_18-46-33.mp4,1,120.0,15.0,0.0,motion,0.0,0.0,0.0,0.0,0.0,0.4778,1.525,0.345,0.2533,35.499,0.1603,,"[-0.0537, 0.0523, 0.0486, 0.0451, 0.042, 0.0419, 0.0347, 0.0236, 0.0277, 0.0235, 0.0587, 0.0318, 0.0138, 0.0103, 0.0068, 0.0027, -0.0538, 0.0039, 0.0016, -0.0022, -0.0048, -0.0079, 0.0032, 0.0039, -0.0145, -0.0173, -0.016, -0.0155, -0.0155, -0.0149, 0.0057, 0.0059, -0.0693, -0.0559, -0.0139, -0.0293, -0.0017, -0.4435, -0.1031, 0.4383, -0.0168, -0.0888, -0.0673, -0.0605, -0.0781, -0.06, -0.0569, 0.5231, 0.6, 0.689, 0.6295, -0.0129, 0.0729, -0.0052, -0.0438, 0.014, -0.4515, -0.5779, -0.1835, -0.0041, 0.041, -0.1494, 0.0409, 0.0594, 0.0805, -0.2982, -0.9633, 0.072, 0.0971, 0.084, 0.1254, 0.1259, -0.0144, -0.202, -0.19, -0.0105, 0.0832, 0.0764, 0.0763, 0.0761, 0.0769, 0.0636, 0.023, 0.0213, 0.0237, 0.0267, 0.0251, 0.0281, 0.0064, 0.0099, 0.0087, -0.0001, 0.0095, 0.0047, -0.004, -0.0032, -0.0082, 0.1869, -0.012, 0.0021, -0.0197, -0.1493, -0.0091, -0.0069, -0.006, -0.0037, -0.0035, 0.0001, 0.0081, 0.0218, 0.0242, 0.0283, -0.0009, 0.0055, 0.0011, 0.0014, -0.0006, -0.0037, -0.0038]",0.0
2026-07-10_16-27-15.mp4,1,120.0,15.0,0.025,motion,0.0,0.0,0.0,0.0,0.0,0.3758,1.78,0.0,0.3446,99.0,0.0,,"[-0.0, 0.0, -0.0, 0.0, 0.0001, 0.0, 0.0, 0.0, -0.0001, -0.0, -0.0, -0.0, 0.0, 0.0, -0.0, -0.0, -0.0, -0.0, 0.0001, -0.0, -0.0001, -0.0, -0.0, 0.0, -0.0, 0.0003, -0.0, -0.0001, 0.0, -0.0001, 0.0003, 0.0001, -0.0003, -0.0012, -0.0011, -0.0012, -0.0013, 0.0038, 0.0038, 0.004, 0.0039, 0.0044, 0.0043, 0.0039, 0.0039, 0.0039, 0.0037, 0.0032, 0.0429, -0.0016, 0.0038, 0.0038, -0.1471, 0.0018, 0.0039, 0.0039, 0.0038, 0.0039, 0.0036, 0.0038, 0.0039, 0.0039, 0.0039, 0.0039, 0.0051, 0.005, 0.0048, 0.0049, 0.0001, 0.0, 0.0, 0.0, 0.0, 0.0, -0.0, 0.0, 0.0, 0.0, 0.0, 0.0, 0.0, 0.0, 0.0, 0.0, 0.0, 0.0, 0.0, 0.0, -0.0, 0.0, 0.0, 0.0001, -0.0001, 0.0, -0.0001, 0.0, -0.0, 0.0002, -0.0, 0.0, 0.0, 0.0, 0.0, 0.0003, -0.0001, -0.0005, 0.0001, -0.0001, 0.0001, 0.0, -0.0004, 0.0, 0.0001, 0.0, 0.0, -0.0001, 0.0001, 0.0, 0.0]",0.0
2026-07-02_03-19-46.mp4,1,120.0,15.0,0.0,motion,0.0,0.0,0.0,0.0,0.0,0.3263,1.017,0.638,0.4589,0.656,0.0824,,"[-0.0, -0.0, 0.0, 0.0, 0.0, 0.0, 0.0, 0.0, 0.0, 0.0, 0.0, 0.0, 0.0, 0.0001, 0.0, -0.0, 0.0, -0.0012, 0.0, 0.0, 0.0, 0.0, -0.0001, -0.0001, -0.0001, -0.0001, -0.0001, -0.0001, -0.0013, 0.0023, 0.0001, -0.0003, -0.0004, 0.0001, -0.001, -0.0001, -0.0002, 0.0042, 0.0001, 0.0002, 0.0003, 0.0009, 0.0008, -0.0003, -0.0007, -0.0008, -0.0003, 0.0, -0.0004, -0.0017, -0.0018, -0.0017, -0.0008, -0.0011, 0.0001, 0.0001, 0.0001, -0.0, 0.0, 0.0014, 0.0064, 0.0008, 0.0005, 0.001, -0.0007, -0.0001, -0.0012, -0.0023, -0.0015, -0.001, -0.0008, 0.0005, 0.0035, 0.0002, -0.0, -0.0002, 0.0, -0.0009, -0.0001, -0.0001, -0.0001, 0.0002, 0.0003, -0.0039, 0.0008, -0.008, 0.0075, -0.0003, 0.0002, -0.0003, 0.0008, -0.001, 0.0007, -0.0002, -0.0002, -0.0014, 0.0008, 0.0002, 0.0006, -0.0007, -0.0005, -0.0003, 0.0001, -0.0002, 0.0009, 0.028, 0.0029, 0.0096, -0.0, 0.0014, 0.0016, 0.0016, -0.0309, -0.005, 0.002, 0.002, -0.0145, -0.0066, -0.0002]",0.0
2026-07-07_19-10-49.mp4,1,120.0,15.0,0.008,motion,0.0,0.0,0.0,0.0,0.0,0.2616,1.78,0.545,0.3617,20.557,0.1359,,"[0.0001, 0.0001, 0.0001, 0.0, -0.0002, 0.0001, -0.0002, 0.0003, 0.0002, 0.0003, 0.0002, -0.0005, -0.0011, 0.0003, 0.0003, 0.0003, 0.0003, 0.0003, 0.0005, 0.0005, -0.0013, -0.0015, 0.0002, -0.0014, -0.0008, 0.0006, -0.0001, 0.0002, 0.0002, 0.0002, 0.0002, 0.0002, 0.0017, -0.0034, -0.0037, -0.0039, -0.004, -0.0038, -0.0041, -0.0044, -0.0039, -0.0046, -0.0043, -0.0043, -0.0044, -0.0057, -0.0043, -0.0463, 0.1495, 0.0126, -0.0051, -0.0042, -0.0044, -0.0046, -0.007, -0.0071, 0.0093, -0.009, -0.0053, -0.0051, -0.0053, -0.0054, -0.005, -0.0064, -0.0017, 0.0033, 0.0033, 0.0032, -0.0014, -0.0002, 0.004, -0.0016, -0.0005, -0.0015, 0.0006, 0.0053, 0.001, -0.0016, -0.0009, 0.001, 0.0052, -0.0073, -0.0007, -0.0009, -0.0008, -0.0011, 0.0082, -0.0005, -0.0005, -0.0017, -0.0021, -0.0003, 0.0004, -0.0001, -0.0001, -0.0032, -0.0036, -0.0002, 0.0017, -0.0011, -0.0011, -0.0012, -0.0008, -0.0007, -0.0006, -0.0005, -0.0005, -0.0004, -0.0002, -0.0001, -0.0001, 0.0001, 0.0051, 0.0271, 0.0003, 0.0003, 0.0005, -0.0006, -0.0026]",0.0
2026-07-03_11-26-08.mp4,1,120.0,15.0,0.0,motion,0.0,0.0,0.0,0.0,0.0,0.3413,0.763,0.476,0.3133,3.418,0.1257,,"[-0.0002, 0.0004, -0.0005, 0.0003, 0.0015, -0.0015, 0.0001, 0.0008, -0.0009, -0.001, 0.0003, -0.0004, 0.0002, 0.0002, 0.0012, 0.0002, 0.0001, 0.0002, 0.0001, 0.0001, -0.0001, 0.0004, -0.0003, -0.0001, -0.0008, 0.0002, 0.0002, -0.0001, -0.0, -0.0, 0.0, 0.0, 0.0001, 0.0, 0.0, 0.0, 0.0001, 0.0, 0.0001, 0.0, -0.0001, 0.0002, -0.0002, -0.0003, -0.0001, 0.0004, -0.0002, -0.0, 0.0, 0.0, 0.0, 0.0, 0.0001, 0.0, -0.0, 0.0, -0.0, 0.0, 0.0, 0.0, 0.0001, 0.0001, -0.0002, 0.0, -0.0, -0.0001, 0.0, 0.0, -0.0, -0.0, 0.0001, 0.0, -0.0001, -0.0, -0.0001, 0.0, -0.0002, 0.0, -0.0, -0.0, -0.0, 0.0, 0.0001, -0.0, 0.0, -0.0, 0.0, -0.0, -0.0001, -0.0001, -0.0001, 0.0, -0.0002, 0.0011, 0.0003, -0.0003, 0.0, -0.0001, 0.0001, -0.0001, -0.0001, 0.0001, -0.0002, 0.0002, -0.0, -0.0, -0.0001, -0.0, -0.0001, -0.0, -0.0, -0.0, -0.0, -0.0, 0.0, 0.0, 0.0001, 0.0001, -0.0]",0.0
2026-07-12_12-09-06.mp4,1,120.0,15.0,0.0,motion,0.0,0.0,0.0,0.0,0.0,0.3594,1.78,0.179,0.5009,0.372,0.0174,,"[0.0065, 0.0099, -0.0013, -0.0009, -0.0001, -0.0167, -0.041, 0.0001, -0.0059, -0.021, 0.0011, 0.0019, 0.0043, 0.0031, 0.0022, 0.0014, -0.0058, -0.0056, 0.004, 0.0027, 0.0039, 0.0028, 0.002, 0.0004, 0.0005, -0.0004, 0.0001, 0.0003, 0.0004, 0.0023, 0.0003, 0.0002, 0.0009, 0.0001, 0.0002, 0.0016, -0.0011, 0.0011, 0.0008, 0.0006, -0.0, -0.0005, 0.0, -0.0013, 0.0003, 0.0011, -0.0005, -0.0003, 0.0002, -0.0004, -0.0009, -0.0015, 0.0001, 0.0024, -0.0035, 0.0006, 0.0001, -0.0001, 0.0005, 0.0, 0.0001, 0.0005, 0.001, 0.0, 0.0016, 0.0011, 0.0006, 0.0014, 0.0016, -0.0049, -0.0009, -0.0012, 0.001, -0.0021, -0.0002, 0.0002, 0.0001, 0.0002, 0.0002, -0.0031, -0.0006, -0.0012, 0.0011, 0.0003, 0.0003, 0.0002, 0.0001, 0.0001, 0.0001, 0.0029, 0.0025, -0.0, -0.0, 0.0, 0.0001, -0.0001, -0.0007, -0.0004, -0.0002, -0.0002, -0.0002, -0.0, -0.0002, -0.0002, -0.0002, -0.0001, 0.0001, 0.0, 0.0001, 0.0, 0.0, 0.0, -0.0, -0.0, -0.0, -0.0, -0.0, -0.0, -0.0]",0.0
2026-07-18_15-37-38.mp4,1,120.0,15.0,0.7,lips,0.3829,0.763,1.5,0.19,0.0095,0.4269,0.763,0.0,0.4939,0.0,0.0,"[-1.0, 0.014, 0.004, 0.007, 0.02, 0.008, 0.007, 0.013, 0.016, 0.011, 0.01, 0.01, 0.011, 0.011, 0.02, 0.013, 0.008, 0.007, 0.006, 0.018, 0.01, 0.017, 0.009, 0.009, 0.01, 0.008, 0.009, 0.012, 0.012, 0.014, 0.009, 0.01, 0.006, 0.009, 0.008, 0.01, 0.013, 0.015, 0.012, 0.014, 0.027, 0.027, 0.028, 0.022, 0.016, 0.019, 0.037, 0.037, 0.017, 0.029, 0.03, 0.017, 0.008, 0.014, 0.01, 0.007, 0.007, 0.006, 0.007, 0.007, 0.006, 0.007, 0.009, -1.0, -1.0, -1.0, -1.0, 0.014, 0.013, 0.013, 0.018, 0.024, -1.0, -1.0, -1.0, -1.0, -1.0, 0.014, 0.012, 0.016, 0.013, 0.012, 0.009, 0.01, 0.008, 0.014, 0.017, -1.0, -1.0, -1.0, -1.0, -1.0, -1.0, -1.0, -1.0, -1.0, -1.0, -1.0, -1.0, -1.0, -1.0, 0.006, 0.015, 0.022, -1.0, -1.0, -1.0, -1.0, -1.0, -1.0, -1.0, -1.0, -1.0, -1.0, -1.0, -1.0, 0.043, 0.037, 0.05, 0.046]","[0.0011, 0.0006, -0.0006, -0.0015, -0.0048, 0.0019, -0.0021, 0.0007, 0.0011, 0.0006, 0.0001, -0.0002, 0.0005, 0.0001, -0.0026, -0.0063, 0.0006, -0.0015, 0.0032, 0.0011, 0.0004, 0.0004, -0.0, 0.0, -0.0, -0.0009, 0.0004, -0.0022, 0.0004, 0.0004, 0.0003, 0.0013, 0.0001, 0.0006, -0.0, 0.0002, 0.0001, 0.0001, 0.0001, 0.0001, 0.0001, 0.0, 0.0, -0.0001, -0.0001, 0.0002, -0.0, 0.0, -0.0, 0.0, 0.0, 0.0, 0.0, 0.0, 0.0, 0.0, -0.0001, 0.0, -0.0004, 0.0, 0.0001, 0.0, 0.0001, 0.0001, 0.0001, 0.0001, 0.0, -0.0002, 0.0001, 0.0001, -0.0002, 0.0001, 0.0001, -0.0003, -0.0005, -0.0007, -0.0003, 0.0001, 0.0001, 0.0001, 0.0003, 0.0001, 0.0001, 0.0003, 0.0003, 0.0001, -0.001, 0.0002, 0.0002, 0.0004, 0.0009, 0.0009, 0.001, 0.0009, 0.0008, 0.0007, -0.0001, -0.0, -0.0003, -0.0002, -0.001, -0.0013, -0.0022, -0.0022, -0.0069, -0.018, -0.0013, -0.0013, -0.0013, 0.0002, -0.0014, 0.0156, -0.0014, 0.002, 0.0088, 0.0217, 0.0077, -0.0011, -0.0012]",0.0
2026-07-15_14-45-40.mp4,1,120.0,15.0,0.067,motion,0.0,0.0,0.0,0.0,0.0,0.4019,0.763,0.882,0.681,22.211,0.3393,,"[-0.0, -0.0, -0.0, -0.0, -0.0, -0.0, -0.0, -0.0, -0.0, 0.0003, -0.0, -0.0, 0.0004, -0.0007, 0.0019, 0.0019, 0.0019, 0.0019, 0.0021, 0.0021, 0.003, 0.003, 0.0031, 0.0031, 0.0031, 0.0031, 0.0031, 0.0221, 0.0029, -0.0769, 0.0027, -0.0, -0.0, -0.0074, -0.0002, -0.0286, -0.0004, -0.0004, -0.0005, 0.0008, 0.0007, 0.0007, 0.0007, 0.0115, 0.0009, -0.0014, 0.0797, -0.0054, -0.0023, 0.0032, -0.0056, -0.0066, -0.0069, -0.0066, -0.0424, -0.0029, -0.0058, -0.0056, -0.0056, 0.0082, 0.0302, 0.0732, -0.0024, -0.0025, -0.0024, -0.0021, -0.0021, -0.002, -0.002, -0.0141, -0.0065, -0.0114, -0.0094, -0.0047, 0.0003, -0.0009, -0.0026, 0.0027, 0.0004, 0.0013, 0.001, 0.0001, -0.0005, 0.0011, 0.0013, 0.001, 0.0003, 0.0006, -0.0003, -0.0013, -0.0019, -0.0014, -0.0024, -0.0001, -0.0003, -0.0002, 0.0, 0.0001, 0.0001, 0.0002, 0.0006, 0.0004, 0.0012, 0.0027, 0.0016, -0.0019, -0.0, -0.0001, -0.0007, -0.0004, 0.0019, 0.0008, 0.0005, 0.0, -0.0002, -0.0002, -0.0002, -0.0002, -0.0002]",0.0
2026-07-12_04-07-23.mp4,1,120.0,15.0,0.0,motion,0.0,0.0,0.0,0.0,0.0,0.2295,1.78,0.22,0.284,0.018,0.0009,,"[-0.0002, 0.0001, 0.0004, 0.0002, 0.0001, 0.0001, 0.0001, 0.0001, 0.0001, 0.0001, 0.0001, 0.0001, 0.0, 0.0002, 0.0, 0.0, -0.0, -0.0, -0.0, -0.0, -0.0, -0.0, -0.0, -0.0, -0.0, -0.0, -0.0, -0.0, -0.0, -0.0, -0.0, -0.0, -0.0, -0.0, -0.0, -0.0, -0.0001, -0.0, -0.0, -0.0, -0.0, -0.0, 0.0, 0.0001, -0.0, -0.0, -0.0, 0.0007, -0.0, -0.0, -0.0, -0.0, -0.0003, -0.0, -0.0003, 0.0004, -0.0, -0.0, -0.0, 0.0003, -0.0003, -0.0, -0.0001, 0.0, 0.0, 0.0, 0.0, 0.0, -0.0, -0.0, -0.0001, -0.0, -0.0, -0.0, -0.0, 0.0, -0.0, -0.0, -0.0, -0.0, 0.0002, -0.0, -0.0, -0.0, -0.0, -0.0, -0.0, -0.0, -0.0, -0.0, -0.0, -0.0, -0.0, -0.0, -0.0, -0.0, 0.0, 0.0, 0.0, 0.0, 0.0, 0.0, 0.0, 0.0, 0.0, 0.0, 0.0, 0.0, 0.0, 0.0, 0.0, 0.0, 0.0, 0.0, 0.0, 0.0, 0.0, 0.0, 0.0]",0.0
2026-07-05_11-57-38.mp4,1,120.0,15.0,0.05,motion,0.0,0.0,0.0,0.0,0.0,0.2827,0.763,0.288,0.6397,0.063,0.0048,,"[0.0004, 0.003, -0.016, 0.0, -0.0001, 0.0007, 0.0001, -0.0006, 0.0023, 0.0019, 0.0004, 0.0002, 0.0004, 0.0005, 0.0004, 0.0011, 0.0004, 0.0006, -0.0002, -0.0, -0.0001, -0.0, 0.0, -0.0004, -0.0007, -0.0002, -0.0007, -0.0005, -0.0004, -0.0003, -0.0004, -0.0002, -0.0005, 0.0001, -0.0005, -0.0002, -0.0005, -0.0001, 0.0009, 0.0012, 0.0031, 0.012, -0.0003, -0.0021, -0.0023, -0.003, -0.0025, -0.0032, 0.0006, -0.0002, -0.0011, 0.0008, -0.0002, -0.0006, -0.0006, -0.0006, -0.0002, -0.0, -0.0012, -0.001, -0.0012, -0.0004, 0.0002, -0.0004, -0.0014, 0.0006, -0.001, -0.0015, -0.0008, -0.0013, -0.0022, 0.0032, 0.0035, 0.0044, 0.0076, 0.0061, 0.0034, 0.0016, 0.005, 0.0057, -0.0061, -0.0045, -0.0002, -0.0174, 0.0078, -0.0, -0.0057, 0.0011, -0.0001, -0.0012, -0.0007, -0.0001, -0.0004, -0.0005, -0.0006, -0.0003, -0.0005, -0.0009, -0.0006, -0.001, 0.0041, -0.0099, 0.0071, -0.0069, 0.0003, 0.0045, 0.0034, 0.001, 0.0027, 0.0062, 0.0035, 0.0015, 0.0033, -0.0032, -0.0021, -0.0074, 0.0021, 0.0064, -0.0013]",0.0
2026-07-14_07-27-30.mp4,1,120.0,15.0,0.0,motion,0.0,0.0,0.0,0.0,0.0,0.3888,1.78,0.507,0.3525,0.011,0.0022,,"[0.0002, -0.0004, -0.0002, -0.0002, -0.0002, -0.0002, -0.0001, -0.0002, -0.0001, -0.0001, -0.0001, -0.0001, -0.0001, -0.0, -0.0, -0.0, 0.0, 0.0, 0.0, 0.0, 0.0, 0.0, 0.0, 0.0, 0.0, 0.0, 0.0, 0.0, 0.0, 0.0, 0.0, 0.0, 0.0, 0.0, 0.0, 0.0, 0.0, 0.0, 0.0, 0.0, 0.0, 0.0, 0.0, 0.0, -0.0, -0.0, -0.0, -0.0, -0.0, -0.0, -0.0, -0.0, -0.0, -0.0, -0.0, -0.0, -0.0, -0.0, -0.0, 0.0008, 0.0, -0.0, -0.0001, -0.0, -0.0, -0.0, -0.0, -0.0, -0.0, -0.0, -0.0, -0.0, -0.0003, -0.0, -0.0, -0.0, -0.0, 0.0004, -0.0, -0.0, -0.0, -0.0, -0.0, -0.0, 0.0, -0.0, -0.0, -0.0, -0.0, -0.0, -0.0, -0.0, -0.0, -0.0, -0.0, -0.0, -0.0, -0.0, -0.0, -0.0, -0.0, -0.0, -0.0, -0.0, -0.0, -0.0, -0.0, -0.0, -0.0, -0.0, -0.0, -0.0, -0.0, -0.0, -0.0, -0.0, -0.0, -0.0, -0.0]",0.0
2026-07-22_15-18-25.mp4,1,120.0,15.0,0.242,motion,0.0,0.0,0.0,0.0,0.0,0.3414,2.797,0.601,0.303,0.339,0.0519,,"[0.0, 0.0, 0.0, -0.0001, -0.0005, 0.0, 0.0, 0.0, 0.0, 0.0001, 0.0, 0.0, 0.0, 0.0, 0.0, 0.0, 0.0, 0.0, 0.0, 0.0, 0.0002, -0.0, -0.0, -0.0, -0.0, -0.0, 0.0002, -0.0, -0.0, -0.0, -0.0, -0.0, 0.0, -0.0002, 0.0, -0.0, -0.0, -0.0, -0.0002, -0.0, -0.0, 0.0002, 0.0, 0.0, 0.0, -0.0, -0.0, 0.0, 0.0, -0.0001, 0.0, 0.0, 0.0, 0.0, -0.0, -0.0001, -0.0, 0.0001, 0.0, -0.0, 0.0, 0.0, 0.0, -0.0001, 0.0, 0.0, -0.0, 0.0, 0.0, 0.0, 0.0, 0.0, 0.0001, -0.0001, -0.0, 0.0, -0.0002, -0.0001, 0.0, 0.0001, 0.0, 0.0, 0.0, 0.0, -0.0001, 0.0, 0.0, 0.0, -0.0, 0.0, 0.0, 0.0, -0.0, -0.0, -0.0, 0.0, 0.0, 0.0, 0.0, -0.0001, 0.0, 0.0, 0.0, 0.0, 0.0, -0.0001, 0.0, -0.0, 0.0003, -0.0, -0.0001, -0.0, -0.0002, 0.0001, 0.0001, -0.0001, -0.0, 0.0, 0.0]",0.0
2026-07-06_16-23-47.mp4,1,65.0,15.0,0.0,motion,0.0,0.0,0.0,0.0,0.0,0.0994,0.763,0.552,0.1369,0.208,0.0094,,"[0.0002, 0.0004, -0.0007, -0.0008, 0.0002, -0.0001, -0.0003, -0.0001, -0.0, -0.0, -0.0, -0.0, -0.0, -0.0, 0.0, 0.0, 0.0, 0.0, 0.0, -0.0, 0.0, 0.0, -0.0, -0.0, -0.0, -0.0, -0.0, -0.0, -0.0, -0.0, -0.0, -0.0, -0.0, -0.0, -0.0, 0.0, 0.0, 0.0, 0.0, 0.0, 0.0, 0.0, 0.0, 0.0, -0.0, -0.0, -0.0, 0.0, -0.0, -0.0, -0.0, -0.0, -0.0, -0.0, -0.0, -0.0, -0.0, -0.0, -0.0, 0.0004, -0.0001, -0.0001, -0.0002, 0.0]",0.0
2026-07-17_17-34-47.mp4,1,120.0,15.0,0.0,motion,0.0,0.0,0.0,0.0,0.0,0.4108,1.78,0.587,0.377,0.071,0.0159,,"[-0.0, -0.0, -0.0, -0.0, -0.0, -0.0, -0.0, -0.0, -0.0, -0.0, -0.0, -0.0, -0.0, -0.0, -0.0, -0.0, -0.0, -0.0, -0.0, -0.0, -0.0, -0.0, -0.0, -0.0, -0.0, -0.0, 0.0, 0.0, -0.0, -0.0, -0.0, -0.0, 0.0, 0.0, 0.0001, 0.0001, 0.0001, 0.0001, 0.0001, 0.0001, 0.0001, -0.0003, 0.0005, 0.0003, -0.0, 0.0005, 0.0004, -0.0007, -0.0004, -0.0014, 0.0003, -0.0003, 0.0001, 0.0001, 0.0001, 0.0001, -0.0002, -0.0002, 0.0001, -0.0001, 0.0001, 0.0003, 0.0, 0.0005, -0.0, -0.0002, 0.0, 0.0, 0.0002, -0.0, -0.0001, 0.0002, 0.0, 0.0, 0.0, -0.0, -0.0, 0.0, -0.0001, 0.0, 0.0, -0.0001, 0.0, -0.0, -0.0001, -0.0001, 0.0002, -0.0, -0.0, 0.0, -0.0, -0.0, -0.0, -0.0, -0.0, -0.0, -0.0, -0.0, -0.0, -0.0001, 0.0001, -0.0002, 0.0001, 0.0002, 0.0002, 0.0, 0.0, -0.0, -0.0, 0.0, -0.0, -0.0001, 0.0, 0.0, 0.0, 0.0, -0.0, -0.0001, -0.0]",0.0
2026-07-03_08-48-15.mp4,1,120.0,15.0,0.0,motion,0.0,0.0,0.0,0.0,0.0,0.376,1.78,0.427,0.3377,0.114,0.0165,,"[-0.0006, 0.0018, 0.0006, 0.0002, -0.0, 0.0005, 0.0004, 0.0005, -0.0, -0.0004, -0.0009, -0.0022, -0.0003, 0.0029, -0.0004, -0.0005, -0.0002, -0.0006, -0.0005, -0.0005, -0.0005, -0.0006, -0.0006, -0.0006, 0.0089, 0.0027, -0.0, -0.0002, -0.002, 0.0006, 0.0032, -0.003, 0.0019, -0.0005, -0.0005, -0.0008, 0.0002, 0.0001, -0.0006, -0.0005, -0.0, 0.0001, -0.0002, -0.0005, -0.0004, -0.0004, 0.0002, 0.0002, 0.0004, 0.0004, 0.0006, 0.0005, 0.0004, -0.0007, -0.0026, -0.0015, -0.0004, 0.0009, 0.0003, 0.0005, 0.0003, 0.0003, 0.0003, -0.0052, 0.001, 0.0002, 0.0003, -0.0009, 0.0024, -0.0005, 0.0002, -0.0, 0.0001, -0.0003, 0.0033, 0.0001, 0.0001, 0.0001, 0.0001, -0.0001, -0.0001, -0.0001, -0.0001, -0.0014, -0.0, 0.0002, 0.0, 0.0001, 0.0001, 0.0001, 0.0002, 0.0003, 0.0004, 0.0004, -0.0002, 0.0008, 0.0006, 0.0005, 0.0004, 0.0004, -0.0015, -0.0016, 0.0004, 0.0001, 0.0005, -0.0015, -0.003, 0.0004, 0.0006, -0.0007, 0.0004, 0.0007, 0.0007, 0.0005, 0.0009, 0.0013, 0.0008, 0.0002, -0.0003]",0.0
2026-07-24_02-31-48.mp4,1,120.0,15.0,0.0,motion,0.0,0.0,0.0,0.0,0.0,0.3433,2.034,0.425,0.3085,0.787,0.0643,,"[0.0, -0.0, 0.0, -0.0, 0.0, 0.0, -0.0, -0.0, -0.0, 0.0, 0.0, -0.0, -0.0001, 0.0, 0.0, 0.0, 0.0, 0.0, -0.0, -0.0001, -0.0, 0.0, -0.0, 0.0, 0.0, -0.0001, 0.0, 0.0, -0.0001, 0.0001, 0.0, 0.0, 0.0, 0.0, -0.0001, 0.0001, 0.0001, 0.0, 0.0, 0.0, 0.0, -0.0002, 0.0, 0.0, 0.0, 0.0, 0.0, 0.0, 0.0, 0.0, -0.0, 0.0, -0.0001, 0.0, 0.0001, 0.0, 0.0, -0.0, -0.0, -0.0, 0.0, -0.0, -0.0, -0.0, -0.0, -0.0, -0.0, -0.0, -0.0, -0.0, -0.0, -0.0, -0.0, -0.0, -0.0, -0.0, 0.0001, -0.0, -0.0, -0.0, -0.0, -0.0, -0.0, -0.0, -0.0, -0.0, -0.0, 0.0, -0.0, -0.0, -0.0, -0.0, -0.0, -0.0, -0.0, -0.0, -0.0, 0.0, -0.0, -0.0, -0.0, -0.0, -0.0, -0.0, -0.0, -0.0, 0.0, -0.0, -0.0, -0.0, -0.0, -0.0, -0.0, -0.0, -0.0, -0.0, -0.0, -0.0, -0.0]",0.0
2026-07-10_18-07-44.mp4,1,120.0,15.0,0.0,motion,0.0,0.0,0.0,0.0,0.0,0.1908,1.525,0.657,0.3432,0.043,0.0052,,"[0.0, 0.0001, -0.0001, 0.0, -0.0001, -0.0001, 0.0001, 0.0, -0.0002, -0.0, -0.0, -0.0001, 0.0005, -0.0002, -0.0, -0.0, 0.0001, 0.0, -0.0, 0.0, 0.0001, -0.0002, -0.0001, 0.0003, -0.0001, 0.0, 0.0, 0.0, -0.0002, 0.0, -0.0001, -0.0, 0.0, 0.0, 0.0, 0.0, 0.0, 0.0003, -0.0001, 0.0, 0.0, -0.0002, 0.0001, 0.0, -0.0, -0.0001, 0.0003, 0.0001, -0.0005, 0.0003, -0.0002, -0.0001, -0.0001, 0.0001, -0.0001, 0.0, 0.0, 0.0, 0.0, 0.0, -0.0001, -0.0002, 0.0001, -0.0001, 0.0003, -0.0, -0.0, 0.0, -0.0, -0.0, -0.0, 0.0001, -0.0, 0.0001, 0.0, 0.0, -0.0001, -0.0001, 0.0002, -0.0001, -0.0001, -0.0001, 0.0002, 0.0002, 0.0001, 0.0001, -0.0, -0.0, 0.0001, 0.0, -0.0002, 0.0, -0.0, -0.0, -0.0, -0.0001, 0.0, -0.0001, 0.0, -0.0001, 0.0, 0.0, 0.0, 0.0, 0.0, 0.0, 0.0, 0.0, 0.0001, 0.0, -0.0001, 0.0, 0.0, -0.0002, 0.0, 0.0, 0.0, -0.0002, 0.0]",0.0
2026-07-09_05-50-30.mp4,1,120.0,15.0,0.0,motion,0.0,0.0,0.0,0.0,0.0,0.1012,2.797,0.796,0.1851,0.035,0.0027,,"[-0.0, -0.0, -0.0, -0.0, -0.0, -0.0, -0.0, 0.0, -0.0, 0.0, 0.0, -0.0, 0.0, 0.0001, 0.0, 0.0, 0.0, 0.0, -0.0001, 0.0, -0.0, 0.0001, -0.0, 0.0002, -0.0002, 0.0, 0.0002, -0.0001, 0.0, -0.0001, 0.0001, 0.0001, 0.0001, 0.005, -0.0056, 0.0001, 0.0001, 0.0001, -0.0011, 0.0012, 0.0003, 0.0001, 0.0001, 0.0001, 0.0003, -0.0017, -0.0003, -0.0001, 0.0001, 0.0003, 0.0001, 0.0, -0.0, 0.0, -0.0001, -0.0003, 0.0, 0.0007, -0.0001, 0.0001, 0.0, 0.0002, 0.0, -0.0, 0.0001, 0.0003, -0.0, 0.0001, -0.0001, -0.0001, -0.0, -0.0, -0.0, -0.0, -0.0, -0.0, -0.0, -0.0, -0.0, -0.0, -0.0, -0.0, -0.0, -0.0, -0.0, -0.0, 0.0, 0.0001, -0.0, -0.0, -0.0, -0.0, -0.0, 0.0, 0.0001, -0.0, -0.0, -0.0, 0.0, -0.0, -0.0, -0.0, -0.0, -0.0, -0.0, -0.0, -0.0, -0.0, -0.0, -0.0, -0.0, -0.0, 0.0001, -0.0, -0.0, -0.0, -0.0, -0.0, -0.0]",0.0
2026-07-03_08-53-51.mp4,1,120.0,15.0,0.0,motion,0.0,0.0,0.0,0.0,0.0,0.3377,1.525,0.489,0.3365,0.502,0.0553,,"[0.0, -0.0002, 0.0001, 0.0002, -0.0006, -0.0001, -0.0001, 0.0, -0.0, -0.0, 0.0003, 0.0001, -0.0, -0.0, -0.0, -0.0, -0.0, -0.0, -0.0, 0.0, -0.0, 0.0002, -0.0, 0.0002, -0.0, -0.0, -0.0, -0.0, -0.0, -0.0, -0.0, -0.0, -0.0002, -0.0, -0.0, -0.0, -0.0, -0.0, -0.0, 0.0004, -0.0002, -0.0, -0.0, -0.0, 0.0, 0.0, 0.0, 0.0, -0.0, -0.0, -0.0, -0.0, -0.0, 0.0001, -0.0, 0.0, 0.0, 0.0, 0.0, -0.0002, 0.0, 0.0, 0.0, 0.0, 0.0, 0.0, 0.0, 0.0, 0.0, 0.0, 0.0, 0.0, 0.0, 0.0, 0.0, 0.0, 0.0, 0.0, 0.0, 0.0, 0.0, 0.0, 0.0001, -0.0, 0.0, 0.0, -0.0001, -0.0, -0.0, 0.0, 0.0, 0.0, 0.0, 0.0, 0.0, 0.0, 0.0, 0.0, 0.0, 0.0, 0.0, 0.0, 0.0007, -0.0003, -0.0004, -0.0005, -0.0, 0.0, -0.0, 0.0, 0.0, 0.0, 0.0, 0.0001, -0.0003, 0.0, -0.0, 0.0001, 0.0]",0.0
2026-07-09_21-56-14.mp4,1,120.0,15.0,0.0,motion,0.0,0.0,0.0,0.0,0.0,0.2925,1.78,0.291,0.1848,26.597,0.082,,"[-0.0006, 0.0028, -0.0006, -0.0006, 0.0133, -0.0006, -0.0006, -0.0006, -0.0006, -0.0006, -0.0006, -0.0006, -0.0006, -0.0006, -0.0006, -0.0006, -0.0006, -0.0004, -0.0004, -0.0004, -0.0, -0.0, -0.0, -0.0, -0.0, -0.0, -0.0, -0.0, -0.0, -0.0, -0.0, -0.0, -0.0, -0.0, -0.0, -0.0, -0.0001, -0.0001, -0.0001, -0.0001, -0.0001, -0.0001, -0.0001, -0.0001, -0.0002, -0.0002, -0.0002, -0.0002, -0.0002, -0.0002, -0.0002, 0.0018, -0.0002, -0.0002, -0.0002, -0.0002, -0.0002, -0.0001, -0.0001, 0.0037, -0.0001, -0.0001, -0.0001, -0.0001, 0.0, -0.0001, -0.0001, -0.0, -0.0005, -0.0, -0.0, -0.0, -0.0033, 0.0, 0.0, 0.0001, 0.0001, 0.0001, 0.0001, 0.0001, 0.0001, 0.0001, 0.0001, 0.0001, 0.0001, 0.0001, 0.0001, 0.0001, 0.0, 0.0, 0.0, 0.0, 0.0, 0.0, 0.0, 0.0, 0.0, 0.0, 0.0, 0.0, 0.0, 0.0, 0.0, -0.0, -0.0, -0.0, -0.0, -0.0, -0.0, -0.0001, -0.0001, -0.0001, -0.0001, -0.0001, -0.0001, -0.0001, -0.0001, -0.0001, 0.0001]",0.0
2026-07-25_04-08-50.mp4,1,120.0,15.0,0.0,motion,0.0,0.0,0.0,0.0,0.0,0.6247,0.763,0.271,0.2819,0.413,0.0495,,"[0.0001, -0.0031, 0.0001, 0.0001, 0.0001, 0.0001, 0.0001, 0.0001, 0.0, -0.0, -0.0001, -0.0001, -0.0001, -0.0001, -0.0001, -0.0002, -0.0002, -0.0003, -0.0003, -0.0003, -0.0003, -0.0003, -0.0003, 0.002, 0.0012, 0.0025, 0.0008, 0.0002, -0.0003, -0.0004, 0.0004, -0.0002, -0.0001, -0.0003, -0.0002, -0.0002, 0.0001, -0.0008, -0.0012, -0.0003, -0.0001, -0.0, 0.0, 0.0, 0.0, 0.0, 0.0, 0.0001, 0.0, 0.0, 0.0, -0.0, 0.0001, 0.0, 0.0, 0.0, 0.0, 0.0, 0.0, -0.0, 0.0, 0.0, 0.0, 0.0, 0.0, 0.0, 0.0, 0.0, 0.0, 0.0, 0.0, 0.0, 0.0, 0.0, 0.0, -0.0, -0.0, -0.0, -0.0, -0.0, -0.0, -0.0, -0.0, -0.0, -0.0, -0.0, -0.0, -0.0, 0.0, -0.0, -0.0, -0.0, -0.0, -0.0, -0.0, -0.0, -0.0, -0.0, -0.0, -0.0, -0.0, -0.0, -0.0, -0.0, -0.0, -0.0, -0.0, -0.0, -0.0, -0.0, -0.0, -0.0, -0.0, -0.0, -0.0, -0.0, -0.0, -0.0, -0.0]",0.0
2026-07-03_05-10-12.mp4,1,120.0,15.0,0.0,motion,0.0,0.0,0.0,0.0,0.0,0.1342,1.525,0.2,0.4768,0.473,0.0086,,"[-0.0, -0.0, -0.0, 0.0, 0.0, 0.0, 0.0, 0.0, 0.0, 0.0, 0.0, 0.0, 0.0, 0.0, 0.0, 0.0, 0.0, 0.0, -0.0, 0.0, 0.0, 0.0, 0.0, 0.0, 0.0, -0.0001, 0.0, -0.0001, -0.0, -0.0, -0.0, -0.0, -0.0, -0.0, -0.0, -0.0, -0.0, -0.0, 0.0, 0.0, -0.0001, 0.0004, -0.0001, -0.0, 0.0, 0.0, -0.0001, -0.0001, -0.0, 0.0002, -0.0002, 0.0, -0.0, -0.0001, 0.0001, -0.0, -0.0, -0.0, 0.0, 0.0, -0.0, -0.0, -0.0, -0.0, -0.0, -0.0, -0.0, -0.0, -0.0, -0.0, -0.0, -0.0, 0.0001, -0.0, -0.0, -0.0, -0.0, -0.0, -0.0, 0.0, -0.0, -0.0, 0.0, -0.0, -0.0, -0.0, -0.0, -0.0, -0.0, -0.0, -0.0, -0.0, -0.0, -0.0, -0.0, 0.0, 0.0, -0.0001, 0.0001, 0.0, 0.0, 0.0, 0.0, 0.0002, 0.0, -0.0001, 0.0, 0.0, 0.0001, 0.0, -0.0005, 0.0, 0.0003, -0.0, -0.0001, 0.0, 0.0, 0.0, 0.0]",0.0
2026-07-15_20-36-47.mp4,1,120.0,15.0,0.008,motion,0.0,0.0,0.0,0.0,0.0,0.3414,1.271,0.749,0.3343,0.428,0.0766,,"[0.0, -0.0006, -0.0002, -0.0, 0.0007, -0.0001, -0.0001, -0.0001, -0.0001, -0.0001, -0.0009, 0.0015, -0.0, -0.0, -0.0, -0.0003, -0.0001, -0.0, -0.0004, 0.0001, 0.0004, -0.0, -0.0001, 0.0, -0.0, -0.0, -0.0001, -0.0, 0.0, 0.0, -0.0001, 0.0002, -0.0, -0.0, 0.0001, -0.0, -0.0, 0.0001, -0.0003, -0.0, -0.0, -0.0, -0.0, -0.0, 0.0002, 0.0004, -0.0001, -0.0, -0.0, -0.0003, -0.0001, -0.0, -0.0, 0.0001, -0.0, 0.0, -0.0, -0.0, -0.0, 0.0, 0.0001, -0.0001, 0.0, 0.0, -0.0, 0.0, 0.0006, -0.0, -0.0, 0.0, 0.0, 0.0, 0.0002, 0.0, -0.0004, -0.0003, 0.0, 0.0, 0.0, 0.0, 0.0, 0.0002, 0.0, 0.0, -0.0007, 0.0, 0.0002, 0.0, 0.0003, 0.0, 0.0, 0.0, 0.0, 0.0, 0.0, 0.0, 0.0, 0.0, -0.0001, 0.0, -0.0, -0.0, 0.0, 0.0, 0.0, 0.0, 0.0, -0.0002, 0.0, 0.0, 0.0, -0.0001, 0.0, 0.0, 0.0, 0.0, 0.0, 0.0, 0.0]",0.0
2026-07-20_18-57-05.mp4,1,120.0,15.0,0.0,motion,0.0,0.0,0.0,0.0,0.0,0.297,2.797,0.377,0.3746,0.544,0.0395,,"[-0.0001, 0.0002, -0.0, -0.0, -0.0003, 0.0021, -0.0006, 0.0, 0.0, -0.0, 0.0001, -0.0001, -0.0, -0.0002, -0.0003, 0.0, 0.0001, -0.0001, 0.0, -0.0001, -0.0001, -0.0003, 0.0, -0.0001, -0.0, -0.0001, -0.0, 0.0001, 0.0018, -0.0001, 0.0001, -0.0003, 0.0005, -0.001, 0.0003, 0.0002, 0.0004, 0.0001, -0.0001, -0.0, -0.0, -0.0002, -0.0011, -0.0001, 0.0002, -0.0001, 0.0, -0.0001, 0.0003, 0.0001, -0.0, 0.0001, -0.0001, -0.0004, -0.0, 0.0002, 0.0002, 0.0004, -0.0003, -0.0003, 0.0002, 0.0003, 0.0, -0.0001, 0.0002, 0.0009, -0.0008, 0.0003, -0.0002, -0.0008, -0.0001, -0.0005, -0.0001, -0.0001, -0.0001, 0.0001, -0.0, -0.0001, 0.0013, 0.0002, 0.0005, -0.0035, 0.004, 0.0031, 0.0001, -0.0033, -0.0003, -0.0002, -0.0002, -0.0011, -0.001, -0.0006, 0.001, -0.0004, -0.0001, -0.0005, 0.0006, 0.0006, 0.0023, 0.0009, -0.0005, 0.0001, -0.0009, 0.0004, 0.0001, -0.0001, -0.0001, 0.0, -0.0, -0.0002, 0.0001, -0.001, 0.0002, 0.0004, 0.0003, 0.0005, 0.0003, -0.0003, -0.0002]",0.0
2026-07-04_01-43-47.mp4,1,51.0,15.0,0.0,motion,0.0,0.0,0.0,0.0,0.0,0.3257,2.1,0.718,0.2885,1.888,0.1529,,"[0.0015, -0.0023, -0.0017, -0.0026, -0.0019, -0.0018, -0.0013, -0.0021, -0.0014, 0.0096, -0.0012, 0.001, -0.0022, -0.0008, -0.0007, -0.0006, -0.0005, -0.0005, -0.0005, -0.0005, -0.0004, -0.0004, -0.0006, 0.0028, -0.0004, -0.0, -0.0, 0.0, 0.0, 0.0, 0.0, 0.0, 0.0, 0.0, 0.0001, -0.0027, 0.0003, 0.0005, 0.0006, 0.0008, 0.0009, 0.001, 0.0011, 0.001, 0.0014, 0.0015, 0.0016, 0.0017, 0.0018, -0.0016]",0.0
2026-07-07_09-21-18.mp4,1,120.0,15.0,0.0,motion,0.0,0.0,0.0,0.0,0.0,0.3768,0.763,0.0,0.3077,99.0,0.0,,"[0.0075, -0.3648, 0.0079, -0.0181, 0.0059, 0.0132, 0.0132, 0.0132, 0.0132, 0.0132, 0.1904, 0.0132, 0.0132, 0.0132, 0.0132, 0.0132, 0.0132, 0.0012, -0.1745, 0.0002, -0.0001, -0.0001, -0.0001, -0.0001, -0.0, -0.0, 0.0057, 0.0057, 0.0057, 0.0057, 0.0057, 0.0057, 0.0057, 0.0057, -0.0, -0.0, -0.0, -0.0, -0.0, 0.0001, 0.0001, 0.0001, 0.0001, 0.0001, -0.0011, -0.0011, -0.0011, -0.0011, -0.0011, -0.0011, -0.001, -0.001, -0.001, -0.001, -0.005, -0.001, -0.001, -0.001, -0.001, 0.0366, -0.0012, -0.0012, -0.0012, -0.0012, -0.0012, -0.0011, -0.0011, -0.0011, -0.0011, -0.0011, -0.0012, -0.0012, -0.0012, -0.0012, -0.0012, 0.0, 0.0, 0.0, -0.0001, 0.0, 0.0, 0.0, 0.0, 0.0, 0.0, 0.0, 0.0, 0.0, 0.0, 0.0003, 0.0003, 0.0003, 0.0003, 0.0003, 0.0003, 0.0003, 0.0003, 0.0003, 0.0003, 0.0003, 0.0003, 0.0003, 0.0003, 0.0003, -0.0102, 0.0004, 0.0004, 0.0004, 0.0003, 0.0003, 0.0003, 0.0003, 0.0003, 0.0003, 0.0003, 0.0003, 0.0003, 0.0003, 0.0003]",0.0
2026-07-18_17-52-24.mp4,1,120.0,15.0,0.017,motion,0.0,0.0,0.0,0.0,0.0,0.449,0.763,0.589,0.0802,0.001,0.0002,,"[0.0, 0.0, 0.0, 0.0, 0.0, 0.0, 0.0, 0.0, 0.0, 0.0, 0.0, 0.0, 0.0, 0.0, 0.0, 0.0, 0.0, 0.0, 0.0, 0.0, 0.0, 0.0, 0.0, 0.0, 0.0, 0.0, 0.0, 0.0, 0.0, 0.0, 0.0, 0.0, 0.0, 0.0, 0.0, 0.0, 0.0, 0.0, 0.0, 0.0, 0.0, -0.0, -0.0, 0.0, -0.0, -0.0, 0.0, -0.0, -0.0, -0.0, -0.0, 0.0, -0.0, -0.0, -0.0, -0.0, 0.0005, -0.0005, -0.001, 0.0014, -0.0001, -0.0007, 0.0001, -0.0001, -0.0002, 0.0001, -0.0002, 0.0001, 0.0003, 0.0002, 0.0004, 0.0003, 0.0004, 0.0001, 0.0009, 0.0012, -0.0016, -0.0002, -0.0001, -0.0005, -0.0014, -0.0, -0.0005, 0.0003, 0.0001, 0.0002, 0.0004, 0.0002, 0.0002, 0.0002, 0.0001, 0.0012, 0.001, -0.0007, -0.0009, -0.0007, -0.001, -0.0007, -0.0067, -0.0028, -0.002, -0.0009, -0.0007, 0.0004, -0.0004, 0.0015, 0.0033, -0.0021, 0.0078, 0.0164, 0.0025, 0.0006, -0.002, 0.0043, -0.0086, 0.0018, -0.0007, -0.0003, -0.0015]",0.0
2026-07-09_18-50-29.mp4,1,120.0,15.0,0.083,motion,0.0,0.0,0.0,0.0,0.0,0.307,1.017,0.614,0.1877,2.169,0.129,,"[-0.0, 0.0004, 0.0006, 0.0009, -0.0001, -0.0004, 0.0001, 0.0001, 0.0001, -0.0003, -0.0001, -0.0001, -0.0004, -0.0002, -0.0, -0.0, -0.0, -0.0, -0.0001, 0.0004, 0.0006, 0.0, -0.0, -0.0003, 0.0, 0.0001, -0.0006, 0.0001, -0.0001, -0.0, -0.0, -0.0, -0.0, 0.0, -0.0, 0.0, 0.0002, -0.0001, -0.0003, 0.0, 0.0001, 0.0001, -0.0001, 0.0001, 0.0, 0.0, 0.0, 0.0, 0.0, -0.0, 0.0, -0.0, 0.0, 0.0, -0.0001, 0.0, 0.0, 0.0001, 0.0, -0.0, 0.0, 0.0, 0.0, -0.0001, -0.0001, 0.0, -0.0, -0.0, -0.0, -0.0001, 0.0002, 0.0, 0.0, 0.0, 0.0001, -0.0001, -0.0, -0.0, 0.0002, -0.0001, 0.0, 0.0, -0.0, -0.0002, 0.0001, 0.0001, -0.0, 0.0001, -0.0002, 0.0001, -0.0, 0.0, 0.0, -0.0, 0.0, 0.0, 0.0, -0.0001, 0.0, -0.0001, -0.0, 0.0, 0.0, 0.0, 0.0, 0.0, -0.0, 0.0, -0.0, 0.0, -0.0, -0.0001, -0.0, -0.0, 0.0001, -0.0001, 0.0, 0.0001, 0.0]",0.0
2026-07-04_05-06-49.mp4,1,31.0,15.0,0.0,motion,0.0,0.0,0.0,0.0,0.0,0.2386,1.0,0.0,0.285,0.441,0.0,,"[-0.0006, -0.0004, -0.0002, 0.001, 0.0001, 0.0006, 0.0005, 0.0005, 0.0005, 0.0004, 0.0004, 0.0003, 0.0003, 0.0002, 0.0002, 0.0001, 0.0001, 0.0, 0.0, 0.0, -0.0, -0.0, -0.0, -0.0, -0.0, -0.0, -0.0, -0.0, -0.0, -0.0]",0.0
2026-07-12_21-21-21.mp4,1,120.0,15.0,0.008,motion,0.0,0.0,0.0,0.0,0.0,0.2205,0.763,0.431,0.33,0.211,0.0166,,"[0.0, -0.0, 0.0, 0.0, -0.0, -0.0, -0.0, -0.0, -0.0, 0.0, -0.0, -0.0, 0.0, 0.0, 0.0, 0.0, 0.0, 0.0, 0.0, 0.0, 0.0, 0.0, 0.0, 0.0, -0.0001, 0.0, 0.0, 0.0, 0.0, 0.0, 0.0, -0.0, -0.0, -0.0001, 0.0001, 0.0, 0.0, 0.0, 0.0, 0.0, -0.0, 0.0, 0.0, 0.0, 0.0, -0.0, 0.0, 0.0, -0.0, -0.0, 0.0, -0.0, 0.0, -0.0, -0.0, -0.0, 0.0, 0.0, 0.0, 0.0, -0.0, -0.0, -0.0, 0.0, -0.0, -0.0, -0.0, -0.0, -0.0, -0.0, 0.0, -0.0001, -0.0, -0.0, -0.0001, 0.0001, -0.0, 0.0, 0.0, 0.0, 0.0, 0.0, 0.0, 0.0, -0.0, -0.0, -0.0, -0.0, -0.0, -0.0, -0.0, -0.0, -0.0001, -0.0, -0.0, -0.0, -0.0, -0.0, -0.0, 0.0001, -0.0, -0.0, -0.0, 0.0002, -0.0002, -0.0, 0.0001, 0.0, -0.0, -0.0001, 0.0, -0.0, 0.0, 0.0001, 0.0, 0.0001, 0.0, -0.0001, -0.0]",0.0
2026-07-11_23-33-36.mp4,1,120.0,15.0,0.0,motion,0.0,0.0,0.0,0.0,0.0,0.4788,1.525,0.579,0.5147,0.0,0.0,,"[0.0, 0.0, -0.0002, 0.0001, 0.0001, 0.0001, -0.0001, 0.0003, 0.0001, 0.0, 0.0, -0.0002, -0.0003, 0.0001, 0.0001, 0.0006, -0.0003, 0.0, -0.0006, -0.0006, -0.0007, -0.0015, 0.0001, 0.0011, 0.0007, 0.0002, 0.0001, 0.0001, 0.0, 0.0003, 0.0001, 0.0, 0.0001, -0.0, 0.0, 0.0, -0.0, -0.0002, 0.0009, -0.0006, -0.0004, -0.0005, 0.0001, 0.0001, 0.0001, 0.0001, -0.0, 0.0, 0.0001, 0.0004, -0.0008, -0.0002, 0.0001, 0.0001, 0.0, 0.0002, 0.0002, 0.0006, 0.0, 0.0, -0.0004, -0.0002, -0.0001, -0.0002, -0.0003, 0.0001, 0.0001, 0.0001, 0.0, 0.0, 0.0001, 0.0001, 0.0, -0.0, 0.0001, 0.0, -0.0, 0.0, -0.0, 0.0001, -0.0, -0.0, 0.0, 0.0, 0.0, -0.0001, -0.0, 0.0, -0.0001, 0.0, 0.0002, 0.0001, -0.0001, 0.0, 0.0001, -0.0002, 0.0, -0.0011, -0.0002, 0.0001, -0.0002, -0.0001, 0.0008, -0.0001, 0.0001, 0.0001, -0.0, -0.0, 0.0001, 0.0003, 0.0005, -0.0001, 0.0, 0.0, -0.0005, -0.0, -0.0, -0.0, -0.0]",0.0
2026-07-22_14-13-08.mp4,1,120.0,15.0,0.0,motion,0.0,0.0,0.0,0.0,0.0,0.5127,1.017,0.077,0.284,7.584,0.0347,,"[-0.0193, -0.0386, 0.008, 0.0113, 0.0249, 0.0143, 0.0375, 0.0176, -0.0008, -0.0016, -0.005, -0.0058, 0.0406, -0.007, -0.0081, 0.0061, 0.0821, -0.012, 0.0396, 0.0245, 0.0126, 0.0016, 0.001, -0.0074, -0.0046, -0.0065, -0.0138, -0.0167, -0.0167, -0.0049, -0.0015, -0.0187, 0.0108, -0.0003, -0.0015, -0.0068, -0.0311, 0.002, 0.002, 0.0032, 0.006, -0.0162, 0.009, 0.0066, 0.0082, 0.0155, 0.0083, 0.0128, 0.0308, 0.0357, 0.024, 0.0292, -0.0321, 0.0414, 0.0006, -0.0455, 0.0054, -0.0277, 0.0299, 0.0329, 0.0299, 0.0301, -0.0808, 0.021, 0.0216, -0.1646, 0.0225, -0.2115, -0.1978, -0.1313, -0.0287, 0.0242, 0.0179, 0.2755, 0.008, 0.0081, 0.0081, 0.0068, 0.2845, 0.0011, 0.0011, -0.0049, -0.3167, -0.0101, -0.0175, -0.0228, 0.0791, 0.139, 0.1794, 0.0241, -0.0138, -0.0138, 0.028, 0.0183, 0.0289, -0.0017, -0.0017, -0.0017, -0.0957, -0.0118, -0.0118, -0.0532, -0.0085, -0.0428, 0.0033, 0.0164, 0.0045, 0.0055, 0.0056, 0.0069, -0.0865, 0.008, 0.0079, 0.0079, 0.0056, 0.0052, 0.0052, 0.0039, 0.0039]",0.0
2026-07-01_17-38-14.mp4,1,120.0,15.0,0.0,motion,0.0,0.0,0.0,0.0,0.0,0.459,0.763,0.443,0.5852,2.638,0.1476,,"[-0.0051, 0.0031, -0.0008, 0.0028, -0.0014, -0.0019, -0.0063, -0.0002, 0.0017, 0.0008, 0.0497, 0.0268, 0.0101, -0.0054, -0.0083, -0.0168, -0.0185, -0.0023, -0.0098, -0.0089, -0.0027, -0.0026, -0.0027, -0.0031, 0.0179, 0.0234, 0.0354, 0.0677, 0.1046, 0.1523, 0.1639, 0.2144, 0.2068, 0.2286, 0.2629, 0.2625, 0.2673, 0.2504, 0.2604, 0.1769, -0.0407, -0.3764, -0.6838, -1.076, -1.3752, -0.237, -1.3463, 0.4479, -0.456, -0.773, 0.3344, 0.1494, 0.7667, 0.5127, 1.2413, 0.3595, 0.3805, 0.3317, 0.833, 0.5441, 0.5788, -0.9838, -0.0649, -0.0865, -1.9076, -0.9488, -0.5038, -0.0303, -0.124, 0.0631, 0.0843, 0.0685, 0.0612, 0.0275, 0.3028, 0.1869, -0.1871, 0.0495, -0.0921, -0.2298, -0.0323, -0.3846, -0.2879, -0.2866, -0.1806, -0.1633, 0.1034, -0.1331, 0.6659, 0.4146, 0.0377, 2.207, 1.6509, 0.7528, 0.5156, 1.4012, -0.1131, -0.1708, -0.6057, -0.6441, -0.473, -0.3049, -0.3106, -0.6262, -0.631, -0.342, -0.4991, -0.8398, -0.6337, -1.1218, -1.3686, -0.486, -0.1428, 0.505, 1.1257, 0.7679, -0.4234, -0.4474, 0.4678]",0.0
2026-07-03_12-11-13.mp4,1,120.0,15.0,0.0,motion,0.0,0.0,0.0,0.0,0.0,0.3984,1.525,0.207,0.2587,0.464,0.0261,,"[0.0003, 0.0003, -0.0012, -0.0002, -0.0002, -0.0002, -0.0002, -0.0001, -0.0001, -0.0001, -0.0001, -0.0001, -0.0001, -0.0, -0.0, 0.0, 0.0, -0.0001, 0.0, 0.0, 0.0, 0.0, 0.0, 0.0, 0.0, 0.0, -0.0, 0.0, 0.0, 0.0, 0.0, 0.0, 0.0001, 0.0, 0.0, 0.0, 0.0, 0.0, 0.0001, -0.0004, -0.0001, 0.0, 0.0, -0.0, -0.0, 0.0, 0.0, 0.0001, 0.0, 0.0002, 0.0, 0.0, -0.0002, 0.0, 0.0, 0.0001, -0.0, -0.0, -0.0, 0.0001, -0.0, -0.0, -0.0, -0.0, -0.0, -0.0, 0.0, 0.0, -0.0, -0.0, -0.0, -0.0, -0.0, -0.0, 0.0, 0.0, 0.0, 0.0, 0.0, -0.0, -0.0, -0.0, -0.0, -0.0, -0.0, -0.0, -0.0, -0.0, 0.0001, -0.0002, -0.0, -0.0, -0.0003, 0.0002, 0.0006, 0.0003, 0.0002, 0.0001, 0.0001, 0.0001, 0.0001, 0.0001, -0.0001, 0.0002, 0.0005, -0.0002, 0.0001, 0.0001, -0.0005, -0.0028, 0.0003, -0.0, 0.0001, 0.0001, 0.0001, 0.0001, 0.0001, -0.0001, 0.0001]",0.0
2026-07-19_08-24-45.mp4,0,0.0,0.0,0.0,tooshort,0.0,0.0,0.0,0.0,0.0,0.0,0.0,0.0,0.0,0.0,0.0,,,
2026-07-09_23-38-59.mp4,1,120.0,15.0,0.067,motion,0.0,0.0,0.0,0.0,0.0,0.4953,1.78,0.574,0.3872,0.008,0.0023,,"[0.0001, 0.0004, 0.0006, 0.0003, 0.0001, 0.0002, -0.0001, -0.0015, -0.0014, -0.0032, -0.0003, -0.0005, 0.0002, 0.0002, 0.0005, 0.0023, 0.0001, 0.0001, 0.0001, 0.0002, -0.0003, 0.0004, -0.0008, -0.0001, -0.0002, -0.0001, 0.0006, 0.0005, -0.0009, 0.0003, 0.0002, 0.0006, 0.0007, 0.0001, -0.0011, -0.0003, 0.0002, 0.0008, 0.0025, -0.0004, -0.0003, -0.0004, 0.0002, -0.0008, 0.0027, -0.001, 0.0, -0.0, 0.0002, -0.0002, 0.0014, -0.0002, -0.002, -0.0013, -0.0009, 0.0004, 0.0008, -0.0017, -0.0002, -0.0004, -0.0011, -0.0014, -0.0003, 0.0021, 0.001, 0.0001, -0.0007, 0.0002, 0.0013, 0.0018, 0.0014, 0.0005, 0.0007, -0.0001, 0.0002, 0.0007, -0.0001, -0.0039, -0.0017, -0.0017, -0.0008, -0.0007, 0.0054, 0.0006, 0.0007, -0.0002, 0.0, 0.0006, -0.0008, -0.0005, 0.0005, 0.0001, 0.0, 0.0003, -0.0037, -0.0009, -0.0004, -0.0, 0.0002, 0.0002, 0.0003, 0.0002, 0.0001, 0.0002, 0.0001, -0.0, -0.0, 0.0001, 0.0003, -0.0001, 0.0, -0.0009, 0.0001, -0.0001, -0.0003, 0.0004, 0.0018, 0.0007, 0.0]",0.0
2026-07-01_11-04-29.mp4,1,120.0,15.0,0.0,motion,0.0,0.0,0.0,0.0,0.0,0.2693,2.542,0.539,0.4133,13.243,0.135,,"[-0.0001, -0.0001, -0.0028, -0.0001, -0.0001, -0.0001, 0.0047, -0.0001, -0.0001, -0.0001, -0.0002, -0.0002, -0.0002, -0.0002, -0.0003, -0.0002, -0.0003, -0.0003, -0.0005, -0.0002, -0.0001, -0.0001, 0.0, 0.0, 0.0013, 0.002, 0.0024, -0.0001, 0.0005, 0.0005, -0.0019, 0.0022, 0.0001, 0.0038, -0.0097, -0.0008, -0.0004, 0.0002, 0.0, -0.0005, 0.0006, -0.0011, 0.0004, 0.0003, 0.0004, -0.0003, 0.001, -0.0002, 0.0004, -0.0001, 0.0004, -0.0001, 0.0003, -0.0, 0.0002, 0.0003, 0.0001, -0.0004, 0.0001, -0.0014, 0.0001, 0.0019, -0.0009, 0.0003, 0.0002, 0.0002, 0.0002, 0.0002, -0.0008, -0.0008, 0.0002, 0.0003, -0.0001, 0.0002, 0.0002, 0.0001, -0.0014, -0.0003, 0.0002, 0.0004, 0.0002, 0.0002, 0.0002, 0.0002, -0.0006, 0.0001, 0.0001, -0.0003, 0.0001, 0.0001, 0.0001, 0.0001, 0.0001, 0.0, 0.0, 0.0, 0.0, 0.0, 0.0, 0.0, 0.0, -0.0004, 0.0, 0.0001, -0.0, -0.0, -0.0, -0.0, -0.0, -0.0, -0.0, -0.0, -0.0, -0.0, -0.0, 0.0003, 0.0, 0.0003, -0.0]",0.0
2026-07-09_23-01-41.mp4,1,120.0,15.0,0.0,motion,0.0,0.0,0.0,0.0,0.0,0.3369,1.525,0.648,0.362,0.6,0.0818,,"[0.0, -0.0013, 0.0003, -0.0028, 0.0025, 0.0052, 0.0049, 0.006, -0.0022, 0.0003, -0.0016, -0.0004, -0.0001, 0.0003, 0.0016, 0.0011, -0.0007, -0.0002, -0.0172, -0.003, -0.0006, -0.0003, -0.0003, -0.0039, 0.0053, -0.0117, 0.0022, -0.0087, 0.0012, 0.0002, 0.0, 0.0004, 0.0429, -0.0001, -0.0004, -0.0031, -0.0007, -0.0007, -0.0007, 0.002, -0.0068, -0.0011, -0.001, -0.0013, -0.0012, -0.0012, -0.001, -0.0012, -0.0012, 0.0002, 0.0002, 0.0001, 0.0001, 0.0001, 0.0001, 0.0002, 0.0, 0.0, 0.0, 0.0001, 0.0, 0.0, 0.0, 0.0, -0.0, -0.0, -0.0, -0.0, -0.0, -0.0, -0.0, -0.0, -0.0, -0.0, -0.0, 0.0, 0.0, 0.0, 0.0, 0.0, 0.0, 0.0, 0.0, 0.0, 0.0, 0.0, 0.0, 0.0, 0.0, 0.0001, 0.0001, 0.0001, 0.0001, 0.0001, 0.0001, 0.0001, 0.0001, 0.0001, 0.0001, 0.0001, 0.0001, 0.0001, 0.0001, 0.0001, -0.0028, 0.0001, 0.0001, 0.0001, 0.0001, 0.0001, 0.0001, 0.0001, 0.0001, 0.0001, 0.0001, 0.0001, 0.0001, 0.0001, 0.0001]",0.0
2026-07-14_22-51-08.mp4,1,120.0,15.0,0.017,motion,0.0,0.0,0.0,0.0,0.0,0.3281,0.763,0.203,0.3575,0.001,0.0001,,"[-0.0, 0.0001, 0.0002, -0.0001, -0.0001, -0.0, -0.0001, 0.0001, -0.0, -0.0, 0.0001, -0.0, 0.0001, -0.0, -0.0, -0.0, -0.0, -0.0, 0.0, 0.0, 0.0, 0.0, 0.0, 0.0, 0.0, 0.0, 0.0, 0.0, -0.0001, 0.0001, 0.0, -0.0, -0.0, -0.0004, 0.0, -0.0001, -0.0001, 0.0, 0.0, 0.0001, 0.0, 0.0, 0.0, 0.0, 0.0001, 0.0, 0.0, 0.0, 0.0, 0.0, 0.0, -0.0, -0.0, -0.0, -0.0, -0.0, -0.0, -0.0, -0.0, -0.0, 0.0, 0.0, 0.0, -0.0, -0.0, -0.0, -0.0, -0.0, -0.0, -0.0, -0.0, 0.0, -0.0, -0.0, -0.0, -0.0, -0.0, -0.0, 0.0001, -0.0, -0.0, -0.0, -0.0, -0.0, -0.0, -0.0, -0.0, -0.0, -0.0, 0.0, -0.0, -0.0, -0.0001, -0.0, 0.0004, -0.0, -0.0001, -0.0, -0.0, -0.0, -0.0, 0.0, -0.0, -0.0, -0.0, -0.0, 0.0, -0.0, 0.0, 0.0, 0.0, 0.0, 0.0, 0.0, 0.0, 0.0, -0.0001, 0.0, -0.0]",0.0
2026-07-19_00-04-38.mp4,1,120.0,15.0,0.0,motion,0.0,0.0,0.0,0.0,0.0,0.4972,0.763,0.575,0.3904,38.757,0.2786,,"[0.0034, 0.0041, 0.0029, 0.0032, 0.0031, 0.0031, 0.0031, -0.0118, -0.0597, -0.0039, 0.0017, -0.0089, -0.0039, -0.0049, 0.0097, 0.0035, 0.0008, 0.0145, 0.0074, 0.0038, 0.002, 0.0019, 0.0018, -0.0, -0.0068, -0.0097, -0.0007, 0.0061, 0.0006, -0.0054, -0.0011, 0.0008, 0.0087, 0.0035, 0.0042, 0.0241, 0.0022, -0.0003, -0.0003, -0.0023, -0.0044, -0.008, -0.0012, -0.0006, -0.0019, 0.0044, 0.0039, 0.0051, 0.001, -0.0134, -0.001, -0.0033, -0.0028, -0.0028, -0.0037, -0.0028, -0.0031, -0.0029, -0.0029, -0.0878, -0.0011, -0.0208, 0.0117, 0.0533, -0.0036, 0.1038, 0.0484, -0.0014, -0.002, -0.0021, -0.0023, -0.0024, -0.0106, -0.0024, -0.0682, -0.0017, -0.0027, -0.0043, -0.003, 0.0035, -0.0036, 0.0019, 0.0027, 0.0256, 0.0091, 0.0113, 0.0087, -0.0016, 0.0119, 0.0192, -0.0115, 0.0033, -0.0415, -0.0411, 0.0034, 0.0036, -0.0124, -0.0112, -0.0055, 0.0004, 0.0046, 0.0046, 0.0039, 0.0038, 0.0043, 0.0043, 0.0041, 0.0036, 0.0015, -0.0003, 0.0017, 0.0009, 0.0019, 0.0013, 0.0008, 0.0002, -0.0006, 0.0013, 0.0001]",0.0
2026-07-12_10-33-31.mp4,1,62.0,15.0,0.0,motion,0.0,0.0,0.0,0.0,0.0,0.2837,1.271,0.375,0.4185,1.57,0.0649,,"[-0.0275, 0.0647, 0.0193, 0.0356, 0.0098, 0.018, 0.0154, 0.015, 0.0133, 0.0115, 0.0165, 0.0147, 0.013, 0.0111, 0.0108, 0.008, 0.0077, 0.0058, 0.0061, 0.0066, 0.0043, -0.0089, 0.0066, 0.008, 0.008, -0.1992, 0.0079, 0.0062, 0.0089, -0.0009, 0.001, -0.0132, 0.0674, 0.0063, 0.0078, 0.0061, 0.0028, -0.0495, 0.008, 0.0069, 0.0064, 0.004, 0.0526, 0.0001, 0.0008, 0.0009, -0.0007, -0.0002, 0.0011, 0.0055, 0.0018, 0.0049, 0.0013, -0.0451, -0.0, 0.0145, -0.0109, -0.0037, 0.0041, -0.0156, 0.0018]",0.0
2026-07-14_19-34-19.mp4,1,120.0,15.0,0.0,motion,0.0,0.0,0.0,0.0,0.0,0.451,1.78,0.0,0.4461,99.0,0.0,,"[-0.0216, -0.0252, -0.0251, -0.0214, 0.0418, -0.0703, 0.0387, 0.1305, 0.2631, -0.0262, -0.0181, 0.0685, -0.0089, -0.0154, -0.0264, -0.0264, 0.0916, -0.0267, -0.0267, -0.0256, -0.0264, -0.0251, -0.0125, -0.0181, 0.0119, -0.0083, -0.0061, -0.0054, -0.0048, -0.0045, -0.0045, 0.0067, -0.0006, -0.0011, -0.004, -0.0131, -0.0093, 0.0004, -0.0007, -0.0007, 0.0, -0.0014, -0.0002, -0.0002, -0.0001, -0.0008, 0.0036, -0.0045, 0.0143, 0.0048, 0.0138, 0.023, 0.0315, 0.0572, 0.072, 0.0724, 0.0724, 0.0821, 0.0723, 0.0823, 0.1024, 0.1015, 0.1008, 0.0744, 0.0594, -0.2741, -0.1902, -0.3992, -0.4942, -0.3554, 0.0937, 0.0967, 0.0943, 0.0886, -0.3215, -0.3942, 0.0703, 0.0703, 0.0625, 0.3089, 0.1096, 0.0539, 0.0377, -0.0919, -0.3754, 0.007, 0.2654, 0.0546, 0.137, -0.0265, 0.5646, -0.051, -0.0509, 0.193, 0.0091, -0.0397, -0.0413, -0.041, -0.041, 0.1338, -0.0514, -0.0575, -0.0719, -0.061, 0.2427, -0.1832, 0.0003, -0.0242, -0.0238, -0.0152, -0.0139, -0.0138, -0.0142, -0.0139, -0.0951, 0.0642, 0.0495, 0.0565, -0.0087]",0.0
2026-07-10_09-27-53.mp4,1,120.0,15.0,0.0,motion,0.0,0.0,0.0,0.0,0.0,0.3049,2.542,0.456,0.66,0.01,0.0014,,"[0.0, -0.0001, -0.0005, 0.0005, -0.0002, -0.0, -0.0001, -0.0001, 0.0, 0.0001, -0.0, 0.0001, 0.0, 0.0001, 0.0001, 0.0, 0.0001, -0.0001, 0.0, -0.0, -0.0002, 0.0002, 0.0002, -0.0, -0.0, 0.0002, -0.0, -0.0001, -0.0001, 0.0, -0.0, 0.0, 0.0, 0.0001, 0.0003, -0.0007, 0.0003, -0.0003, -0.0, 0.0001, 0.0001, -0.0001, -0.0001, -0.0005, 0.0, 0.0, 0.0, -0.0, -0.0001, 0.0, 0.0001, 0.0005, -0.0001, 0.0001, -0.0001, 0.0001, 0.0003, 0.0004, -0.0003, -0.0001, -0.0001, -0.0003, -0.0002, 0.0002, -0.0, -0.0, -0.0003, 0.0001, -0.0, 0.0, 0.0001, 0.0001, 0.0, 0.0001, 0.0, 0.0004, -0.0002, -0.0004, -0.0, 0.0, -0.0, -0.0, -0.0, -0.0001, -0.0001, -0.0, -0.0, -0.0, -0.0, -0.0, -0.0, 0.0, -0.0, 0.0001, 0.0001, 0.0001, 0.0, 0.0002, 0.0022, -0.0008, -0.0012, -0.0001, -0.0, -0.0003, 0.0003, -0.0002, -0.0, 0.0, 0.0, 0.0001, 0.0001, 0.0003, 0.0, 0.0004, 0.0002, 0.0002, 0.0001, 0.0008, -0.0003]",0.0
2026-07-02_07-43-59.mp4,1,120.0,15.0,0.117,motion,0.0,0.0,0.0,0.0,0.0,0.1487,2.797,0.0,0.1561,0.467,0.0,,"[0.0195, -0.0255, -0.0216, -0.0154, -0.0141, -0.0129, -0.0116, -0.0104, -0.0091, -0.021, -0.0067, -0.0054, -0.0042, -0.0029, -0.0017, -0.0004, 0.0008, 0.0006, 0.0004, 0.0004, 0.0004, 0.0004, 0.0004, 0.0004, 0.0004, 0.0, 0.0, 0.0005, 0.0005, 0.0005, 0.0007, 0.0008, 0.0009, 0.0011, 0.0011, 0.0011, 0.0011, 0.0011, 0.0011, 0.0011, 0.0011, 0.0011, -0.0137, 0.0011, 0.0012, -0.0052, 0.0005, -0.0026, -0.004, 0.0019, 0.0019, 0.0019, 0.0019, 0.002, 0.0017, 0.0019, 0.002, 0.0025, 0.0003, -0.0012, -0.0135, -0.0402, 0.0577, -0.0187, 0.0045, 0.0064, 0.0062, 0.0062, 0.0062, 0.0063, 0.0063, 0.0062, 0.0035, 0.0033, 0.0056, 0.0049, 0.0057, -0.003, -0.0474, -0.0998, -0.0699, -0.0057, -0.0101, -0.0104, -0.0118, -0.0105, -0.0104, -0.0105, -0.0094, -0.001, -0.0128, -0.0079, 0.0592, 1.0972, -0.6764, -0.0458, -0.0165, -0.0164, -0.0171, -0.0122, -0.0162, -0.0182, -0.0166, -0.0164, -0.0167, -0.0157, -0.0104, -0.0166, -0.0142, 0.0215, 0.0002, 0.0046, 0.0031, 0.0024, -0.0012, -0.001, -0.0003, -0.0123, 0.0007]",0.0
2026-07-24_09-46-55.mp4,1,120.0,15.0,0.65,lips,0.4221,0.763,1.75,0.32,0.0493,0.3515,1.271,0.5,0.328,7.498,0.1863,"[-1.0, 0.158, 0.07, 0.095, -1.0, 0.263, 0.153, 0.116, 0.113, 0.098, 0.118, 0.138, 0.115, 0.135, 0.127, 0.125, 0.104, 0.122, -1.0, 0.269, 0.213, 0.149, -1.0, 0.247, 0.174, 0.131, -1.0, 0.249, 0.198, 0.127, -1.0, 0.206, -1.0, 0.164, 0.086, 0.109, -1.0, 0.19, 0.084, 0.115, 0.098, 0.101, 0.104, 0.099, 0.108, -1.0, 0.172, -1.0, 0.128, 0.091, -1.0, -1.0, 0.147, 0.105, 0.068, 0.067, 0.07, -1.0, -1.0, -1.0, 0.084, 0.09, 0.097, -1.0, -1.0, -1.0, -1.0, -1.0, -1.0, -1.0, 0.105, -1.0, 0.119, -1.0, 0.143, -1.0, -1.0, 0.18, 0.116, 0.104, 0.113, 0.079, 0.163, 0.134, 0.135, 0.145, 0.13, 0.128, 0.119, 0.117, -1.0, 0.241, 0.21, 0.124, 0.105, 0.143, -1.0, 0.198, 0.124, 0.079, -1.0, -1.0, -1.0, -1.0, -1.0, -1.0, -1.0, 0.152, -1.0, -1.0, -1.0, 0.195, 0.118, 0.094, -1.0, 0.216, -1.0, -1.0, -1.0, 0.26]","[0.0001, -0.0003, -0.0, -0.0, -0.0001, -0.0001, -0.0001, -0.0001, -0.0001, -0.0001, -0.0, -0.0, -0.0001, -0.0, -0.0, -0.0001, -0.0, -0.0001, 0.0002, -0.0, 0.0, 0.0, -0.0, 0.0, 0.0, 0.0, 0.0, 0.0, 0.0, -0.0, 0.0, -0.0, 0.0, 0.0001, 0.0002, -0.0, 0.0001, 0.0001, -0.0006, 0.0001, 0.0001, 0.0001, 0.0001, 0.0, 0.0001, 0.0, 0.0001, 0.0001, 0.0, -0.0015, -0.0001, 0.0002, 0.0001, 0.0001, 0.0002, 0.0002, -0.0003, 0.0003, 0.0001, -0.0003, -0.0004, -0.0002, -0.0, -0.0001, 0.0, -0.0001, 0.0003, 0.0006, -0.0, -0.0002, -0.0001, 0.0, -0.0001, -0.0001, 0.0, -0.0001, 0.0015, -0.0001, 0.0001, -0.0001, -0.0001, 0.0, -0.0, -0.0001, -0.0, -0.0002, -0.0, -0.0, -0.0001, -0.0001, 0.0005, -0.0001, 0.0, 0.0001, 0.0001, -0.0008, 0.0, -0.0, 0.0002, 0.0001, 0.0008, -0.0001, -0.0001, -0.0001, -0.0001, 0.0, 0.0, -0.0017, -0.0002, -0.0004, 0.0001, -0.0013, -0.0001, -0.0002, -0.0002, -0.0002, -0.0007, 0.0035, 0.0002]",0.0
2026-07-05_16-32-39.mp4,1,120.0,15.0,0.0,motion,0.0,0.0,0.0,0.0,0.0,0.3472,0.763,0.413,0.1726,0.059,0.008,,"[-0.0, 0.0, -0.0, 0.0, 0.0001, -0.0001, 0.0, 0.0001, 0.0, -0.0, -0.0, -0.0, -0.0, -0.0, -0.0, -0.0, -0.0, -0.0, -0.0, -0.0, -0.0, -0.0, -0.0, 0.0, -0.0, 0.0001, -0.0, -0.0, 0.0, -0.0, -0.0, -0.0, -0.0, -0.0, -0.0, -0.0, -0.0, -0.0, -0.0, -0.0, 0.0, 0.0, 0.0001, 0.0001, 0.0, 0.0001, -0.0, -0.0, -0.0001, -0.0, -0.0, -0.0, -0.0, -0.0, -0.0, -0.0, -0.0, -0.0, -0.0, -0.0, -0.0, 0.0, 0.0, 0.0, 0.0, 0.0, 0.0, 0.0, 0.0, 0.0, 0.0, 0.0, 0.0, 0.0, 0.0, 0.0, 0.0, 0.0, -0.0, -0.0, -0.0001, -0.0, -0.0, -0.0, -0.0, -0.0, -0.0, -0.0, -0.0, -0.0, -0.0, 0.0, 0.0, 0.0001, -0.0, -0.0, 0.0, -0.0, -0.0, 0.0, -0.0, 0.0, -0.0001, 0.0, -0.0, -0.0, 0.0, -0.0, -0.0, 0.0001, -0.0, -0.0, 0.0, -0.0, 0.0, -0.0, 0.0, 0.0, -0.0]",0.0
2026-07-08_14-53-48.mp4,1,120.0,15.0,0.0,motion,0.0,0.0,0.0,0.0,0.0,0.2416,2.797,0.185,0.5329,0.807,0.0199,,"[-0.0, -0.0001, -0.0001, -0.0001, -0.0001, -0.0001, -0.0001, -0.0001, -0.0001, -0.0001, -0.0001, -0.0001, -0.0001, 0.0015, -0.0, -0.0001, -0.0014, -0.0012, 0.0017, 0.002, 0.0021, 0.0024, 0.0022, 0.0018, 0.0019, 0.002, 0.002, 0.0021, 0.002, 0.0021, 0.0026, 0.04, -0.0004, -0.0893, -0.0062, 0.002, 0.0017, 0.0019, 0.0021, 0.0019, 0.002, 0.002, 0.0021, 0.0021, 0.0021, 0.0021, 0.002, 0.0033, 0.0032, 0.0004, -0.0, -0.0, -0.0001, 0.0, -0.0003, -0.0003, -0.0002, 0.0, -0.0003, -0.0001, -0.0002, -0.0002, -0.0002, -0.0003, -0.0005, 0.0012, 0.0034, -0.0003, -0.0002, 0.0002, -0.0002, -0.0002, -0.0, 0.0003, -0.0001, -0.0006, -0.0007, -0.0009, -0.0018, 0.0052, 0.0066, 0.0031, 0.003, 0.0034, 0.0033, 0.005, 0.0035, 0.0031, 0.0025, 0.0037, 0.0139, -0.0066, 0.0061, 0.0562, -0.2266, -0.0383, 0.1162, 0.0062, 0.0005, 0.0025, 0.0032, 0.0043, 0.0035, 0.0027, 0.0061, 0.0051, 0.0043, 0.0044, 0.0052, 0.0048, 0.0019, -0.0021, 0.0022, 0.0024, 0.0021, 0.0028, 0.0029, 0.0014, -0.0035]",0.0
2026-07-07_20-51-42.mp4,1,120.0,15.0,0.0,motion,0.0,0.0,0.0,0.0,0.0,0.3939,2.288,0.631,0.4505,0.201,0.0415,,"[-0.0, -0.0, 0.0, 0.0, 0.0, -0.0, 0.0, -0.0, -0.0, -0.0, -0.0, 0.0003, -0.0, 0.0, -0.0, 0.0001, 0.0001, 0.0, 0.0, -0.0005, -0.0, -0.0001, 0.0, 0.0, -0.0001, 0.0, 0.0, 0.0, 0.0, 0.0001, 0.0001, 0.0, -0.0001, -0.0001, -0.0, -0.0002, 0.0003, -0.0, 0.0, -0.0001, 0.0, -0.0, 0.0, 0.0, 0.0, 0.0, 0.0, -0.0001, 0.0001, -0.0, 0.0, -0.0, -0.0, -0.0003, -0.0001, -0.0, 0.0, -0.0, 0.0, 0.0001, 0.0001, 0.0003, -0.0, 0.0, 0.0, -0.0, -0.0, 0.0, -0.0, 0.0, -0.0, -0.0, -0.0001, -0.0, -0.0, -0.0, -0.0, 0.0001, -0.0, 0.0, -0.0, -0.0, -0.0, -0.0, 0.0002, -0.0, 0.0, -0.0, -0.0002, -0.0, -0.0, -0.0, -0.0, 0.0, 0.0, 0.0, -0.0, 0.0, 0.0, -0.0, 0.0, -0.0, -0.0, -0.0, 0.0, 0.0, -0.0, -0.0001, -0.0, 0.0, 0.0, 0.0, -0.0, 0.0, 0.0001, 0.0, 0.0, 0.0, -0.0]",0.0
2026-07-06_15-58-42.mp4,1,120.0,15.0,0.0,motion,0.0,0.0,0.0,0.0,0.0,0.3097,2.542,0.774,0.3483,36.897,0.2334,,"[-0.0001, 0.0002, 0.0, 0.0002, -0.0002, 0.0, 0.0, 0.0, 0.0, 0.0, 0.0, 0.0, 0.0002, -0.0, -0.0, -0.0, 0.0, 0.0002, 0.0, 0.0, -0.0001, -0.0001, -0.0001, -0.0001, -0.0001, -0.0001, -0.0001, -0.0001, -0.0001, -0.0001, -0.0001, -0.0007, -0.0001, -0.0001, -0.0001, 0.0037, -0.0007, -0.0001, -0.0001, -0.0001, -0.0001, -0.0001, -0.0001, -0.0001, -0.0003, -0.0001, -0.0001, -0.0001, -0.0001, -0.0001, -0.0001, 0.0, 0.0, 0.0, 0.0, 0.0, 0.0, 0.0, 0.0, -0.0001, 0.0, 0.0, 0.0, 0.0, 0.0, 0.0, -0.0003, 0.0003, 0.0, 0.0, 0.0, 0.0, 0.0, 0.0, 0.0, 0.0001, 0.0, 0.0, -0.0002, 0.0, 0.0, 0.0, -0.0, 0.0, 0.0, 0.0, 0.0, 0.0, 0.0, 0.0, 0.0, 0.0, 0.0, 0.0, 0.0, 0.0, 0.0, 0.0, 0.0, 0.0, 0.0, 0.0, 0.0, -0.0012, 0.0, 0.0, 0.0, 0.0, 0.0, 0.0, 0.0, 0.0, 0.0, 0.0, 0.0, 0.0005, 0.0006, -0.0001, 0.0]",0.0
2026-07-04_01-37-47.mp4,1,120.0,15.0,0.0,motion,0.0,0.0,0.0,0.0,0.0,0.1694,2.797,0.615,0.352,0.05,0.005,,"[0.0002, -0.0003, 0.0006, 0.0003, -0.0002, -0.0002, -0.0001, -0.0001, -0.0002, -0.0001, -0.0001, -0.0001, -0.0002, -0.0001, -0.0, -0.0, -0.0004, -0.0, -0.0, 0.0, -0.0, -0.0, -0.0, -0.0, -0.0, -0.0, 0.0002, -0.0001, -0.0005, 0.0002, -0.0001, -0.0001, -0.0001, 0.0002, -0.0001, 0.0001, -0.0, 0.0005, 0.0003, 0.0, -0.0001, -0.0001, 0.0004, -0.0001, -0.0001, -0.0001, -0.0001, -0.0001, 0.0, -0.0001, -0.0001, -0.0001, -0.0001, -0.0, 0.0001, 0.0001, 0.0001, 0.0001, 0.0002, 0.0005, 0.0001, -0.0001, 0.0001, 0.0004, 0.0001, -0.0, -0.0, -0.0005, -0.0007, -0.0019, -0.0008, 0.0002, 0.0, 0.0004, -0.0013, -0.0009, -0.0009, -0.0008, -0.0018, -0.0016, 0.0011, -0.0015, -0.0018, -0.0018, -0.0018, -0.0019, -0.0019, -0.0019, -0.0019, 0.0253, -0.0019, -0.0019, -0.0019, 0.0267, -0.0019, -0.0019, -0.0018, -0.001, -0.001, -0.001, -0.001, -0.001, -0.001, -0.001, -0.001, -0.0001, -0.0001, -0.0001, -0.0001, 0.0008, 0.0008, 0.0008, -0.025, 0.0008, 0.0006, 0.0008, 0.0008, 0.0008, 0.0008]",0.0
2026-07-12_18-01-20.mp4,1,120.0,15.0,0.217,motion,0.0,0.0,0.0,0.0,0.0,0.3889,0.763,0.593,0.3109,0.0,0.0,,"[-0.0, -0.0, -0.0, 0.0, 0.0, 0.0, 0.0001, 0.0, 0.0, 0.0, 0.0, 0.0, 0.0, 0.0, 0.0, 0.0, 0.0, 0.0, -0.0003, 0.0001, 0.0, 0.0, 0.0001, 0.0, 0.0, 0.0, 0.0, 0.0, 0.0, 0.0, 0.0, 0.0, 0.0, 0.0, -0.0, -0.0, -0.0, -0.0, -0.0, -0.0, -0.0, -0.0, -0.0, -0.0, -0.0, -0.0, -0.0, -0.0, -0.0, -0.0, -0.0, -0.0, -0.0, -0.0, -0.0, -0.0, 0.0, 0.0, 0.0, 0.0002, 0.0003, 0.0, 0.0, 0.0, 0.0, 0.0, 0.0, 0.0, 0.0, 0.0, 0.0, -0.0004, -0.0001, 0.0, 0.0, 0.0, 0.0, 0.0, 0.0, 0.0, 0.0, 0.0, 0.0, 0.0, 0.0, 0.0, 0.0, 0.0, -0.0, -0.0, -0.0, -0.0, -0.0, -0.0, -0.0, -0.0, -0.0, -0.0, -0.0, -0.0, -0.0, -0.0, -0.0, -0.0, -0.0, -0.0, -0.0, -0.0, -0.0, -0.0, -0.0, -0.0, -0.0, -0.0, -0.0, -0.0, -0.0, -0.0, -0.0]",0.0
2026-07-11_04-48-56.mp4,1,120.0,15.0,0.0,motion,0.0,0.0,0.0,0.0,0.0,0.224,2.542,0.0,0.1871,0.65,0.0,,"[0.0002, -0.0004, 0.0, -0.0003, -0.0006, -0.0001, -0.0001, -0.0001, -0.0001, -0.0, -0.0005, -0.0, -0.0, 0.0, 0.0, 0.0, 0.0, 0.0, 0.0, 0.0, 0.0, 0.0, 0.0, 0.0, 0.0, 0.0, -0.0, -0.0, -0.0, -0.0, -0.0, -0.0, -0.0, -0.0, -0.0, 0.0, 0.0, 0.0, 0.0, 0.0, 0.0, 0.0, 0.0, 0.0, -0.0, -0.0, -0.0, -0.0, -0.0, -0.0, -0.0001, -0.0, -0.0, -0.0, 0.0, 0.0, 0.0, 0.0, 0.0, 0.0002, 0.0002, 0.0, 0.0, 0.0, 0.0, 0.0001, 0.0001, 0.0001, 0.0001, -0.0011, -0.0002, 0.0001, 0.0001, 0.0001, 0.0001, 0.0001, -0.0001, 0.0001, 0.0001, 0.0001, -0.0011, 0.0007, 0.0001, 0.0001, -0.0002, 0.0002, 0.0, 0.0, 0.0, 0.0, 0.0, 0.0, 0.0, 0.0, 0.0, 0.0, -0.0, -0.0001, 0.0, 0.0, -0.0, 0.0, 0.0, 0.0, 0.0, 0.0, 0.0, 0.0, 0.0001, 0.0, 0.0, 0.0, 0.0, -0.0, -0.0, -0.0, -0.0, -0.0, -0.0]",0.0
2026-07-12_10-43-36.mp4,1,120.0,15.0,0.0,motion,0.0,0.0,0.0,0.0,0.0,0.3633,0.763,0.492,0.3082,33.69,0.1736,,"[0.0034, 0.0071, -0.0227, -0.0023, -0.0021, -0.0019, -0.0017, -0.0015, -0.0013, -0.0014, -0.0009, -0.0007, -0.0005, -0.0003, -0.0001, 0.0001, 0.0004, 0.0007, 0.0, 0.0, 0.0, -0.0008, -0.0008, -0.0008, -0.0008, -0.0009, -0.0008, -0.0008, -0.0008, -0.0008, -0.0008, -0.0008, -0.0008, -0.0014, -0.0008, -0.0008, 0.0252, -0.001, -0.0009, -0.0009, -0.0009, -0.0009, -0.0009, -0.0009, -0.0004, -0.0003, -0.0001, 0.0003, 0.0002, 0.0002, 0.0002, 0.0002, 0.0032, 0.0004, 0.001, 0.0001, 0.0001, 0.0001, -0.0, -0.015, -0.0013, -0.0074, -0.011, 0.0008, 0.0003, 0.0003, 0.0003, 0.0004, 0.0004, 0.0004, 0.0306, 0.0006, 0.0004, 0.0035, -0.0025, -0.0, -0.0001, -0.0003, -0.0007, -0.0088, -0.0006, -0.0008, -0.0008, -0.0008, -0.0008, -0.0008, -0.0002, -0.0015, 0.0008, -0.0013, 0.0002, 0.002, -0.0014, 0.0002, 0.0002, 0.0002, 0.0041, -0.0001, -0.0001, -0.0001, -0.0001, -0.0001, -0.0001, -0.0002, 0.0, -0.0002, 0.0005, -0.0002, 0.0005, 0.0004, -0.0002, -0.0002, -0.0001, -0.0001, -0.0001, -0.0001, -0.0001, -0.0001, -0.0001]",0.0
2026-07-21_15-35-47.mp4,1,120.0,15.0,0.0,motion,0.0,0.0,0.0,0.0,0.0,0.4202,1.017,0.456,0.2665,0.025,0.0047,,"[0.0, 0.0003, -0.0004, -0.0001, -0.0, -0.0, -0.0001, -0.0001, -0.0, -0.0, -0.0, -0.0, 0.0005, -0.0, -0.0, -0.0, 0.0, 0.0001, -0.0, -0.0, -0.0, 0.0003, -0.0, -0.0, -0.0, -0.0, -0.0, -0.0003, -0.0, -0.0003, -0.0001, -0.0006, -0.0, -0.0, -0.0, 0.0009, 0.0001, 0.0002, 0.0, 0.0, -0.0001, 0.0, 0.0, -0.0, 0.0, 0.0, 0.0, -0.0, -0.0, -0.0, -0.0, 0.0, 0.0, 0.0, 0.0, 0.0, 0.0, 0.0, 0.0, -0.001, 0.0, 0.0, 0.0, 0.0, 0.0, 0.0, 0.0, 0.0, 0.0, 0.0, 0.0, 0.0, 0.0, 0.0, 0.0, 0.0, 0.0, 0.0, 0.0, 0.0, 0.0, 0.0, 0.0, 0.0, 0.0, 0.0, 0.0, 0.0, 0.0, 0.0, 0.0, 0.0, 0.0, 0.0, 0.0, 0.0, 0.0, 0.0, 0.0, 0.0, 0.0, 0.0, 0.0, 0.0, 0.0, 0.0, 0.0, 0.0, 0.0, 0.0, 0.0, 0.0, 0.0, 0.0, 0.0, 0.0, 0.0, 0.0, 0.0]",0.0
2026-07-04_10-21-15.mp4,1,120.0,15.0,0.0,motion,0.0,0.0,0.0,0.0,0.0,0.2814,0.763,0.0,0.1617,99.0,0.0,,"[-0.0, -0.0005, 0.0008, 0.0005, -0.0, -0.0, -0.0, 0.0001, 0.0001, -0.0004, -0.0, 0.0004, -0.0, -0.0, -0.0, -0.0, -0.0, -0.0001, -0.0, -0.0, -0.0, -0.0, -0.0, -0.0, -0.0, -0.0, -0.0, -0.0, -0.0, -0.0, -0.0, -0.0, -0.0, -0.0, -0.0, -0.0, -0.0, 0.0002, 0.0002, 0.0001, 0.0001, 0.0001, -0.0, -0.0002, -0.0003, -0.0003, -0.0003, -0.0003, -0.0003, -0.0003, -0.0003, 0.0009, -0.0071, -0.0003, 0.0028, -0.0002, -0.0002, 0.0033, 0.0069, 0.0016, -0.0003, 0.0001, 0.0003, 0.0, -0.0002, 0.0001, 0.0, 0.0001, -0.0002, -0.0014, -0.0007, -0.0001, -0.0103, 0.0017, 0.0002, -0.0003, 0.0002, 0.0002, 0.0019, 0.0004, -0.0001, 0.0006, 0.0003, 0.0003, 0.0003, 0.0003, 0.0003, 0.0003, -0.0, 0.0025, -0.0, -0.0001, -0.0, -0.0, -0.0062, 0.0035, 0.0, 0.0001, 0.0001, -0.0, 0.0001, -0.0009, -0.0, 0.0001, 0.0007, 0.0001, 0.0001, 0.0001, 0.0003, 0.0001, -0.0001, 0.0001, -0.0012, 0.0001, 0.0001, 0.0, 0.0001, 0.0, 0.0]",0.0
2026-07-01_23-34-02.mp4,1,120.0,15.0,0.0,motion,0.0,0.0,0.0,0.0,0.0,0.3843,1.271,0.441,0.4339,0.12,0.0182,,"[-0.0001, 0.0002, 0.0001, 0.0001, 0.0001, 0.0001, 0.0001, 0.0002, 0.0, 0.0, 0.0, 0.0, 0.0, 0.0, -0.0, -0.0, -0.0, -0.0, -0.0, -0.0, -0.0, -0.0, -0.0, -0.0, -0.0, -0.0, -0.0, 0.0002, 0.0, 0.0, 0.0, 0.0, 0.0, 0.0, 0.0, 0.0, -0.0001, 0.0, 0.0, 0.0, 0.0, 0.0, 0.0, 0.0, 0.0, 0.0, 0.0, -0.0005, -0.0003, 0.0, 0.0, 0.0, 0.0, 0.0, 0.0, 0.0, 0.0, 0.0, -0.0002, -0.0, 0.0, 0.0, 0.0, 0.0, 0.0003, -0.0001, 0.0, 0.0, 0.0001, 0.0, -0.0002, 0.0, 0.0, 0.0, -0.0, -0.0, -0.0, 0.0001, -0.0, -0.0, 0.0, 0.0, 0.0, 0.0, 0.0, 0.0, -0.0, -0.0, -0.0, -0.0, -0.0, -0.0, -0.0, -0.0, -0.0, -0.0, -0.0, -0.0, -0.0, -0.0, -0.0, 0.0001, 0.0, 0.0, 0.0, 0.0, 0.0, 0.0, -0.0, -0.0, -0.0, -0.0, -0.0, -0.0, 0.0, -0.0, -0.0008, 0.0001, 0.0001]",0.0
2026-07-05_08-22-52.mp4,1,120.0,15.0,0.0,motion,0.0,0.0,0.0,0.0,0.0,0.4987,0.763,0.0,0.4496,99.0,0.0,,"[0.0001, -0.0003, -0.0002, -0.0, -0.0004, 0.0004, -0.0002, 0.0004, -0.0002, 0.0001, -0.0006, 0.0013, 0.0, -0.0007, -0.0001, -0.0003, -0.0001, 0.0002, -0.0001, -0.0003, -0.0001, -0.0002, -0.0003, -0.0003, 0.0008, 0.0003, -0.0005, -0.0003, 0.0011, -0.0003, 0.0002, 0.0002, 0.0001, 0.0001, -0.0002, 0.0003, 0.0001, -0.0, 0.0001, 0.0, 0.0001, -0.0002, -0.0011, 0.0002, 0.0004, 0.0009, -0.0003, 0.003, 0.0121, 0.0145, 0.0316, 0.0315, 0.0315, 0.0316, 0.0242, 0.0221, 0.0226, 0.019, 0.01, 0.024, 0.0142, 0.0275, -0.0504, -0.2545, -0.0418, -0.519, 0.0224, 0.0225, 0.0219, 0.2382, 0.0633, 0.0446, 0.023, 0.0224, 0.022, 0.0216, 0.0219, 0.0218, 0.0195, 0.0106, 0.0081, -0.009, -0.0095, -0.0084, -0.0089, -0.0021, -0.0007, -0.0001, 0.0, 0.0001, 0.0001, -0.0, 0.0, 0.0001, 0.0, -0.0003, 0.0, -0.0, -0.0002, 0.0, 0.0, 0.0, 0.0, 0.0, 0.0, 0.0, 0.0, 0.0, 0.0001, 0.0001, 0.0001, 0.0001, 0.0001, 0.0001, 0.0001, 0.0001, 0.0001, 0.0001, -0.0001]",0.0
2026-07-03_14-57-36.mp4,1,120.0,15.0,0.008,motion,0.0,0.0,0.0,0.0,0.0,0.656,2.542,0.572,0.263,9.817,0.3404,,"[-0.0068, 0.0137, 0.0048, 0.0044, 0.004, 0.0036, 0.0088, 0.0029, 0.0075, 0.0021, 0.0016, 0.0013, 0.008, 0.0006, 0.0004, -0.001, -0.0014, -0.0034, 0.0007, 0.0002, -0.0037, -0.0076, -0.0074, -0.0051, -0.0047, -0.0047, -0.0048, -0.013, 0.0001, -0.01, 0.0244, -0.0041, -0.0526, -0.0125, 0.0114, 0.1175, 0.1151, -0.0046, -0.0796, -0.0103, -0.003, -0.002, -0.0048, -0.005, -0.0047, -0.0051, -0.0048, -0.0098, -0.0049, -0.0065, -0.0061, -0.0022, 0.0016, 0.0017, -0.0037, -0.0013, 0.0061, -0.0011, -0.0032, -0.0042, 0.0056, 0.0199, -0.0012, -0.0023, -0.0023, -0.0023, -0.0005, -0.0023, 0.0067, -0.0023, -0.0023, -0.0023, -0.0021, -0.0021, -0.0022, -0.0023, -0.0021, -0.0014, 0.0305, -0.0014, -0.0014, -0.0014, -0.0013, -0.0013, -0.001, -0.001, -0.001, -0.0007, -0.0007, -0.0007, -0.0011, -0.0011, -0.0011, -0.0011, -0.0001, -0.0004, -0.0004, -0.0004, -0.0003, -0.0003, -0.0003, -0.0003, -0.0097, -0.0002, -0.0003, 0.0101, 0.0004, -0.0002, -0.0003, -0.0003, 0.0088, -0.0003, -0.0003, -0.0023, -0.0003, -0.0003, -0.0003, -0.0003, -0.0006]",0.0
2026-07-14_14-07-32.mp4,1,108.0,15.0,0.0,motion,0.0,0.0,0.0,0.0,0.0,0.2935,1.78,0.06,0.1888,0.062,0.001,,"[-0.0011, 0.0017, 0.0004, 0.0008, 0.0009, 0.0009, 0.0008, 0.0007, 0.0006, 0.0005, 0.0005, 0.0004, 0.0003, 0.0002, 0.0002, 0.0001, 0.0, 0.0, 0.0, -0.0, -0.0, 0.0, 0.0, 0.0, 0.0, 0.0, 0.0, -0.0, 0.0, 0.0, 0.0, 0.0, 0.0, 0.0, 0.0, 0.0, 0.0, 0.0, 0.0, 0.0, 0.0, 0.0, 0.0, -0.0, 0.0, 0.0, 0.0, 0.0, 0.0, 0.0, 0.0, 0.0, 0.0, 0.0, 0.0, 0.0, 0.0, 0.0, 0.0, -0.0003, -0.0003, 0.0, 0.0, 0.0, 0.0, 0.0, 0.0, 0.0, -0.0003, -0.0001, 0.0, 0.0006, 0.0, 0.0001, 0.0, 0.0, -0.0, -0.0, -0.0, -0.0, -0.0, -0.0, -0.0, -0.0, -0.0, -0.0, -0.0, -0.0, -0.0, 0.0, 0.0, 0.0, 0.0, 0.0, 0.0, 0.0, 0.0, 0.0, 0.0, 0.0, 0.0, 0.0, 0.0, 0.0, 0.0, 0.0, 0.0]",0.0
2026-07-08_17-25-41.mp4,1,120.0,15.0,0.008,motion,0.0,0.0,0.0,0.0,0.0,0.3613,2.288,0.134,0.6346,0.077,0.0035,,"[-0.0, -0.0, -0.0, -0.0, -0.0, -0.0, -0.0, -0.0, -0.0, -0.0, -0.0, -0.0, -0.0, -0.0, 0.0001, 0.0001, 0.0001, 0.0001, 0.0001, 0.0001, 0.0001, 0.0026, 0.0026, 0.0026, 0.0026, 0.0026, 0.0026, 0.0026, 0.0026, 0.0009, 0.0026, 0.0026, 0.0026, 0.0009, 0.0033, -0.0002, -0.0786, -0.0027, -0.0048, -0.0037, -0.0043, -0.0043, -0.0047, -0.0044, -0.0068, -0.0051, -0.0052, 0.0019, -0.0253, -0.0071, 0.095, 0.0294, 0.0266, 0.0464, -0.0477, 0.0044, -0.0171, -0.0005, -0.0018, -0.0134, -0.0138, -0.0101, -0.2368, 0.1702, 0.0984, 0.149, -0.0488, -0.0101, -0.0088, -0.0094, -0.0079, -0.0037, -0.0124, -0.0075, -0.0048, -0.0076, -0.0072, -0.0068, -0.013, -0.0096, -0.004, 0.0017, 0.0008, -0.0016, -0.0041, 0.0003, -0.005, -0.0026, -0.0047, -0.0027, -0.0015, -0.003, -0.0111, -0.0031, 0.0046, -0.0006, -0.0029, -0.0017, 0.0576, 0.0031, 0.0777, -0.0007, -0.0634, -0.0015, -0.0029, -0.0183, 0.0077, -0.0046, -0.001, -0.0032, -0.0035, -0.0043, -0.0048, -0.0019, -0.0005, 0.001, 0.0013, 0.0025, 0.0003]",0.0
2026-07-11_11-08-52.mp4,1,120.0,15.0,0.0,motion,0.0,0.0,0.0,0.0,0.0,0.312,2.797,0.0,0.2346,2.512,0.0,,"[-0.0, -0.0, -0.0, 0.0001, -0.0001, 0.0, 0.0, 0.0, 0.0, 0.0001, 0.0, 0.0, 0.0, 0.0, 0.0, 0.0, 0.0, 0.0, 0.0, 0.0, -0.0, -0.0, -0.0, -0.0, -0.0, 0.0, 0.0, 0.0, 0.0, 0.0, 0.0, 0.0, -0.0, 0.0, 0.0, 0.0, 0.0, 0.0, 0.0, 0.0, 0.0, 0.0, 0.0, 0.0, 0.0, 0.0, 0.0, -0.0, -0.0, -0.0, -0.0, -0.0, -0.0, -0.0, -0.0, -0.0, -0.0, -0.0, -0.0, -0.0, -0.0, 0.0, 0.0, -0.0, -0.0, 0.0, 0.0004, -0.0, -0.0, -0.0, -0.0, -0.0, -0.0, -0.0, -0.0, 0.0001, -0.0, -0.0, -0.0, -0.0, -0.0, 0.0001, -0.0, -0.0, -0.0, -0.0, -0.0, -0.0, -0.0, -0.0001, -0.0, -0.0, -0.0, -0.0, -0.0, -0.0, -0.0, 0.0, 0.0, 0.0, 0.0, 0.0, 0.0, 0.0, 0.0, -0.0, -0.0, -0.0, -0.0, -0.0, -0.0, -0.0, -0.0, -0.0, -0.0, -0.0, -0.0, -0.0, 0.0]",0.0
2026-07-22_02-09-04.mp4,1,120.0,15.0,0.033,motion,0.0,0.0,0.0,0.0,0.0,0.6468,1.017,0.09,0.3864,0.729,0.0245,,"[0.0006, 0.0202, -0.0019, -0.0018, -0.0017, -0.0017, -0.0016, -0.0015, -0.0014, -0.0013, -0.0012, -0.0011, -0.001, -0.001, -0.0009, -0.0008, -0.0007, 0.0, 0.0, 0.0, 0.0, 0.0, 0.0, 0.0, -0.0003, 0.0, 0.0, 0.0, 0.0, 0.0, 0.0, 0.0, 0.0, 0.0, 0.0, -0.0002, -0.0002, -0.0002, -0.0002, -0.0008, -0.0023, -0.0031, -0.0031, -0.0031, -0.0035, -0.0035, -0.0035, -0.0032, -0.0032, -0.0032, 0.0021, -0.0033, -0.0056, -0.0068, 0.0133, 0.0367, 0.0162, -0.0082, -0.0082, 0.0045, -0.0081, -0.008, -0.016, -0.008, -0.008, -0.008, -0.0041, 0.0621, 0.0302, 0.0123, 0.0044, -0.0004, -0.0019, -0.0057, -0.0061, -0.0064, -0.007, -0.0047, -0.0054, -0.0048, -0.0048, 0.0009, -0.0002, -0.0018, 0.0011, -0.0002, 0.0002, 0.0004, -0.0001, -0.0056, 0.0005, 0.0004, -0.0015, -0.002, 0.0005, 0.0003, 0.0, 0.0005, -0.0122, 0.0002, 0.0003, 0.0003, 0.0003, 0.0003, 0.0003, 0.0001, 0.0001, 0.0001, 0.0, -0.0001, -0.0, 0.0094, 0.0039, -0.0, -0.0004, -0.0004, -0.0004, -0.0004, -0.0004]",0.0
2026-07-04_09-43-58.mp4,1,120.0,15.0,0.0,motion,0.0,0.0,0.0,0.0,0.0,0.2855,2.542,0.245,0.2674,0.323,0.0171,,"[-0.0, -0.0004, -0.0, -0.0001, 0.0008, -0.0, -0.0, -0.0, -0.0, -0.0, -0.0, -0.0, -0.0, -0.0, -0.0, -0.0, -0.0, -0.0, -0.0, -0.0, -0.0, -0.0, -0.0, -0.0, -0.0, -0.0, -0.0001, 0.0, 0.0002, -0.0, -0.0, -0.0, 0.0, -0.0, -0.0, 0.0001, 0.0001, -0.0001, 0.0, 0.0003, -0.0, -0.0001, -0.0, -0.0001, 0.0001, 0.0001, -0.0, -0.0, -0.0, -0.0, -0.0, -0.0, -0.0, -0.0, -0.0, 0.0, 0.0, 0.0, 0.0, -0.0001, 0.0, 0.0, 0.0, 0.0, 0.0, 0.0, 0.0, 0.0, 0.0, 0.0, 0.0, 0.0, 0.0, 0.0, 0.0, -0.0, -0.0, -0.0, -0.0, -0.0, -0.0, -0.0, -0.0, -0.0, 0.0001, -0.0001, 0.0, -0.0, -0.0, -0.0, -0.0, -0.0, -0.0, -0.0, -0.0, -0.0, -0.0, -0.0, -0.0, -0.0, -0.0, -0.0, -0.0, -0.0, -0.0, -0.0, -0.0, -0.0, -0.0, -0.0, -0.0, -0.0, -0.0, -0.0, 0.0001, -0.0, -0.0, -0.0, -0.0]",0.0
2026-07-12_18-23-53.mp4,1,120.0,15.0,0.0,motion,0.0,0.0,0.0,0.0,0.0,0.1363,0.763,0.24,0.2912,0.105,0.0031,,"[-0.0002, 0.0004, 0.001, -0.0027, -0.0015, -0.001, 0.0005, 0.0004, 0.0004, 0.0004, 0.0004, 0.0003, 0.0003, 0.0003, 0.0008, 0.0002, 0.0002, 0.0002, 0.0002, 0.0001, 0.0, -0.0, -0.0, -0.0, -0.0, -0.0, -0.0, -0.0, -0.0, -0.0, 0.0, -0.0, -0.0, -0.0, -0.0, -0.0, -0.0, -0.0, -0.0, -0.0, 0.0, -0.0, -0.0, -0.0, 0.0, 0.0, 0.0, 0.0, 0.0, 0.0, 0.0, 0.0, 0.0, 0.0, 0.0, 0.0, 0.0, 0.0, 0.0, -0.0004, 0.0, 0.0, 0.0, 0.0, 0.0, 0.0, 0.0, 0.0, 0.0, 0.0, 0.0, 0.0, 0.0, 0.0, 0.0, 0.0, 0.0, 0.0, 0.0, 0.0, 0.0, 0.0, 0.0, 0.0, 0.0, 0.0, 0.0, 0.0, 0.0, 0.0, 0.0, 0.0, 0.0, 0.0, 0.0, 0.0, 0.0, 0.0, 0.0, 0.0, 0.0, 0.0, 0.0, -0.0001, -0.0003, -0.0004, -0.0007, -0.0007, -0.0009, -0.001, -0.0012, -0.0013, -0.0015, -0.0016, -0.0018, -0.0019, -0.0021, -0.0023, 0.0022]",0.0
2026-07-24_19-17-43.mp4,1,120.0,15.0,0.0,motion,0.0,0.0,0.0,0.0,0.0,0.4636,2.797,0.627,0.3345,4.112,0.2339,,"[-0.0, 0.0001, -0.0, -0.0, 0.0001, -0.0, -0.0, -0.0, 0.0001, -0.0, -0.0, 0.0001, -0.0001, -0.0001, 0.0003, -0.0001, 0.0, 0.0, -0.0, -0.0001, 0.0, 0.0, 0.0001, -0.0, -0.0, -0.0, -0.0002, -0.0, 0.0, -0.0001, -0.0, 0.0001, -0.0, 0.0, 0.0, 0.0001, 0.0, 0.0001, 0.0002, -0.0, -0.0001, 0.0001, -0.0, 0.0001, 0.0, 0.0003, -0.0005, -0.0004, 0.0, 0.0, -0.0003, -0.0001, 0.0, 0.0001, 0.0001, 0.0001, 0.0001, 0.0001, -0.0, 0.0, 0.0001, 0.0001, 0.0, -0.0, -0.0001, 0.0001, -0.0, -0.0, -0.0002, -0.0001, -0.0003, 0.0, 0.0001, 0.0001, -0.0, 0.0001, 0.0, 0.0, 0.0003, 0.0009, -0.0006, 0.0, -0.0001, 0.0001, 0.0014, 0.0, -0.0017, -0.0008, -0.0001, 0.0001, 0.0, -0.0, 0.0001, 0.0001, 0.0001, 0.0001, 0.0001, 0.0002, 0.0001, 0.0, 0.0002, 0.0, -0.0, 0.0, 0.0, 0.0, 0.0, -0.0013, 0.0003, -0.0, 0.0003, 0.0, 0.0, 0.0, 0.0, -0.0, -0.0, 0.0, 0.0001]",0.0
2026-07-17_20-41-15.mp4,1,120.0,15.0,0.0,motion,0.0,0.0,0.0,0.0,0.0,0.3461,0.763,0.361,0.3285,2.786,0.092,,"[0.0018, 0.0017, -0.0006, -0.0012, -0.0019, -0.0021, -0.0011, -0.0017, -0.0003, -0.0014, -0.001, -0.0011, -0.0003, -0.0008, 0.0003, 0.0007, 0.0007, 0.0008, 0.0009, 0.0011, 0.0039, 0.0014, 0.001, 0.001, 0.0009, 0.0009, 0.0006, -0.0022, 0.0043, -0.0273, -0.004, 0.0004, 0.001, 0.001, 0.0011, 0.0012, 0.0012, 0.0013, 0.0011, 0.0012, -0.0014, 0.0012, 0.001, 0.0013, 0.0012, 0.0001, 0.0001, 0.0, -0.0, 0.0001, -0.0001, 0.0004, 0.0001, 0.0001, 0.0004, 0.0003, 0.0002, 0.0003, 0.0003, 0.0002, 0.0002, 0.0004, 0.0, 0.0003, 0.0001, -0.0015, 0.0006, -0.0003, 0.0003, -0.0067, 0.0014, 0.0, -0.0, -0.0012, 0.0018, 0.0014, 0.0005, 0.0002, 0.0001, 0.0015, 0.001, 0.0009, 0.0009, 0.0001, 0.0001, 0.0002, 0.0006, -0.0009, -0.007, 0.0012, 0.0012, -0.003, 0.0004, -0.0002, 0.0003, 0.0024, -0.0009, -0.0002, 0.0001, 0.0011, 0.0014, -0.0004, 0.0019, -0.0003, 0.0001, -0.0005, -0.0004, 0.0006, -0.0002, -0.0002, -0.0002, -0.0001, -0.0002, -0.0002, -0.0001, 0.0001, -0.0001, -0.0, 0.0]",0.0
2026-07-19_22-23-07.mp4,1,120.0,15.0,0.0,motion,0.0,0.0,0.0,0.0,0.0,0.2619,2.797,0.821,0.3164,2.56,0.1545,,"[-0.0008, 0.0002, 0.0, 0.001, 0.001, 0.0011, 0.0012, 0.0015, 0.0014, 0.0013, 0.0013, 0.0013, 0.0012, 0.0012, 0.0011, 0.002, 0.0012, 0.016, -0.0219, -0.0026, -0.0038, -0.0014, -0.0102, 0.0012, 0.002, -0.0004, 0.0016, 0.0013, 0.0016, 0.0013, 0.0015, -0.0059, 0.0018, 0.0024, 0.0017, 0.0015, 0.0058, -0.0052, 0.0075, 0.001, 0.001, -0.0079, -0.0006, -0.0041, 0.0041, -0.0231, 0.0696, 0.0708, 0.0763, 0.0784, 0.0794, 0.0802, 0.0811, 0.0799, 0.0816, 0.0815, 0.0793, 0.0819, 0.0814, 0.0845, 0.8177, -2.77, -0.2838, 0.0843, 0.0752, 0.08, 0.0793, 0.0796, 0.0798, 0.0796, 0.0796, 0.0797, 0.0794, 0.0799, 0.0798, 0.0798, 0.1037, 0.0117, -0.0, 0.0001, -0.0001, -0.0001, 0.0, 0.0038, -0.0054, -0.0053, -0.0053, -0.0057, -0.0059, -0.0065, -0.0021, -0.0061, -0.0053, -0.0054, -0.0034, -0.0056, -0.0056, -0.0052, -0.1272, 0.2803, -0.0054, -0.0053, -0.0054, -0.0054, -0.0053, -0.0053, -0.0051, -0.0054, -0.0053, -0.0053, -0.0053, -0.0052, -0.005, -0.0052, -0.0091, 0.0001, 0.0003, 0.0004, -0.0002]",0.0
2026-07-02_15-47-15.mp4,1,79.0,15.0,0.0,motion,0.0,0.0,0.0,0.0,0.0,0.4757,0.763,0.724,0.2186,0.11,0.034,,"[-0.0003, 0.0008, 0.0001, 0.0006, 0.0003, 0.0002, 0.0002, 0.0002, 0.0002, 0.0002, -0.0004, 0.0001, 0.0001, 0.0001, 0.0, 0.0, -0.0, 0.0, 0.0, 0.0, 0.0, 0.0, 0.0, -0.0, -0.0, -0.0, -0.0, -0.0, -0.0, -0.0, -0.0, -0.0, -0.0, -0.0, -0.0, -0.0, -0.0, 0.0003, 0.001, -0.0, -0.0, -0.0, -0.0, -0.0, -0.0001, -0.0001, -0.0001, -0.0001, -0.0001, -0.0001, -0.0001, -0.0001, -0.0001, -0.0001, -0.0, -0.0, -0.0, -0.0, -0.0, 0.001, -0.0, -0.0, -0.0, -0.0, -0.0, -0.0, -0.0, -0.0, -0.0, -0.0, -0.0, -0.0, -0.0, -0.0, -0.0, -0.0, -0.0, -0.0]",0.0
2026-07-09_07-36-05.mp4,1,120.0,15.0,0.017,motion,0.0,0.0,0.0,0.0,0.0,0.187,1.017,0.505,0.3216,0.27,0.0201,,"[-0.0002, 0.0004, 0.0001, 0.0002, 0.0, 0.0001, 0.0001, 0.0001, 0.0002, 0.0, -0.0001, -0.0001, 0.0002, 0.0, 0.0002, -0.0002, -0.0001, -0.0, -0.0, 0.0001, -0.0, 0.0001, -0.0, -0.0, 0.0001, -0.0002, 0.0002, 0.0001, 0.0, 0.0, -0.0001, 0.0, -0.0001, -0.0, -0.0002, 0.0001, 0.0, -0.0, 0.0002, -0.0002, -0.0, 0.0001, 0.0003, -0.0001, -0.0002, 0.0001, -0.0004, 0.0003, -0.0, 0.0, -0.0, 0.0, 0.0001, -0.0001, -0.0002, 0.0003, 0.0001, 0.0, -0.0002, -0.0001, -0.0, 0.0002, -0.0002, 0.0, -0.0, -0.0001, 0.0002, 0.0001, 0.0001, -0.0002, 0.0002, -0.0, -0.0, 0.0001, -0.0003, -0.0001, -0.0001, 0.0, -0.0, -0.0, -0.0, -0.0002, 0.0004, -0.0001, 0.0, 0.0, 0.0, 0.0, 0.0, 0.0, -0.0, -0.0, -0.0, -0.0, -0.0001, -0.0, -0.0, -0.0, -0.0, 0.0, 0.0, -0.0001, -0.0, -0.0, -0.0001, 0.0002, 0.0, -0.0001, -0.0001, -0.0002, -0.0002, -0.0001, -0.0002, -0.0002, -0.0005, -0.0004, -0.0, -0.0003, 0.0003]",0.0
2026-07-13_13-13-36.mp4,1,120.0,15.0,0.033,motion,0.0,0.0,0.0,0.0,0.0,0.2651,0.763,0.168,0.1997,1.903,0.0291,,"[0.002, 0.0063, -0.0639, -0.0628, 0.007, 0.0111, 0.0103, 0.0072, 0.0044, 0.0057, 0.0056, 0.0052, 0.0045, 0.0041, 0.0051, 0.0051, 0.0045, 0.0035, 0.0004, -0.0035, -0.0043, -0.0005, -0.01, -0.0058, -0.0052, -0.007, -0.0071, -0.0076, -0.0134, -0.0141, -0.0131, -0.0109, -0.0062, 0.0102, -0.0098, 0.0409, -0.0105, -0.0109, 0.097, -0.0221, 0.0849, -0.0117, -0.0124, 0.1434, 0.0072, -0.0973, -0.0364, -0.028, -0.0359, 0.0225, -0.0091, -0.0114, -0.0116, -0.0113, -0.0061, -0.0011, 0.0034, 0.016, 0.0188, 0.0073, 0.0114, -0.0017, -0.0031, -0.0037, -0.0046, -0.0025, -0.0035, -0.0043, -0.0012, 0.006, 0.0013, -0.0048, -0.0026, -0.0018, -0.0011, 0.0012, -0.0007, -0.0005, -0.0005, 0.0, -0.0006, -0.0003, -0.0006, -0.0008, -0.0005, -0.0003, -0.0, -0.0001, 0.0001, -0.0, -0.0001, -0.0001, -0.0001, -0.0001, -0.0001, -0.0, -0.0, -0.0, -0.0, -0.0002, -0.0, 0.0, -0.0001, -0.0001, 0.0014, -0.0001, -0.0001, -0.0001, -0.0, -0.0001, -0.0003, -0.0001, -0.0001, -0.0001, -0.0001, -0.0001, -0.0001, 0.0007, -0.0001]",0.0
2026-07-02_17-00-45.mp4,1,77.0,15.0,0.0,motion,0.0,0.0,0.0,0.0,0.0,0.4021,2.797,0.596,0.0693,21.654,0.229,,"[0.0001, -0.0002, -0.0002, -0.0001, -0.0001, -0.0001, -0.0001, -0.0001, -0.0001, -0.0001, -0.0, -0.0, -0.0, -0.0, -0.0, -0.0, -0.0001, 0.0, 0.0001, 0.0, 0.0, -0.0008, -0.0008, -0.0008, -0.0008, 0.0003, 0.0003, 0.0003, 0.0003, 0.0009, 0.0009, 0.0009, 0.0009, 0.0009, 0.0009, 0.0011, 0.0257, 0.0011, 0.0011, 0.0011, -0.0322, 0.0012, 0.0008, 0.0008, -0.0191, 0.0008, 0.0008, 0.0008, 0.0008, 0.0008, -0.005, 0.0008, 0.0016, 0.0016, 0.0016, 0.0016, -0.0009, 0.0117, 0.0006, 0.0005, -0.0001, -0.0002, -0.0, -0.0001, -0.0001, -0.0007, -0.0003, -0.0004, -0.0002, -0.0002, -0.0003, -0.0002, -0.0007, 0.0, 0.0, 0.0]",0.0
2026-07-05_10-11-15.mp4,1,120.0,15.0,0.0,motion,0.0,0.0,0.0,0.0,0.0,0.2912,2.797,0.342,0.3932,0.058,0.0055,,"[-0.0201, 0.0131, 0.048, -0.0202, 0.0171, 0.0156, 0.014, 0.013, 0.0117, 0.0103, 0.009, 0.0075, 0.006, 0.0046, -0.0195, 0.0371, -0.0175, 0.0005, -0.0016, 0.0001, 0.0001, 0.0002, 0.0001, 0.0001, 0.0001, 0.0001, 0.0036, 0.006, -0.0002, -0.0006, -0.0013, 0.0095, -0.0, -0.0025, -0.0107, -0.0001, -0.0001, -0.0001, -0.0001, -0.0001, -0.0001, -0.0001, 0.0, 0.0002, 0.0003, 0.0002, 0.0002, -0.0012, -0.0012, -0.0012, -0.0016, -0.0016, -0.0016, -0.0016, -0.0016, -0.0016, -0.0016, -0.0016, -0.0016, -0.004, -0.0014, -0.0016, 0.0513, -0.0015, -0.003, -0.0016, -0.0016, -0.0016, -0.0016, -0.0016, -0.0016, -0.0016, -0.0016, -0.0016, -0.0016, -0.0017, -0.0017, -0.0016, 0.0001, 0.0001, 0.0, 0.0, 0.0, 0.0, 0.0, 0.0, 0.0002, 0.0002, 0.0002, 0.0002, 0.0002, 0.0003, -0.0002, -0.0001, 0.0003, 0.0003, 0.0003, 0.0003, 0.0003, 0.0003, 0.0004, -0.0047, 0.0004, 0.0001, 0.0001, 0.0004, -0.0023, 0.0004, 0.0003, -0.0001, 0.0003, 0.0005, 0.0004, 0.0003, 0.0003, -0.0014, 0.0003, 0.0002, 0.0002]",0.0
2026-07-24_05-11-34.mp4,1,120.0,15.0,0.0,motion,0.0,0.0,0.0,0.0,0.0,0.1949,2.797,0.366,0.3352,0.107,0.0069,,"[-0.0001, -0.0002, 0.0001, 0.0002, 0.0002, 0.0, 0.0, 0.0, -0.0006, 0.0, 0.0, 0.0, 0.0002, 0.0004, -0.0001, 0.0001, 0.0002, 0.0, -0.0002, 0.0, -0.0001, 0.0001, 0.0, 0.0, 0.0004, -0.0008, 0.0004, 0.0001, 0.0, -0.0004, 0.0, 0.0, 0.0, 0.0, 0.0, -0.0001, -0.0, 0.0, -0.0, 0.0, 0.0, -0.0, 0.0, 0.0, 0.0, -0.0, -0.0, -0.0002, 0.0002, 0.0005, -0.0, -0.0, -0.0, -0.0, -0.0001, -0.0, -0.0002, -0.0, -0.0, -0.0, -0.0, -0.0, -0.0, -0.0, -0.0, 0.0, 0.0, 0.0, 0.0, 0.0, 0.0, 0.0, 0.0, 0.0, 0.0, 0.0001, -0.0001, -0.0, -0.0, -0.0, -0.0, -0.0003, 0.0, 0.0001, -0.0001, 0.0, 0.0001, -0.0001, 0.0, 0.0, 0.0001, -0.0, 0.0002, 0.0, -0.0, -0.0002, 0.0, -0.0, 0.0002, -0.0, -0.0002, -0.0001, 0.0001, -0.0001, 0.0006, -0.0, -0.0002, -0.0, 0.0, -0.0001, -0.0, -0.0, -0.0001, -0.0001, -0.0, -0.0, -0.0, -0.0, -0.0]",0.0
2026-07-23_00-49-44.mp4,1,120.0,15.0,0.067,motion,0.0,0.0,0.0,0.0,0.0,0.3361,0.763,0.0,0.2722,99.0,0.0,,"[-0.0909, -0.091, -0.091, -0.0909, -0.091, -0.091, -0.0911, -0.0926, -0.0939, 0.1866, 1.1254, 0.6015, 0.4506, -0.5197, 0.4446, -0.1015, -0.0909, -0.091, -0.091, -0.0911, -0.0906, -0.091, -0.091, -0.091, -0.091, -0.0823, -0.0427, -0.0203, -0.0031, -0.0169, 0.0004, -0.0001, 0.0, -0.0, -0.0001, 0.0, -0.0001, 0.0001, 0.0, 0.0001, -0.0003, -0.0008, -0.0005, -0.0005, -0.0004, -0.0004, -0.0004, -0.0005, -0.0004, -0.0005, -0.0007, -0.001, -0.0014, -0.0011, 0.0105, 0.0048, -0.0005, -0.0002, -0.0005, -0.0005, -0.0008, -0.0004, -0.0003, -0.0004, -0.0004, -0.0004, -0.0005, -0.0008, -0.0005, -0.0005, -0.0001, 0.0, 0.0, 0.0, 0.0, 0.0, -0.0001, 0.0, 0.0001, 0.0, -0.0, 0.0, -0.0, 0.0, -0.0, -0.0001, -0.0, -0.0, -0.0001, 0.0, 0.0, 0.0, 0.0, 0.0001, 0.0001, 0.0002, -0.0001, 0.0001, -0.0, 0.0001, -0.0001, 0.0, 0.0002, 0.0001, 0.0, -0.0004, -0.0002, -0.0003, -0.0004, -0.0005, -0.0006, -0.0007, -0.0009, -0.0008, -0.0015, -0.0011, -0.002, -0.0057, 0.0017]",0.0
2026-07-15_21-11-44.mp4,1,120.0,15.0,0.0,motion,0.0,0.0,0.0,0.0,0.0,0.4425,1.525,0.0,0.4353,99.0,0.0,,"[0.0, 0.0, 0.0, 0.0, 0.0, 0.0, 0.0, 0.0, 0.0, 0.0, 0.0, 0.0, 0.0, 0.0, 0.0, 0.0, 0.0, 0.0, 0.0, 0.0, 0.0, 0.0, 0.0006, 0.0006, 0.0006, 0.0006, 0.0006, 0.0006, 0.0006, 0.0006, 0.0006, 0.0006, 0.0006, 0.0006, 0.0006, 0.0006, 0.0006, -0.0169, 0.0006, 0.0006, 0.0006, 0.0006, 0.0006, 0.0006, -0.0, -0.0, -0.0, -0.0, -0.0, -0.0, -0.0, -0.0, -0.0009, 0.0011, 0.001, 0.001, 0.001, 0.001, 0.001, 0.0186, 0.001, 0.001, 0.001, 0.001, 0.001, 0.0009, 0.001, 0.0273, -0.077, 0.0047, 0.0008, 0.0007, 0.0008, 0.0008, 0.0009, 0.0012, 0.001, 0.0018, -0.0097, -0.0402, -0.0886, -0.0477, -0.0533, -0.0126, -0.01, -0.0004, 0.0048, 0.0035, 0.0084, 0.0079, 0.0116, 0.017, 0.0062, 0.3487, 0.9575, 1.5292, -1.2866, 0.0758, -0.8242, -0.4162, -0.3139, -0.1434, 0.065, -0.1509, 0.0108, -0.0215, -0.0155, 0.0113, 0.0106, 0.0218, 0.0522, 0.1012, 0.0595, 0.0615, 0.0347, 0.02, 0.0106, 0.0055, 0.007]",0.0
2026-07-19_10-13-32.mp4,1,120.0,15.0,0.708,lips,0.2816,1.525,2.625,0.628,0.0479,0.5947,1.525,0.127,0.6995,0.003,0.0011,"[0.028, 0.034, -1.0, 0.166, 0.029, 0.039, 0.073, -1.0, 0.195, 0.056, 0.044, 0.059, -1.0, 0.108, 0.133, 0.065, 0.041, -1.0, 0.083, 0.075, 0.028, 0.016, 0.03, 0.073, 0.05, -1.0, 0.145, 0.039, 0.036, -1.0, 0.098, 0.043, 0.03, -1.0, 0.135, 0.039, 0.035, -1.0, 0.145, 0.04, 0.024, -1.0, 0.133, 0.041, 0.033, -1.0, 0.093, 0.032, 0.028, -1.0, 0.081, 0.034, 0.021, -1.0, 0.112, 0.028, 0.027, -1.0, 0.122, 0.033, -1.0, -1.0, -1.0, -1.0, -1.0, 0.162, 0.124, 0.105, 0.092, -1.0, 0.178, -1.0, -1.0, 0.136, -1.0, 0.131, -1.0, 0.166, 0.12, -1.0, 0.182, 0.135, 0.072, 0.058, 0.032, 0.017, -1.0, 0.123, 0.032, -1.0, 0.095, 0.035, 0.018, -1.0, -1.0, -1.0, 0.078, 0.035, 0.029, -1.0, 0.147, 0.066, 0.081, 0.025, -1.0, -1.0, -1.0, -1.0, 0.119, 0.119, 0.143, 0.102, 0.059, 0.076, 0.041, 0.05, 0.068, -1.0, 0.145, 0.104]","[0.0031, -0.0037, -0.0023, -0.0004, -0.0001, -0.0027, -0.0024, -0.0022, -0.002, -0.0016, -0.0003, -0.0013, -0.0011, -0.0009, -0.0007, -0.0005, -0.0007, -0.0003, -0.0002, -0.0014, -0.0001, -0.0001, -0.0001, -0.0001, -0.0, 0.0003, 0.0, 0.0009, 0.0003, -0.0, 0.0002, -0.0001, 0.0003, -0.0, -0.0, -0.0001, 0.0002, -0.0001, -0.0001, -0.0001, -0.0001, -0.0001, -0.0001, -0.0, -0.0, -0.0, -0.0, -0.0, 0.0, -0.0, -0.0, 0.0, -0.0, 0.0, 0.0, 0.0, 0.0, 0.0, 0.0, -0.0002, -0.0, -0.0, -0.0, 0.0, 0.0, -0.0, -0.0, -0.0, -0.0, -0.0, -0.0, 0.0001, -0.0, -0.0, 0.0, 0.0, -0.0, -0.0, 0.0, -0.0, 0.0, 0.0, 0.0, 0.0001, 0.0003, 0.0004, 0.0007, 0.0008, 0.0008, -0.0001, -0.0003, -0.0004, -0.0004, -0.0004, -0.0005, -0.0006, -0.0006, -0.0018, -0.0021, -0.0057, -0.0035, -0.0117, -0.0013, -0.001, 0.0253, 0.0075, 0.0007, 0.0013, 0.0001, -0.0003, -0.0003, 0.0003, -0.0, -0.0005, -0.0005, -0.0008, -0.0008, -0.0012, -0.0013]",0.0
2026-07-12_21-20-45.mp4,1,120.0,15.0,0.017,motion,0.0,0.0,0.0,0.0,0.0,0.3312,1.271,0.648,0.4016,0.202,0.0361,,"[0.0001, -0.0003, -0.0001, 0.0, -0.0001, -0.0001, 0.0001, -0.0001, -0.0, -0.0001, -0.0, 0.0001, -0.0, -0.0, 0.0001, -0.0, -0.0, 0.0, 0.0001, 0.0, 0.0, 0.0, -0.0001, 0.0001, -0.0, 0.0, 0.0, 0.0, 0.0001, -0.0001, -0.0, 0.0001, -0.0002, -0.0004, -0.0001, -0.0002, 0.0001, -0.0, -0.0, 0.0004, -0.0, -0.0, 0.0002, 0.0002, -0.0, -0.0, -0.0001, -0.0, 0.0002, -0.0, -0.0, 0.0, 0.0, -0.0, -0.0, -0.0001, -0.0, -0.0, 0.0001, 0.0001, 0.0, 0.0, -0.0001, -0.0, -0.0001, -0.0003, 0.0002, -0.0, 0.0, -0.0, 0.0001, -0.0, 0.0, 0.0001, 0.0001, -0.0001, -0.0002, -0.0, -0.0, -0.0, 0.0001, 0.0, 0.0, -0.0, 0.0001, -0.0002, 0.0003, 0.0, -0.0, -0.0, 0.0, -0.0, 0.0001, -0.0, -0.0, -0.0, -0.0, -0.0, 0.0, -0.0001, -0.0001, -0.0, -0.0, -0.0, -0.0, -0.0, 0.0, -0.0, 0.0, -0.0, -0.0, 0.0, 0.0, -0.0, -0.0001, 0.0001, 0.0004, 0.0003, -0.0001]",0.0
2026-07-04_00-50-17.mp4,1,120.0,15.0,0.0,motion,0.0,0.0,0.0,0.0,0.0,0.2134,1.525,0.348,0.3317,0.0,0.0,,"[-0.0003, 0.0005, 0.0005, 0.0002, 0.0003, 0.0002, 0.0001, 0.0002, 0.0001, 0.0001, 0.0001, 0.0001, 0.0003, 0.0, 0.0, -0.0, -0.0, -0.0, -0.0, -0.0, -0.0, -0.0, -0.0, -0.0, -0.0, -0.0, -0.0, -0.0, 0.0, -0.0, 0.0, 0.0, 0.0001, 0.0, 0.0, 0.0, -0.0002, 0.0, 0.0, 0.0, 0.0, 0.0, 0.0, 0.0, 0.0003, -0.0011, 0.0, 0.0, 0.0001, -0.0002, 0.0002, 0.0, -0.0001, 0.0, 0.0, 0.0, 0.0001, 0.0, 0.0, 0.0002, 0.0, -0.0, -0.0, -0.0, -0.0, -0.0, -0.0, -0.0, -0.0, -0.0, -0.0, -0.0, -0.0, -0.0, -0.0, -0.0, -0.0, -0.0, -0.0, -0.0, -0.0, -0.0, -0.0, -0.0, -0.0, -0.0, -0.0, -0.0, -0.0, -0.0, -0.0, -0.0, -0.0001, -0.0001, -0.0001, 0.0008, -0.0001, -0.0001, 0.0, -0.0001, -0.0002, -0.0001, -0.0001, -0.0004, 0.0009, -0.0, -0.0001, 0.0003, 0.0, -0.0001, -0.0001, -0.0, -0.0, -0.0, -0.0, -0.0, 0.0, -0.0, -0.0]",0.0
2026-07-02_03-20-34.mp4,1,120.0,15.0,0.0,motion,0.0,0.0,0.0,0.0,0.0,0.1411,2.288,0.272,0.5438,0.0,0.0,,"[0.0001, -0.0001, 0.0001, 0.0, -0.0001, -0.0001, -0.0, -0.0, -0.0, -0.0, -0.0, -0.0, -0.0, -0.0002, -0.0, -0.0, 0.0, 0.0, 0.0, 0.0, 0.0, 0.0, 0.0, -0.0, 0.0, 0.0, -0.0, 0.0, 0.0, 0.0, 0.0, 0.0, 0.0, 0.0, 0.0, 0.0, 0.0, 0.0, 0.0, 0.0001, -0.0002, 0.0, 0.0, 0.0, -0.0001, 0.0, 0.0, 0.0, 0.0, 0.0, 0.0, 0.0, 0.0, 0.0, 0.0, 0.0, 0.0, 0.0, 0.0, 0.0003, -0.0001, 0.0001, -0.0, 0.0, -0.0, 0.0001, 0.0001, -0.0004, 0.0001, 0.0001, 0.0001, 0.0001, 0.0001, 0.0001, 0.0001, 0.0001, -0.0008, 0.0001, 0.0001, 0.0001, -0.0006, -0.0001, 0.0002, -0.0001, -0.0001, 0.0, 0.0, 0.0, 0.0, -0.0001, 0.0004, -0.0001, 0.0002, -0.0002, 0.0, 0.0002, -0.0, 0.0002, 0.0001, -0.0, -0.0, -0.0, -0.0, -0.0, -0.0, -0.0, -0.0, -0.0, -0.0, -0.0, -0.0, -0.0, -0.0, -0.0, 0.0003, -0.0, -0.0, -0.0, -0.0]",0.0
2026-07-20_21-39-04.mp4,1,120.0,15.0,0.0,motion,0.0,0.0,0.0,0.0,0.0,0.2732,1.017,0.286,0.2283,0.302,0.0181,,"[0.0, -0.0, 0.0001, -0.0001, -0.0, 0.0003, 0.0, -0.0, -0.0, -0.0, -0.0, -0.0001, -0.0, -0.0, -0.0, -0.0, -0.0, -0.0, -0.0, -0.0, -0.0, 0.0, 0.0, -0.0001, 0.0, 0.0, 0.0, 0.0, 0.0, -0.0, 0.0, 0.0, 0.0, 0.0, 0.0, 0.0, 0.0, 0.0, 0.0, -0.0001, 0.0, 0.0, 0.0, 0.0, 0.0, 0.0, 0.0, 0.0, 0.0, 0.0, 0.0, 0.0, 0.0, 0.0, 0.0, -0.0, -0.0, -0.0, -0.0, 0.0, -0.0, -0.0, -0.0, -0.0, -0.0, -0.0, -0.0, -0.0, -0.0, -0.0, -0.0, -0.0, -0.0, -0.0, -0.0, -0.0, -0.0, 0.0001, -0.0, -0.0, -0.0, -0.0, -0.0, 0.0, 0.0, -0.0, -0.0, 0.0001, -0.0, 0.0, 0.0, 0.0, 0.0, 0.0, 0.0, 0.0, 0.0, -0.0, -0.0002, 0.0, 0.0, 0.0001, -0.0001, 0.0001, -0.0, 0.0, 0.0, 0.0, 0.0, 0.0, 0.0, 0.0, 0.0, 0.0, -0.0, -0.0, -0.0, 0.0, -0.0]",0.0
2026-07-15_21-44-02.mp4,1,120.0,15.0,0.0,motion,0.0,0.0,0.0,0.0,0.0,0.3368,0.763,0.384,0.1233,40.292,0.1262,,"[-0.0012, 0.0012, 0.0027, 0.001, 0.0009, 0.0011, -0.0007, 0.0007, 0.0006, 0.0005, 0.0004, 0.0004, 0.0003, 0.0002, 0.0001, 0.0001, -0.0, -0.0, 0.0, 0.0, 0.0, 0.0, -0.0, -0.0, -0.0, -0.0, 0.0, 0.0, 0.0, 0.0, 0.0, 0.0, 0.0, 0.0, 0.0, 0.0, 0.0, 0.0, 0.0, 0.0, 0.0, 0.0, 0.0, 0.0, -0.0001, -0.0001, -0.0001, -0.0001, -0.0001, -0.0001, -0.0001, -0.0001, -0.0001, -0.0001, -0.0001, -0.0001, -0.0001, -0.0001, -0.0001, 0.0029, -0.0001, 0.0004, -0.0001, -0.0001, -0.0001, -0.0001, -0.0001, -0.0001, -0.0001, -0.0001, -0.0001, -0.0001, -0.0001, -0.0004, -0.0001, -0.0001, -0.0, -0.0, -0.0, -0.0, 0.0005, 0.0, -0.0, -0.0, -0.0, -0.0, -0.0, -0.0, -0.0, -0.0, -0.0, -0.0, -0.0, -0.0, -0.0, -0.0, -0.0, 0.0, 0.0, -0.0001, -0.0001, -0.0001, -0.0001, -0.0001, -0.0001, -0.0001, -0.0001, -0.0001, -0.0001, -0.0001, -0.0001, -0.0001, -0.0001, -0.0001, 0.0042, -0.0001, -0.0001, -0.0001, -0.0001]",0.0
2026-07-03_22-54-22.mp4,1,120.0,15.0,0.0,motion,0.0,0.0,0.0,0.0,0.0,0.417,1.525,0.642,0.1398,0.108,0.0262,,"[0.0002, 0.0017, -0.0003, -0.0003, -0.0003, -0.0003, -0.0002, -0.0002, -0.0002, -0.0002, -0.0002, -0.0002, -0.0001, -0.0001, -0.0001, -0.0001, -0.0001, 0.0, 0.0, 0.0, 0.0, 0.0, 0.0, 0.0, -0.0001, -0.0001, -0.0001, -0.0001, -0.0001, -0.0001, -0.0001, -0.0001, -0.0001, -0.0001, -0.0003, -0.0001, -0.0001, -0.0001, -0.0001, 0.0017, 0.0004, -0.0, -0.0001, -0.0001, -0.0001, -0.0001, -0.0001, -0.0001, -0.0001, -0.0001, -0.0003, 0.0004, -0.0001, -0.0001, 0.0003, -0.0004, -0.0, -0.0, -0.0, 0.0004, -0.0, -0.0, -0.0, -0.0, -0.0, -0.0, -0.0, -0.0, 0.0003, -0.0, -0.0, -0.0, -0.0, -0.0, -0.0, -0.0, -0.0, -0.0, -0.0, -0.0, -0.0, -0.0, -0.0, -0.0, 0.0, -0.0002, 0.0, 0.0, 0.0, 0.0, 0.0, 0.0, 0.0, 0.0, 0.0, 0.0, 0.0, 0.0, 0.0, 0.0, 0.0, 0.0, 0.0, 0.0, 0.0, 0.0, 0.0, 0.0, 0.0, 0.0, 0.0, 0.0, 0.0, 0.0, 0.0, 0.0, 0.0, 0.0, 0.0]",0.0
2026-07-04_08-02-29.mp4,1,120.0,15.0,0.0,motion,0.0,0.0,0.0,0.0,0.0,0.2189,1.78,0.315,0.219,99.0,0.0689,,"[-0.0198, -0.0879, 0.174, 0.0126, 0.1354, 0.0104, 0.0092, 0.0081, -0.1123, 0.0063, 0.0047, 0.0036, 0.0024, -0.0013, 0.0041, 0.0002, -0.0022, -0.0057, 0.0236, -0.0075, 0.0041, 0.0041, 0.0041, 0.0041, -0.0068, 0.0002, 0.0002, 0.0002, 0.0025, 0.0024, 0.0043, 0.0024, 0.0024, -0.0192, 0.0031, 0.0029, 0.0002, 0.0002, 0.0002, 0.0002, -0.0, -0.0, -0.0002, -0.0665, -0.0, 0.005, -0.0017, -0.0017, -0.0001, -0.0008, -0.0008, 0.0821, -0.0009, -0.0008, -0.0008, -0.0008, -0.0008, 0.0045, -0.1158, 0.1075, 0.0508, -0.0029, -0.0029, -0.0512, -0.0029, -0.0029, -0.0029, -0.0002, -0.0002, -0.0002, -0.0002, -0.0002, -0.0002, -0.0, -0.0037, -0.0002, 0.0016, 0.0016, 0.0016, 0.0, 0.0, 0.0, 0.0, 0.0, 0.0, 0.0, 0.0, 0.0, 0.0, 0.0, 0.0, 0.0, 0.0, -0.0001, -0.0036, -0.0036, -0.0036, -0.0036, -0.0036, -0.0036, -0.0034, -0.0034, -0.0034, -0.0034, -0.0034, -0.0034, -0.0034, -0.0034, -0.0008, 0.1051, -0.0034, -0.0034, -0.0034, -0.0034, -0.0034, -0.0093, -0.0034, -0.0034, -0.0034]",0.0
2026-07-02_21-22-23.mp4,1,120.0,15.0,0.0,motion,0.0,0.0,0.0,0.0,0.0,0.1433,1.78,0.137,0.1071,1.795,0.0127,,"[-0.3627, 0.8177, 0.2388, 0.1816, -0.0362, 0.9654, 0.0579, 0.1357, 0.1653, 0.151, 0.5687, 0.4227, -0.5869, 0.3248, 0.0566, -0.597, 0.3233, -0.0163, -0.0151, 0.0092, -0.0086, -0.0351, -0.0108, -0.0094, -0.0122, -0.0115, 0.0235, 0.0315, -0.0064, 0.0019, 0.0038, -0.0151, -0.0036, -0.0036, -0.0035, -0.0026, -0.0019, 0.027, -0.0047, -0.0047, -0.0047, -0.0047, -0.0041, -0.0035, -0.0012, 0.0216, 0.0043, 0.0042, 0.0042, 0.0041, 0.0041, 0.004, 0.004, 0.0652, 0.0054, 0.0053, 0.0053, 0.0052, 0.0052, -0.0476, -0.1892, 0.0067, 0.0066, 0.0061, 0.0027, 0.0028, 0.0028, 0.0027, 0.0027, 0.0046, 0.0046, 0.0046, 0.0046, 0.0027, 0.0027, 0.001, -0.0053, -0.0053, 0.0109, 0.098, -0.0118, -0.0068, -0.0055, -0.007, -0.007, -0.0069, -0.0068, -0.0068, 0.0509, -0.0064, -0.0064, -0.0064, -0.0064, -0.0063, 0.024, -0.0029, -0.0031, -0.0031, -0.003, -0.003, -0.003, -0.0061, -0.0026, -0.0026, -0.0008, -0.0008, -0.0008, -0.0008, -0.0008, -0.0008, 0.0002, 0.0002, 0.0002, 0.0002, 0.0001, 0.0001, 0.0001, 0.0, 0.0]",0.0
2026-07-05_22-26-07.mp4,1,120.0,15.0,0.0,motion,0.0,0.0,0.0,0.0,0.0,0.3123,2.034,0.697,0.2277,5.213,0.1826,,"[0.0, 0.0, -0.0001, -0.0, -0.0, 0.0, 0.0001, -0.0, -0.0001, 0.0001, -0.0001, 0.0, 0.0001, 0.0001, -0.0001, -0.0, -0.0001, 0.0, -0.0001, -0.0, -0.0001, 0.0, -0.0, 0.0, -0.0001, 0.0001, 0.0, -0.0, -0.0, 0.0001, -0.0, 0.0, 0.0, 0.0001, -0.0003, 0.0, -0.0001, 0.0, -0.0001, 0.0001, 0.0, -0.0004, -0.0002, 0.0001, -0.0, 0.0001, 0.0001, -0.0001, 0.0001, -0.0, 0.0001, 0.0, -0.0, 0.0, 0.0001, -0.0, 0.0, -0.0001, 0.0001, 0.0001, -0.0, -0.0, -0.0, -0.0, -0.0001, -0.0001, 0.0001, 0.0, 0.0, 0.0001, -0.0, -0.0001, -0.0004, 0.0002, -0.0, 0.0001, 0.0, -0.0001, 0.0, 0.0, 0.0002, 0.0, -0.0001, -0.0, -0.0, 0.0, -0.0, 0.0001, 0.0, 0.0, -0.0, -0.0001, -0.0001, -0.0, 0.0, 0.0001, 0.0, 0.0, -0.0, -0.0002, 0.0002, 0.0, -0.0, 0.0001, -0.0, -0.0, 0.0002, -0.0001, 0.0, -0.0001, -0.0002, -0.0, 0.0, 0.0, 0.0001, -0.0002, 0.0002, 0.0, -0.0]",0.0
2026-07-06_17-45-54.mp4,1,58.0,15.0,0.103,motion,0.0,0.0,0.0,0.0,0.0,0.6217,0.789,0.627,0.2924,3.04,0.2933,,"[0.0006, -0.0004, -0.0015, -0.0, 0.0, 0.0001, 0.0001, 0.0002, 0.0002, 0.0002, 0.0002, 0.0001, 0.0001, 0.002, 0.0002, -0.0013, -0.0044, -0.0074, 0.0003, -0.0006, -0.0008, 0.0005, 0.0003, 0.0005, 0.0005, 0.0023, 0.004, 0.0011, -0.0004, 0.0005, 0.0002, 0.0002, -0.0001, -0.0003, -0.0016, -0.0003, -0.0004, -0.0004, -0.0004, -0.0004, -0.0019, 0.0011, -0.0013, -0.0002, -0.0002, 0.003, 0.0018, 0.0022, 0.0007, -0.001, -0.0005, -0.0001, -0.0002, -0.0003, 0.0007, 0.0004, -0.0003]",0.0
2026-07-23_16-33-05.mp4,1,120.0,15.0,0.0,motion,0.0,0.0,0.0,0.0,0.0,0.3464,2.542,0.4,0.395,0.279,0.0303,,"[0.0, 0.0003, 0.0005, -0.0001, -0.0, -0.0, -0.0001, -0.0001, -0.0, -0.0, -0.0006, 0.0003, -0.0, -0.0002, -0.0, -0.0003, 0.0, 0.0, 0.0, 0.0, 0.0, 0.0, 0.0, 0.0, 0.0, 0.0, 0.0, 0.0, 0.0, 0.0, 0.0, 0.0, 0.0, 0.0, 0.0, 0.0, 0.0, 0.0, -0.0003, 0.0, 0.0, 0.0, 0.0, 0.0, -0.0, -0.0, 0.0, 0.0, 0.0, 0.0, 0.0, 0.0001, 0.0001, 0.0, -0.0, -0.0, -0.0, -0.0, -0.0, 0.0001, -0.0, -0.0001, -0.0, -0.0, -0.0, -0.0, -0.0, -0.0, -0.0, -0.0, -0.0, -0.0, -0.0, -0.0, -0.0, 0.0, 0.0, 0.0001, 0.0, 0.0001, 0.0, 0.0, 0.0, 0.0, -0.0, 0.0, 0.0, -0.0, -0.0001, 0.0, 0.0, 0.0, 0.0, -0.0002, -0.0001, 0.0, 0.0, 0.0, -0.0, -0.0001, -0.0, 0.0, 0.0, 0.0, 0.0, 0.0, 0.0, 0.0, 0.0, 0.0, 0.0, 0.0, 0.0, 0.0, 0.0, 0.0, -0.0002, 0.0, 0.0]",0.0
2026-07-13_23-17-22.mp4,1,120.0,15.0,0.0,motion,0.0,0.0,0.0,0.0,0.0,0.2971,1.017,0.405,0.2707,1.398,0.0702,,"[-0.0002, 0.0009, -0.0004, -0.0004, -0.0, 0.0032, 0.0002, -0.0001, -0.0004, -0.0006, -0.0004, 0.0004, 0.0005, 0.0009, -0.0005, -0.0005, -0.0005, -0.0001, -0.0004, -0.0001, -0.0005, -0.0005, -0.0004, 0.0004, -0.0003, -0.0007, 0.0019, 0.0007, 0.0007, 0.0004, 0.0002, -0.0006, -0.0004, -0.0, -0.0003, -0.0001, -0.0002, -0.0003, -0.0003, 0.0004, 0.0007, 0.0003, -0.0001, -0.0, 0.0001, -0.0001, -0.0, 0.0, 0.0, 0.0004, 0.0002, 0.0, -0.0001, 0.0003, 0.0016, -0.004, -0.0001, -0.0002, 0.0001, 0.0003, 0.0003, -0.0004, 0.0, -0.0, 0.0001, 0.0001, -0.0, -0.0, 0.0, 0.0, 0.0001, -0.0, 0.0, 0.0002, -0.0, 0.0001, 0.0, 0.0001, 0.0, 0.0, -0.0, -0.0, 0.0002, 0.0, -0.0, -0.0, -0.0, -0.0, -0.0, -0.0003, -0.0001, -0.0, -0.0, 0.0, 0.0, -0.0, -0.0003, 0.0003, 0.0, 0.0004, 0.0, 0.0, -0.0, 0.0001, 0.0002, 0.0002, 0.0002, 0.0002, 0.0003, 0.0002, 0.0007, -0.0, -0.001, 0.0021, 0.0003, 0.0013, 0.0, 0.0004, -0.0007]",0.0
2026-07-11_22-39-24.mp4,1,120.0,15.0,0.0,motion,0.0,0.0,0.0,0.0,0.0,0.3504,2.034,0.586,0.2725,0.001,0.0002,,"[0.0002, -0.0008, -0.0007, -0.0007, -0.0004, -0.0002, -0.0003, -0.0002, -0.0002, -0.0002, -0.0002, -0.0002, -0.0001, 0.0004, 0.0026, -0.0001, -0.0001, -0.0001, -0.0001, -0.0001, -0.0001, -0.0001, 0.0, -0.0001, -0.0001, -0.0001, -0.0001, -0.0001, -0.0001, -0.0001, -0.0, 0.0, -0.0003, 0.0, 0.0, -0.0004, -0.0, 0.0002, -0.0, -0.0, -0.0, -0.0, 0.0004, -0.0, -0.0, 0.0002, -0.0001, -0.0003, -0.0002, 0.0001, 0.0004, -0.0, -0.0, -0.0, -0.0, -0.0, -0.0, -0.0, -0.0, 0.0001, -0.0, -0.0, -0.0, -0.0, -0.0, -0.0, -0.0, -0.0, -0.0, -0.0, -0.0, -0.0, -0.0, -0.0, -0.0, 0.0, 0.0, 0.0, 0.0, 0.0, 0.0, 0.0, 0.0, 0.0, 0.0, 0.0, 0.0, 0.0, 0.0, 0.0, 0.0, 0.0, 0.0, 0.0, 0.0, 0.0, 0.0, 0.0, 0.0, 0.0, 0.0, 0.0, 0.0, 0.0, 0.0, 0.0, 0.0, 0.0, 0.0, 0.0, 0.0, 0.0, 0.0, 0.0, 0.0, 0.0, 0.0, 0.0, 0.0]",0.0
2026-07-07_12-25-40.mp4,1,120.0,15.0,0.0,motion,0.0,0.0,0.0,0.0,0.0,0.3159,2.542,0.438,0.3133,0.0,0.0,,"[0.0, 0.0007, -0.0001, -0.0001, -0.0001, -0.0001, -0.0001, -0.0, -0.0, -0.0002, -0.0, -0.0, -0.0, -0.0, -0.0, -0.0, -0.0, 0.0, 0.0, 0.0, 0.0, 0.0, 0.0, 0.0, 0.0, 0.0, 0.0, 0.0, 0.0, 0.0, 0.0, 0.0, 0.0, 0.0, 0.0, 0.0, 0.0, 0.0, 0.0, 0.0, 0.0, 0.0, 0.0, 0.0, 0.0, 0.0, 0.0, 0.0, 0.0, 0.0, 0.0, 0.0, 0.0, 0.0, 0.0, 0.0, 0.0, 0.0, 0.0, -0.0002, 0.0, 0.0, 0.0, 0.0, 0.0, 0.0, 0.0, 0.0, 0.0, 0.0, 0.0, 0.0, 0.0, 0.0, 0.0001, -0.0, -0.0, -0.0, -0.0, -0.0, -0.0, -0.0, -0.0, -0.0, -0.0, -0.0, -0.0, -0.0, -0.0, -0.0, 0.0, 0.0, 0.0, 0.0, 0.0, 0.0, 0.0, 0.0, 0.0, 0.0, 0.0, 0.0, 0.0, 0.0, 0.0, 0.0, 0.0, 0.0, 0.0, 0.0, 0.0, 0.0, 0.0, 0.0, 0.0, 0.0, 0.0, 0.0, 0.0]",0.0
2026-07-17_13-14-46.mp4,1,120.0,15.0,0.1,motion,0.0,0.0,0.0,0.0,0.0,0.4059,0.763,0.0,0.3771,99.0,0.0,,"[0.0068, 0.0055, 0.0054, 0.0035, 0.0062, -0.112, -0.0704, 0.004, 0.005, 0.0065, 0.0065, 0.0065, 0.0066, 0.0065, 0.0078, 0.0116, 0.012, 0.0182, 0.0182, 0.0181, 0.0181, 0.0142, 0.0118, 0.0116, 0.0116, 0.0116, 0.0116, 0.0117, 0.0144, -0.0283, -0.1061, -0.0011, -0.1807, 0.0113, 0.0116, 0.0116, 0.0116, 0.0117, 0.0117, 0.0116, 0.0117, 0.0116, 0.0116, 0.0115, 0.0117, 0.0104, 0.0063, 0.0063, -0.0006, 0.0001, 0.0001, 0.0001, 0.0001, 0.0, 0.0004, -0.0003, 0.0003, 0.0, 0.0, 0.0001, 0.0, 0.0, 0.0, 0.0001, -0.0, -0.0, -0.0, -0.0001, 0.0, -0.0, -0.0, -0.0001, -0.0002, 0.0, -0.0, -0.0, -0.0, 0.0, 0.0, 0.0, 0.0, 0.0, 0.0, 0.0, 0.0, 0.0, -0.0, 0.0, 0.0, 0.0, 0.0, -0.0, 0.0, -0.0, 0.0, 0.0, 0.0, -0.0, 0.0, 0.0, 0.0, -0.0, 0.0, 0.0, 0.0, -0.0, 0.0, 0.0, 0.0, -0.0001, 0.0, 0.0, -0.0, 0.0, 0.0, 0.0, -0.0, 0.0, 0.0]",0.0
2026-07-18_15-18-44.mp4,1,120.0,15.0,0.0,motion,0.0,0.0,0.0,0.0,0.0,0.4125,2.797,0.112,0.4018,0.133,0.0054,,"[-0.0, -0.0001, 0.0, 0.0001, -0.0, -0.0, -0.0, 0.0, -0.0, 0.0001, -0.0, -0.0001, 0.0001, 0.0, 0.0003, -0.0, -0.0, -0.0001, -0.0, -0.0, -0.0, 0.0, -0.0, -0.0, -0.0, -0.0, -0.0, -0.0, -0.0, 0.0001, 0.0, 0.0, -0.0, 0.0, 0.0, 0.0, -0.0, -0.0, -0.0, -0.0, -0.0, -0.0, -0.0, -0.0, -0.0, 0.0, -0.0, -0.0, -0.0, -0.0, 0.0, 0.0001, -0.0, -0.0, -0.0, -0.0, -0.0, 0.0, -0.0, 0.0, -0.0001, 0.0, 0.0, -0.0, -0.0, -0.0, -0.0, 0.0, 0.0, 0.0, 0.0, 0.0, 0.0, 0.0, 0.0, 0.0, -0.0, 0.0, 0.0, 0.0, 0.0, 0.0, -0.0, 0.0, 0.0, 0.0, 0.0, 0.0, 0.0, 0.0, 0.0, 0.0, 0.0, 0.0, 0.0, 0.0, 0.0, -0.0, -0.0, 0.0, 0.0, 0.0, 0.0, 0.0, 0.0, 0.0, 0.0, 0.0, 0.0, 0.0, 0.0, 0.0, 0.0, 0.0, -0.0, -0.0, -0.0002, 0.0, 0.0]",0.0
2026-07-21_15-03-41.mp4,1,120.0,15.0,0.0,motion,0.0,0.0,0.0,0.0,0.0,0.423,2.288,0.545,0.3493,0.012,0.0028,,"[0.0, 0.0002, -0.0001, -0.0001, 0.0003, -0.0001, -0.0001, -0.0001, -0.0001, -0.0001, -0.0001, 0.0003, 0.0005, -0.0001, 0.0001, -0.0003, -0.0, -0.0, -0.0, -0.0, -0.0, -0.0, -0.0, -0.0, -0.0001, -0.0, -0.0, 0.0, -0.0002, -0.0001, 0.0, 0.0, 0.0, 0.0, 0.0, 0.0, 0.0, 0.0, 0.0, 0.0, 0.0, 0.0, 0.0, 0.0, 0.0, 0.0, 0.0, 0.0, 0.0, -0.0, -0.0, -0.0, -0.0, -0.0, -0.0, -0.0, -0.0, -0.0, -0.0, -0.0002, -0.0, -0.0, -0.0, -0.0, 0.0002, -0.0, -0.0, -0.0, -0.0, -0.0, -0.0, -0.0, -0.0, -0.0, -0.0, -0.0, -0.0, -0.0, -0.0, -0.0, -0.0, -0.0, -0.0, -0.0, -0.0, -0.0, -0.0, -0.0, -0.0, -0.0, -0.0, -0.0, -0.0001, 0.0001, 0.0001, 0.0001, -0.0, -0.0, -0.0, -0.0, -0.0, -0.0, -0.0, -0.0, -0.0, -0.0, -0.0, -0.0, -0.0, -0.0, -0.0, 0.0, 0.0, 0.0, 0.0, 0.0, 0.0, 0.0, 0.0]",0.0
2026-07-01_23-35-02.mp4,1,120.0,15.0,0.0,motion,0.0,0.0,0.0,0.0,0.0,0.1979,1.525,0.285,0.4473,0.087,0.0045,,"[0.0, 0.0, 0.0, 0.0, 0.0, 0.0, 0.0, -0.0, -0.0001, 0.0, 0.0, 0.0, 0.0, 0.0, 0.0, 0.0, 0.0, 0.0, -0.0, 0.0, 0.0, 0.0, 0.0, 0.0, 0.0, 0.0, 0.0, 0.0, 0.0, 0.0, 0.0, 0.0, -0.0, -0.0, 0.0, 0.0, 0.0, -0.0, 0.0, 0.0, 0.0, 0.0, -0.0, 0.0, 0.0, 0.0, 0.0, -0.0, 0.0, -0.0, 0.0, 0.0, 0.0, -0.0, -0.0, -0.0, -0.0, -0.0, -0.0, -0.0, -0.0, 0.0, 0.0, -0.0, 0.0, 0.0, 0.0, 0.0, 0.0001, 0.0, 0.0, 0.0, -0.0, -0.0, 0.0001, -0.0001, -0.0001, 0.0001, 0.0, -0.0, 0.0, 0.0, 0.0, -0.0001, 0.0, -0.0, 0.0, 0.0, -0.0, 0.0, 0.0, 0.0, -0.0, 0.0, 0.0, 0.0, 0.0, 0.0, 0.0, 0.0, 0.0, 0.0, 0.0, 0.0, -0.0, -0.0, 0.0, -0.0, -0.0, -0.0, -0.0, -0.0, -0.0, -0.0, 0.0, -0.0, -0.0, -0.0, -0.0]",0.0
2026-07-14_14-16-02.mp4,1,120.0,15.0,0.092,motion,0.0,0.0,0.0,0.0,0.0,0.3342,1.271,0.641,0.4333,0.059,0.012,,"[0.0003, 0.0022, 0.0008, 0.0044, 0.003, 0.0022, -0.0004, -0.0005, -0.0009, -0.0031, -0.0009, -0.0039, -0.0071, -0.0006, -0.003, -0.0015, -0.0005, -0.0007, 0.004, -0.001, -0.0009, 0.0006, 0.0017, 0.0108, -0.0013, -0.0014, -0.0014, -0.0037, -0.0005, -0.0017, -0.0022, -0.0011, 0.0004, 0.005, 0.0067, -0.0013, -0.0021, 0.0121, -0.002, -0.0016, -0.0021, -0.0019, -0.0022, -0.0022, -0.0023, 0.0114, -0.0024, -0.0023, -0.0022, -0.002, -0.0017, -0.0017, -0.0002, -0.0011, -0.0011, 0.0171, -0.0007, -0.0004, -0.0001, 0.0016, 0.0035, -0.0003, 0.0005, 0.0005, 0.0005, 0.0006, 0.0008, -0.0027, 0.0009, 0.0009, -0.0049, -0.0063, -0.005, -0.0079, -0.002, -0.0, 0.0019, 0.0025, 0.0021, 0.0005, 0.0006, -0.0039, 0.0019, 0.0012, 0.001, 0.0019, -0.0014, 0.0002, -0.0004, 0.0021, 0.0008, -0.0008, -0.0023, -0.0022, 0.0009, -0.0012, -0.0023, 0.0004, -0.0004, 0.0008, 0.0005, 0.0018, 0.0016, 0.0002, 0.0001, 0.0008, -0.0009, 0.0012, 0.0006, -0.0, -0.0001, 0.0001, -0.0002, 0.0002, 0.0002, -0.0001, -0.0002, -0.0004, 0.0001]",0.0
2026-07-12_21-19-03.mp4,1,120.0,15.0,0.0,motion,0.0,0.0,0.0,0.0,0.0,0.375,2.797,0.217,0.3183,4.349,0.0661,,"[0.0, -0.0008, 0.0001, 0.0002, 0.0, 0.0, 0.0, -0.0002, 0.0, 0.0, 0.0, 0.0, 0.0, 0.0, -0.0001, 0.0, 0.0, 0.0, 0.0, 0.0, 0.0, 0.0, 0.0, 0.0, 0.0, 0.0, 0.0001, 0.0, 0.0, 0.0, 0.0, 0.0, 0.0, 0.0, 0.0, 0.0, -0.0003, 0.0, -0.0, 0.0, -0.0, 0.0, 0.0, -0.0005, 0.0, 0.0, 0.0, 0.0, 0.0, 0.0, 0.0, 0.0001, 0.0, 0.0, 0.0, 0.0, 0.0, 0.0, 0.0, 0.0, -0.0, -0.0, -0.0, -0.0, -0.0, -0.0, -0.0008, -0.0001, -0.0, 0.0, -0.0, 0.0, 0.0, 0.0, 0.001, 0.0, -0.0, -0.0, -0.0, 0.0, 0.0, 0.0003, -0.0001, 0.0, 0.0001, 0.0001, -0.0003, 0.0001, 0.0001, 0.0001, 0.0001, 0.0011, 0.0002, -0.0, -0.0012, 0.0001, 0.0002, 0.0004, 0.0002, -0.0039, -0.0001, 0.0003, 0.0002, 0.0, 0.0002, 0.0003, 0.0001, 0.0008, 0.0003, 0.0009, 0.0003, -0.0002, -0.0, -0.0004, 0.0001, -0.0013, -0.0005, -0.0003, 0.0001]",0.0
2026-07-22_12-09-09.mp4,1,120.0,15.0,0.0,motion,0.0,0.0,0.0,0.0,0.0,0.481,0.763,0.557,0.4159,0.135,0.0319,,"[0.0067, 0.0055, -0.0105, -0.0213, -0.0219, -0.0231, -0.0195, -0.0217, -0.0218, -0.0227, -0.023, -0.0375, -0.0604, -0.0555, -0.0209, -0.1309, 0.0164, 0.4737, 0.3121, 0.0247, -0.0049, -0.0072, -0.01, -0.0109, -0.0114, -0.0096, -0.0104, -0.0107, -0.0136, -0.0298, -0.0362, -0.2315, -0.0202, -0.1464, -0.1292, 0.0074, 0.0879, 0.0776, 0.0426, 0.0224, -0.0288, 0.0133, 0.0177, 0.0658, 0.071, 0.0807, 0.1059, -0.0496, -0.0136, 0.0197, 0.0181, 0.0453, 0.0087, 0.0123, -0.0623, 0.0112, -0.0862, -0.1358, 0.1147, -0.0677, -0.1804, -0.1506, -0.1783, 0.0952, 0.0347, -0.0375, -0.1001, 0.0993, 0.3981, 0.1028, 0.0643, -0.2815, 0.2013, 0.047, 0.0022, 0.0016, -0.0213, -0.0549, -0.0762, -0.1092, -0.1053, -0.0796, 0.0664, -0.0139, -0.0527, 0.0326, 0.0754, 0.0464, 0.1543, 0.1251, 0.0401, -0.0417, -0.167, -0.0223, -0.0522, -0.122, -0.081, -0.0201, 0.2579, 0.1869, 0.1483, -0.1688, -0.0176, 0.1129, -0.0044, 0.0029, -0.017, 0.0096, -0.0881, -0.4193, 0.4905, -0.1597, 0.0943, 0.0789, 0.0776, 0.1327, -0.1111, 0.0542, -0.0447]",0.0
2026-07-03_12-52-49.mp4,1,120.0,15.0,0.0,motion,0.0,0.0,0.0,0.0,0.0,0.2154,0.763,0.423,0.3145,0.628,0.0352,,"[-0.0004, -0.0012, 0.0009, 0.0007, 0.0011, 0.003, 0.0045, 0.0033, 0.0037, -0.0004, -0.0007, -0.0009, 0.0001, -0.0004, -0.0004, -0.0008, -0.0001, -0.0006, -0.0066, -0.0014, -0.0002, -0.0002, -0.0014, -0.0, -0.0003, -0.0009, -0.0009, 0.0006, 0.0021, 0.0003, -0.0004, 0.001, 0.0011, 0.0015, 0.0001, 0.0001, -0.0002, -0.0004, 0.0009, 0.0, -0.0001, -0.0015, -0.0007, -0.0004, -0.0001, -0.0005, -0.0007, -0.0003, -0.0006, -0.0007, -0.0004, 0.0001, -0.0005, -0.0004, -0.0005, -0.0008, 0.0006, 0.0024, 0.0025, -0.0063, 0.0121, 0.0011, 0.0001, 0.0002, -0.0007, -0.0004, -0.0015, -0.0004, -0.0004, -0.0011, -0.0001, -0.0012, 0.0003, -0.0014, 0.0004, -0.0005, -0.0004, -0.0001, -0.0006, -0.0004, -0.0004, -0.0002, -0.0005, -0.0004, 0.0015, 0.0021, -0.0034, -0.0007, -0.0012, -0.0009, -0.001, -0.001, 0.0022, 0.0032, 0.0022, -0.0002, -0.001, -0.0003, -0.0002, 0.0019, 0.0014, 0.0017, 0.0008, 0.002, -0.001, 0.0006, 0.0004, -0.0007, -0.0008, -0.0006, -0.0003, -0.0001, -0.0011, 0.0004, 0.0002, -0.0042, -0.0007, -0.0022, 0.0003]",0.0
2026-07-07_05-50-32.mp4,1,96.0,15.0,0.5,lips,0.4892,0.763,1.25,0.637,0.0353,0.3473,2.542,0.631,0.388,0.024,0.0074,"[0.131, -1.0, 0.153, -1.0, -1.0, 0.104, -1.0, 0.138, -1.0, 0.127, -1.0, 0.159, -1.0, -1.0, -1.0, 0.134, -1.0, -1.0, 0.108, -1.0, 0.076, 0.073, -1.0, 0.127, 0.081, -1.0, 0.064, -1.0, 0.067, -1.0, 0.072, -1.0, 0.06, -1.0, 0.064, -1.0, 0.058, 0.074, -1.0, 0.07, 0.093, 0.051, -1.0, 0.086, -1.0, 0.105, -1.0, 0.118, -1.0, 0.132, -1.0, -1.0, -1.0, 0.136, -1.0, 0.129, -1.0, 0.125, -1.0, 0.122, -1.0, 0.145, -1.0, 0.17, -1.0, 0.179, -1.0, 0.179, -1.0, 0.154, -1.0, 0.157, -1.0, 0.166, -1.0, 0.142, -1.0, 0.139, -1.0, 0.102, -1.0, 0.107, -1.0, 0.134, -1.0, 0.135, -1.0, 0.134, -1.0, 0.149, -1.0, 0.146, -1.0, 0.146, -1.0, 0.149]","[-0.0002, 0.0002, 0.0001, 0.0001, 0.0001, 0.0001, 0.0003, 0.0002, 0.0002, 0.0002, 0.0001, 0.0001, 0.0001, 0.0001, 0.0002, 0.0001, 0.0, 0.0001, 0.0001, 0.0, 0.0001, -0.0019, 0.0001, 0.0002, 0.0001, 0.0, 0.0002, -0.001, 0.0001, 0.0001, 0.0001, 0.0001, 0.0, 0.0001, 0.0001, 0.0001, 0.0001, -0.0, -0.0, -0.0, -0.0, -0.0, -0.0001, 0.001, -0.0, -0.0, -0.0001, -0.0001, -0.0002, -0.0001, -0.0001, -0.0001, -0.0002, -0.0001, 0.0012, -0.0001, -0.0001, -0.0001, -0.0001, 0.0004, 0.0001, 0.0008, -0.0, -0.0001, -0.0001, -0.0001, -0.0001, -0.0001, -0.0001, -0.0001, -0.0001, 0.0, -0.0001, -0.0001, -0.0001, -0.0, -0.0, -0.0, 0.0, -0.0, 0.0001, 0.0001, -0.0, -0.0, -0.0, -0.0, -0.0, -0.0, -0.0, -0.0, -0.0, -0.0, -0.0, -0.0, -0.0]",0.0
2026-07-13_12-33-12.mp4,1,120.0,15.0,0.017,motion,0.0,0.0,0.0,0.0,0.0,0.4047,1.78,0.672,0.1233,5.151,0.2277,,"[-0.0001, -0.0001, -0.0001, -0.0001, -0.0001, 0.0, -0.0001, -0.0001, -0.0001, 0.0001, -0.0001, -0.0001, 0.0003, 0.0013, 0.0009, -0.0002, 0.0001, 0.0001, 0.0001, 0.0002, 0.0002, 0.0002, -0.0005, 0.0002, 0.0001, 0.0001, 0.0001, -0.0032, 0.0004, -0.0001, -0.0006, -0.0004, 0.0, -0.0027, 0.0003, 0.0004, -0.0, 0.0002, 0.0003, 0.0022, 0.0001, 0.0018, 0.0005, -0.0007, 0.0006, -0.0005, -0.0015, 0.001, 0.0006, -0.0002, -0.001, -0.0004, -0.001, -0.0005, -0.0008, 0.0012, -0.002, 0.0015, 0.0013, 0.0008, -0.0004, -0.0, -0.0004, -0.0001, -0.0001, 0.004, 0.0041, 0.0015, 0.0002, -0.0059, -0.0013, 0.0003, -0.0001, 0.0003, 0.0002, 0.0001, 0.0002, 0.0001, 0.0002, 0.0003, 0.0004, -0.0034, -0.0018, 0.0017, 0.0005, -0.0043, 0.0017, 0.0002, -0.0012, 0.0003, 0.0001, 0.0, -0.0001, 0.0001, 0.0001, 0.0008, 0.0006, -0.0, 0.0003, -0.0, -0.0, -0.0003, -0.0001, -0.001, -0.0002, 0.0056, 0.0019, 0.0038, -0.0072, -0.0009, 0.0013, -0.0004, -0.0003, -0.0006, -0.0009, 0.0003, -0.0001, 0.0009, -0.0002]",0.0
2026-07-10_12-40-45.mp4,1,120.0,15.0,0.0,motion,0.0,0.0,0.0,0.0,0.0,0.2637,2.034,0.349,0.2709,0.732,0.0389,,"[0.0, -0.0, 0.0001, 0.0, -0.0, -0.0, -0.0, -0.0, -0.0, -0.0, -0.0, -0.0, -0.0, -0.0, -0.0, -0.0, -0.0, -0.0, 0.0, 0.0, -0.0, 0.0, 0.0, 0.0, 0.0, -0.0001, 0.0, 0.0, 0.0, 0.0, 0.0, -0.0, 0.0, 0.0, 0.0, 0.0, -0.0, 0.0, 0.0, 0.0, 0.0, -0.0, 0.0, -0.0, -0.0, 0.0, 0.0, -0.0001, -0.0, -0.0, 0.0001, -0.0, -0.0001, -0.0, 0.0, -0.0001, 0.0, 0.0001, -0.0, -0.0, 0.0, -0.0001, -0.0, -0.0, -0.0, -0.0, -0.0, -0.0, -0.0, -0.0, -0.0, -0.0, -0.0, 0.0, 0.0, -0.0, 0.0, -0.0, -0.0, -0.0, -0.0, -0.0, -0.0, -0.0, -0.0, -0.0, -0.0, 0.0, -0.0, 0.0, 0.0, 0.0, 0.0, 0.0, 0.0, 0.0, 0.0, 0.0, 0.0, 0.0, 0.0, 0.0, -0.0, 0.0, 0.0, -0.0, 0.0, 0.0, 0.0, 0.0, 0.0, 0.0, 0.0, 0.0, 0.0, 0.0, 0.0, 0.0, -0.0]",0.0
2026-07-22_02-36-40.mp4,1,120.0,15.0,0.0,motion,0.0,0.0,0.0,0.0,0.0,0.7894,2.288,0.823,0.5271,99.0,0.6449,,"[-0.0007, -0.0043, 0.0022, -0.0059, -0.0071, -0.0022, 0.0317, 0.0337, 0.0027, -0.0275, -0.0434, -0.0418, -0.0096, 0.0327, 0.0694, -0.0014, -0.0011, -0.0379, -0.0064, 0.0214, 0.0146, -0.0016, -0.0005, -0.0277, 0.0022, -0.0001, -0.0032, -0.0045, 0.0188, -0.0016, 0.0, -0.007, -0.0149, -0.0004, 0.0079, 0.0109, -0.0011, -0.0028, -0.0436, -0.0035, 0.0387, 0.0498, -0.0028, -0.0041, -0.0685, 0.0175, -0.0022, 0.0244, -0.0188, -0.0226, 0.0015, 0.0367, 0.038, -0.0008, -0.0161, -0.0353, 0.0069, -0.0063, 0.0346, 0.0006, -0.0175, -0.0339, -0.0077, 0.0295, 0.0265, -0.0106, -0.0066, -0.0631, -0.0592, 0.0328, 0.0641, 0.0781, 0.023, -0.0475, -0.0518, -0.0098, 0.0317, 0.0406, 0.0288, -0.0109, -0.053, -0.0446, 0.0158, 0.0109, 0.0177, 0.01, -0.0659, -0.1162, 0.0182, 0.0665, 0.061, 0.0423, -0.0039, -0.038, 0.0099, 0.1421, 0.0745, 0.0425, -0.0664, -0.055, -0.0914, 0.0001, 0.0352, 0.0249, 0.03, -0.0012, -0.1047, -0.0932, -0.0189, 0.0241, 0.0454, 0.0088, 0.0105, -0.0203, -0.0202, 0.0188, 0.0198, 0.0305, -0.0015]",0.0
2026-07-07_11-11-11.mp4,1,120.0,15.0,0.0,motion,0.0,0.0,0.0,0.0,0.0,0.2069,2.797,0.0,0.4027,99.0,0.0,,"[0.0003, 0.0001, 0.0023, -0.0031, -0.0012, -0.0001, -0.0006, -0.0015, -0.0002, -0.001, 0.0002, 0.0001, 0.0002, 0.0002, 0.0007, 0.0002, 0.0002, 0.0003, 0.0002, 0.0001, 0.0001, 0.0, 0.0, -0.0, -0.0, -0.0001, -0.0001, -0.0001, -0.0001, 0.0003, -0.0001, -0.0001, 0.0003, -0.0001, -0.0001, 0.0002, 0.0003, -0.0001, -0.0001, -0.0001, -0.0001, -0.0001, -0.0001, -0.0001, -0.0003, 0.0006, -0.0017, -0.0017, -0.0017, -0.0017, -0.0017, -0.0013, -0.0018, -0.0018, -0.0005, -0.0008, -0.0018, -0.0018, -0.0021, 0.0025, -0.02, 0.0624, -0.0018, -0.0023, -0.0023, -0.0023, -0.0005, -0.0001, -0.0023, -0.0023, -0.0022, -0.0022, -0.0022, -0.0022, -0.0022, -0.0021, -0.0027, -0.0006, 0.0134, -0.0006, -0.0006, -0.0006, -0.0005, -0.0004, -0.0005, -0.0005, -0.0005, -0.0005, -0.0005, -0.0005, -0.0005, -0.0005, -0.0005, -0.0005, -0.0, -0.0, -0.0, -0.0, -0.0, -0.0, -0.0, -0.0, -0.0, 0.0, 0.0007, 0.0001, 0.0001, 0.0001, 0.0001, 0.0001, 0.0002, 0.0002, -0.0003, 0.0002, 0.0002, 0.0002, 0.0001, 0.0003, -0.0003]",0.0
2026-07-01_02-49-34.mp4,1,120.0,15.0,0.0,motion,0.0,0.0,0.0,0.0,0.0,0.3232,0.763,0.0,0.2452,0.139,0.0,,"[0.0, 0.0, 0.0, 0.0, 0.0, 0.0, 0.0, 0.0, 0.0, 0.0, 0.0, 0.0, 0.0, 0.0, 0.0, 0.0, 0.0, 0.0, 0.0, 0.0, 0.0, 0.0, 0.0, 0.0, 0.0, 0.0, 0.0, 0.0, 0.0, 0.0, 0.0, 0.0, 0.0, 0.0, 0.0, 0.0, 0.0, 0.0, 0.0, 0.0, 0.0, 0.0, 0.0, 0.0, 0.0005, 0.0005, 0.0005, 0.0005, 0.0005, 0.0005, 0.0005, 0.0005, 0.0005, 0.0005, 0.0005, 0.0005, 0.0005, 0.0005, 0.0005, -0.0143, 0.0005, 0.0005, 0.0005, 0.0005, 0.0005, 0.0005, 0.0005, 0.0005, 0.0005, 0.0005, 0.0005, 0.0005, 0.0005, 0.0005, 0.0005, 0.0, 0.0, 0.0, 0.0, 0.0, 0.0, 0.0, 0.0, 0.0, 0.0, 0.0, 0.0, 0.0, 0.0, 0.0, 0.0, 0.0, 0.0, 0.0, -0.0002, -0.0002, -0.0004, -0.0004, -0.0004, -0.0004, -0.0004, -0.0004, -0.0004, -0.0004, -0.0004, -0.0004, -0.0004, -0.0004, -0.0004, 0.0065, -0.0019, 0.0053, -0.0004, -0.0003, -0.0004, -0.0004, -0.0004, -0.0004, -0.0004]",0.0
2026-07-23_17-03-10.mp4,1,120.0,15.0,0.0,motion,0.0,0.0,0.0,0.0,0.0,0.4201,0.763,0.461,0.3065,5.22,0.1626,,"[-0.0, -0.0002, -0.0001, -0.0002, -0.0001, -0.0, 0.0, -0.0001, 0.0009, 0.0, -0.0001, 0.0, 0.0001, 0.0001, 0.0, 0.0, 0.0001, -0.0001, -0.0001, -0.0002, -0.0005, 0.0, -0.0007, 0.0002, 0.0001, 0.0001, 0.0002, 0.0001, 0.0003, -0.0002, 0.0002, 0.0015, 0.0016, 0.0007, 0.0005, 0.0001, -0.0012, -0.0022, 0.0004, -0.0029, 0.0001, -0.0002, 0.0, -0.0001, 0.0002, 0.0003, 0.0, 0.0001, 0.0004, 0.0004, 0.0003, 0.0002, 0.0002, 0.0001, 0.0002, 0.0001, -0.0002, 0.0002, -0.0012, -0.0, 0.0001, 0.0, 0.0, -0.0, -0.0002, -0.0002, -0.0001, -0.0002, -0.0, -0.0001, -0.0002, -0.0, 0.0, -0.0001, 0.0004, -0.0001, -0.0001, -0.0001, 0.0025, -0.0, -0.0001, -0.0001, 0.0004, -0.0002, -0.0, -0.0, -0.0, -0.0, 0.0003, 0.0003, -0.0001, -0.0003, -0.0, -0.0, -0.0002, 0.0, 0.0002, -0.0036, 0.0002, 0.0, -0.0, 0.0002, 0.0006, 0.001, 0.0003, 0.0001, -0.0001, 0.0, -0.0001, 0.0001, 0.0, 0.0001, 0.0001, -0.0001, 0.0, 0.0003, -0.0001, -0.0002, -0.0]",0.0
2026-07-16_17-16-53.mp4,1,120.0,15.0,0.0,motion,0.0,0.0,0.0,0.0,0.0,0.4001,1.017,0.416,0.4146,6.824,0.1452,,"[-0.0024, 0.0263, -0.002, 0.0068, 0.0034, 0.001, 0.0004, -0.0054, 0.0339, -0.0264, -0.0414, -0.0302, 0.0005, 0.0099, 0.0169, 0.0081, 0.0069, 0.011, 0.0093, 0.004, 0.0016, 0.0029, 0.0021, 0.0039, 0.0046, 0.0041, 0.0027, 0.0039, 0.0011, 0.0012, -0.0, 0.0002, 0.0115, 0.0046, -0.0253, 0.0025, 0.0027, -0.0381, -0.0743, 0.0064, 0.003, 0.003, 0.0031, 0.0243, 0.0176, 0.0104, 0.0061, 0.005, 0.0033, 0.0035, 0.0025, -0.0028, -0.001, -0.003, -0.0012, -0.0015, 0.0001, -0.0, -0.0018, 0.0003, -0.0006, -0.0041, -0.0028, -0.0026, 0.0001, 0.005, 0.003, 0.0061, -0.0002, -0.0003, -0.0001, 0.0076, 0.0001, 0.0002, 0.0003, -0.001, 0.0005, 0.0003, 0.0004, -0.0007, -0.0018, 0.0006, 0.0007, -0.0028, -0.0005, -0.0061, 0.0009, -0.0023, 0.0004, -0.0022, -0.0044, 0.0012, 0.0009, -0.0028, -0.0002, 0.0009, -0.0001, 0.0002, 0.0008, 0.0007, 0.0011, 0.0007, 0.0011, 0.0021, 0.0003, 0.002, 0.0001, 0.0001, 0.0001, -0.0001, -0.0001, -0.0001, -0.0001, -0.0002, -0.0003, -0.0002, -0.0001, -0.0001, -0.0001]",0.0
2026-07-02_14-35-04.mp4,1,120.0,15.0,0.0,motion,0.0,0.0,0.0,0.0,0.0,0.4795,0.763,0.434,0.4419,0.528,0.0718,,"[0.0003, -0.0002, -0.0001, -0.0003, 0.0002, 0.001, -0.0006, -0.0004, -0.0006, -0.0, 0.0003, -0.0005, -0.0004, -0.0005, -0.0004, -0.0003, -0.0004, -0.0001, 0.0004, -0.0, -0.0002, 0.0004, -0.0002, -0.0005, -0.0004, -0.0003, 0.0002, 0.0005, 0.0026, 0.0021, -0.0009, -0.0002, -0.0006, 0.0013, -0.0002, -0.0003, -0.0003, 0.0003, 0.0003, -0.0003, -0.0005, -0.0004, -0.0011, -0.0003, -0.0017, -0.0013, -0.0002, 0.0008, -0.0002, -0.0001, 0.0008, 0.0007, 0.0007, 0.0015, 0.0025, -0.0003, -0.0004, -0.0004, -0.0, 0.0004, -0.0013, -0.0007, -0.0004, 0.0001, -0.0, 0.0, 0.0002, 0.0005, -0.0002, -0.0002, -0.0005, -0.0005, -0.0, -0.0001, 0.0, 0.0, 0.0, 0.0, 0.0005, -0.0001, 0.0, 0.0, 0.0001, 0.0005, 0.0, 0.0, 0.0001, 0.0002, -0.0, -0.0003, -0.0008, -0.0006, 0.0002, 0.0002, 0.0001, 0.0, 0.0, 0.0, 0.0002, 0.0002, 0.0003, 0.0003, 0.0002, 0.0003, 0.0006, 0.0005, 0.0, -0.0, 0.0002, 0.0003, 0.0002, 0.0009, 0.002, -0.0056, 0.0008, -0.0035, 0.0007, 0.0005, 0.0]",0.0
2026-07-05_12-00-02.mp4,1,120.0,15.0,0.0,motion,0.0,0.0,0.0,0.0,0.0,0.315,2.288,0.354,0.3114,29.682,0.1077,,"[0.0001, -0.0128, 0.0058, 0.0127, 0.0, 0.0, -0.0016, 0.0031, 0.0003, -0.0027, -0.0064, -0.0002, 0.0001, 0.0003, 0.0011, 0.0003, 0.0003, -0.0001, 0.0, 0.0008, 0.0006, 0.0004, 0.0001, -0.0056, 0.0005, 0.0004, 0.0002, 0.0002, 0.0002, 0.0002, 0.0002, 0.0002, 0.0002, 0.0002, 0.0002, 0.0002, 0.0002, 0.0002, -0.0009, -0.0011, -0.0011, -0.0011, -0.0011, -0.0011, -0.0013, -0.002, -0.002, -0.002, -0.002, -0.002, -0.002, -0.002, -0.0021, 0.0332, -0.002, -0.0012, -0.0012, -0.0012, -0.0012, 0.0054, 0.0187, -0.0006, -0.0006, -0.0006, -0.0006, -0.0006, -0.0006, -0.0006, -0.0005, 0.0005, -0.0234, 0.0002, 0.0001, 0.0005, 0.0005, -0.0166, 0.0013, 0.0013, 0.0013, 0.0013, 0.0013, 0.0013, 0.0013, 0.0013, 0.0013, 0.0013, 0.0006, 0.0012, 0.0005, 0.0005, 0.0005, -0.0, -0.0, 0.0035, 0.0035, 0.0035, 0.0035, 0.0035, 0.0035, 0.0035, 0.0035, 0.0035, 0.0035, 0.0035, 0.0035, 0.0035, 0.0035, 0.0035, -0.1059, 0.0035, 0.0035, 0.0035, 0.0035, 0.0035, 0.0035, 0.0035, 0.0035, 0.0035, 0.0035]",0.0
2026-07-18_11-17-40.mp4,1,25.0,15.0,0.0,motion,0.0,0.0,0.0,0.0,0.0,0.0738,1.875,0.0,0.03,0.004,0.0,,"[0.0, -0.0002, -0.0, -0.0, -0.0, -0.0, -0.0, -0.0, -0.0, -0.0, -0.0, -0.0, -0.0, -0.0, 0.0, 0.0, 0.0, 0.0, -0.0, -0.0, -0.0, -0.0, -0.0, -0.0]",0.0
2026-07-05_11-44-03.mp4,1,120.0,15.0,0.017,motion,0.0,0.0,0.0,0.0,0.0,0.2892,1.78,0.0,0.3279,81.761,0.0,,"[-0.0043, 0.0007, 0.0567, 0.0004, 0.0002, 0.0, -0.0001, -0.0003, -0.0005, -0.0006, -0.0008, -0.001, -0.0011, -0.0013, -0.0015, -0.0016, -0.0018, -0.0018, 0.0, 0.0, 0.0, 0.0, 0.0, 0.0, 0.0, 0.0, 0.0, 0.0, 0.0, 0.0, 0.0, 0.0, 0.0, 0.0, 0.0, 0.0, 0.0, 0.0, 0.0, 0.0, 0.0, 0.0, 0.0, 0.0, 0.0002, 0.0002, 0.0002, 0.0002, 0.0002, 0.0002, 0.0002, 0.0002, 0.0002, 0.0002, 0.0002, 0.0002, 0.0002, 0.0002, 0.0002, -0.0062, 0.0002, 0.0002, 0.0002, 0.0002, 0.0002, 0.0002, -0.0002, -0.0002, -0.0002, -0.0002, -0.0002, -0.0002, -0.0002, -0.0002, -0.0002, -0.0004, -0.0004, -0.0004, -0.0004, -0.0003, -0.0007, 0.0135, -0.0011, -0.0004, -0.0004, -0.0004, -0.0004, -0.0004, -0.0004, -0.0004, -0.0004, -0.0007, 0.0002, -0.0004, -0.0028, -0.0004, 0.0012, -0.0003, 0.0, 0.0, 0.0, 0.0, 0.0, 0.0, 0.0, 0.0, 0.0, 0.0, 0.0, 0.0, -0.0, -0.0, 0.0, -0.0, -0.0, -0.0, -0.0, -0.0, -0.0]",0.0
2026-07-07_02-07-34.mp4,1,120.0,15.0,0.0,motion,0.0,0.0,0.0,0.0,0.0,0.2709,0.763,0.57,0.5829,0.006,0.001,,"[0.0003, -0.0008, -0.0007, -0.001, -0.0007, -0.0003, 0.0001, 0.0002, 0.0002, 0.0, -0.0004, -0.0, 0.0002, -0.0003, -0.0007, 0.0007, 0.0009, -0.0003, 0.0, -0.0, -0.0001, 0.0001, 0.0013, -0.0007, -0.0006, 0.0006, 0.0001, 0.0002, -0.0003, -0.0, -0.0002, -0.0001, 0.0001, -0.0007, 0.0007, -0.0002, -0.0, -0.0001, -0.0002, 0.0001, -0.0, -0.0001, -0.0, -0.0, -0.0, -0.0001, 0.0, 0.0003, -0.0003, -0.0006, -0.0003, -0.0003, -0.0009, 0.0006, -0.0003, -0.0003, -0.0003, -0.0005, 0.0017, -0.0018, -0.0016, 0.0099, -0.0009, -0.0004, -0.0001, -0.0001, -0.0002, 0.0001, -0.0006, -0.0, -0.0, -0.0001, -0.0001, -0.0001, -0.0, -0.0, -0.0015, 0.0002, -0.0003, -0.0003, 0.0001, 0.0001, -0.0019, -0.0024, 0.0003, -0.0006, 0.0021, 0.0003, 0.0011, 0.0004, -0.0005, 0.0005, 0.0021, 0.0011, 0.0001, 0.0002, 0.0005, 0.0009, -0.004, -0.0031, -0.0013, 0.0001, 0.0002, 0.0002, 0.0002, 0.0011, 0.0005, 0.0012, 0.0002, 0.0002, -0.0006, -0.0005, 0.0002, 0.0, -0.0006, -0.0003, 0.0004, -0.0001, 0.0001]",0.0
2026-07-02_20-43-01.mp4,1,120.0,15.0,0.0,motion,0.0,0.0,0.0,0.0,0.0,0.3468,1.525,0.706,0.2871,99.0,0.2425,,"[0.0216, -0.0282, -0.0178, -0.0046, -0.0062, -0.0033, 0.0119, -0.0231, -0.0108, -0.0009, -0.0119, 0.0018, 0.0031, 0.0047, 0.0047, 0.0072, -0.0062, 0.0083, -0.2553, 0.0058, 0.0084, 0.0084, 0.009, 0.0526, 0.008, 0.008, 0.0076, 0.0083, 0.0076, 0.0077, 0.0075, 0.0079, 0.0071, 0.0071, -0.0014, -0.0008, -0.0015, -0.0015, -0.0015, -0.0001, 0.0006, 0.0003, -0.0001, -0.0001, 0.0002, 0.0002, 0.0002, 0.0002, 0.0002, 0.0002, 0.0002, 0.0003, 0.0003, 0.0003, 0.0003, 0.0003, 0.0003, 0.0003, 0.0003, -0.0087, 0.0003, 0.0003, 0.0001, 0.0003, 0.0003, 0.0003, 0.0003, 0.0003, 0.0003, 0.0003, 0.0003, 0.0003, 0.0003, 0.0003, 0.0003, 0.0, 0.0, 0.0, 0.0, 0.0, 0.0, 0.0, 0.0, 0.0, 0.0, 0.0, 0.0, 0.0, 0.0, 0.0, 0.0, 0.0, 0.0, 0.0, 0.0, 0.0, 0.0, 0.0, 0.0, 0.0, 0.0, 0.0, 0.0, 0.0, 0.0, 0.0, 0.0, 0.0, 0.0, 0.0, 0.0, 0.0, 0.0, 0.0, 0.0, 0.0, 0.0, 0.0, 0.0]",0.0
2026-07-04_18-39-00.mp4,1,120.0,15.0,0.617,lips,0.5394,0.763,1.25,0.542,0.0179,0.6658,0.763,0.503,0.4815,0.0,0.0,"[-1.0, -1.0, -1.0, -1.0, -1.0, -1.0, 0.049, -1.0, 0.022, -1.0, -1.0, -1.0, 0.015, 0.004, 0.007, 0.008, 0.018, 0.01, 0.029, 0.017, 0.013, 0.019, 0.016, 0.011, 0.01, 0.007, 0.012, 0.01, 0.009, 0.01, 0.017, 0.007, 0.025, 0.008, 0.027, 0.043, 0.07, 0.068, -1.0, 0.057, -1.0, 0.08, 0.065, -1.0, 0.063, -1.0, 0.032, -1.0, 0.017, -1.0, 0.015, 0.014, -1.0, 0.051, -1.0, 0.02, 0.02, -1.0, 0.023, -1.0, 0.036, 0.074, 0.048, 0.027, 0.02, 0.029, 0.013, 0.021, 0.033, 0.036, 0.021, 0.035, 0.029, -1.0, 0.016, -1.0, 0.062, 0.029, -1.0, 0.004, 0.034, 0.04, 0.036, 0.035, 0.034, 0.034, 0.033, 0.032, 0.028, 0.03, -1.0, 0.033, -1.0, -1.0, 0.025, 0.021, -1.0, 0.032, -1.0, 0.008, -1.0, 0.037, -1.0, -1.0, 0.047, -1.0, -1.0, -1.0, -1.0, -1.0, -1.0, -1.0, -1.0, -1.0, -1.0, -1.0, -1.0, -1.0, -1.0, -1.0]","[-0.0, -0.0001, 0.0, -0.0001, -0.0001, -0.0, -0.0, 0.0, -0.0001, -0.0001, 0.0001, 0.0001, 0.0001, 0.0001, 0.0002, 0.0001, 0.0003, 0.0005, 0.0005, 0.0012, 0.0003, -0.0009, -0.0003, -0.0007, -0.0005, -0.0016, -0.0006, 0.0001, -0.0001, 0.0001, 0.0001, 0.0002, 0.0006, -0.0002, -0.0002, 0.0001, 0.0001, 0.0, 0.0002, 0.0001, 0.0, 0.0, -0.0, -0.0, -0.0, -0.0, -0.0, 0.0001, 0.0001, -0.0, -0.0, 0.0001, -0.0, 0.0001, 0.0, 0.0001, 0.0001, 0.0, 0.0, 0.0, 0.0001, 0.0, 0.0, 0.0001, 0.0, -0.0003, 0.0, -0.0001, -0.0001, -0.0003, -0.0, -0.0001, -0.0005, -0.0001, -0.0003, -0.0002, -0.0001, -0.0001, 0.0001, -0.0, -0.0, 0.0001, 0.0005, 0.0007, 0.0023, 0.0012, 0.0006, -0.0016, -0.001, -0.0002, -0.0002, -0.0001, -0.0001, -0.0003, -0.0002, -0.0003, -0.0, -0.0, -0.0001, -0.0, 0.0001, 0.0, 0.0001, -0.0001, -0.0, 0.0, 0.0006, 0.0003, -0.0, 0.0001, -0.0002, -0.0001, -0.0001, -0.0, 0.0, -0.0, -0.0001, -0.0001, -0.0]",0.0
2026-07-07_08-56-42.mp4,1,120.0,15.0,0.0,motion,0.0,0.0,0.0,0.0,0.0,0.2487,0.763,0.0,0.3177,1.593,0.0,,"[0.0001, 0.0001, -0.0001, -0.0, 0.0, -0.0, -0.0004, 0.0028, 0.0, -0.0025, 0.0007, -0.001, -0.0004, -0.0006, -0.0001, -0.0001, 0.0002, 0.0, 0.0002, 0.0001, 0.0001, 0.0001, 0.0, 0.0001, 0.0001, 0.0001, 0.0001, 0.0, 0.0, 0.0, 0.0, -0.0, 0.0, 0.0, -0.0002, 0.0, -0.0001, 0.0, 0.0, 0.0, 0.0, 0.0, 0.0, 0.0, 0.0, 0.0, 0.0, 0.0, -0.0, 0.0, 0.0, 0.0, 0.0, 0.0, 0.0, 0.0, 0.0, 0.0, 0.0, -0.0, 0.0, -0.0, 0.0, -0.0, -0.0, -0.0, 0.0, 0.0, 0.0, 0.0, 0.0, 0.0, 0.0, 0.0, 0.0, -0.0, 0.0, -0.0, 0.0, 0.0, -0.0, -0.0, 0.0, -0.0, -0.0, -0.0, -0.0, -0.0, -0.0, -0.0, -0.0, -0.0, -0.0, -0.0, 0.0, 0.0, -0.0, 0.0, 0.0, 0.0, 0.0, 0.0, 0.0, 0.0, 0.0, 0.0, 0.0, 0.0, 0.0, 0.0, 0.0, 0.0, -0.0, -0.0, -0.0, -0.0, -0.0, -0.0, -0.0]",0.0
2026-07-01_15-56-34.mp4,1,120.0,15.0,0.0,motion,0.0,0.0,0.0,0.0,0.0,0.2954,0.763,0.0,0.2573,10.241,0.0,,"[-0.0004, -0.0003, -0.0003, 0.0013, 0.0018, -0.0023, 0.0047, 0.0016, 0.0018, -0.0001, -0.0003, -0.0003, -0.0004, -0.0003, -0.0002, -0.0004, -0.0004, -0.0004, -0.0004, -0.0005, 0.0002, -0.0003, -0.0001, -0.0001, -0.0, -0.0, -0.0, -0.0, -0.0, -0.0, -0.0, -0.0, -0.0, -0.0, -0.0, -0.0, -0.0, 0.0, 0.0, 0.0, 0.0, 0.0, 0.0, 0.0, -0.0, 0.0, -0.0, -0.0, -0.0, 0.0, 0.0, 0.0, 0.0, 0.0, 0.0, 0.0, 0.0, 0.0, 0.0, 0.0, -0.0, -0.0, -0.0, -0.0, -0.0, -0.0, -0.0, -0.0, -0.0, -0.0, -0.0, -0.0, -0.0, -0.0, -0.0, -0.0, -0.0, -0.0, -0.0, 0.0, 0.0, 0.0, 0.0, 0.0, 0.0, 0.0, 0.0, 0.0, 0.0, 0.0, 0.0, 0.0, 0.0, 0.0, -0.0, 0.0, 0.0, -0.0, -0.0, 0.0, 0.0, 0.0, 0.0, 0.0, 0.0, 0.0, 0.0, 0.0, 0.0, 0.0, 0.0, 0.0, 0.0, 0.0, 0.0, 0.0, 0.0, 0.0, 0.0]",0.0
2026-07-13_16-10-39.mp4,1,120.0,15.0,0.0,motion,0.0,0.0,0.0,0.0,0.0,0.3196,0.763,0.25,0.5723,1.794,0.0513,,"[0.0002, 0.016, 0.0206, 0.0289, 0.0089, 0.0124, 0.0085, -0.056, 0.0122, 0.0161, 0.0161, -0.1002, 0.0104, -0.0072, -0.088, 0.0387, 0.0113, 0.011, -0.0042, 0.0089, 0.0087, 0.0087, 0.0085, 0.0062, 0.0062, 0.0064, 0.0065, 0.0029, 0.0029, 0.0024, -0.0007, 0.0002, 0.0003, 0.0034, 0.003, 0.003, 0.003, 0.003, 0.003, 0.003, 0.003, 0.003, 0.003, 0.003, -0.0063, -0.0062, -0.0062, -0.0062, -0.0987, -0.0062, -0.0062, -0.0062, -0.0062, -0.0062, -0.0062, -0.0062, -0.0062, -0.0062, -0.0062, 0.2832, -0.0113, -0.0061, -0.0061, -0.0061, -0.0091, -0.0091, -0.0091, -0.0091, -0.0091, -0.0091, -0.0092, -0.0092, -0.0092, -0.0092, -0.0092, 0.0002, 0.0, 0.0, 0.0, 0.0, 0.0, -0.0103, -0.0107, -0.0112, -0.0115, -0.0115, -0.0115, -0.0115, -0.0112, -0.0113, -0.0112, -0.0113, -0.0113, -0.0113, -0.0113, -0.0113, 0.3083, -0.0004, 0.0061, -0.0033, -0.0113, -0.0114, -0.0105, -0.0198, -0.0096, -0.0126, -0.0102, -0.0113, -0.0113, -0.0113, -0.0113, -0.0113, -0.001, -0.0006, -0.0, 0.0002, 0.0002, 0.0002, 0.0002]",0.0
2026-07-09_22-16-26.mp4,1,24.0,15.0,0.0,motion,0.0,0.0,0.0,0.0,0.0,0.0,0.0,0.0,0.0,0.0,0.0,,"[-0.0001, 0.0001, 0.0003, 0.0002, 0.0002, 0.0001, 0.0002, 0.0001, 0.0001, 0.0001, 0.0001, 0.0001, -0.0003, 0.0001, 0.0001, 0.0002, 0.0001, 0.0001, 0.0001, 0.0001, 0.0002, -0.0003, -0.0001]",0.0
2026-07-23_22-54-14.mp4,1,61.0,15.0,0.016,motion,0.0,0.0,0.0,0.0,0.0,0.1195,0.763,0.803,0.2599,2.283,0.0668,,"[-0.0, -0.0, -0.0001, 0.0, -0.0, 0.0, 0.0, -0.0, 0.0, 0.0001, -0.0001, 0.0002, 0.0, -0.0002, 0.0, -0.0001, 0.0001, -0.0, 0.0001, -0.0, 0.0001, 0.0, -0.0003, 0.0002, 0.0001, 0.0, 0.0, -0.0, -0.0, 0.0001, 0.0001, -0.0003, 0.0001, -0.0, 0.0, -0.0002, -0.0001, -0.0, 0.0001, -0.0, 0.0, -0.0, 0.0, 0.0, 0.0, 0.0, -0.0001, 0.0, -0.0, -0.0001, -0.0, -0.0, 0.0001, -0.0, -0.0, -0.0, -0.0, -0.0, -0.0001, 0.0]",0.0
2026-07-09_21-50-14.mp4,1,120.0,15.0,0.017,motion,0.0,0.0,0.0,0.0,0.0,0.3815,1.525,0.577,0.3192,31.766,0.2133,,"[-0.007, -0.015, -0.0109, 0.0056, 0.0158, 0.0047, 0.0043, 0.0096, 0.0034, 0.0173, 0.0038, 0.015, 0.0012, 0.0001, -0.0003, 0.0002, -0.0007, -0.0012, -0.0019, -0.0009, -0.0016, -0.0016, -0.0015, -0.0013, -0.0013, -0.0009, -0.0008, 0.0102, 0.0213, -0.0189, -0.0004, -0.0007, -0.0007, -0.0007, -0.0007, -0.0006, -0.0007, -0.0031, -0.0006, -0.0006, -0.0001, -0.0019, -0.001, -0.0003, 0.0008, 0.0016, 0.0147, 0.0048, 0.0049, 0.0049, 0.0047, 0.0023, -0.0002, 0.0022, 0.0022, 0.0022, 0.0023, 0.0022, 0.0022, -0.0079, 0.0022, -0.1409, 0.0017, 0.001, 0.0025, 0.0064, 0.0771, 0.0026, 0.0025, 0.0025, 0.0025, 0.0024, 0.0024, 0.0007, 0.0007, 0.0003, 0.0003, -0.0043, -0.0043, -0.0032, -0.0044, -0.0038, -0.0005, -0.0005, -0.0005, -0.0005, 0.0014, -0.0002, 0.0516, 0.0007, -0.0007, -0.0008, -0.0008, -0.0007, -0.0007, -0.0008, -0.038, -0.004, -0.0011, 0.0, -0.0012, -0.001, -0.0056, 0.0194, -0.0118, 0.0012, 0.0053, 0.0005, -0.0022, -0.0004, 0.004, -0.005, 0.0018, 0.0057, 0.0029, 0.0003, 0.002, 0.0029, -0.001]",0.0
2026-07-11_13-41-24.mp4,1,120.0,15.0,0.0,motion,0.0,0.0,0.0,0.0,0.0,0.2785,1.271,0.636,0.3601,4.824,0.1466,,"[-0.0, 0.0, 0.0, 0.0001, -0.0, 0.0, -0.0001, 0.0, -0.0, -0.0, -0.0, 0.0, 0.0, -0.0, 0.0, 0.0, -0.0001, -0.0, 0.0, 0.0, 0.0, -0.0, 0.0, 0.0, -0.0, 0.0001, -0.0, 0.0, -0.0001, -0.0, -0.0, -0.0, -0.0, 0.0, 0.0, 0.0, 0.0, -0.0, 0.0, -0.0001, -0.0, 0.0, -0.0, 0.0, 0.0, 0.0, 0.0002, -0.0002, 0.0, 0.0, 0.0001, 0.0001, -0.0, 0.0, -0.0, -0.0001, -0.0, -0.0, -0.0001, -0.0, 0.0, -0.0, 0.0, -0.0, -0.0, 0.0001, 0.0, 0.0, -0.0, -0.0, -0.0001, -0.0, 0.0, 0.0001, 0.0, -0.0, -0.0001, -0.0, 0.0, -0.0, 0.0, 0.0002, -0.0002, 0.0, 0.0001, -0.0, -0.0002, 0.0004, -0.0003, -0.0, -0.0, -0.0, 0.0, -0.0003, -0.0, -0.0, -0.0, 0.0002, 0.0004, -0.0, -0.0, 0.0002, -0.0, -0.0, -0.0, -0.0004, -0.0, -0.0, 0.0002, -0.0, -0.0, -0.0, -0.0, -0.0, -0.0, 0.0001, 0.0006, 0.0, -0.0]",0.0
2026-07-07_04-52-03.mp4,1,120.0,15.0,0.0,motion,0.0,0.0,0.0,0.0,0.0,0.3394,0.763,0.636,0.3259,99.0,0.2156,,"[-0.0392, 0.0618, 0.0568, 0.0535, 0.0502, 0.0469, 0.0436, 0.0403, 0.0383, 0.0336, 0.0303, 0.027, 0.0237, 0.0186, -0.3118, 0.0119, 0.0086, 0.0086, 0.0086, 0.0086, 0.0086, 0.0086, 0.0086, 0.0086, 0.0087, 0.0087, 0.0087, 0.0087, 0.0643, 0.0105, -0.0022, -0.0022, -0.0022, -0.0022, -0.0033, -0.0033, -0.0033, -0.0033, -0.0033, -0.0033, -0.0033, -0.0033, -0.0033, 0.0044, -0.0021, 0.0006, -0.002, -0.002, -0.002, 0.0333, -0.002, -0.002, -0.002, -0.0021, 0.0065, 0.0065, 0.0065, 0.0065, 0.0056, 0.0252, 0.0067, 0.0068, 0.0068, 0.0068, 0.0068, 0.008, 0.008, 0.008, 0.008, -0.2565, 0.008, 0.008, 0.008, 0.008, 0.0079, 0.0085, 0.0085, 0.0085, 0.0085, 0.0085, 0.0085, 0.0085, 0.0085, 0.0085, 0.0085, 0.0, 0.0, 0.0, 0.0, 0.0, 0.0, 0.0, 0.0, 0.0, 0.0, 0.0, 0.0, 0.0, 0.0, 0.0, 0.0, 0.0, 0.0, 0.0, 0.0, 0.0, 0.0, 0.0, 0.0, 0.0, 0.0, 0.0, 0.0, 0.0, 0.0, 0.0, 0.0, 0.0, 0.0]",0.0
2026-07-15_23-41-03.mp4,1,120.0,15.0,0.0,motion,0.0,0.0,0.0,0.0,0.0,0.4242,0.763,0.391,0.6728,2.868,0.1229,,"[-0.0031, -0.0134, -0.0092, -0.0096, -0.0135, -0.0279, -0.0275, -0.0267, -0.0094, 0.0298, 0.0404, 0.1243, -0.0286, -0.0375, 0.0182, -0.0565, 0.2264, -0.0412, -0.0185, 0.0081, 0.0055, -0.0056, 0.0049, -0.042, -0.0919, -0.1686, -0.1812, -0.191, -0.2209, -0.2168, -0.2514, -0.2681, -0.4023, -0.0419, -0.941, -0.1444, 0.0913, -0.5552, 1.3304, 1.0133, 2.2441, 0.299, 0.2516, 0.6911, 0.145, 0.3533, 0.2443, -0.1072, -0.1768, -0.1834, -0.6333, -0.6441, -0.7649, -0.1091, -0.1822, -0.1296, -0.136, 0.1567, -0.0552, 0.023, -0.3351, 0.0428, 0.1758, -0.075, -0.7993, 0.068, 0.6545, 0.5707, -0.543, 0.1126, 0.1366, 0.1382, 0.1528, 0.1599, 0.1662, 0.1462, 0.1391, 0.1039, 0.5325, 0.0805, -0.3808, -0.1044, -0.8983, 0.0684, -1.228, -0.7707, 0.108, -0.4267, 0.0841, 0.1294, 0.2181, 0.3383, 0.5309, -0.0713, 0.2993, 0.1193, 0.1065, 0.0999, 0.0673, 0.0641, 0.0239, -0.0065, -0.006, -0.0233, -0.0243, -0.0236, -0.0203, -0.013, 0.001, -0.0043, 0.003, 0.0007, -0.0078, -0.0025, -0.0064, -0.0035, -0.0007, 0.0034, 0.0006]",0.0
2026-07-24_19-25-37.mp4,1,120.0,15.0,0.008,motion,0.0,0.0,0.0,0.0,0.0,0.4982,1.78,0.692,0.1682,1.105,0.1811,,"[0.0, -0.0, -0.0, -0.0, 0.0001, 0.0001, -0.0, -0.0, -0.0, -0.0, 0.0, -0.0, -0.0001, -0.0, -0.0, -0.0001, 0.0004, -0.0, -0.0, -0.0, -0.0002, -0.0, -0.0001, -0.0, 0.0001, 0.0002, -0.0, -0.0001, -0.0, -0.0001, 0.0001, -0.0, 0.0001, -0.0, 0.0001, -0.0, -0.0, 0.0, -0.0, -0.0, 0.0001, 0.0001, 0.0, -0.0001, -0.0001, 0.0, -0.0001, 0.0002, -0.0001, 0.0, 0.0, -0.0, -0.0, 0.0001, -0.0, -0.0001, 0.0001, 0.0, 0.0001, 0.0, -0.0001, 0.0, 0.0001, -0.0001, -0.0001, -0.0001, -0.0, 0.0, 0.0, 0.0, 0.0, 0.0, 0.0, -0.0001, 0.0001, 0.0, 0.0002, -0.0001, 0.0001, -0.0, -0.0005, -0.0003, 0.0001, 0.0001, 0.0002, -0.0001, 0.0001, 0.0001, -0.0001, -0.0, -0.0, -0.0, 0.0002, 0.0001, 0.0002, -0.0002, -0.0, -0.0, -0.0001, -0.0, 0.0001, 0.0001, -0.0, -0.0, -0.0001, -0.0001, -0.0, -0.0001, -0.0, 0.0, 0.0002, 0.0003, -0.0002, -0.0001, 0.0001, 0.0, 0.0, 0.0, -0.0]",0.0
2026-07-19_23-44-24.mp4,1,120.0,15.0,0.208,motion,0.0,0.0,0.0,0.0,0.0,0.3752,1.271,0.627,0.3006,2.046,0.158,,"[-0.0, -0.0, -0.0, 0.0, 0.0, 0.0, -0.0, -0.0, -0.0, -0.0, -0.0, -0.0, -0.0, 0.0003, -0.0, -0.0, -0.0, 0.0, -0.0, -0.0, -0.0, -0.0, -0.0, -0.0, -0.0, -0.0001, 0.0, 0.0001, 0.0, 0.0, 0.0, 0.0, 0.0, -0.0002, -0.0, -0.0001, 0.0, 0.0, 0.0001, 0.0002, 0.0, 0.0, 0.0, 0.0, -0.0002, -0.0, 0.0, 0.0, 0.0, -0.0, -0.0003, -0.0, -0.0, 0.0, 0.0001, -0.0, -0.0, -0.0, 0.0003, -0.0, -0.0, -0.0, -0.0, -0.0, -0.0, 0.0, -0.0, -0.0, 0.0, 0.0, -0.0001, -0.0, -0.0, 0.0, -0.0, 0.0, -0.0, -0.0, 0.0002, -0.0, 0.0, -0.0, -0.0, -0.0, -0.0, -0.0, -0.0, -0.0, -0.0, -0.0, -0.0, 0.0001, -0.0, -0.0, -0.0, -0.0, -0.0, -0.0, -0.0, 0.0, -0.0, -0.0, -0.0, -0.0, -0.0, -0.0, -0.0, -0.0, -0.0, -0.0, -0.0, -0.0, -0.0, -0.0, -0.0, 0.0, 0.0, 0.0, 0.0]",0.0
2026-07-18_15-39-32.mp4,1,120.0,15.0,0.858,lips,0.3438,0.763,1.75,0.557,0.0099,0.4214,0.763,0.332,0.4795,0.0,0.0,"[0.078, 0.028, 0.036, -1.0, -1.0, 0.031, 0.015, 0.016, 0.025, 0.025, 0.021, 0.023, 0.022, 0.016, 0.016, 0.016, 0.017, -1.0, 0.032, 0.044, 0.03, 0.03, 0.035, 0.034, 0.035, 0.038, 0.039, 0.046, 0.033, 0.028, 0.026, -1.0, -1.0, -1.0, -1.0, 0.022, 0.019, -1.0, -1.0, -1.0, -1.0, -1.0, 0.027, 0.034, 0.03, 0.032, 0.028, 0.031, 0.033, 0.037, 0.042, 0.037, 0.053, 0.037, 0.039, 0.041, 0.04, 0.045, 0.047, 0.046, 0.049, 0.037, 0.028, 0.03, 0.026, 0.032, 0.018, 0.024, 0.022, 0.024, 0.029, 0.031, 0.023, 0.018, 0.021, 0.028, 0.027, 0.024, 0.02, 0.017, 0.027, 0.027, 0.028, 0.029, 0.029, 0.032, 0.03, 0.028, 0.031, 0.024, 0.029, 0.018, 0.02, 0.024, 0.027, 0.025, 0.023, 0.026, 0.02, 0.028, 0.019, 0.024, 0.021, 0.029, 0.05, 0.045, 0.039, -1.0, -1.0, -1.0, 0.043, 0.032, 0.039, -1.0, -1.0, 0.041, 0.043, 0.04, 0.023, 0.021]","[-0.0, -0.0, -0.0, 0.0, -0.0, -0.0, -0.0, 0.0007, -0.0, -0.0, -0.0, -0.0, -0.0002, -0.0, -0.0, -0.0, 0.0001, 0.0, 0.0001, -0.0, -0.0001, 0.0001, 0.0, 0.0001, 0.0002, 0.0001, 0.0001, 0.0001, 0.0001, -0.0001, 0.0001, -0.0002, -0.0002, 0.0001, 0.0001, 0.0001, 0.0001, -0.0005, -0.0023, 0.0001, 0.0001, 0.0001, -0.0, 0.0005, 0.0002, 0.0, 0.0001, 0.0005, 0.0003, 0.0001, 0.0001, 0.0001, 0.0001, 0.0, -0.0, -0.0001, -0.0, -0.0, -0.0, -0.0001, -0.0, -0.0, -0.0, 0.0, -0.0, 0.0, -0.0001, -0.0, -0.0, -0.0, 0.0, -0.0, -0.0, -0.0, -0.0, -0.0, 0.0, -0.0, 0.0003, -0.0, -0.0, -0.0, -0.0, -0.0, -0.0, 0.0, -0.0, 0.0, -0.0, -0.0, -0.0, 0.0, -0.0, -0.0, 0.0, -0.0, 0.0, 0.0, -0.0001, -0.0, 0.0, -0.0, -0.0, 0.0002, 0.0, 0.0001, 0.0001, 0.0001, 0.0001, 0.0001, 0.0001, 0.0001, 0.0001, 0.0002, 0.0002, 0.0, 0.0002, 0.0003, -0.0003]",0.0
2026-07-01_18-38-38.mp4,1,120.0,15.0,0.0,motion,0.0,0.0,0.0,0.0,0.0,0.1835,0.763,0.667,0.2858,0.218,0.0219,,"[-0.044, -0.0389, -0.0391, 0.2459, -0.094, 0.6807, -0.0285, 0.2799, -0.0388, -0.0388, -0.0389, -0.0391, -0.041, -0.0395, -0.0396, -0.0398, -0.0346, -0.04, -0.04, -0.0308, -0.0326, -0.0068, -0.009, 0.0014, -0.0481, 0.0014, 0.0014, 0.0012, 0.0012, 0.0012, 0.0012, 0.0012, 0.0013, 0.0013, 0.0013, 0.0013, 0.0013, 0.0014, 0.0014, 0.0014, -0.0002, -0.0002, 0.0055, 0.0005, -0.0017, -0.0017, -0.0017, -0.0017, -0.0019, -0.0019, -0.0019, -0.0019, -0.0019, -0.0019, -0.0019, -0.0019, -0.0019, -0.0019, -0.0233, 0.0658, -0.0017, -0.0017, -0.0017, 0.005, -0.0017, -0.0017, -0.0017, -0.0017, -0.0017, -0.0017, -0.0017, -0.0017, -0.0017, -0.0017, -0.0025, -0.0002, -0.0002, -0.0002, -0.0002, 0.0, 0.0001, 0.0001, -0.0, -0.0, -0.0, -0.0, -0.0, -0.0, -0.0, -0.0, -0.0, -0.0, -0.0001, -0.0002, -0.0002, -0.0021, 0.0, 0.0013, -0.0014, -0.0014, -0.0014, -0.0014, -0.0014, -0.0014, -0.0014, -0.0014, -0.0014, 0.0016, 0.0022, -0.0014, -0.0014, -0.0027, 0.0352, -0.0014, -0.0017, -0.0013, -0.0013, -0.0013, -0.0013]",0.0
2026-07-05_03-45-40.mp4,1,120.0,15.0,0.0,motion,0.0,0.0,0.0,0.0,0.0,0.1518,2.797,0.497,0.1269,0.217,0.0134,,"[0.0, -0.0, -0.0002, 0.0, 0.0, 0.0001, -0.0, 0.0001, -0.0, -0.0001, -0.0, -0.0, -0.0, -0.0001, -0.0, 0.0001, 0.0, 0.0, -0.0002, -0.0, -0.0001, -0.0, 0.0, 0.0, 0.0003, -0.0001, 0.0, 0.0, 0.0, 0.0, -0.0001, 0.0, -0.0001, -0.0003, 0.0005, -0.0003, 0.0, -0.0, -0.0, -0.0002, 0.0002, 0.0001, 0.0, -0.0002, 0.0001, 0.0002, -0.0001, 0.0, -0.0001, -0.0, 0.0001, -0.0, 0.0001, -0.0001, -0.0, 0.0, 0.0, -0.0, -0.0, -0.0001, 0.0001, -0.0, -0.0001, -0.0, -0.0, 0.0, -0.0, -0.0, 0.0, 0.0, -0.0, -0.0, 0.0, 0.0001, 0.0001, -0.0, -0.0001, 0.0, 0.0, -0.0, -0.0, -0.0, -0.0, -0.0, -0.0, 0.0001, -0.0, -0.0, -0.0, -0.0, -0.0002, 0.0, -0.0, -0.0, 0.0002, -0.0, -0.0, -0.0, -0.0, -0.0, -0.0, -0.0, -0.0, -0.0, 0.0, 0.0, -0.0, -0.0, 0.0, 0.0, 0.0001, 0.0, 0.0, 0.0001, 0.0, 0.0001, 0.0001, -0.0, -0.0]",0.0
