file,present_frac,move_mean,move_frac,move_curve,wrist_vis_frac,hands_up_frac
2026-06-30_14-23-25.mp4,0.0,nan,,[],0.0,0.0
2026-07-19_03-04-31.mp4,0.0,0.0036,0.0,"[0.0043, 0.003, 0.0024, 0.0061, 0.0021, 0.0021, 0.0049, 0.0045]",0.0,0.0
2026-07-15_23-41-39.mp4,0.0,0.0068,0.0,"[0.005, 0.0035, 0.0102, 0.0156]",0.0,0.0
2026-07-19_18-28-09.mp4,0.0,0.0239,0.125,"[0.0245, 0.0252, 0.0248, 0.0221, 0.0217, 0.0265, 0.0143, 0.0346]",0.0,0.0
2026-07-10_21-30-19.mp4,0.0,0.0191,0.25,"[0.0235, 0.0099, 0.0223, 0.0433, 0.0303, 0.0054, 0.0085, 0.0072]",0.0,0.0
2026-07-25_17-54-47.mp4,0.0,0.0024,0.0,"[0.0054, 0.0008, 0.0024, 0.0041, 0.0016, 0.0054, 0.0, 0.0]",0.0,0.0
2026-07-24_16-42-03.mp4,0.0,nan,,[],0.0,0.0
2026-07-18_11-48-16.mp4,0.0,nan,,[],0.0,0.0
2026-07-13_08-27-21.mp4,0.0,nan,,[],0.0,0.0
2026-07-01_06-20-02.mp4,0.0,0.0093,0.125,"[0.0345, 0.0083, 0.0031, 0.0176, 0.0042, 0.0018, 0.0006, 0.0035]",0.0,0.0
2026-07-26_01-44-36.mp4,0.0,nan,,[],0.0,0.0
2026-07-01_07-17-29.mp4,0.0,0.0115,0.125,"[0.0114, 0.0035, 0.0121, 0.0492, 0.0039, 0.0046, 0.0039, 0.0012]",0.0,0.0
2026-07-01_06-14-14.mp4,0.0,0.0063,0.0,"[0.0215, 0.0076, 0.0032, 0.0064, 0.003, 0.0027, 0.0028, 0.0027]",0.0,0.0
2026-07-09_14-23-12.mp4,0.0,nan,,[],0.0,0.0
2026-07-01_00-55-05.mp4,0.0,0.0103,0.0,"[0.0292, 0.0075, 0.0067, 0.0179, 0.001, 0.0068, 0.0063, 0.0064]",0.0,0.0
2026-07-06_04-23-51.mp4,0.0,0.0155,0.167,"[0.0717, 0.0294, 0.0048, 0.0049, 0.0079, 0.0235]",0.0,0.0
2026-07-08_00-08-29.mp4,0.0,nan,,[],0.0,0.0
2026-07-19_10-48-02.mp4,0.0,nan,,[],0.0,0.0
2026-07-07_18-16-02.mp4,0.0,0.0035,0.0,"[0.0049, 0.0018, 0.0032, 0.0032, 0.0055]",0.0,0.0
2026-07-18_21-43-58.mp4,0.0,0.0038,0.0,"[0.008, 0.0026, 0.0012, 0.0085, 0.0032, 0.0024, 0.0037, 0.0]",0.0,0.0
2026-07-07_07-34-37.mp4,0.0,nan,,[],0.0,0.0
2026-07-15_07-37-08.mp4,0.0,nan,,[],0.0,0.0
2026-07-13_20-53-12.mp4,0.0,0.0341,0.5,"[0.0453, 0.0218, 0.0395, 0.0758, 0.0228, 0.0115, 0.0344, 0.0271]",0.0,0.0
2026-07-22_21-25-48.mp4,0.0,nan,,[],0.0,0.0
2026-07-11_17-27-24.mp4,0.0,0.0223,0.25,"[0.0355, 0.0201, 0.0144, 0.0703, 0.0129, 0.0095, 0.0072, 0.0055]",0.0,0.0
2026-07-15_09-00-37.mp4,0.0,0.0045,0.0,"[0.0108, 0.0025, 0.0033, 0.0079, 0.0029, 0.0]",0.0,0.0
2026-07-16_09-20-10.mp4,0.0,0.0335,0.6,"[0.0504, 0.0378, 0.0227, 0.0377, 0.0235]",0.0,0.0
2026-07-15_18-46-54.mp4,0.0,0.0321,0.5,"[0.0162, 0.0668, 0.0206, 0.0341, 0.0118, 0.0695, 0.0059, 0.0307]",0.0,0.0
2026-07-13_20-51-24.mp4,0.0,0.0162,0.167,"[0.0307, 0.0191, 0.0171, 0.0098, 0.0111, 0.0107]",0.0,0.0
2026-07-08_13-55-19.mp4,0.0,0.0212,0.25,"[0.0799, 0.0094, 0.0142, 0.0441, 0.0031, 0.0008, 0.0064, 0.0091]",0.0,0.0
2026-07-13_12-40-06.mp4,0.0,0.0207,0.0,"[0.0212, 0.0196]",0.0,0.0
2026-07-07_19-11-25.mp4,0.0,0.0516,0.75,"[0.0309, 0.0523, 0.0524, 0.0155, 0.0839, 0.0927, 0.0644, 0.0126]",0.0,0.0
2026-07-26_01-27-07.mp4,0.0,0.0164,0.0,"[0.0181, 0.017, 0.0165, 0.0153, 0.0152]",0.0,0.0
2026-07-08_21-41-41.mp4,0.0,nan,,[],0.0,0.0
2026-07-11_13-49-00.mp4,0.0,0.0277,0.375,"[0.0373, 0.0457, 0.0357, 0.025, 0.0296, 0.0264, 0.0143, 0.0088]",0.0,0.0
2026-07-15_10-49-18.mp4,0.0,0.006,0.0,"[0.0105, 0.0, 0.0, 0.0115]",0.0,0.0
2026-07-08_08-21-58.mp4,0.0,nan,,[],0.0,0.0
2026-07-13_20-44-54.mp4,0.0,nan,,[],0.0,0.0
2026-07-18_02-55-16.mp4,0.0,0.0163,0.125,"[0.0639, 0.0199, 0.0044, 0.0121, 0.0063, 0.0076, 0.0024, 0.0131]",0.0,0.0
2026-07-11_14-05-54.mp4,0.0,0.0189,0.0,[0.0189],0.0,0.0
2026-07-07_04-52-03.mp4,0.0,0.2306,1.0,"[0.2755, 0.2443, 0.3187, 0.223, 0.265, 0.3408, 0.0787, 0.066]",0.0,0.0
2026-07-05_22-16-43.mp4,0.0,0.0161,0.0,"[0.0183, 0.0217, 0.0196, 0.0213, 0.0104, 0.0066, 0.0154, 0.0114]",0.0,0.0
2026-07-17_04-54-40.mp4,0.0,0.0421,0.75,"[0.0205, 0.014, 0.0325, 0.0438, 0.0365, 0.0584, 0.0818, 0.0512]",0.0,0.0
2026-07-14_00-55-45.mp4,0.0,0.014,0.0,[0.014],0.0,0.0
2026-07-08_03-48-54.mp4,0.0,0.0427,0.5,"[0.0872, 0.023, 0.0294, 0.0213, 0.0463, 0.0132, 0.0689, 0.0547]",0.0,0.0
2026-07-23_15-33-47.mp4,0.0,0.0092,0.0,"[0.0219, 0.0067, 0.0061, 0.0059, 0.0059, 0.0086]",0.0,0.0
2026-07-13_19-50-54.mp4,0.0,nan,,[],0.0,0.0
2026-07-09_15-29-24.mp4,0.0,0.0021,0.0,"[0.0015, 0.0, 0.0012, 0.0012, 0.0053, 0.0078]",0.0,0.0
2026-07-08_21-43-29.mp4,0.0,nan,,[],0.0,0.0
2026-07-09_14-38-18.mp4,0.0,0.0066,0.0,"[0.0158, 0.0109, 0.0004, 0.0027, 0.0003, 0.0136, 0.0107, 0.0017]",0.0,0.0
2026-07-15_20-38-23.mp4,0.0,nan,,[],0.0,0.0
2026-07-19_18-05-39.mp4,0.0,0.0111,0.0,"[0.0122, 0.015, 0.0144, 0.015, 0.0146, 0.0076, 0.0053, 0.0031]",0.0,0.0
2026-07-15_17-46-01.mp4,0.0,0.0224,0.2,"[0.075, 0.0141, 0.0168, 0.0243, 0.0]",0.0,0.0
2026-07-01_09-45-42.mp4,0.0,0.004,0.0,"[0.0089, 0.0029, 0.0004, 0.0034, 0.0, 0.0025, 0.0036, 0.0121]",0.0,0.0
2026-07-04_15-25-13.mp4,0.0,nan,,[],0.0,0.0
2026-07-25_23-40-02.mp4,0.0,0.0163,0.0,"[0.023, 0.0111, 0.0121, 0.0256, 0.0206, 0.0133, 0.0142, 0.0092]",0.0,0.0
2026-07-12_04-25-40.mp4,0.0,nan,,[],0.0,0.0
2026-07-19_10-24-44.mp4,0.05,0.0149,0.0,"[0.0121, 0.0168, 0.0131, 0.02, 0.0146, 0.0164, 0.0122, 0.0134]",0.0,0.0
2026-07-13_19-37-49.mp4,0.0,nan,,[],0.0,0.0
2026-07-10_21-30-55.mp4,0.125,0.0336,0.375,"[0.0717, 0.0184, 0.0192, 0.0654, 0.0233, 0.0135, 0.0043, 0.0581]",0.0,0.0
2026-07-07_12-30-22.mp4,0.0,0.083,0.875,"[0.058, 0.1723, 0.0201, 0.045, 0.0668, 0.0863, 0.1578, 0.0459]",0.0,0.0
2026-07-11_18-13-21.mp4,0.0,0.015,0.125,"[0.0108, 0.0062, 0.0054, 0.014, 0.0164, 0.0172, 0.045, 0.0062]",0.0,0.0
2026-07-08_13-50-43.mp4,0.0,0.049,0.625,"[0.0849, 0.0284, 0.0095, 0.0301, 0.0768, 0.0834, 0.0469, 0.0277]",0.0,0.0
2026-07-16_10-21-03.mp4,0.0,0.078,0.875,"[0.0547, 0.0961, 0.0461, 0.0171, 0.2126, 0.0851, 0.0531, 0.0543]",0.0,0.0
2026-07-26_01-40-30.mp4,0.0,0.02,0.25,"[0.0382, 0.0111, 0.0135, 0.0399, 0.0118, 0.0266, 0.0102, 0.0055]",0.0,0.0
2026-07-12_20-00-05.mp4,0.0,0.0038,0.0,"[0.0032, 0.0053]",0.0,0.0
2026-07-14_23-56-07.mp4,0.0,0.037,0.625,"[0.0424, 0.0387, 0.0165, 0.0234, 0.081, 0.0199, 0.0367, 0.0374]",0.025,0.0
2026-07-01_07-08-41.mp4,0.0,0.0066,0.0,"[0.0082, 0.0047, 0.0022, 0.0052, 0.0119, 0.0079, 0.0066, 0.0055]",0.0,0.0
2026-07-08_09-11-39.mp4,0.0,0.0264,0.0,[0.0264],0.0,0.0
2026-07-15_13-02-11.mp4,0.0,nan,,[],0.0,0.0
2026-07-25_23-41-44.mp4,0.0,0.015,0.125,"[0.0223, 0.0123, 0.0137, 0.0082, 0.01, 0.0072, 0.0054, 0.0468]",0.0,0.0
2026-07-18_19-56-35.mp4,0.05,0.0149,0.25,"[0.0139, 0.0361, 0.0038, 0.0085, 0.0038, 0.0045, 0.0391, 0.0083]",0.0,0.0
2026-07-11_17-21-30.mp4,0.0,0.0413,0.5,"[0.0437, 0.0069, 0.0055, 0.0073, 0.1697, 0.0312, 0.0216, 0.0689]",0.0,0.0
2026-07-11_23-39-00.mp4,0.0,nan,,[],0.0,0.0
2026-07-07_06-07-08.mp4,0.0,0.0486,0.875,"[0.0585, 0.0324, 0.0513, 0.0671, 0.0434, 0.0559, 0.0592, 0.0197]",0.0,0.0
2026-07-13_12-33-36.mp4,0.0,nan,,[],0.0,0.0
2026-07-10_21-01-55.mp4,0.0,0.0368,0.375,"[0.0588, 0.0118, 0.0031, 0.0203, 0.005, 0.0173, 0.0423, 0.1608]",0.0,0.0
2026-07-06_15-44-00.mp4,0.0,0.0358,0.75,"[0.0429, 0.0417, 0.0311, 0.015, 0.0166, 0.0321, 0.0304, 0.0765]",0.025,0.0
2026-07-06_03-19-10.mp4,0.0,0.0546,0.667,"[0.11, 0.055, 0.0375, 0.0557, 0.0109, 0.0113]",0.0,0.0
2026-07-01_18-02-35.mp4,0.0,nan,,[],0.0,0.0
2026-07-15_17-48-55.mp4,0.0,0.2065,1.0,"[0.2452, 0.3062, 0.2834, 0.1446, 0.1017, 0.3028, 0.1142, 0.1413]",0.075,0.05
2026-07-09_23-38-11.mp4,0.0,0.0826,1.0,"[0.0749, 0.0904]",0.0,0.0
2026-07-17_04-21-46.mp4,0.0,0.0145,0.125,"[0.041, 0.0212, 0.0088, 0.0138, 0.0059, 0.0051, 0.0088, 0.0104]",0.0,0.0
2026-07-25_23-40-14.mp4,0.0,0.0319,0.375,"[0.0282, 0.0424, 0.0573, 0.063, 0.0236, 0.0167, 0.0129, 0.0054]",0.0,0.0
2026-07-14_13-38-44.mp4,0.0,nan,,[],0.0,0.0
2026-07-07_03-02-52.mp4,0.0,nan,,[],0.0,0.0
2026-07-12_04-36-46.mp4,0.0,nan,,[],0.0,0.0
2026-07-08_14-04-54.mp4,0.0,0.033,0.5,"[0.0331, 0.0175, 0.0191, 0.0548, 0.0622, 0.0477, 0.0174, 0.0072]",0.0,0.0
2026-07-14_13-43-26.mp4,0.0,nan,,[],0.0,0.0
2026-07-22_11-57-58.mp4,0.0,0.0042,0.0,"[0.004, 0.0035, 0.004, 0.0047, 0.0031, 0.002, 0.0073, 0.0052]",0.0,0.0
2026-07-08_13-50-31.mp4,0.0,0.0407,0.714,"[0.038, 0.0313, 0.0329, 0.0243, 0.0713, 0.066, 0.0186]",0.0,0.0
2026-07-11_20-33-38.mp4,0.0,0.2722,1.0,[0.2722],0.0,0.0
2026-07-21_15-43-59.mp4,0.0,nan,,[],0.0,0.0
2026-07-16_20-24-45.mp4,0.0,0.0482,0.875,"[0.067, 0.071, 0.0516, 0.0532, 0.0412, 0.0437, 0.0314, 0.0207]",0.0,0.0
2026-07-08_08-48-22.mp4,0.0,nan,,[],0.0,0.0
2026-07-08_08-42-16.mp4,0.0,0.0095,0.0,"[0.0096, 0.0095]",0.0,0.0
2026-07-15_10-49-54.mp4,0.0,0.03,0.571,"[0.0301, 0.0091, 0.0337, 0.04, 0.0137, 0.0165, 0.0347]",0.0,0.0
2026-07-23_16-36-59.mp4,0.0,nan,,[],0.0,0.0
2026-07-07_22-37-54.mp4,0.0,0.0217,0.125,"[0.0072, 0.0061, 0.0083, 0.014, 0.0115, 0.059, 0.0195, 0.0243]",0.0,0.0
2026-07-20_11-29-02.mp4,0.0,0.0306,0.375,"[0.0731, 0.0371, 0.0377, 0.0294, 0.0038, 0.0226, 0.0239, 0.0138]",0.0,0.0
2026-07-07_05-36-56.mp4,0.0,0.0158,0.0,[0.0158],0.0,0.0
2026-07-07_18-56-31.mp4,0.0,0.0217,0.2,"[0.0259, 0.0097, 0.0095, 0.0226, 0.041]",0.0,0.0
2026-07-22_02-11-16.mp4,0.0,0.0149,0.125,"[0.0282, 0.0078, 0.0161, 0.0436, 0.0066, 0.0035, 0.0052, 0.0066]",0.0,0.0
2026-07-11_02-12-16.mp4,0.0,0.0314,0.429,"[0.0647, 0.0569, 0.0073, 0.0255, 0.0106, 0.0115, 0.049]",0.0,0.0
2026-07-11_17-42-24.mp4,0.0,0.0095,0.0,"[0.0155, 0.0012, 0.002, 0.0119, 0.0029, 0.0278, 0.0087, 0.007]",0.0,0.0
2026-07-25_17-42-53.mp4,0.0,nan,,[],0.0,0.0
2026-07-19_17-27-46.mp4,0.0,0.016,0.0,"[0.0227, 0.0112, 0.0073, 0.0177, 0.0254, 0.0246, 0.0164, 0.007]",0.0,0.0
2026-07-07_07-25-37.mp4,0.0,0.0392,0.5,"[0.0694, 0.0292, 0.0937, 0.04, 0.0099, 0.0144, 0.0316, 0.0216]",0.0,0.0
2026-07-08_12-13-14.mp4,0.0,0.0515,0.75,"[0.0923, 0.047, 0.0191, 0.0536, 0.0921, 0.0343, 0.0454, 0.0226]",0.0,0.0
2026-07-06_00-14-36.mp4,0.4,0.0462,0.5,"[0.0871, 0.0221, 0.0141, 0.0724, 0.0293, 0.0734, 0.0093, 0.0658]",0.0,0.0
2026-07-09_13-21-49.mp4,0.0,0.0269,0.286,"[0.0279, 0.0192, 0.027, 0.0368, 0.0228, 0.0182, 0.0325]",0.0,0.0
2026-07-14_14-04-26.mp4,0.0,0.0043,0.0,"[0.0057, 0.0047, 0.0043, 0.0079, 0.0072, 0.0027, 0.0, 0.005]",0.0,0.0
2026-07-07_05-54-50.mp4,0.0,0.0298,0.5,"[0.0714, 0.0106, 0.0133, 0.0104, 0.0216, 0.061, 0.0314, 0.0301]",0.0,0.0
2026-07-06_11-42-53.mp4,0.0,0.0131,0.143,"[0.0168, 0.0354, 0.0132, 0.0007, 0.0226, 0.0068, 0.0064]",0.375,0.0
2026-07-12_13-52-25.mp4,0.0,0.0045,0.0,"[0.0039, 0.0031, 0.0066, 0.0097, 0.0026, 0.0031, 0.0013, 0.0057]",0.0,0.0
2026-07-07_23-13-36.mp4,0.0,0.0141,0.125,"[0.0099, 0.0521, 0.0086, 0.0116, 0.0069, 0.0054, 0.0066, 0.0088]",0.0,0.0
2026-06-30_15-40-40.mp4,0.35,0.0694,0.875,"[0.0346, 0.0266, 0.0398, 0.1007, 0.0403, 0.0814, 0.0659, 0.1904]",0.5,0.0
2026-07-07_23-09-42.mp4,0.0,0.0318,0.6,"[0.0434, 0.0311, 0.0068, 0.0222, 0.0595]",0.0,0.0
2026-07-20_14-53-06.mp4,0.0,0.0286,0.125,"[0.0724, 0.0237, 0.0166, 0.0195, 0.0207, 0.0262, 0.021, 0.0284]",0.0,0.0
2026-07-21_11-19-49.mp4,0.0,0.0049,0.0,"[0.0087, 0.0027, 0.0067, 0.0038, 0.0045, 0.0036, 0.0015, 0.0083]",0.0,0.0
2026-07-06_03-19-22.mp4,0.0,0.0792,0.75,"[0.2797, 0.1018, 0.0406, 0.0488, 0.019, 0.0315, 0.0293, 0.0315]",0.0,0.0
2026-07-09_15-06-12.mp4,0.0,nan,,[],0.0,0.0
2026-07-17_20-56-01.mp4,0.0,0.0182,0.375,"[0.005, 0.0343, 0.0397, 0.0343, 0.0107, 0.0037, 0.0121, 0.0023]",0.0,0.0
2026-07-14_19-40-55.mp4,0.0,nan,,[],0.0,0.0
2026-07-17_04-54-04.mp4,0.0,0.021,0.125,"[0.0286, 0.0244, 0.0079, 0.0106, 0.0209, 0.0463, 0.0179, 0.0095]",0.0,0.0
2026-07-08_12-16-32.mp4,0.0,0.0846,0.875,"[0.0325, 0.1022, 0.0201, 0.0504, 0.097, 0.0533, 0.2186, 0.107]",0.0,0.0
2026-07-06_15-35-18.mp4,0.0,0.0063,0.0,"[0.0044, 0.0011, 0.0102, 0.0093]",0.0,0.0
2026-07-15_22-33-07.mp4,0.0,0.0099,0.0,"[0.0111, 0.0119, 0.0191, 0.0204, 0.005, 0.0041, 0.0052, 0.0003]",0.0,0.0
2026-07-01_02-51-34.mp4,0.0,nan,,[],0.0,0.0
2026-07-15_13-41-52.mp4,0.0,nan,,[],0.0,0.0
2026-07-18_21-58-46.mp4,0.0,0.0154,0.0,"[0.0122, 0.0202, 0.0143, 0.0135]",0.0,0.0
2026-07-14_23-17-55.mp4,0.0,0.0062,0.0,"[0.0166, 0.0072, 0.0065, 0.0051, 0.0038, 0.0045, 0.0028, 0.002]",0.0,0.0
2026-07-20_15-00-24.mp4,0.0,0.0249,0.25,"[0.0417, 0.0115, 0.022, 0.0211, 0.0194, 0.0209, 0.0299, 0.0344]",0.0,0.0
2026-07-23_07-53-22.mp4,0.0,0.0274,0.25,"[0.0202, 0.0101, 0.0098, 0.0389, 0.0886, 0.0297, 0.0083, 0.0101]",0.0,0.0
2026-07-16_10-17-03.mp4,0.0,0.044,0.625,"[0.0744, 0.064, 0.0282, 0.0659, 0.0057, 0.0375, 0.0224, 0.0563]",0.0,0.0
2026-07-25_17-49-47.mp4,0.0,0.0173,0.0,"[0.0109, 0.018, 0.0283, 0.0185, 0.0048, 0.017, 0.0169, 0.026]",0.0,0.0
2026-07-26_04-26-11.mp4,0.0,0.088,0.875,"[0.0638, 0.0874, 0.0165, 0.0836, 0.114, 0.0708, 0.1018, 0.1859]",0.0,0.0
2026-07-23_15-09-59.mp4,0.0,0.0323,1.0,[0.0323],0.0,0.0
2026-07-20_14-45-06.mp4,0.0,0.0352,0.625,"[0.0402, 0.0515, 0.0502, 0.0219, 0.023, 0.0311, 0.0298, 0.0335]",0.0,0.0
2026-07-24_04-37-41.mp4,0.0,0.0078,0.0,"[0.0106, 0.0127, 0.0, 0.0044, 0.0]",0.2,0.125
2026-07-06_00-20-06.mp4,0.441,0.0424,0.714,"[0.0752, 0.0427, 0.026, 0.0362, 0.027, 0.0434, 0.0486]",0.235,0.0
2026-07-08_13-27-31.mp4,0.0,nan,,[],0.0,0.0
2026-07-08_12-18-32.mp4,0.0,0.0435,0.75,"[0.0586, 0.0355, 0.0214, 0.0361, 0.0318, 0.0965, 0.0293, 0.0376]",0.0,0.0
2026-07-12_01-40-18.mp4,0.0,nan,,[],0.0,0.0
2026-06-30_13-08-55.mp4,0.0,nan,,[],0.0,0.0
2026-07-09_00-19-09.mp4,0.0,nan,,[],0.0,0.0
2026-07-14_00-52-45.mp4,0.0,0.0114,0.0,"[0.0058, 0.006, 0.0142, 0.0163]",0.0,0.0
2026-07-22_13-34-44.mp4,0.0,0.0039,0.0,"[0.0, 0.0058, 0.0, 0.0119]",0.0,0.0
2026-07-08_08-33-28.mp4,0.0,0.0271,0.4,"[0.032, 0.0145, 0.0205, 0.0489, 0.0146]",0.0,0.0
2026-07-14_13-53-50.mp4,0.0,nan,,[],0.0,0.0
2026-07-09_11-08-56.mp4,0.0,0.0402,0.625,"[0.0332, 0.0354, 0.0737, 0.0366, 0.0949, 0.0271, 0.0058, 0.0089]",0.0,0.0
2026-07-07_23-56-11.mp4,0.225,0.0415,0.5,"[0.0225, 0.0216, 0.0668, 0.0457, 0.0587, 0.0167, 0.0179, 0.0919]",0.0,0.0
2026-07-19_18-26-21.mp4,0.0,0.0191,0.25,"[0.0237, 0.0303, 0.014, 0.0049, 0.0013, 0.0253, 0.0237, 0.0324]",0.0,0.0
2026-07-15_12-57-59.mp4,0.0,nan,,[],0.0,0.0
2026-07-15_08-50-32.mp4,0.0,0.0067,0.0,"[0.0258, 0.0075, 0.0048, 0.0032, 0.0039, 0.0018, 0.0028, 0.0034]",0.0,0.0
2026-07-13_18-48-31.mp4,0.0,0.118,0.833,"[0.1514, 0.064, 0.0401, 0.0249, 0.0413, 0.8062]",0.0,0.0
2026-07-23_09-05-09.mp4,0.0,0.0102,0.0,"[0.0265, 0.0065, 0.0085, 0.0108, 0.0016, 0.0085, 0.0097, 0.0096]",0.05,0.05
2026-07-08_10-42-15.mp4,0.0,0.0416,0.625,"[0.02, 0.0183, 0.0337, 0.0578, 0.0162, 0.0365, 0.0337, 0.1349]",0.0,0.0
2026-07-12_11-50-30.mp4,0.0,0.0158,0.0,"[0.0219, 0.0114, 0.0196, 0.0129, 0.012, 0.01, 0.0199, 0.021]",0.0,0.0
2026-07-15_13-15-35.mp4,0.0,nan,,[],0.0,0.0
2026-07-13_12-39-06.mp4,0.0,nan,,[],0.0,0.0
2026-07-08_10-51-38.mp4,0.0,0.0339,0.5,"[0.0728, 0.0307, 0.0727, 0.0358, 0.0053, 0.0204, 0.0137, 0.0161]",0.0,0.0
2026-07-23_08-48-45.mp4,0.0,0.0183,0.125,"[0.0353, 0.026, 0.0085, 0.0202, 0.0097, 0.0149, 0.0124, 0.0192]",0.0,0.0
2026-07-18_15-02-20.mp4,0.0,0.0187,0.0,"[0.0262, 0.0165, 0.0161, 0.0141]",0.0,0.0
2026-07-15_15-57-02.mp4,0.0,0.0129,0.0,"[0.0249, 0.0175, 0.0142, 0.0121, 0.0058, 0.009, 0.0099, 0.009]",0.0,0.0
2026-07-01_17-52-05.mp4,0.0,0.0364,0.375,"[0.0236, 0.0558, 0.1103, 0.0313, 0.0061, 0.018, 0.0273, 0.0141]",0.0,0.0
2026-07-02_02-01-46.mp4,0.0,nan,,[],0.0,0.0
2026-07-12_08-05-20.mp4,0.0,0.0131,0.0,"[0.0094, 0.0073, 0.0237, 0.0138, 0.0109]",0.0,0.0
2026-07-22_07-49-37.mp4,0.0,nan,,[],0.0,0.0
2026-07-10_12-45-02.mp4,0.0,nan,,[],0.0,0.0
2026-07-15_20-13-29.mp4,0.0,0.0432,0.125,"[0.2341, 0.027, 0.0198, 0.0092, 0.0209, 0.0162, 0.0069, 0.004]",0.0,0.0
2026-07-08_18-57-39.mp4,0.0,0.0541,1.0,"[0.0482, 0.0589]",0.0,0.0
2026-07-12_04-25-16.mp4,0.0,0.0012,0.0,"[0.0047, 0.0026, 0.0, 0.0]",0.0,0.0
2026-07-21_06-46-28.mp4,0.0,0.0023,0.0,"[0.0055, 0.0, 0.0041, 0.0025, 0.0, 0.001, 0.0013]",0.0,0.0
2026-07-11_15-46-16.mp4,0.0,0.1178,1.0,"[0.2513, 0.0841, 0.1683, 0.0613, 0.1035, 0.1008, 0.091, 0.0662]",0.0,0.0
2026-07-06_08-15-37.mp4,0.0,0.1328,1.0,[0.1328],0.0,0.0
2026-07-12_08-07-08.mp4,0.0,0.0379,0.429,"[0.019, 0.0418, 0.0775, 0.0804, 0.0069, 0.0161, 0.0108]",0.0,0.0
2026-07-25_18-11-59.mp4,0.0,nan,,[],0.0,0.0
2026-07-08_03-52-30.mp4,0.0,0.0416,0.667,"[0.0654, 0.0409, 0.0127]",0.0,0.0
2026-07-22_13-37-14.mp4,0.0,0.0103,0.0,"[0.0138, 0.0141, 0.0104, 0.0285, 0.0032, 0.0012, 0.0052, 0.0046]",0.0,0.0
2026-07-11_22-37-48.mp4,0.0,0.0319,0.5,"[0.0473, 0.0087]",0.0,0.0
2026-07-07_22-32-54.mp4,0.0,0.0163,0.167,"[0.014, 0.0426, 0.0087, 0.0118, 0.0056, 0.0149]",0.0,0.0
2026-07-23_08-30-04.mp4,0.0,0.0145,0.125,"[0.0388, 0.0118, 0.0048, 0.0069, 0.0, 0.0095, 0.0121, 0.0165]",0.0,0.0
2026-07-08_08-35-10.mp4,0.0,nan,,[],0.0,0.0
2026-07-23_08-48-57.mp4,0.0,0.0183,0.125,"[0.0307, 0.0252, 0.0108, 0.016, 0.0219, 0.0171, 0.0106, 0.0131]",0.025,0.0
2026-07-24_21-59-12.mp4,0.0,nan,,[],0.0,0.0
2026-07-22_15-14-01.mp4,0.0,0.0077,0.0,"[0.0175, 0.0087, 0.0096, 0.0097, 0.007, 0.0049, 0.0043, 0.0062]",0.0,0.0
2026-07-23_13-01-07.mp4,0.0,0.046,0.5,"[0.0942, 0.0684, 0.0238, 0.0179, 0.0079, 0.063, 0.0198, 0.0798]",0.05,0.05
2026-07-23_07-55-46.mp4,0.0,0.0742,1.0,"[0.0339, 0.0788, 0.106, 0.0704, 0.0588, 0.1502, 0.0389, 0.1653]",0.0,0.0
2026-07-11_13-23-36.mp4,0.0,0.0431,0.5,"[0.059, 0.0947, 0.0092, 0.03, 0.0732, 0.0134, 0.0233, 0.033]",0.0,0.0
2026-07-20_11-27-50.mp4,0.0,0.0251,0.25,"[0.0261, 0.0459, 0.0178, 0.047, 0.0102, 0.0138, 0.0145, 0.0254]",0.0,0.0
2026-07-23_08-30-16.mp4,0.0,0.0097,0.0,"[0.0117, 0.0124, 0.0045, 0.0104]",0.0,0.0
2026-07-04_15-28-42.mp4,0.0,0.0435,0.429,"[0.0158, 0.0082, 0.0306, 0.0172, 0.026, 0.1102, 0.0455]",0.0,0.0
2026-07-26_02-27-30.mp4,0.0,0.0319,0.25,"[0.0082, 0.0191, 0.0768, 0.0083]",0.0,0.0
2026-07-07_04-44-09.mp4,0.0,0.1127,0.875,"[0.1974, 0.1156, 0.226, 0.1624, 0.073, 0.0481, 0.0237, 0.0411]",0.0,0.0
2026-07-09_21-51-26.mp4,0.0,0.0034,0.0,"[0.0046, 0.0022, 0.0012, 0.0054, 0.0021, 0.0024, 0.0027, 0.0138]",0.0,0.0
2026-06-30_16-19-08.mp4,0.0,0.0644,0.714,"[0.0297, 0.1063, 0.124, 0.0388, 0.0245, 0.0446, 0.0793]",0.0,0.0
2026-07-09_12-00-02.mp4,0.0,0.0398,0.625,"[0.0344, 0.0615, 0.0517, 0.0229, 0.0346, 0.0211, 0.0679, 0.0204]",0.0,0.0
2026-07-22_23-22-27.mp4,0.0,0.0,0.0,[0.0],0.0,0.0
2026-07-09_23-01-53.mp4,0.0,0.0027,0.0,"[0.0101, 0.0017, 0.0029, 0.0059, 0.0004, 0.0004, 0.0011, 0.0]",0.0,0.0
2026-07-22_13-38-26.mp4,0.0,0.0127,0.0,"[0.0124, 0.0068, 0.0155, 0.016, 0.0172, 0.0159, 0.0061, 0.0118]",0.0,0.0
2026-07-15_19-36-24.mp4,0.0,0.0072,0.0,"[0.0113, 0.003, 0.0061, 0.005, 0.0025, 0.0079, 0.0149, 0.0072]",0.0,0.0
2026-07-09_14-43-36.mp4,0.0,0.0342,1.0,[0.0342],0.0,0.0
2026-07-22_13-38-02.mp4,0.0,0.0103,0.0,"[0.0118, 0.0143, 0.0158, 0.0112, 0.0079, 0.011, 0.0059, 0.0032]",0.0,0.0
2026-07-03_21-39-35.mp4,0.0,nan,,[],0.0,0.0
2026-07-12_19-39-58.mp4,0.0,nan,,[],0.0,0.0
2026-07-21_06-47-04.mp4,0.0,0.0019,0.0,"[0.0051, 0.0, 0.0057, 0.0, 0.0021, 0.0]",0.0,0.0
2026-07-17_12-48-35.mp4,0.0,0.0279,0.25,"[0.0529, 0.0818, 0.0279, 0.0228, 0.0205, 0.0072, 0.002, 0.0029]",0.0,0.0
2026-07-18_02-13-34.mp4,0.0,0.0133,0.0,"[0.0139, 0.0099]",0.0,0.0
2026-07-16_19-07-34.mp4,0.0,0.0163,0.0,"[0.0279, 0.0195, 0.011, 0.0234, 0.0146, 0.0116, 0.0167, 0.0018]",0.0,0.0
2026-07-05_18-14-56.mp4,0.3,0.1267,1.0,"[0.1673, 0.1227, 0.1086, 0.1151, 0.0482, 0.0798, 0.1423, 0.1903]",0.4,0.375
2026-07-04_01-46-05.mp4,0.45,0.0243,0.375,"[0.0444, 0.01, 0.0068, 0.0358, 0.0191, 0.0066, 0.0473, 0.024]",0.0,0.0
2026-07-20_19-49-29.mp4,0.0,0.0272,0.375,"[0.0238, 0.0449, 0.0372, 0.0475, 0.0126, 0.0128, 0.0173, 0.0199]",0.0,0.0
2026-07-21_08-29-33.mp4,0.0,0.0596,1.0,"[0.1085, 0.0645, 0.1142, 0.0615, 0.0391, 0.0427, 0.0323, 0.0314]",0.0,0.0
2026-07-25_04-15-50.mp4,0.0,0.0171,0.125,"[0.0119, 0.0083, 0.0088, 0.0118, 0.0034, 0.0232, 0.0557, 0.0132]",0.0,0.0
2026-07-03_19-55-42.mp4,0.0,0.0503,0.625,"[0.0312, 0.0, 0.0138, 0.1213, 0.0449, 0.0523, 0.0568, 0.0016]",0.0,0.0
2026-07-03_22-46-40.mp4,0.0,0.0894,1.0,"[0.1207, 0.0976, 0.1426, 0.0607, 0.0546, 0.0383, 0.0751, 0.1503]",0.075,0.0
2026-07-07_14-02-15.mp4,0.0,0.1045,0.857,"[0.3077, 0.0351, 0.0442, 0.067, 0.01, 0.0413, 0.0551]",0.0,0.0
2026-07-01_23-34-14.mp4,0.0,0.0105,0.0,"[0.0102, 0.0133, 0.0124, 0.0141, 0.0036, 0.0094, 0.0112]",0.0,0.0
2026-07-06_00-35-00.mp4,0.425,0.0433,0.875,"[0.056, 0.0404, 0.0715, 0.0409, 0.0424, 0.0328, 0.0271, 0.0328]",0.05,0.0
2026-07-13_04-07-37.mp4,0.0,nan,,[],0.0,0.0
2026-07-08_13-50-19.mp4,0.0,0.0801,1.0,"[0.0965, 0.0443, 0.0568, 0.0527, 0.4029]",0.0,0.0
2026-07-11_13-28-24.mp4,0.0,0.0445,0.4,"[0.3095, 0.0107, 0.0179, 0.0453, 0.0112]",0.0,0.0
2026-07-06_00-32-24.mp4,0.0,0.0477,0.625,"[0.0914, 0.0463, 0.0173, 0.0297, 0.016, 0.0744, 0.0872, 0.0633]",0.0,0.0
2026-07-25_01-46-15.mp4,0.0,nan,,[],0.0,0.0
2026-07-09_01-05-03.mp4,0.0,0.0272,0.125,"[0.0272, 0.0243, 0.0238, 0.0144, 0.019, 0.0814, 0.0138, 0.008]",0.0,0.0
2026-07-20_22-59-51.mp4,0.0,nan,,[],0.0,0.0
2026-07-15_13-10-23.mp4,0.0,nan,,[],0.0,0.0
2026-07-07_11-25-17.mp4,0.0,0.0255,0.375,"[0.0761, 0.0081, 0.0097, 0.0319, 0.0637, 0.0046, 0.0031, 0.0018]",0.0,0.0
2026-07-10_08-10-29.mp4,0.0,0.0224,0.5,"[0.0212, 0.03, 0.0317, 0.0]",0.0,0.0
2026-07-11_13-37-54.mp4,0.0,0.2787,1.0,[0.2787],0.0,0.0
2026-07-16_17-11-41.mp4,0.2,0.0387,0.75,"[0.0359, 0.0205, 0.0184, 0.032, 0.041, 0.0623, 0.0523, 0.0497]",0.0,0.0
2026-07-12_03-19-23.mp4,0.0,0.0391,0.5,"[0.067, 0.0675, 0.0211, 0.0547, 0.0131, 0.0197, 0.0466, 0.0188]",0.0,0.0
2026-07-09_14-16-06.mp4,0.0,0.0209,0.333,"[0.0267, 0.0108, 0.0082, 0.0344, 0.0318, 0.0128]",0.0,0.0
2026-07-23_07-58-46.mp4,0.0,0.0277,0.5,"[0.0509, 0.0333, 0.0109, 0.0127]",0.0,0.0
2026-07-15_08-57-37.mp4,0.0,0.0223,0.25,"[0.0532, 0.0381, 0.0261, 0.0185, 0.0056, 0.0044, 0.0274, 0.0023]",0.0,0.0
2026-07-09_14-12-06.mp4,0.0,0.0336,0.6,"[0.0539, 0.0344, 0.0224, 0.0212, 0.0376]",0.0,0.0
2026-07-20_09-54-15.mp4,0.0,0.0288,0.625,"[0.0514, 0.0472, 0.039, 0.0273, 0.0329, 0.0065, 0.0202, 0.0302]",0.0,0.0
2026-07-21_09-14-09.mp4,0.0,0.0346,0.625,"[0.0433, 0.0583, 0.0293, 0.0338, 0.0334, 0.0383, 0.0207, 0.0157]",0.0,0.0
2026-07-16_20-53-21.mp4,0.45,0.0534,0.875,"[0.054, 0.1021, 0.072, 0.0278, 0.0429, 0.0451, 0.045, 0.0339]",0.0,0.0
2026-07-11_22-46-16.mp4,0.0,0.0263,0.2,"[0.0627, 0.0129, 0.021, 0.0162, 0.0177]",0.0,0.0
2026-07-22_10-52-28.mp4,0.0,0.0362,0.5,"[0.0653, 0.0289, 0.056, 0.0347, 0.0119, 0.0599, 0.0156, 0.0124]",0.025,0.025
2026-07-07_13-08-40.mp4,0.0,0.1406,1.0,"[0.084, 0.0749, 0.0802, 0.0748, 0.1083, 0.8863, 0.1742, 0.0937]",0.0,0.0
2026-07-18_15-25-02.mp4,0.0,0.0297,0.625,"[0.0549, 0.0323, 0.0317, 0.0185, 0.0177, 0.0326, 0.0157, 0.0356]",0.0,0.0
2026-07-25_15-53-42.mp4,0.0,0.0188,0.125,"[0.0092, 0.0091, 0.0092, 0.0482, 0.0126, 0.0174, 0.0194, 0.0216]",0.0,0.0
2026-07-19_17-16-40.mp4,0.0,0.0276,0.375,"[0.0306, 0.0148, 0.0244, 0.0514, 0.0243, 0.0176, 0.0207, 0.0392]",0.0,0.0
2026-07-21_12-06-55.mp4,0.0,0.0124,0.0,"[0.0201, 0.0063, 0.0031, 0.012, 0.0205]",0.0,0.0
2026-07-21_00-59-32.mp4,0.0,0.0206,0.125,"[0.0303, 0.0278, 0.0253, 0.0276, 0.0229, 0.0122, 0.0107, 0.0044]",0.0,0.0
2026-07-11_13-29-48.mp4,0.0,0.0425,1.0,[0.0425],0.0,0.0
2026-07-11_11-00-46.mp4,0.0,0.0241,0.25,"[0.022, 0.0243, 0.0306, 0.0375, 0.0133, 0.0244, 0.0204, 0.0192]",0.0,0.0
2026-07-13_03-17-20.mp4,0.0,0.0114,0.0,"[0.025, 0.0075, 0.0119, 0.0071, 0.0141, 0.0078, 0.0102, 0.0064]",0.0,0.0
2026-07-10_09-25-35.mp4,0.0,nan,,[],0.0,0.0
2026-07-21_11-59-43.mp4,0.0,0.042,0.5,"[0.1209, 0.0706, 0.023, 0.027, 0.0461, 0.0101, 0.005, 0.031]",0.225,0.225
2026-07-25_15-52-12.mp4,0.0,0.0115,0.0,"[0.0062, 0.0292, 0.0113, 0.0219, 0.0029, 0.0089, 0.0056, 0.0049]",0.0,0.0
2026-07-22_20-12-31.mp4,0.0,0.0245,0.125,"[0.0275, 0.0179, 0.0219, 0.0228, 0.0157, 0.0211, 0.0183, 0.0571]",0.0,0.0
2026-07-11_20-28-50.mp4,0.0,nan,,[],0.0,0.0
2026-07-23_17-10-46.mp4,0.0,0.0126,0.0,"[0.0156, 0.0097]",0.0,0.0
2026-07-06_03-20-46.mp4,0.0,0.0164,0.125,"[0.0101, 0.019, 0.0308, 0.0262, 0.0131, 0.0073, 0.013, 0.0129]",0.025,0.0
2026-07-07_18-15-50.mp4,0.0,0.0078,0.0,"[0.0058, 0.0089, 0.0108, 0.0083, 0.0027, 0.0125, 0.0039, 0.0098]",0.0,0.0
2026-07-09_11-45-50.mp4,0.0,0.0235,0.25,"[0.0178, 0.0206, 0.0378, 0.0312, 0.0229, 0.0167, 0.0188, 0.0192]",0.0,0.0
2026-07-22_15-11-20.mp4,0.0,0.0064,0.0,"[0.0128, 0.0064, 0.0075, 0.0063, 0.0062, 0.0033, 0.0042, 0.0042]",0.0,0.0
2026-07-12_19-29-58.mp4,0.0,nan,,[],0.0,0.0
2026-07-26_09-37-14.mp4,0.0,0.0235,0.25,"[0.0367, 0.0234, 0.0169, 0.0204, 0.0213, 0.013, 0.0166, 0.0432]",0.0,0.0
2026-07-23_15-43-29.mp4,0.0,0.0098,0.0,"[0.007, 0.0103, 0.0041, 0.011, 0.017, 0.0059, 0.0094, 0.0187]",0.0,0.0
2026-07-08_14-14-30.mp4,0.0,0.0717,0.5,"[0.1558, 0.1014, 0.0326, 0.2233, 0.004, 0.0017, 0.0179, 0.028]",0.0,0.0
2026-07-10_07-45-18.mp4,0.0,nan,,[],0.0,0.0
2026-07-24_00-36-19.mp4,0.0,0.0242,0.375,"[0.0054, 0.0077, 0.0032, 0.0135, 0.0355, 0.0635, 0.0436, 0.0208]",0.0,0.0
2026-07-22_07-40-25.mp4,0.925,0.0707,1.0,"[0.0952, 0.0698, 0.0487, 0.0549, 0.0488, 0.056, 0.1055, 0.0902]",0.875,0.875
2026-07-09_14-06-48.mp4,0.0,nan,,[],0.0,0.0
2026-07-23_15-32-59.mp4,0.0,0.0081,0.0,"[0.0049, 0.0164, 0.0202, 0.0124, 0.0068, 0.005, 0.0035, 0.0053]",0.0,0.0
2026-07-26_04-15-23.mp4,0.0,0.0447,0.75,"[0.0632, 0.0348, 0.0194, 0.0608, 0.0803, 0.0223, 0.0339, 0.0424]",0.0,0.0
2026-07-21_00-41-20.mp4,0.0,0.0082,0.0,"[0.0112, 0.0011, 0.0, 0.0021, 0.0165, 0.0217, 0.0078, 0.0076]",0.0,0.0
2026-07-05_21-56-02.mp4,0.0,0.03,0.333,"[0.0688, 0.0248, 0.0197, 0.06, 0.0206, 0.0266]",0.0,0.0
2026-07-10_20-05-14.mp4,0.0,nan,,[],0.0,0.0
2026-07-11_10-52-10.mp4,0.0,0.0508,0.75,"[0.0323, 0.0489, 0.0136, 0.0734, 0.0132, 0.0516, 0.173, 0.0445]",0.0,0.0
2026-07-06_11-32-29.mp4,0.0,0.0018,0.0,"[0.0038, 0.0041, 0.001, 0.0, 0.0]",0.0,0.0
2026-07-22_02-13-58.mp4,0.0,0.0137,0.0,"[0.0252, 0.0118, 0.0162, 0.0193, 0.0165, 0.0091, 0.0024, 0.0048]",0.0,0.0
2026-07-05_18-20-25.mp4,0.0,0.0862,1.0,"[0.0808, 0.03, 0.0867, 0.1618]",0.0,0.0
2026-07-10_00-33-22.mp4,0.0,0.0346,1.0,[0.0346],0.0,0.0
2026-07-08_00-05-05.mp4,0.0,0.0725,0.857,"[0.1795, 0.0393, 0.0759, 0.02, 0.0784, 0.0537, 0.1192]",0.0,0.0
2026-07-09_10-55-08.mp4,0.0,0.0311,0.625,"[0.0566, 0.0317, 0.0167, 0.0345, 0.018, 0.0324, 0.0284, 0.0301]",0.0,0.0
2026-07-22_13-30-33.mp4,0.0,0.1459,0.875,"[0.2211, 0.0303, 0.0304, 0.3187, 0.0943, 0.0202, 0.3949, 0.0353]",0.0,0.0
2026-07-23_16-45-28.mp4,0.0,0.0215,0.333,"[0.0474, 0.012, 0.0, 0.0043, 0.0201, 0.0533]",0.0,0.0
2026-07-23_12-33-55.mp4,0.0,0.0431,0.625,"[0.0409, 0.0849, 0.0658, 0.0703, 0.0169, 0.0073, 0.033, 0.0213]",0.0,0.0
2026-07-14_06-39-25.mp4,0.0,0.0166,0.0,"[0.0248, 0.0166, 0.0151, 0.013, 0.013]",0.04,0.04
2026-07-13_10-46-19.mp4,0.0,0.0419,1.0,"[0.0505, 0.0361, 0.0353]",0.0,0.0
2026-07-23_08-00-40.mp4,0.0,0.0187,0.125,"[0.0347, 0.0182, 0.026, 0.0121, 0.0234, 0.0101, 0.0089, 0.0149]",0.0,0.0
2026-07-01_07-34-41.mp4,0.0,0.0054,0.0,"[0.0031, 0.0029, 0.0, 0.0095, 0.0102, 0.0, 0.0143]",0.0,0.0
2026-07-01_23-35-26.mp4,0.0,0.0125,0.0,"[0.0105, 0.0131, 0.021, 0.006, 0.0174, 0.0152, 0.0084]",0.0,0.0
2026-07-21_08-23-39.mp4,0.0,0.062,0.75,"[0.0944, 0.1057, 0.0468, 0.066, 0.0444, 0.0809, 0.0219, 0.0293]",0.0,0.0
2026-07-22_13-19-45.mp4,0.0,0.0129,0.0,"[0.024, 0.0138, 0.0036, 0.0067, 0.0109, 0.0144]",0.0,0.0
2026-07-01_05-11-50.mp4,0.0,0.0234,0.25,"[0.0309, 0.0299, 0.013, 0.0187]",0.0,0.0
2026-07-01_23-19-22.mp4,0.025,0.0463,1.0,"[0.0384, 0.0388, 0.0414, 0.0605, 0.0495, 0.0556, 0.0498, 0.0337]",1.0,1.0
2026-07-23_07-58-34.mp4,0.0,0.0675,0.571,"[0.0461, 0.1507, 0.191, 0.0306, 0.016, 0.0, 0.0088]",0.0,0.0
2026-07-03_19-57-42.mp4,0.0,0.0882,0.5,"[0.282, 0.0854, 0.133, 0.1314, 0.0274, 0.0135, 0.0105, 0.0056]",0.0,0.0
2026-07-14_13-51-26.mp4,0.0,nan,,[],0.0,0.0
2026-07-01_05-51-56.mp4,0.075,0.0245,0.125,"[0.1188, 0.0254, 0.0239, 0.0258, 0.0094, 0.0119, 0.0064, 0.009]",0.0,0.0
2026-07-24_11-54-54.mp4,0.0,0.016,0.0,[0.016],0.0,0.0
2026-07-09_11-03-26.mp4,0.0,0.0364,0.75,"[0.0348, 0.0367, 0.0292, 0.0233, 0.037, 0.0354, 0.0353, 0.062]",0.0,0.0
2026-06-30_16-10-08.mp4,0.0,0.0,0.0,[0.0],0.0,0.0
2026-07-01_07-18-29.mp4,0.0,0.0087,0.0,"[0.0145, 0.0157, 0.0092, 0.0143, 0.0034, 0.0024, 0.0025, 0.0073]",0.0,0.0
2026-07-22_10-34-10.mp4,0.0,0.0379,0.333,"[0.0828, 0.0079, 0.0174, 0.0294, 0.2089, 0.0182]",0.0,0.0
2026-07-23_15-43-53.mp4,0.0,0.0136,0.143,"[0.0203, 0.0108, 0.013, 0.0421, 0.0204, 0.0049, 0.0]",0.0,0.0
2026-07-22_00-48-05.mp4,0.0,nan,,[],0.0,0.0
2026-07-12_15-47-46.mp4,0.0,0.0052,0.0,"[0.0119, 0.0053, 0.0045, 0.005, 0.0035, 0.0062, 0.0035, 0.0005]",0.0,0.0
2026-07-03_19-51-54.mp4,0.0,0.0136,0.0,"[0.0198, 0.0213, 0.0216, 0.0083, 0.0063, 0.0097, 0.0034, 0.0194]",0.0,0.0
2026-07-07_09-27-24.mp4,0.0,0.0524,1.0,"[0.0392, 0.0564, 0.0337, 0.0365, 0.0311, 0.0462, 0.093, 0.0912]",0.0,0.0
2026-07-06_00-18-18.mp4,0.05,0.1375,1.0,"[0.125, 0.0961, 0.1391, 0.1825, 0.1244, 0.109, 0.1208, 0.2197]",0.0,0.0
2026-07-14_14-00-02.mp4,0.0,nan,,[],0.0,0.0
2026-07-11_13-33-18.mp4,0.0,0.2726,1.0,"[0.1843, 0.2054, 0.0772, 0.2662, 0.3996, 0.3306, 0.3823, 0.351]",0.0,0.0
2026-07-07_06-11-08.mp4,0.0,0.0757,1.0,"[0.0883, 0.0802, 0.0431, 0.129, 0.12, 0.0413, 0.0467, 0.0524]",0.0,0.0
2026-07-09_10-54-32.mp4,0.0,0.2634,0.5,"[0.0461, 0.1372, 0.0479, 1.7096, 0.0088, 0.0093, 0.008, 0.0233]",0.0,0.0
2026-07-05_11-04-45.mp4,0.0,0.0222,0.0,"[0.0224, 0.0218]",0.0,0.0
2026-07-21_15-37-35.mp4,0.0,0.0251,0.25,"[0.021, 0.0585, 0.014, 0.0319, 0.0148, 0.0286, 0.0121, 0.0186]",0.0,0.0
2026-07-06_08-08-19.mp4,0.0,0.0403,0.75,"[0.0412, 0.0314, 0.0283, 0.0531, 0.0265, 0.0499, 0.0623, 0.0341]",0.0,0.0
2026-07-15_14-56-04.mp4,0.0,0.0113,0.0,"[0.0133, 0.0123, 0.0059, 0.0137, 0.0135, 0.0056]",0.0,0.0
2026-07-09_11-19-14.mp4,0.0,0.0325,0.5,"[0.0185, 0.0188, 0.0317, 0.0448, 0.0216, 0.0553, 0.0388, 0.0298]",0.0,0.0
2026-07-22_10-58-52.mp4,0.0,0.0705,0.625,"[0.0373, 0.0957, 0.0244, 0.0282, 0.0071, 0.0893, 0.1097, 0.1975]",0.0,0.0
2026-07-23_22-57-14.mp4,0.0,0.0136,0.25,"[0.0179, 0.0114, 0.0312, 0.0307, 0.0074, 0.0069, 0.0018, 0.0006]",0.0,0.0
2026-07-07_17-15-13.mp4,0.0,0.0428,0.25,"[0.0878, 0.0237, 0.0257, 0.0247, 0.125, 0.0184, 0.0172, 0.0141]",0.0,0.0
2026-07-09_11-26-44.mp4,0.0,0.0355,0.625,"[0.0473, 0.0174, 0.0439, 0.0309, 0.0569, 0.0386, 0.0229, 0.0238]",0.0,0.0
2026-07-07_12-07-52.mp4,0.0,0.0881,0.5,"[0.0139, 0.1067]",0.0,0.0
2026-07-08_12-29-55.mp4,0.0,0.0504,0.75,"[0.0517, 0.0248, 0.0843, 0.0887, 0.0556, 0.0488, 0.015, 0.0307]",0.0,0.0
2026-07-17_17-25-47.mp4,0.0,nan,,[],0.0,0.0
2026-07-07_18-44-07.mp4,0.0,0.0594,0.875,"[0.1051, 0.0456, 0.0459, 0.0635, 0.0461, 0.0793, 0.057, 0.026]",0.0,0.0
2026-07-23_16-19-05.mp4,0.0,0.0096,0.143,"[0.0305, 0.0098, 0.0035, 0.0028, 0.0, 0.0073, 0.0074]",0.0,0.0
2026-07-11_13-57-00.mp4,0.0,0.0406,0.286,"[0.0322, 0.0254, 0.0165, 0.0185, 0.1582, 0.0058, 0.0106]",0.0,0.0
2026-07-08_21-06-11.mp4,0.0,nan,,[],0.0,0.0
2026-07-21_12-47-37.mp4,0.0,0.0124,0.333,"[0.0328, 0.0028, 0.0017]",0.0,0.0
2026-07-25_13-52-56.mp4,0.0,nan,,[],0.0,0.0
2026-07-01_13-58-59.mp4,0.0,0.0103,0.0,"[0.0124, 0.0079, 0.012, 0.009, 0.002, 0.0055, 0.0083, 0.0295]",0.0,0.0
2026-07-12_06-37-27.mp4,0.0,0.0282,0.0,[0.0282],0.0,0.0
2026-07-14_13-58-38.mp4,0.0,0.015,0.0,"[0.02, 0.0116, 0.0108, 0.0295, 0.0092, 0.0098, 0.0148, 0.0141]",0.0,0.0
2026-07-20_19-16-29.mp4,0.0,0.0192,0.25,"[0.0313, 0.016, 0.0037, 0.0203, 0.0018, 0.055, 0.0193, 0.0034]",0.0,0.0
2026-07-14_06-38-25.mp4,0.0,0.0293,0.375,"[0.016, 0.0187, 0.0206, 0.0406, 0.0172, 0.0525, 0.0388, 0.024]",0.45,0.45
2026-07-21_08-29-09.mp4,0.0,0.0523,0.875,"[0.0291, 0.0453, 0.0692, 0.0573, 0.0517, 0.0435, 0.0491, 0.0767]",0.0,0.0
2026-07-11_13-47-06.mp4,0.0,0.1539,0.875,"[0.1389, 0.0533, 0.0202, 0.283, 0.3791, 0.1132, 0.1723, 0.0506]",0.0,0.0
2026-07-01_21-33-34.mp4,0.0,0.0467,0.375,"[0.1851, 0.0935, 0.0466, 0.0249, 0.004, 0.0029, 0.0, 0.0089]",0.0,0.0
2026-07-09_13-23-31.mp4,0.0,0.0132,0.0,"[0.0093, 0.0204, 0.0083, 0.0267, 0.0128, 0.0144, 0.0085, 0.01]",0.0,0.0
2026-07-05_19-54-17.mp4,0.0,0.0713,0.667,"[0.0842, 0.0088, 0.108]",0.0,0.0
2026-07-09_11-03-38.mp4,0.0,0.0238,0.25,"[0.0559, 0.013, 0.0107, 0.0184, 0.0305, 0.0109, 0.0251, 0.0268]",0.0,0.0
2026-07-10_11-54-57.mp4,0.0,0.0076,0.0,"[0.013, 0.0097, 0.008, 0.021, 0.0067, 0.0031, 0.0019, 0.0043]",0.0,0.0
2026-07-23_16-51-04.mp4,0.0,0.0293,0.5,"[0.045, 0.0375, 0.0204, 0.0331, 0.0175, 0.0221, 0.0251, 0.0345]",0.0,0.0
2026-07-22_15-12-55.mp4,0.0,0.0077,0.0,"[0.0111, 0.0072, 0.0121, 0.0059, 0.008, 0.0059, 0.0057, 0.0047]",0.0,0.0
2026-07-08_07-55-22.mp4,0.0,nan,,[],0.0,0.0
2026-07-08_08-41-40.mp4,0.0,0.0175,0.125,"[0.017, 0.0268, 0.0269, 0.0414, 0.0117, 0.0047, 0.0017, 0.0081]",0.0,0.0
2026-07-01_15-59-40.mp4,0.0,0.0162,0.125,"[0.028, 0.0108, 0.0075, 0.0153, 0.0083, 0.0073, 0.033, 0.02]",0.0,0.0
2026-07-01_00-48-41.mp4,0.0,0.1089,1.0,"[0.1297, 0.3364, 0.1149, 0.0555, 0.055, 0.0612, 0.0544, 0.0527]",0.0,0.0
2026-07-20_19-21-53.mp4,0.0,0.0237,0.375,"[0.0263, 0.0559, 0.0336, 0.0369, 0.0142, 0.0071, 0.0054, 0.0071]",0.0,0.0
2026-07-09_12-11-08.mp4,0.0,0.0378,0.625,"[0.0379, 0.0232, 0.0264, 0.0337, 0.0247, 0.0532, 0.0527, 0.0425]",0.0,0.0
2026-07-21_12-01-31.mp4,0.675,0.0191,0.125,"[0.0297, 0.019, 0.009, 0.0106, 0.0031, 0.0081, 0.0274, 0.0528]",0.525,0.525
2026-07-13_10-47-25.mp4,0.0,0.0268,0.333,"[0.0308, 0.015, 0.0913, 0.0161, 0.0208, 0.0058]",0.0,0.0
2026-07-05_19-52-35.mp4,0.0,0.0122,0.0,"[0.0065, 0.0235]",0.0,0.0
2026-07-07_11-23-11.mp4,0.0,0.0478,0.625,"[0.0679, 0.0922, 0.0776, 0.0432, 0.0191, 0.0332, 0.019, 0.0256]",0.0,0.0
2026-07-01_21-34-10.mp4,0.0,0.0268,0.143,"[0.0195, 0.0277, 0.0813, 0.0073, 0.0062, 0.0229, 0.0215]",0.0,0.0
2026-07-23_16-38-11.mp4,0.0,nan,,[],0.0,0.0
2026-07-21_00-33-50.mp4,0.143,0.0172,0.0,"[0.0195, 0.014, 0.012, 0.0232]",0.0,0.0
2026-07-26_02-18-30.mp4,0.0,0.0306,0.333,"[0.0669, 0.0182, 0.0092, 0.0152, 0.0279, 0.038]",0.0,0.0
2026-07-07_05-58-14.mp4,0.0,0.0229,0.375,"[0.0126, 0.0413, 0.0195, 0.0393, 0.0181, 0.0089, 0.032, 0.019]",0.0,0.0
2026-07-01_15-58-22.mp4,0.025,0.0573,0.75,"[0.0748, 0.0401, 0.0215, 0.0703, 0.0778, 0.0832, 0.0679, 0.0144]",0.0,0.0
2026-07-07_09-21-30.mp4,0.0,1.1326,0.625,"[3.4279, 0.0067, 0.0001, 0.3223, 4.9115, 0.1245, 0.0414, 0.0]",0.0,0.0
2026-07-10_09-28-41.mp4,0.0,nan,,[],0.0,0.0
2026-07-11_23-37-42.mp4,0.0,0.0187,0.2,"[0.011, 0.0184, 0.0164, 0.0306, 0.0067]",0.0,0.0
2026-07-05_18-14-32.mp4,0.025,0.153,1.0,"[0.4135, 0.0358, 0.1138, 0.0614, 0.4085, 0.2637]",0.275,0.05
2026-07-11_10-00-10.mp4,0.0,0.0238,0.25,"[0.0328, 0.0089, 0.0236, 0.0335, 0.0242, 0.0294, 0.0225, 0.0134]",0.0,0.0
2026-07-07_14-05-33.mp4,0.0,0.0643,1.0,"[0.0654, 0.0646, 0.0665, 0.0621]",0.0,0.0
2026-07-09_10-51-56.mp4,0.0,0.1006,0.833,"[0.0639, 0.0263, 0.093, 0.0396, 0.2841, 0.0967]",0.0,0.0
2026-07-25_14-27-13.mp4,0.0,nan,,[],0.0,0.0
2026-07-08_21-56-11.mp4,0.0,0.0092,0.0,"[0.0078, 0.0074, 0.008, 0.0112, 0.019, 0.0064, 0.0089, 0.0064]",0.0,0.0
2026-07-19_10-05-50.mp4,0.2,0.0424,0.75,"[0.0441, 0.0315, 0.0569, 0.0618, 0.0445, 0.0233, 0.0288, 0.0502]",0.025,0.025
2026-07-10_05-15-25.mp4,0.0,0.0431,0.5,"[0.0507, 0.0278]",0.0,0.0
2026-07-09_11-59-14.mp4,0.0,0.0515,0.875,"[0.0191, 0.0352, 0.0628, 0.0782, 0.0433, 0.0573, 0.0529, 0.0661]",0.0,0.0
2026-07-07_23-52-41.mp4,0.05,0.0756,0.75,"[0.2238, 0.1094, 0.0496, 0.0496, 0.0606, 0.0128, 0.0265, 0.0713]",0.0,0.0
2026-07-09_10-06-45.mp4,0.0,0.0564,0.5,"[0.0676, 0.0025, 0.0061, 0.0218, 0.2449, 0.0261, 0.0392, 0.0394]",0.0,0.0
2026-07-01_15-59-52.mp4,0.0,0.0145,0.0,"[0.0217, 0.0091, 0.0031, 0.0128, 0.0102, 0.021, 0.0287, 0.0083]",0.0,0.0
2026-07-09_05-49-12.mp4,0.0,0.0531,0.5,"[0.0939, 0.0369, 0.068, 0.1184, 0.0158, 0.0255, 0.0041, 0.0043]",0.0,0.0
2026-07-21_13-52-00.mp4,0.0,0.0461,0.625,"[0.1152, 0.0343, 0.0139, 0.0277, 0.0797, 0.0334, 0.0415, 0.017]",0.0,0.0
2026-07-22_06-56-31.mp4,0.075,0.0564,1.0,"[0.0416, 0.0514, 0.0649, 0.0327, 0.0463, 0.0529, 0.0803, 0.0878]",0.025,0.025
2026-07-08_08-34-04.mp4,0.0,0.0257,0.333,"[0.0248, 0.0317, 0.0085]",0.0,0.0
2026-07-01_21-19-29.mp4,0.0,0.017,0.125,"[0.0136, 0.0052, 0.0048, 0.0105, 0.0058, 0.0098, 0.0257, 0.1257]",0.0,0.0
2026-07-03_20-20-42.mp4,0.0,nan,,[],0.0,0.0
2026-07-07_09-34-06.mp4,0.0,nan,,[],0.0,0.0
2026-07-21_11-44-01.mp4,0.0,0.1095,1.0,"[0.2502, 0.0312, 0.222, 0.0563, 0.0389, 0.0442, 0.053, 0.1843]",0.0,0.0
2026-07-07_08-25-30.mp4,0.0,0.052,0.5,"[0.1346, 0.0883, 0.1009, 0.0641, 0.0067, 0.0048, 0.0041, 0.0026]",0.0,0.0
2026-07-15_12-56-47.mp4,0.0,nan,,[],0.0,0.0
2026-07-11_09-59-46.mp4,0.0,0.0326,0.75,"[0.0369, 0.0313, 0.0332, 0.0397, 0.0367, 0.0391, 0.0184, 0.0234]",0.0,0.0
2026-07-22_22-44-28.mp4,0.0,0.0481,0.5,"[0.1504, 0.0636, 0.16, 0.0516, 0.0184, 0.0129, 0.0065, 0.011]",0.0,0.0
2026-07-01_21-24-35.mp4,0.0,0.0143,0.167,"[0.0267, 0.0547, 0.0184, 0.0081, 0.0069, 0.0]",0.0,0.0
2026-07-21_13-49-30.mp4,0.0,0.0888,0.857,"[0.0939, 0.0576, 0.1961, 0.1169, 0.0809, 0.0195, 0.0488]",0.0,0.0
2026-07-19_10-19-14.mp4,0.075,0.0354,0.5,"[0.0288, 0.0318, 0.0292, 0.0221, 0.0396, 0.0205, 0.0388, 0.0814]",0.0,0.0
2026-07-08_09-55-45.mp4,0.0,nan,,[],0.0,0.0
2026-07-09_11-12-38.mp4,0.0,0.03,0.5,"[0.0244, 0.0105, 0.0101, 0.0225, 0.0351, 0.0595, 0.0309, 0.0516]",0.0,0.0
2026-07-08_13-45-19.mp4,0.0,0.8965,1.0,[0.8965],0.0,0.0
2026-07-07_01-11-11.mp4,0.0,0.0762,0.875,"[0.1013, 0.0316, 0.0853, 0.2324, 0.0868, 0.0199, 0.0668, 0.0412]",0.0,0.0
2026-07-25_18-11-11.mp4,0.0,nan,,[],0.0,0.0
2026-07-08_22-01-59.mp4,0.0,nan,,[],0.0,0.0
2026-07-13_11-07-01.mp4,0.0,0.048,0.571,"[0.0413, 0.0924, 0.0297, 0.0255, 0.0664, 0.0271, 0.0635]",0.0,0.0
2026-07-22_07-32-01.mp4,0.0,0.0584,1.0,"[0.0526, 0.0518, 0.0927, 0.0613]",0.0,0.0
2026-07-09_16-15-17.mp4,0.725,0.0485,0.5,"[0.0433, 0.0291, 0.0282, 0.0948, 0.078, 0.0159, 0.0157, 0.0916]",0.025,0.025
2026-07-11_10-59-34.mp4,0.0,nan,,[],0.0,0.0
2026-07-02_02-13-46.mp4,0.0,0.0184,0.125,"[0.0242, 0.0234, 0.0467, 0.0097, 0.0053, 0.0186, 0.0075, 0.0101]",0.0,0.0
2026-07-01_12-05-09.mp4,0.0,nan,,[],0.0,0.0
2026-07-24_22-33-59.mp4,0.0,nan,,[],0.0,0.0
2026-07-18_08-54-24.mp4,0.0,0.0127,0.0,"[0.0056, 0.0122, 0.0044, 0.0262, 0.03, 0.0058, 0.01, 0.0058]",0.0,0.0
2026-07-04_16-52-36.mp4,0.125,0.1206,0.714,"[0.4798, 0.0406, 0.1791, 0.0278, 0.0768, 0.0697, 0.0154]",0.05,0.025
2026-07-10_11-19-27.mp4,0.0,nan,,[],0.0,0.0
2026-07-14_22-45-44.mp4,0.0,0.0336,0.5,"[0.0123, 0.0234, 0.0174, 0.0171, 0.0577, 0.0665, 0.0557, 0.0301]",0.0,0.0
2026-07-21_06-13-05.mp4,0.0,0.0246,0.25,"[0.0275, 0.0359, 0.018, 0.0471, 0.0117, 0.0258, 0.0218, 0.0129]",0.0,0.0
2026-07-07_23-59-47.mp4,0.275,0.0515,0.75,"[0.099, 0.028, 0.0279, 0.0878, 0.0386, 0.0482, 0.0483, 0.0301]",0.0,0.0
2026-06-30_19-03-23.mp4,0.0,0.097,1.0,"[0.0573, 0.0568, 0.0922, 0.2463, 0.1291, 0.0647, 0.0453]",0.25,0.0
2026-07-14_18-09-37.mp4,0.0,0.0133,0.25,"[0.0321, 0.011, 0.0068, 0.0]",0.0,0.0
2026-07-22_07-34-55.mp4,0.9,0.0769,1.0,"[0.0636, 0.042, 0.0309, 0.071, 0.1511, 0.1027, 0.0506, 0.11]",0.9,0.9
2026-07-06_16-21-47.mp4,0.0,0.0166,0.0,"[0.0138, 0.0125, 0.0121, 0.0276]",0.0,0.0
2026-07-16_21-41-50.mp4,0.0,0.0212,0.25,"[0.0351, 0.017, 0.0326, 0.0239, 0.0096, 0.0239, 0.0228, 0.0113]",0.0,0.0
2026-07-04_18-40-00.mp4,0.0,nan,,[],0.0,0.0
2026-07-13_07-49-09.mp4,0.0,0.0087,0.0,"[0.0026, 0.0038, 0.0052, 0.0045, 0.0228, 0.0137, 0.0251]",0.0,0.0
2026-07-22_20-04-07.mp4,0.0,0.131,1.0,"[0.1277, 0.1005, 0.153, 0.1906]",0.0,0.0
2026-07-05_16-35-09.mp4,0.941,0.0193,0.25,"[0.0508, 0.0069, 0.0032, 0.0047]",0.941,0.0
2026-07-12_11-51-42.mp4,0.0,0.0154,0.0,[0.0154],0.0,0.0
2026-07-21_00-03-45.mp4,0.0,0.0237,0.125,"[0.0183, 0.0222, 0.025, 0.0239, 0.0143, 0.0212, 0.0504, 0.0122]",0.0,0.0
2026-07-19_06-48-52.mp4,0.225,0.0451,0.75,"[0.0493, 0.0656, 0.0353, 0.0388, 0.076, 0.0205, 0.0539, 0.0159]",0.0,0.0
2026-07-07_10-49-47.mp4,0.0,0.0148,0.143,"[0.022, 0.0111, 0.0092, 0.0217, 0.0499, 0.0131, 0.0039]",0.05,0.0
2026-07-13_08-55-44.mp4,0.0,0.0474,0.333,"[0.0071, 0.0784, 0.0256]",0.0,0.0
2026-07-23_08-04-04.mp4,0.0,0.0154,0.0,"[0.0107, 0.0241, 0.0037]",0.25,0.25
2026-07-07_10-19-35.mp4,0.0,0.0167,0.0,"[0.0211, 0.0236, 0.0169, 0.0222, 0.025, 0.0054, 0.0062, 0.0242]",0.0,0.0
2026-07-01_15-52-04.mp4,0.0,0.0469,0.833,"[0.0774, 0.0368, 0.0405, 0.051, 0.0366, 0.0187]",0.0,0.0
2026-07-09_11-04-02.mp4,0.0,0.0344,0.625,"[0.0482, 0.0244, 0.0077, 0.0462, 0.0452, 0.0458, 0.049, 0.0143]",0.0,0.0
2026-07-12_13-45-13.mp4,0.0,0.0878,1.0,"[0.0427, 0.1447, 0.0818, 0.078, 0.0468, 0.1409, 0.1229, 0.0341]",0.0,0.0
2026-07-03_20-05-48.mp4,0.0,nan,,[],0.0,0.0
2026-07-11_23-39-12.mp4,0.0,nan,,[],0.0,0.0
2026-07-18_15-12-56.mp4,0.0,0.0465,1.0,[0.0465],0.0,0.0
2026-07-06_13-47-49.mp4,0.0,0.0033,0.0,"[0.0093, 0.0022, 0.0013, 0.0052, 0.004, 0.0017, 0.0, 0.0053]",0.0,0.0
2026-07-07_07-22-31.mp4,0.025,0.0749,1.0,"[0.0548, 0.1279, 0.1016, 0.0794, 0.0631, 0.0518, 0.0685, 0.0465]",0.025,0.0
2026-07-26_03-28-35.mp4,0.0,0.013,0.125,"[0.0219, 0.0091, 0.0085, 0.0131, 0.0138, 0.0027, 0.0033, 0.0362]",0.0,0.0
2026-07-07_10-15-47.mp4,0.0,0.0127,0.167,"[0.0061, 0.0139, 0.0207, 0.0308, 0.0043, 0.0032]",0.0,0.0
2026-07-13_08-57-32.mp4,0.0,0.029,0.0,[0.029],0.0,0.0
2026-07-07_07-16-01.mp4,0.0,0.0457,0.5,"[0.0089, 0.0011, 0.0033, 0.0261, 0.064, 0.0571, 0.0752, 0.1072]",0.0,0.0
2026-07-10_06-37-36.mp4,0.0,nan,,[],0.0,0.0
2026-07-11_13-40-06.mp4,0.0,nan,,[],0.0,0.0
2026-07-10_11-05-58.mp4,0.0,0.0039,0.0,[0.0039],0.0,0.0
2026-07-08_20-24-08.mp4,0.0,0.0184,0.125,"[0.0295, 0.0281, 0.0096, 0.0116, 0.0083, 0.0031, 0.0053, 0.0603]",0.0,0.0
2026-07-24_21-22-30.mp4,0.0,nan,,[],0.0,0.0
2026-07-23_07-53-34.mp4,0.0,0.0236,0.375,"[0.031, 0.0059, 0.0127, 0.0453, 0.0197, 0.0273, 0.013, 0.0362]",0.0,0.0
2026-07-21_12-05-07.mp4,0.0,0.0287,0.625,"[0.0123, 0.0443, 0.0049, 0.0348, 0.0187, 0.0391, 0.0362, 0.0415]",0.0,0.0
2026-07-22_10-58-28.mp4,0.0,0.1213,0.375,"[0.0219, 0.0079, 0.0559, 0.0244, 0.0147, 0.0273, 0.2387, 0.694]",0.0,0.0
2026-07-13_17-24-56.mp4,0.0,nan,,[],0.0,0.0
2026-07-10_07-45-30.mp4,0.0,nan,,[],0.0,0.0
2026-07-02_21-32-45.mp4,0.0,nan,,[],0.0,0.0
2026-07-17_02-47-05.mp4,0.0,0.0672,0.625,"[0.0283, 0.0275, 0.0608, 0.2236, 0.0967, 0.038, 0.0241, 0.0318]",0.0,0.0
2026-07-09_11-46-26.mp4,0.0,0.042,0.5,"[0.0822, 0.0243, 0.0233, 0.0375]",0.0,0.0
2026-07-09_05-14-24.mp4,0.0,nan,,[],0.0,0.0
2026-07-01_20-11-43.mp4,0.325,0.0123,0.0,"[0.0227, 0.0085, 0.0104, 0.0149, 0.0255, 0.0053, 0.0056, 0.0043]",0.0,0.0
2026-07-09_13-21-25.mp4,0.0,0.0364,0.5,"[0.0492, 0.0514, 0.063, 0.0482, 0.0137, 0.004, 0.0213, 0.0225]",0.0,0.0
2026-07-08_00-06-53.mp4,0.4,0.0932,1.0,"[0.1764, 0.1094, 0.0609, 0.0704, 0.078, 0.0918, 0.0889, 0.0638]",0.0,0.0
2026-07-22_02-08-40.mp4,0.0,0.0205,0.375,"[0.02, 0.0099, 0.0099, 0.0306, 0.0196, 0.0325, 0.0304, 0.0087]",0.0,0.0
2026-07-03_07-17-58.mp4,0.0,0.0056,0.0,[0.0056],0.0,0.0
2026-07-19_08-24-45.mp4,0.0,0.0284,0.5,"[0.0308, 0.0161]",0.0,0.0
2026-07-06_00-13-36.mp4,0.175,0.0717,0.875,"[0.0551, 0.0321, 0.0395, 0.0261, 0.0472, 0.1151, 0.1742, 0.1014]",0.0,0.0
2026-07-21_08-28-03.mp4,0.0,0.0531,0.429,"[0.0104, 0.0131, 0.0919, 0.0223, 0.0139, 0.1368, 0.0635]",0.0,0.0
2026-07-14_11-48-51.mp4,0.0,0.043,0.625,"[0.0361, 0.0949, 0.0593, 0.0458, 0.0274, 0.0241, 0.0317, 0.0142]",0.0,0.0
2026-07-21_12-22-55.mp4,0.0,0.0292,0.375,"[0.0409, 0.0387, 0.0277, 0.0477, 0.0252, 0.0262, 0.0128, 0.011]",0.0,0.0
2026-07-11_10-14-28.mp4,0.0,0.0506,0.5,"[0.0862, 0.0243, 0.0227, 0.0702, 0.1265, 0.0163, 0.0157, 0.0406]",0.0,0.0
2026-07-09_10-41-03.mp4,0.0,0.2398,0.875,"[0.1073, 0.0293, 0.1586, 0.0632, 0.1667, 0.862, 0.047, 0.0315]",0.0,0.0
2026-07-05_19-59-47.mp4,0.425,0.1848,1.0,"[0.1195, 0.1083, 0.1148, 0.1298, 0.0312, 0.3064, 0.4213, 0.2627]",0.35,0.35
2026-07-14_18-03-43.mp4,0.0,nan,,[],0.0,0.0
2026-07-15_15-44-44.mp4,0.0,0.0314,0.375,"[0.0745, 0.018, 0.0282, 0.0125, 0.0242, 0.0308, 0.0349, 0.0271]",0.0,0.0
2026-07-21_15-04-53.mp4,0.075,0.0366,0.375,"[0.0713, 0.0226, 0.0738, 0.0281, 0.0438, 0.0122, 0.0128, 0.0259]",0.0,0.0
2026-07-17_02-45-05.mp4,0.0,0.0642,1.0,"[0.127, 0.0529, 0.0523, 0.0545, 0.0408, 0.049, 0.0731]",0.0,0.0
2026-07-21_12-16-49.mp4,0.0,0.0391,0.5,"[0.0527, 0.0426, 0.093, 0.0832, 0.0073, 0.0147, 0.0074, 0.0053]",0.0,0.0
2026-07-07_05-49-56.mp4,0.0,0.034,0.333,"[0.0562, 0.0298, 0.0295]",0.0,0.0
2026-07-10_11-41-15.mp4,0.0,nan,,[],0.0,0.0
2026-07-12_18-23-53.mp4,0.0,0.003,0.0,"[0.0042, 0.0017, 0.0076, 0.0021, 0.0012, 0.0034, 0.0, 0.0048]",0.0,0.0
2026-07-23_12-37-01.mp4,0.0,nan,,[],0.0,0.0
2026-07-07_06-05-14.mp4,0.0,0.0404,0.375,"[0.0859, 0.0752, 0.0894, 0.0208, 0.0157, 0.0164, 0.0183, 0.0164]",0.0,0.0
2026-07-08_06-51-53.mp4,0.0,nan,,[],0.0,0.0
2026-07-03_19-51-30.mp4,0.0,0.0173,0.125,"[0.0759, 0.0229, 0.0136, 0.0084, 0.0039, 0.0037, 0.0021, 0.0052]",0.0,0.0
2026-07-06_23-29-23.mp4,0.0,nan,,[],0.0,0.0
2026-07-08_12-28-31.mp4,0.0,0.0629,0.75,"[0.0943, 0.1252, 0.018, 0.0933, 0.0585, 0.0439, 0.0446, 0.0165]",0.0,0.0
2026-07-09_12-04-02.mp4,0.0,0.0662,0.75,"[0.1413, 0.1201, 0.0525, 0.0731, 0.0342, 0.0627, 0.025, 0.0092]",0.0,0.0
2026-07-07_05-48-14.mp4,0.0,0.2208,0.714,"[0.382, 0.1372, 0.2579, 0.2583, 0.1569, 0.0253, 0.0125]",0.075,0.0
2026-07-02_21-33-21.mp4,0.0,nan,,[],0.0,0.0
2026-07-09_05-52-42.mp4,0.0,0.0,0.0,[0.0],0.0,0.0
2026-07-10_08-29-59.mp4,0.0,0.0093,0.0,"[0.0169, 0.0041, 0.0096, 0.005]",0.0,0.0
2026-07-12_02-02-24.mp4,0.0,nan,,[],0.0,0.0
2026-07-16_19-07-22.mp4,0.0,0.0239,0.25,"[0.0431, 0.0356, 0.0263, 0.0145, 0.0099, 0.011, 0.024, 0.0274]",0.0,0.0
2026-07-15_15-55-14.mp4,0.0,0.0242,0.125,"[0.0285, 0.0179, 0.0259, 0.0218, 0.0159, 0.0457, 0.0161, 0.0217]",0.0,0.0
2026-07-06_15-22-54.mp4,0.0,nan,,[],0.0,0.0
2026-07-14_07-22-54.mp4,0.05,0.0433,0.875,"[0.0766, 0.0345, 0.056, 0.034, 0.0198, 0.0507, 0.0313, 0.0436]",0.0,0.0
2026-07-20_04-58-27.mp4,0.0,0.0207,0.125,"[0.0143, 0.0086, 0.021, 0.0215, 0.0394, 0.025, 0.0058, 0.0297]",0.0,0.0
2026-07-22_14-10-44.mp4,0.0,nan,,[],0.0,0.0
2026-07-03_05-22-54.mp4,0.0,0.0134,0.125,"[0.0141, 0.0057, 0.0075, 0.008, 0.0045, 0.0213, 0.0307, 0.0159]",0.0,0.0
2026-07-14_22-48-44.mp4,0.0,0.0336,0.625,"[0.0382, 0.0442, 0.0405, 0.0408, 0.0142, 0.0347, 0.0275, 0.0274]",0.0,0.0
2026-07-08_21-58-05.mp4,0.0,0.0097,0.167,"[0.017, 0.0097, 0.0013, 0.0116, 0.0018, 0.0444]",0.0,0.0
2026-07-21_06-09-53.mp4,0.0,0.0197,0.25,"[0.0305, 0.0209, 0.0178, 0.0438, 0.0041, 0.0114, 0.0088, 0.0208]",0.0,0.0
2026-07-11_11-11-40.mp4,0.0,nan,,[],0.0,0.0
2026-07-10_15-22-49.mp4,0.0,0.0883,0.333,"[0.4855, 0.0, 0.0]",0.0,0.0
2026-07-13_12-36-24.mp4,0.0,nan,,[],0.0,0.0
2026-07-25_17-15-24.mp4,0.0,0.0121,0.125,"[0.0062, 0.0049, 0.0066, 0.0501, 0.0224, 0.0075, 0.0065, 0.0071]",0.0,0.0
2026-07-20_22-55-27.mp4,0.0,0.0181,0.0,"[0.0246, 0.0147, 0.0138, 0.0187, 0.016, 0.0194, 0.0267, 0.009]",0.0,0.0
2026-07-21_01-13-26.mp4,0.025,0.0214,0.0,"[0.0243, 0.0165, 0.0117, 0.027, 0.0255, 0.0224, 0.0279, 0.0149]",0.0,0.0
2026-07-14_14-59-25.mp4,0.0,nan,,[],0.0,0.0
2026-07-08_07-19-05.mp4,0.0,nan,,[],0.0,0.0
2026-07-13_11-07-37.mp4,0.0,0.0216,0.0,"[0.0221, 0.0208]",0.0,0.0
2026-07-23_19-13-14.mp4,0.0,0.033,0.375,"[0.0122, 0.006, 0.062, 0.1001, 0.0459, 0.0268, 0.0138, 0.0222]",0.0,0.0
2026-07-14_11-46-15.mp4,0.0,0.0257,0.5,"[0.0221, 0.0311, 0.0047, 0.0098, 0.0316, 0.0511, 0.0349, 0.023]",0.0,0.0
2026-07-15_20-36-47.mp4,0.0,0.0091,0.0,"[0.0111, 0.0071]",0.0,0.0
2026-07-12_12-20-53.mp4,0.0,nan,,[],0.0,0.0
2026-07-01_21-38-04.mp4,0.0,0.0468,0.833,"[0.0844, 0.0333, 0.0061, 0.044, 0.0654, 0.0409]",0.0,0.0
2026-06-30_16-24-32.mp4,0.0,0.1356,1.0,"[0.1498, 0.0755, 0.1374, 0.1575, 0.0723, 0.0726, 0.2913]",0.0,0.0
2026-07-01_02-05-58.mp4,0.0,0.035,0.5,"[0.0218, 0.0516, 0.0385, 0.021, 0.0261, 0.0887]",0.0,0.0
2026-07-09_21-47-38.mp4,0.0,0.0101,0.0,"[0.0042, 0.0131]",0.0,0.0
2026-07-21_15-29-53.mp4,0.0,0.0341,0.625,"[0.0551, 0.0449, 0.0223, 0.0276, 0.0316, 0.0415, 0.038, 0.006]",0.0,0.0
2026-07-22_20-03-55.mp4,0.0,0.0382,0.25,"[0.019, 0.0131, 0.0134, 0.0199, 0.0063, 0.0053, 0.1114, 0.1367]",0.0,0.0
2026-07-19_03-03-55.mp4,0.0,0.0165,0.125,"[0.0198, 0.0103, 0.0081, 0.0089, 0.0107, 0.0369, 0.0158, 0.0246]",0.0,0.0
2026-07-04_15-50-00.mp4,0.0,0.0482,1.0,"[0.0437, 0.0481, 0.055]",0.0,0.0
2026-07-22_13-19-33.mp4,0.0,0.0215,0.5,"[0.0151, 0.0332, 0.0383, 0.0]",0.0,0.0
2026-07-01_20-18-37.mp4,0.525,0.0167,0.125,"[0.033, 0.0044, 0.0019, 0.0136, 0.0142, 0.0216, 0.0241, 0.0219]",0.0,0.0
2026-07-14_06-03-44.mp4,0.0,0.0235,0.0,[0.0235],0.075,0.0
2026-07-20_00-01-06.mp4,0.0,0.0714,0.4,"[0.2027, 0.0707, 0.0272, 0.0113, 0.0101]",0.0,0.0
2026-07-17_02-34-29.mp4,0.0,0.004,0.0,[0.004],0.0,0.0
2026-07-08_07-28-04.mp4,0.0,nan,,[],0.0,0.0
2026-07-22_04-40-51.mp4,0.0,nan,,[],0.0,0.0
2026-07-07_20-20-42.mp4,0.0,0.0725,0.857,"[0.0311, 0.033, 0.0097, 0.0345, 0.0948, 0.4379, 0.1061]",0.0,0.0
2026-07-10_11-28-33.mp4,0.0,0.0163,0.0,"[0.0066, 0.0162, 0.0279, 0.0068]",0.0,0.0
2026-07-21_01-37-44.mp4,0.3,0.0188,0.0,"[0.0232, 0.0137, 0.0184, 0.0208, 0.0122, 0.0239, 0.0196, 0.0183]",0.0,0.0
2026-07-06_15-55-42.mp4,0.0,0.0058,0.0,"[0.0046, 0.0015, 0.0142, 0.0067]",0.0,0.0
2026-07-25_15-57-18.mp4,0.0,0.0145,0.0,[0.0145],0.0,0.0
2026-07-11_23-31-24.mp4,0.0,0.0244,0.286,"[0.0456, 0.049, 0.0098, 0.0101, 0.03, 0.0132, 0.0088]",0.0,0.0
2026-07-03_07-43-22.mp4,0.0,0.0659,0.429,"[0.01, 0.0045, 0.001, 0.0378, 0.0656, 0.2819, 0.0057]",0.0,0.0
2026-07-10_10-59-04.mp4,0.0,nan,,[],0.0,0.0
2026-07-21_15-11-35.mp4,0.05,0.0311,0.375,"[0.0368, 0.0219, 0.0234, 0.0391, 0.0783, 0.0145, 0.0126, 0.0203]",0.0,0.0
2026-07-03_20-19-36.mp4,0.0,0.0567,0.167,"[0.017, 0.0062, 0.0023, 0.0089, 0.2637, 0.0057]",0.0,0.0
2026-07-25_17-46-17.mp4,0.0,0.0479,0.375,"[0.0642, 0.0281, 0.148, 0.0527, 0.0245, 0.019, 0.0217, 0.0275]",0.0,0.0
2026-07-21_08-28-15.mp4,0.0,0.0513,0.6,"[0.0458, 0.0245, 0.058, 0.0737, 0.0119]",0.0,0.0
2026-07-05_11-20-15.mp4,0.0,0.0585,1.0,[0.0585],0.0,0.0
2026-07-03_07-36-58.mp4,0.0,0.0577,0.125,"[0.3986, 0.0076, 0.0167, 0.0157, 0.0068, 0.0007, 0.003, 0.0012]",0.0,0.0
2026-06-30_18-59-23.mp4,0.0,0.1104,1.0,"[0.1678, 0.1653, 0.0883, 0.136, 0.0787, 0.0679, 0.088, 0.0861]",0.1,0.1
2026-07-10_02-54-09.mp4,0.0,0.0339,0.375,"[0.0229, 0.0226, 0.0275, 0.045, 0.0649, 0.0537, 0.0215, 0.0082]",0.0,0.0
2026-07-01_18-42-38.mp4,0.0,0.025,0.375,"[0.0316, 0.0288, 0.0281, 0.0325, 0.0186, 0.0311, 0.0128, 0.0145]",0.0,0.0
2026-07-12_19-09-17.mp4,0.0,nan,,[],0.0,0.0
2026-07-02_10-08-13.mp4,0.0,0.0083,0.0,"[0.0268, 0.0067, 0.005, 0.0065, 0.0008, 0.0039, 0.0044, 0.0139]",0.0,0.0
2026-07-22_02-11-28.mp4,0.0,0.0172,0.125,"[0.018, 0.0056, 0.0218, 0.0455, 0.0063, 0.0185, 0.0086, 0.0078]",0.0,0.0
2026-07-08_19-19-09.mp4,0.0,nan,,[],0.0,0.0
2026-07-07_00-17-12.mp4,0.0,0.1582,1.0,"[0.1597, 0.2196, 0.2164, 0.0746, 0.1544, 0.2327, 0.097, 0.0995]",0.0,0.0
2026-07-19_14-58-25.mp4,0.0,0.0319,0.5,"[0.0091, 0.0129, 0.0194, 0.0543, 0.0437, 0.0318, 0.058, 0.0247]",0.0,0.0
2026-07-08_20-27-44.mp4,0.0,nan,,[],0.0,0.0
2026-06-30_20-52-47.mp4,0.0,0.0393,1.0,"[0.067, 0.03]",0.0,0.0
2026-07-25_13-44-50.mp4,0.0,0.0211,0.333,"[0.0071, 0.0104, 0.0049, 0.032, 0.0428, 0.0265]",0.0,0.0
2026-07-09_13-27-25.mp4,0.0,0.0049,0.0,[0.0049],0.0,0.0
2026-07-07_04-50-51.mp4,0.0,0.2808,1.0,"[0.3005, 0.8695, 0.1114, 0.2941, 0.0887, 0.3457, 0.3521, 0.2332]",0.0,0.0
2026-07-09_08-57-52.mp4,0.325,0.1199,1.0,"[0.116, 0.0951, 0.095, 0.1011, 0.1072, 0.0861, 0.1512, 0.2454]",0.675,0.675
2026-07-01_18-01-35.mp4,0.0,0.0557,0.875,"[0.0126, 0.0834, 0.0488, 0.0502, 0.0305, 0.0759, 0.0946, 0.0356]",0.0,0.0
2026-07-12_11-42-30.mp4,0.0,0.0513,0.429,"[0.1187, 0.0149, 0.0508, 0.0165, 0.0148, 0.0295, 0.0989]",0.0,0.0
2026-06-30_23-50-24.mp4,0.0,0.0694,0.75,"[0.0631, 0.1614, 0.0912, 0.0519, 0.0511, 0.0195, 0.0437, 0.0128]",0.2,0.0
2026-07-09_20-07-21.mp4,0.0,nan,,[],0.0,0.0
2026-07-14_22-49-08.mp4,0.0,0.0267,0.25,"[0.026, 0.0243, 0.0094, 0.0278, 0.0207, 0.0097, 0.0373, 0.0661]",0.0,0.0
2026-07-06_23-29-59.mp4,0.0,0.0026,0.0,[0.0026],0.0,0.0
2026-07-10_09-17-59.mp4,0.0,0.0187,0.0,[0.0187],0.0,0.0
2026-07-18_14-16-45.mp4,0.0,0.0447,0.375,"[0.0818, 0.0285, 0.043, 0.1058, 0.0238, 0.0218, 0.0147, 0.014]",0.0,0.0
2026-07-12_21-41-21.mp4,0.0,0.0875,0.75,"[0.075, 0.053, 0.2035, 0.1084, 0.1206, 0.0184, 0.0527, 0.0273]",0.05,0.0
2026-07-07_18-13-02.mp4,0.0,0.0143,0.0,"[0.0061, 0.0011, 0.0053, 0.0296, 0.0231, 0.0145, 0.0197, 0.0]",0.0,0.0
2026-07-08_07-14-35.mp4,0.0,nan,,[],0.0,0.0
2026-07-01_17-56-35.mp4,0.025,0.093,0.625,"[0.0234, 0.0228, 0.4646, 0.0329, 0.0251, 0.0768, 0.0499, 0.0378]",0.0,0.0
2026-07-10_15-20-19.mp4,0.0,0.0681,1.0,"[0.0667, 0.0708]",0.0,0.0
2026-07-04_16-03-36.mp4,0.0,0.0126,0.0,"[0.0097, 0.0194, 0.008, 0.0117]",0.0,0.0
2026-07-20_19-56-53.mp4,0.115,0.0188,0.0,"[0.0254, 0.0187, 0.0168, 0.0143, 0.0187]",0.0,0.0
2026-07-22_02-21-16.mp4,0.0,0.021,0.333,"[0.0369, 0.0125, 0.0314, 0.0149, 0.0086, 0.0142]",0.0,0.0
2026-07-22_23-15-27.mp4,0.0,0.0844,1.0,"[0.1421, 0.0559, 0.0717, 0.1, 0.0972, 0.0338, 0.1038, 0.0676]",0.0,0.0
2026-07-06_12-58-52.mp4,0.0,0.0116,0.5,"[0.0046, 0.0327]",0.0,0.0
2026-07-03_05-09-18.mp4,0.0,0.0334,0.375,"[0.0398, 0.0227, 0.0114, 0.0723, 0.0374, 0.0211, 0.0169, 0.0195]",0.0,0.0
2026-07-16_19-11-10.mp4,0.0,0.0236,0.0,"[0.0298, 0.0175]",0.0,0.0
2026-07-09_16-22-29.mp4,0.45,0.1286,0.75,"[0.1084, 0.0256, 0.0269, 0.0369, 0.3395, 0.0685, 0.1948, 0.2528]",0.0,0.0
2026-07-01_16-28-27.mp4,0.0,0.1145,0.714,"[0.0452, 0.23, 0.0663, 0.0173, 0.0679, 0.235, 0.0253]",0.0,0.0
2026-07-06_10-09-54.mp4,0.0,0.1079,0.5,"[0.0097, 0.0355, 0.0227, 0.0416, 0.7698, 0.0289, 0.0344, 0.0276]",0.0,0.0
2026-07-06_09-46-06.mp4,0.0,nan,,[],0.0,0.0
2026-07-08_20-24-44.mp4,0.0,0.0128,0.143,"[0.0327, 0.0103, 0.0056, 0.0107, 0.0134, 0.0052, 0.0069]",0.0,0.0
2026-07-01_16-30-15.mp4,0.0,0.0579,0.667,"[0.0906, 0.0287, 0.0402]",0.0,0.0
2026-07-23_08-00-52.mp4,0.0,0.0392,0.667,"[0.0498, 0.0365, 0.0]",0.0,0.0
2026-07-23_17-10-34.mp4,0.0,nan,,[],0.0,0.0
2026-07-12_22-17-01.mp4,0.0,0.0532,0.75,"[0.1185, 0.0298, 0.0396, 0.0415, 0.0593, 0.0543, 0.0523, 0.0245]",0.0,0.0
2026-07-21_06-05-05.mp4,0.0,0.0694,0.833,"[0.0776, 0.0315, 0.016, 0.0525, 0.107, 0.2832]",0.0,0.0
2026-07-13_09-23-08.mp4,0.0,nan,,[],0.0,0.0
2026-07-05_21-55-14.mp4,0.0,0.0467,1.0,"[0.0711, 0.0305, 0.0408, 0.0318, 0.0854, 0.0707]",0.0,0.0
2026-07-22_14-13-20.mp4,0.0,0.0721,0.571,"[0.2503, 0.0179, 0.0237, 0.0914, 0.0428, 0.0718, 0.0196]",0.0,0.0
2026-07-05_18-21-12.mp4,0.0,0.1056,1.0,"[0.2161, 0.0571, 0.044, 0.0995, 0.1118, 0.288]",0.0,0.0
2026-07-12_08-42-26.mp4,0.175,0.4826,0.571,"[0.0909, 0.2296, 2.4905, 0.1018, 0.0174, 0.0147, 0.0194]",0.0,0.0
2026-07-15_10-21-49.mp4,0.0,0.0263,0.25,"[0.0599, 0.0114, 0.0175, 0.0272]",0.0,0.0
2026-07-10_02-52-45.mp4,0.0,0.0566,0.875,"[0.0401, 0.0325, 0.0254, 0.0502, 0.0596, 0.049, 0.0556, 0.1613]",0.0,0.0
2026-07-06_15-35-42.mp4,0.0,0.0019,0.0,"[0.0014, 0.0011, 0.0036, 0.0027, 0.0017, 0.0011, 0.0014]",0.0,0.0
2026-07-06_11-38-41.mp4,0.0,0.0997,1.0,"[0.1597, 0.0397]",0.0,0.0
2026-07-26_02-20-24.mp4,0.0,0.0103,0.0,"[0.02, 0.0077, 0.0037, 0.0074]",0.0,0.0
2026-07-01_23-16-10.mp4,0.05,0.0526,1.0,"[0.0517, 0.0535, 0.0579, 0.0331, 0.0447, 0.0511, 0.0574, 0.0761]",0.925,0.675
2026-07-17_02-48-05.mp4,0.0,0.054,0.875,"[0.0534, 0.1053, 0.0418, 0.0389, 0.0747, 0.0556, 0.0335, 0.0229]",0.0,0.0
2026-07-13_11-11-49.mp4,0.0,0.0233,0.5,"[0.0085, 0.011, 0.0386, 0.0601]",0.0,0.0
2026-07-26_04-36-29.mp4,0.0,0.061,0.625,"[0.0743, 0.012, 0.0093, 0.04, 0.1764, 0.1004, 0.0425, 0.0258]",0.0,0.0
2026-07-09_09-07-46.mp4,0.15,0.0657,0.75,"[0.0559, 0.0105, 0.1457, 0.1178, 0.0516, 0.0272, 0.0509, 0.0658]",0.325,0.325
2026-07-10_11-55-09.mp4,0.0,0.0101,0.0,[0.0101],0.0,0.0
2026-07-03_20-17-30.mp4,0.0,0.0136,0.0,"[0.0202, 0.0169, 0.0095, 0.0111, 0.0186]",0.0,0.0
2026-07-05_11-11-51.mp4,0.0,0.0314,1.0,[0.0314],0.0,0.0
2026-07-08_12-00-50.mp4,0.0,0.0721,0.625,"[0.1039, 0.1127, 0.0553, 0.068, 0.1676, 0.0295, 0.0095, 0.0196]",0.0,0.0
2026-07-26_03-28-23.mp4,0.0,0.0104,0.0,"[0.022, 0.0087, 0.0035, 0.0082, 0.019, 0.0038, 0.0025, 0.0171]",0.0,0.0
2026-07-02_22-52-02.mp4,0.225,0.0629,0.625,"[0.11, 0.1108, 0.0585, 0.0713, 0.0283, 0.0674, 0.0246, 0.025]",0.0,0.0
2026-07-03_22-52-16.mp4,0.0,0.0823,1.0,"[0.0605, 0.0727, 0.0789, 0.0945, 0.0631, 0.0913, 0.1232, 0.0691]",0.5,0.0
2026-07-03_20-18-06.mp4,0.0,0.0198,0.167,"[0.0108, 0.0077, 0.0214, 0.0404, 0.0133, 0.0202]",0.0,0.0
2026-07-03_23-55-16.mp4,0.0,0.1725,0.75,"[0.1312, 0.0626, 0.0276, 0.7786]",0.0,0.0
2026-07-12_04-23-29.mp4,0.0,0.0187,0.333,"[0.0328, 0.0122, 0.0214]",0.0,0.0
2026-07-08_19-29-56.mp4,0.0,0.0052,0.0,"[0.0104, 0.0]",0.0,0.0
2026-07-05_11-46-33.mp4,0.0,0.0658,0.857,"[0.0917, 0.0932, 0.0413, 0.0105, 0.0327, 0.0475, 0.0638]",0.0,0.0
2026-07-11_08-56-53.mp4,0.0,nan,,[],0.0,0.0
2026-07-10_12-11-21.mp4,0.0,nan,,[],0.0,0.0
2026-07-25_23-36-02.mp4,0.0,0.0266,0.375,"[0.0392, 0.0072, 0.0149, 0.0181, 0.0263, 0.0365, 0.021, 0.0556]",0.0,0.0
2026-07-10_01-36-28.mp4,0.0,0.0202,0.0,[0.0202],0.0,0.0
2026-07-26_02-37-36.mp4,0.0,0.052,0.857,"[0.1033, 0.0276, 0.0759, 0.0427, 0.039, 0.0447, 0.0579]",0.0,0.0
2026-07-10_17-02-16.mp4,0.025,0.0749,0.833,"[0.0545, 0.1174, 0.0322, 0.1014, 0.027, 0.0797]",0.225,0.225
2026-07-24_05-11-34.mp4,0.0,0.0231,0.5,"[0.0314, 0.0301, 0.0131, 0.0138, 0.0439, 0.0126]",0.0,0.0
2026-07-21_01-20-38.mp4,0.0,0.0176,0.143,"[0.0323, 0.0259, 0.0148, 0.0141, 0.0117, 0.0095, 0.0142]",0.0,0.0
2026-07-08_15-55-59.mp4,0.0,0.0338,0.286,"[0.1031, 0.0879, 0.0271, 0.0129, 0.0113, 0.0108, 0.0037]",0.0,0.0
2026-07-15_15-47-20.mp4,0.0,0.0342,0.375,"[0.0436, 0.072, 0.0273, 0.0139, 0.0032, 0.0213, 0.0708, 0.0181]",0.0,0.0
2026-07-06_06-03-02.mp4,0.0,0.0877,0.5,"[0.0828, 0.1645, 0.01, 0.0141]",0.0,0.0
2026-07-20_14-56-54.mp4,0.0,0.0685,0.625,"[0.0183, 0.0118, 0.0198, 0.0837, 0.1864, 0.0532, 0.0573, 0.1297]",0.0,0.0
2026-07-01_15-51-52.mp4,0.0,0.0406,0.5,"[0.0681, 0.0086, 0.0137, 0.0538]",0.0,0.0
2026-07-01_12-05-33.mp4,0.0,nan,,[],0.0,0.0
2026-07-12_13-42-13.mp4,0.0,0.0525,1.0,"[0.0507, 0.0427, 0.087, 0.0356, 0.045, 0.0501, 0.0514, 0.0797]",0.0,0.0
2026-07-03_20-24-24.mp4,0.0,0.021,0.25,"[0.0213, 0.0155, 0.0357, 0.0205, 0.044, 0.0044, 0.0135, 0.0067]",0.0,0.0
2026-07-13_19-20-49.mp4,0.0,0.0832,1.0,"[0.0875, 0.0961, 0.0633, 0.1393, 0.0542, 0.0514, 0.1748, 0.0419]",0.0,0.0
2026-07-01_17-33-08.mp4,0.0,0.1455,0.714,"[0.2616, 0.1395, 0.2306, 0.048, 0.2681, 0.0019, 0.0056]",0.0,0.0
2026-07-20_19-22-05.mp4,0.0,0.0259,0.375,"[0.0322, 0.021, 0.0347, 0.0278, 0.0319, 0.0274, 0.0178, 0.0116]",0.025,0.0
2026-07-07_11-27-23.mp4,0.0,0.0903,1.0,"[0.2266, 0.0432, 0.1076, 0.0661, 0.0989, 0.0411, 0.0742, 0.0582]",0.0,0.0
2026-07-11_12-22-39.mp4,0.0,0.1236,1.0,"[0.1497, 0.0948, 0.0794]",0.0,0.0
2026-07-24_10-43-37.mp4,0.0,0.1172,1.0,"[0.0728, 0.1617]",0.0,0.0
2026-07-23_00-41-14.mp4,0.0,0.0398,0.75,"[0.0474, 0.053, 0.0343, 0.0453, 0.0488, 0.0251, 0.0266, 0.0378]",0.0,0.0
2026-07-03_07-40-16.mp4,0.0,0.011,0.0,"[0.0201, 0.007, 0.0262, 0.0174, 0.0052, 0.0036, 0.0065]",0.0,0.0
2026-07-16_09-03-04.mp4,0.2,0.0688,0.875,"[0.0282, 0.0764, 0.1128, 0.161, 0.0525, 0.0367, 0.0391, 0.0374]",0.05,0.0
2026-07-21_12-04-19.mp4,0.0,0.0574,0.75,"[0.0478, 0.0456, 0.2094, 0.0191, 0.0074, 0.0346, 0.0488, 0.044]",0.0,0.0
2026-07-11_23-32-48.mp4,0.0,0.0233,0.125,"[0.0155, 0.025, 0.0334, 0.0258, 0.02, 0.0143, 0.0228, 0.03]",0.0,0.0
2026-07-19_00-26-38.mp4,0.0,nan,,[],0.0,0.0
2026-07-19_10-02-50.mp4,0.05,0.0717,1.0,"[0.1441, 0.0365, 0.047, 0.0468, 0.0883, 0.1131, 0.0406, 0.0536]",0.0,0.0
2026-07-07_05-59-26.mp4,0.0,0.0282,0.6,"[0.0318, 0.0184, 0.0279, 0.0323, 0.0308]",0.0,0.0
2026-07-13_16-10-51.mp4,0.0,0.0184,0.125,"[0.0375, 0.0238, 0.0147, 0.008, 0.0058, 0.0235, 0.0147, 0.0196]",0.0,0.0
2026-07-03_03-31-12.mp4,0.0,0.0129,0.167,"[0.0316, 0.006, 0.0078, 0.0097, 0.005, 0.0172]",0.0,0.0
2026-07-07_12-54-46.mp4,0.0,1.4849,1.0,"[2.2737, 0.6962]",0.0,0.0
2026-07-02_00-45-49.mp4,0.0,0.0041,0.0,"[0.0082, 0.006, 0.0017, 0.0011]",0.0,0.0
2026-07-11_13-32-42.mp4,0.0,0.4243,1.0,"[0.1096, 0.1992, 0.6439, 0.7265, 0.4592, 0.5303, 0.2243, 0.5206]",0.0,0.0
2026-07-09_17-03-47.mp4,0.0,0.0304,1.0,[0.0304],0.025,0.0
2026-07-21_00-33-26.mp4,0.05,0.0313,0.625,"[0.0325, 0.0142, 0.0138, 0.0451, 0.0438, 0.0209, 0.0348, 0.0487]",0.0,0.0
2026-07-14_14-16-14.mp4,0.0,0.0153,0.0,"[0.0159, 0.0146, 0.0132]",0.0,0.0
2026-07-20_21-35-16.mp4,0.0,0.0779,1.0,[0.0779],0.083,0.0
2026-07-06_15-32-48.mp4,0.0,0.009,0.0,[0.009],0.0,0.0
2026-07-02_00-57-25.mp4,0.0,0.0067,0.0,"[0.0172, 0.0047, 0.0052, 0.0066, 0.0048, 0.0045, 0.0029, 0.0078]",0.0,0.0
2026-07-09_21-24-02.mp4,0.0,0.0981,0.875,"[0.1588, 0.0698, 0.0253, 0.1037, 0.1088, 0.046, 0.0659, 0.2339]",0.0,0.0
2026-07-11_23-34-36.mp4,0.0,0.034,0.5,"[0.0261, 0.0418, 0.0352, 0.0753, 0.0063, 0.0253]",0.0,0.0
2026-07-07_02-57-58.mp4,0.0,0.0907,0.875,"[0.0085, 0.0721, 0.0512, 0.0847, 0.1054, 0.158, 0.1062, 0.1574]",0.275,0.0
2026-07-14_14-13-26.mp4,0.0,0.0286,0.375,"[0.0491, 0.0275, 0.0208, 0.0422, 0.033, 0.0299, 0.0167, 0.0051]",0.0,0.0
2026-07-04_00-14-57.mp4,0.0,0.1122,0.857,"[0.0495, 0.2131, 0.0136, 0.0735, 0.0649, 0.174, 0.1727]",0.0,0.0
2026-07-22_13-29-57.mp4,0.0,0.031,0.25,"[0.03, 0.0247, 0.0366, 0.0288]",0.0,0.0
2026-07-25_02-27-15.mp4,0.0,nan,,[],0.0,0.0
2026-07-09_19-01-16.mp4,0.4,0.0491,0.625,"[0.0922, 0.059, 0.0812, 0.05, 0.0132, 0.0562, 0.0127, 0.0234]",0.0,0.0
2026-07-08_01-01-16.mp4,0.0,0.0351,0.125,"[0.0102, 0.0091, 0.0143, 0.2849, 0.0224, 0.0142, 0.0183, 0.0164]",0.0,0.0
2026-07-08_22-08-04.mp4,0.0,nan,,[],0.0,0.0
2026-07-10_08-13-29.mp4,0.0,0.081,0.625,"[0.1181, 0.005, 0.0084, 0.014, 0.3172, 0.0825, 0.0532, 0.0415]",0.0,0.0
2026-07-08_20-21-08.mp4,0.0,0.1136,1.0,"[0.1569, 0.0954, 0.1484, 0.0362, 0.0428, 0.1618, 0.0509, 0.1668]",0.0,0.0
2026-07-16_22-31-26.mp4,0.0,0.045,0.125,"[0.1946, 0.019, 0.029, 0.0185, 0.0177, 0.0116, 0.0154, 0.0135]",0.0,0.0
2026-07-09_20-29-39.mp4,0.0,nan,,[],0.0,0.0
2026-07-09_12-16-08.mp4,0.0,0.1289,1.0,"[0.112, 0.0947, 0.0648, 0.4755, 0.0632, 0.0787, 0.0816, 0.0434]",0.0,0.0
2026-07-21_15-28-17.mp4,0.0,0.035,0.5,"[0.0576, 0.0257, 0.0309, 0.0347, 0.0156, 0.0067, 0.0164, 0.107]",0.0,0.0
2026-07-23_00-46-02.mp4,0.0,0.0546,1.0,"[0.0396, 0.0427, 0.0863, 0.066, 0.0434, 0.0557, 0.0668, 0.0316]",0.0,0.0
2026-07-22_02-17-28.mp4,0.0,0.019,0.167,"[0.0221, 0.0067, 0.0079, 0.0195, 0.0169, 0.0743]",0.0,0.0
2026-07-08_08-43-16.mp4,0.0,0.1184,1.0,[0.1184],0.0,0.0
2026-07-05_01-05-06.mp4,0.0,nan,,[],0.0,0.0
2026-07-15_15-55-50.mp4,0.0,0.0171,0.125,"[0.0144, 0.0089, 0.0118, 0.0181, 0.0196, 0.0275, 0.031, 0.0147]",0.0,0.0
2026-07-12_02-01-24.mp4,0.0,0.0121,0.0,[0.0121],0.1,0.0
2026-07-12_15-46-48.mp4,0.0,0.0062,0.0,"[0.0084, 0.0053, 0.0047, 0.0099, 0.0, 0.0052, 0.004, 0.014]",0.0,0.0
2026-07-11_13-47-30.mp4,0.0,0.0512,0.875,"[0.0382, 0.0386, 0.2383, 0.0394, 0.0363, 0.0349, 0.0207, 0.0351]",0.0,0.0
2026-07-22_00-10-11.mp4,0.0,0.0125,0.125,"[0.0505, 0.0211, 0.0091, 0.008, 0.0024, 0.0034, 0.0074, 0.0042]",0.0,0.0
2026-07-21_01-33-20.mp4,0.0,0.0384,0.857,"[0.0348, 0.0346, 0.0202, 0.0396, 0.0533, 0.0492, 0.032]",0.0,0.0
2026-07-07_01-13-11.mp4,0.0,0.1715,1.0,"[0.2525, 0.2103, 0.084, 0.2886, 0.0623, 0.1526, 0.174, 0.1419]",0.0,0.0
2026-07-04_15-50-24.mp4,0.0,nan,,[],0.0,0.0
2026-07-24_22-22-23.mp4,0.0,nan,,[],0.0,0.0
2026-07-07_13-02-28.mp4,0.0,0.1251,1.0,"[0.1168, 0.1376]",0.0,0.0
2026-07-02_12-32-59.mp4,0.0,nan,,[],0.0,0.0
2026-07-05_11-44-03.mp4,0.0,0.0329,0.333,"[0.018, 0.0554, 0.0177]",0.0,0.0
2026-07-07_01-40-47.mp4,0.0,nan,,[],0.0,0.0
2026-07-06_12-53-40.mp4,0.0,0.0949,1.0,"[0.2141, 0.0352]",0.0,0.0
2026-07-09_16-04-11.mp4,0.5,0.1669,1.0,"[0.1224, 0.1553, 0.1144, 0.0504, 0.266, 0.2614, 0.1659, 0.2073]",0.55,0.55
2026-07-03_07-26-34.mp4,0.0,0.0128,0.0,"[0.0144, 0.008, 0.0175, 0.0197, 0.0068]",0.0,0.0
2026-07-04_16-12-12.mp4,0.0,0.0274,0.0,[0.0274],0.0,0.0
2026-07-11_08-30-29.mp4,0.0,0.1047,0.875,"[0.0538, 0.0655, 0.2772, 0.144, 0.132, 0.0213, 0.0601, 0.0786]",0.0,0.0
2026-07-21_01-03-14.mp4,0.0,0.0217,0.167,"[0.0228, 0.0191, 0.0136, 0.0279, 0.0319, 0.013]",0.0,0.0
2026-07-09_23-58-22.mp4,0.0,0.0412,0.667,"[0.0471, 0.0207, 0.0686, 0.0472, 0.0399, 0.0126]",0.0,0.0
2026-07-21_12-58-48.mp4,0.0,0.1151,1.0,"[0.101, 0.1227, 0.1258, 0.1111]",0.0,0.0
2026-07-03_01-37-25.mp4,0.0,nan,,[],0.0,0.0
2026-07-18_21-16-28.mp4,0.0,0.047,0.625,"[0.067, 0.0402, 0.0315, 0.0265, 0.0103, 0.0293, 0.0552, 0.1333]",0.0,0.0
2026-07-26_01-13-25.mp4,0.0,nan,,[],0.0,0.0
2026-07-15_20-18-48.mp4,0.0,0.0428,0.5,"[0.1308, 0.0742, 0.0447, 0.0346, 0.01, 0.0175, 0.009, 0.0131]",0.0,0.0
2026-07-01_17-38-02.mp4,0.0,0.0267,0.25,"[0.0192, 0.0123, 0.0538, 0.1037, 0.0056, 0.0096, 0.0106, 0.0182]",0.0,0.0
2026-07-05_11-57-14.mp4,0.0,0.1059,1.0,"[0.0408, 0.1014, 0.1242, 0.0924, 0.1414, 0.0304, 0.2216]",0.0,0.0
2026-07-04_02-16-28.mp4,0.0,0.0313,0.5,"[0.0958, 0.0724, 0.0068, 0.0241, 0.0496, 0.0054]",0.0,0.0
2026-07-07_00-25-23.mp4,0.0,0.064,0.5,"[0.0327, 0.0117, 0.0115, 0.0273, 0.2499, 0.1418, 0.009, 0.1507]",0.0,0.0
2026-07-12_22-22-49.mp4,0.0,0.0473,0.625,"[0.0138, 0.022, 0.0116, 0.0313, 0.0476, 0.1024, 0.0651, 0.0811]",0.0,0.0
2026-07-12_11-49-18.mp4,0.0,nan,,[],0.0,0.0
2026-07-10_16-19-54.mp4,0.0,0.0059,0.0,"[0.0043, 0.0086, 0.0034]",0.0,0.0
2026-07-23_18-44-15.mp4,0.0,0.0779,0.75,"[0.1388, 0.1794, 0.0816, 0.0612, 0.0408, 0.0074, 0.0153, 0.0474]",0.3,0.3
2026-07-18_15-40-08.mp4,1.0,0.0699,1.0,"[0.0954, 0.0376, 0.0819, 0.0438, 0.0598, 0.0707, 0.1121, 0.0551]",0.15,0.15
2026-07-14_01-06-45.mp4,0.0,0.0409,0.25,"[0.116, 0.0229, 0.0113, 0.0065]",0.0,0.0
2026-07-08_01-04-34.mp4,0.0,0.0378,0.625,"[0.0348, 0.0377, 0.0296, 0.0092, 0.043, 0.0893, 0.0443, 0.0071]",0.0,0.0
2026-07-04_02-21-58.mp4,0.0,0.018,0.167,"[0.0198, 0.0954, 0.0157, 0.0063, 0.0024, 0.0]",0.125,0.0
2026-07-09_08-59-58.mp4,0.15,0.0695,0.75,"[0.1798, 0.0325, 0.0121, 0.0384, 0.1578, 0.0526, 0.0635, 0.0066]",0.25,0.25
2026-07-10_12-28-39.mp4,0.0,nan,,[],0.0,0.0
2026-07-11_23-34-12.mp4,0.0,0.0808,1.0,[0.0808],0.0,0.0
2026-07-16_02-59-25.mp4,0.0,0.0332,0.375,"[0.0077, 0.0465, 0.0758, 0.0163, 0.0473, 0.0258, 0.0226, 0.0211]",0.0,0.0
2026-07-18_08-29-12.mp4,0.0,0.0297,0.25,"[0.12, 0.0235, 0.012, 0.0345, 0.0194, 0.0093, 0.0082, 0.0058]",0.0,0.0
2026-07-09_22-59-53.mp4,0.0,0.1822,0.8,"[0.0059, 0.2365, 0.2647, 0.2855, 0.033]",0.0,0.0
2026-07-08_07-13-59.mp4,0.0,nan,,[],0.0,0.0
2026-07-09_14-24-54.mp4,0.0,nan,,[],0.0,0.0
2026-07-10_13-19-32.mp4,0.0,0.1197,1.0,"[0.0335, 0.3832, 0.0832, 0.0503, 0.0412]",0.075,0.0
2026-07-25_23-41-32.mp4,0.0,0.039,0.5,"[0.1019, 0.0518, 0.0372, 0.0177, 0.0131, 0.0447, 0.0189, 0.0239]",0.0,0.0
2026-07-22_14-18-26.mp4,0.0,0.0,0.0,[0.0],0.0,0.0
2026-07-10_22-16-06.mp4,0.0,0.2841,1.0,"[0.5089, 0.0592]",0.0,0.0
2026-07-09_07-33-23.mp4,0.0,0.0766,0.875,"[0.0968, 0.0151, 0.0385, 0.1647, 0.038, 0.1115, 0.0722, 0.0759]",0.1,0.1
2026-06-30_23-48-24.mp4,0.025,0.0826,0.5,"[0.0341, 0.2088, 0.2585, 0.0104, 0.0191, 0.0189, 0.0433, 0.0235]",0.175,0.075
2026-07-19_10-26-50.mp4,0.05,0.0484,0.875,"[0.0665, 0.064, 0.0554, 0.0583, 0.0451, 0.0342, 0.0323, 0.0268]",0.0,0.0
2026-07-21_00-54-08.mp4,0.0,nan,,[],0.0,0.0
2026-07-04_16-51-54.mp4,0.0,nan,,[],0.0,0.0
2026-07-13_09-23-20.mp4,0.0,nan,,[],0.0,0.0
2026-07-10_10-27-34.mp4,0.0,0.0491,0.75,"[0.0317, 0.1291, 0.0588, 0.0452, 0.0326, 0.0334, 0.023, 0.0132]",0.0,0.0
2026-07-20_23-42-45.mp4,0.0,0.0169,0.0,"[0.0188, 0.018, 0.0154, 0.0169, 0.0265, 0.0185, 0.0112, 0.0082]",0.0,0.0
2026-07-15_16-02-26.mp4,0.0,0.0256,0.25,"[0.0728, 0.0181, 0.0206, 0.0317, 0.025, 0.0231, 0.0065, 0.0265]",0.0,0.0
2026-07-13_09-30-38.mp4,0.0,nan,,[],0.0,0.0
2026-07-23_16-30-17.mp4,0.0,0.0147,0.0,[0.0147],0.0,0.0
2026-07-18_13-13-39.mp4,0.0,0.0275,0.375,"[0.0312, 0.0294, 0.01, 0.0122, 0.0283, 0.0409, 0.042, 0.0258]",0.0,0.0
2026-07-25_00-28-22.mp4,0.0,0.0217,0.2,"[0.014, 0.0494, 0.0274, 0.0046, 0.0073]",0.0,0.0
2026-07-15_08-51-08.mp4,0.0,0.0274,0.375,"[0.024, 0.0376, 0.0233, 0.0258, 0.019, 0.0087, 0.0465, 0.0362]",0.0,0.0
2026-07-08_19-27-38.mp4,0.0,nan,,[],0.0,0.0
2026-07-23_18-41-21.mp4,0.0,0.0139,0.0,[0.0139],0.0,0.0
2026-07-01_21-18-17.mp4,0.0,0.0336,0.75,"[0.0386, 0.0319, 0.0262, 0.0646]",0.0,0.0
2026-07-01_02-48-46.mp4,0.1,0.0188,0.25,"[0.0117, 0.0076, 0.0616, 0.0349, 0.0135, 0.0056, 0.0057, 0.0071]",0.175,0.0
2026-07-13_23-48-34.mp4,0.0,0.026,0.5,"[0.0301, 0.0094]",0.0,0.0
2026-07-25_23-29-20.mp4,0.0,0.01,0.0,"[0.0157, 0.007, 0.0073, 0.0136, 0.0037]",0.0,0.0
2026-07-17_18-04-11.mp4,0.0,0.0784,0.714,"[0.0219, 0.0815, 0.0446, 0.1108, 0.1325, 0.0184, 0.0973]",0.0,0.0
2026-07-16_17-16-41.mp4,0.175,0.1002,0.875,"[0.0526, 0.0456, 0.0307, 0.1316, 0.3765, 0.0319, 0.0164, 0.1208]",0.025,0.0
2026-07-10_05-03-19.mp4,0.0,0.0216,0.0,"[0.0144, 0.0139, 0.0253]",0.0,0.0
2026-07-12_23-12-49.mp4,0.0,0.0826,1.0,"[0.0564, 0.0914]",0.0,0.0
2026-07-02_10-44-54.mp4,0.0,nan,,[],0.0,0.0
2026-07-06_00-39-54.mp4,0.025,0.0665,0.875,"[0.0254, 0.1525, 0.0369, 0.0616, 0.0509, 0.0805, 0.0721, 0.048]",0.0,0.0
2026-07-18_21-47-34.mp4,0.0,0.0265,0.375,"[0.0227, 0.0249, 0.0364, 0.017, 0.0359, 0.0251, 0.0239, 0.0312]",0.0,0.0
2026-07-03_20-05-00.mp4,0.0,0.1142,0.875,"[0.0294, 0.0827, 0.0654, 0.1393, 0.3759, 0.0597, 0.0987, 0.0497]",0.0,0.0
2026-07-10_15-58-01.mp4,0.0,0.0069,0.0,"[0.0132, 0.0071, 0.0]",0.0,0.0
2026-07-19_06-48-04.mp4,0.0,0.0534,1.0,"[0.0455, 0.0323, 0.0351, 0.056, 0.0732, 0.0543, 0.0727, 0.0698]",0.0,0.0
2026-07-13_11-07-13.mp4,0.0,0.0878,1.0,"[0.0752, 0.0577, 0.0418, 0.0731, 0.0914, 0.1534, 0.052]",0.0,0.0
2026-07-15_08-59-37.mp4,0.0,0.0184,0.5,"[0.0, 0.0, 0.0, 0.0016, 0.0344, 0.0766, 0.0406, 0.0358]",0.0,0.0
2026-07-10_09-25-47.mp4,0.0,nan,,[],0.0,0.0
2026-07-03_01-44-25.mp4,0.0,0.0189,0.667,"[0.0394, 0.0109, 0.0383]",0.0,0.0
2026-07-06_09-22-48.mp4,0.0,0.0286,0.25,"[0.0278, 0.1249, 0.0317, 0.0108, 0.0138, 0.0062, 0.0052, 0.0034]",0.0,0.0
2026-07-03_08-54-03.mp4,0.0,0.039,0.625,"[0.0507, 0.026, 0.0167, 0.0165, 0.0495, 0.0408, 0.0436, 0.0692]",0.0,0.0
2026-07-03_05-18-42.mp4,0.0,0.0104,0.0,"[0.0127, 0.0112, 0.0145, 0.0184, 0.0048, 0.0016, 0.0139, 0.0053]",0.0,0.0
2026-07-08_19-28-26.mp4,0.0,nan,,[],0.0,0.0
2026-07-02_10-11-37.mp4,0.0,0.0178,0.125,"[0.0354, 0.0101, 0.0194, 0.0117, 0.0188, 0.0256, 0.0118, 0.0079]",0.0,0.0
2026-07-08_20-39-20.mp4,0.0,0.0486,0.714,"[0.0461, 0.0266, 0.0345, 0.0977, 0.0258, 0.0475, 0.065]",0.0,0.0
2026-07-03_13-04-31.mp4,0.0,0.3008,1.0,"[0.0547, 0.0555, 0.4829, 0.3412, 0.269]",0.0,0.0
2026-07-18_15-18-44.mp4,0.0,0.0418,0.75,"[0.0828, 0.0443, 0.0464, 0.0419, 0.0313, 0.0191, 0.0256, 0.0433]",0.0,0.0
2026-07-02_01-12-07.mp4,0.0,0.0184,0.25,"[0.0395, 0.0391, 0.0227, 0.0251, 0.0035, 0.0108, 0.0032, 0.0063]",0.0,0.0
2026-07-15_18-56-36.mp4,0.0,0.0016,0.0,"[0.0036, 0.0034, 0.001, 0.0]",0.0,0.0
2026-07-09_17-21-04.mp4,0.0,nan,,[],0.0,0.0
2026-07-07_04-48-27.mp4,0.0,0.2468,1.0,"[0.3851, 0.3386, 0.2144, 0.0839, 0.1241, 0.4193, 0.1826, 0.1395]",0.0,0.0
2026-07-04_16-08-36.mp4,0.0,0.0182,0.25,"[0.0179, 0.0456, 0.0088, 0.0122]",0.0,0.0
2026-07-06_18-00-18.mp4,0.4,0.2997,0.625,"[0.7075, 0.0092, 0.0089, 0.0212, 0.1784, 1.1678, 0.1445, 0.3292]",0.0,0.0
2026-07-13_18-39-13.mp4,0.0,0.0521,0.286,"[0.0196, 0.0051, 0.0202, 0.0999, 0.2455, 0.0278, 0.0172]",0.0,0.0
2026-07-14_14-15-02.mp4,0.0,0.0086,0.0,"[0.0106, 0.0069, 0.0102, 0.0]",0.0,0.0
2026-07-13_03-18-26.mp4,0.0,0.0364,0.5,"[0.0128, 0.0183, 0.0242, 0.0161, 0.044, 0.0799, 0.0644, 0.0337]",0.0,0.0
2026-07-13_10-47-13.mp4,0.0,0.0379,1.0,[0.0379],0.0,0.0
2026-07-10_10-33-52.mp4,0.0,0.0238,0.0,[0.0238],0.0,0.0
2026-07-09_23-37-23.mp4,0.0,0.0433,0.333,"[0.0296, 0.011, 0.0894]",0.0,0.0
2026-07-22_14-14-08.mp4,0.0,0.0376,0.75,"[0.0413, 0.0378, 0.0265, 0.0311, 0.0231, 0.0348, 0.041, 0.0648]",0.0,0.0
2026-07-09_16-02-23.mp4,0.475,0.0911,1.0,"[0.0776, 0.083, 0.065, 0.1492, 0.0478, 0.1334, 0.1245, 0.0378]",0.3,0.3
2026-07-01_18-34-44.mp4,0.0,0.0221,0.0,"[0.0112, 0.011, 0.0214, 0.0296, 0.0263, 0.0208, 0.0292, 0.0286]",0.0,0.0
2026-07-01_17-46-41.mp4,0.0,0.0712,1.0,"[0.0847, 0.0994, 0.0727, 0.0679, 0.0715, 0.0358, 0.06, 0.0795]",0.0,0.0
2026-07-04_02-37-46.mp4,0.0,0.0438,0.857,"[0.0354, 0.0144, 0.0328, 0.0914, 0.0488, 0.0322, 0.0378]",0.025,0.0
2026-07-11_04-10-03.mp4,0.0,0.0173,0.0,[0.0173],0.0,0.0
2026-07-10_15-39-43.mp4,0.0,0.1572,1.0,"[0.1475, 0.2416, 0.0644, 0.2633, 0.0782, 0.1299, 0.197, 0.1304]",0.0,0.0
2026-07-04_01-56-10.mp4,0.825,0.0463,0.75,"[0.0374, 0.0323, 0.0288, 0.1089, 0.0205, 0.0354, 0.0603, 0.0468]",0.0,0.0
2026-07-16_17-07-46.mp4,0.786,0.3446,1.0,"[0.5547, 0.2488, 0.1542]",0.429,0.286
2026-07-13_09-05-02.mp4,0.0,0.0779,1.0,[0.0779],0.0,0.0
2026-07-10_02-57-15.mp4,0.0,0.0932,0.875,"[0.0071, 0.0743, 0.0879, 0.2036, 0.072, 0.1123, 0.0575, 0.0544]",0.0,0.0
2026-07-02_03-23-28.mp4,0.0,0.0232,0.125,"[0.0513, 0.0266, 0.028, 0.0294, 0.0101, 0.0006, 0.017, 0.0227]",0.0,0.0
2026-07-07_04-29-39.mp4,0.0,0.0449,1.0,"[0.052, 0.033]",0.025,0.0
2026-07-26_04-33-23.mp4,0.0,0.0504,0.5,"[0.1868, 0.0352, 0.0226, 0.0539, 0.0388, 0.0196, 0.0209, 0.0192]",0.0,0.0
2026-07-08_22-28-16.mp4,0.0,nan,,[],0.0,0.0
2026-07-05_12-58-14.mp4,0.0,0.0677,0.5,"[0.1575, 0.1802, 0.1163, 0.0555, 0.0115, 0.0066, 0.0152, 0.0099]",0.0,0.0
2026-07-22_00-11-35.mp4,0.0,0.018,0.0,"[0.0209, 0.0165, 0.0171, 0.0101, 0.0282, 0.0226, 0.0165, 0.0103]",0.1,0.075
2026-07-06_07-13-07.mp4,0.0,0.0392,0.333,"[0.0237, 0.0335, 0.1576, 0.0103, 0.0142, 0.0188]",0.0,0.0
2026-07-05_15-41-46.mp4,0.0,nan,,[],0.0,0.0
2026-07-01_17-32-56.mp4,0.0,0.0883,0.833,"[0.0475, 0.1434, 0.0253, 0.0571, 0.1559, 0.0441]",0.0,0.0
2026-07-11_12-59-59.mp4,0.0,0.1924,1.0,"[0.1625, 0.0691, 0.2162, 0.5391, 0.1822, 0.1633, 0.2316, 0.1713]",0.275,0.05
2026-07-02_15-45-21.mp4,0.0,0.0233,0.25,"[0.0108, 0.0271, 0.0306, 0.0186]",0.0,0.0
2026-07-05_13-18-32.mp4,0.0,0.0484,0.375,"[0.0128, 0.127, 0.0101, 0.0623, 0.0388, 0.0184, 0.0111, 0.0236]",0.053,0.0
2026-07-21_13-58-54.mp4,0.0,0.0178,0.0,"[0.0289, 0.0242, 0.0272, 0.0269, 0.0203, 0.002, 0.0063, 0.0033]",0.0,0.0
2026-07-03_15-18-53.mp4,0.0,0.0148,0.0,"[0.0167, 0.0216, 0.0271, 0.0113, 0.0088, 0.0088, 0.0141, 0.0087]",0.0,0.0
2026-07-02_10-01-37.mp4,0.0,0.0108,0.0,"[0.0156, 0.0112, 0.0125, 0.0135, 0.0048, 0.0068, 0.008, 0.0151]",0.0,0.0
2026-07-02_08-10-37.mp4,0.0,0.0835,1.0,"[0.0993, 0.0519]",0.0,0.0
2026-07-11_00-39-17.mp4,0.0,0.012,0.0,"[0.0112, 0.0059, 0.0165, 0.0119, 0.0179, 0.0001]",0.0,0.0
2026-07-12_07-19-21.mp4,0.0,0.1807,1.0,"[0.135, 0.4421, 0.0862, 0.1366, 0.1846, 0.0775, 0.1917, 0.0362]",0.0,0.0
2026-07-01_20-11-31.mp4,0.025,0.0182,0.25,"[0.0106, 0.0092, 0.0567, 0.0379, 0.0109, 0.005, 0.0048, 0.0086]",0.0,0.0
2026-07-07_01-15-23.mp4,0.0,0.1662,1.0,"[0.3776, 0.1622, 0.1253, 0.0719, 0.0551, 0.2603, 0.1455, 0.1227]",0.0,0.0
2026-07-05_14-34-43.mp4,0.0,0.0926,0.286,"[0.0423, 0.0049, 0.0292, 0.7911, 0.0059, 0.0057, 0.0121]",0.2,0.0
2026-07-09_18-55-10.mp4,0.275,0.053,0.429,"[0.1974, 0.0247, 0.0179, 0.0268, 0.0116, 0.0423, 0.0408]",0.0,0.0
2026-07-10_11-55-21.mp4,0.0,0.0126,0.0,"[0.0088, 0.0202]",0.0,0.0
2026-07-15_08-43-50.mp4,0.0,0.0342,0.5,"[0.099, 0.0871, 0.0366, 0.0357, 0.0067, 0.0197, 0.0047, 0.0048]",0.0,0.0
2026-07-13_21-17-54.mp4,0.0,0.0392,0.75,"[0.0996, 0.0241, 0.0479, 0.0367]",0.0,0.0
2026-07-07_04-26-21.mp4,0.0,0.026,0.0,[0.026],0.05,0.0
2026-07-11_10-54-22.mp4,0.0,0.0396,1.0,"[0.0401, 0.0387]",0.0,0.0
2026-07-08_12-17-20.mp4,0.0,0.1644,1.0,[0.1644],0.0,0.0
2026-07-02_15-58-33.mp4,0.0,0.0878,1.0,"[0.0802, 0.1189, 0.0797]",0.0,0.0
2026-07-21_12-03-07.mp4,0.075,0.0318,0.5,"[0.0637, 0.0609, 0.0238, 0.0119, 0.0068, 0.0168, 0.0399, 0.0306]",0.0,0.0
2026-07-14_15-54-43.mp4,0.0,0.0254,0.25,"[0.03, 0.0291, 0.0053, 0.013, 0.0298, 0.0376, 0.0311, 0.0276]",0.0,0.0
2026-07-03_01-37-13.mp4,0.0,0.0072,0.0,"[0.0, 0.0096]",0.0,0.0
2026-07-02_15-45-09.mp4,0.0,0.0171,0.0,[0.0171],0.0,0.0
2026-07-08_20-46-32.mp4,0.0,0.0249,0.5,"[0.0401, 0.0172]",0.0,0.0
2026-07-02_03-11-40.mp4,0.0,0.0396,0.5,"[0.0592, 0.0433, 0.0505, 0.0238, 0.0614, 0.0299, 0.0276, 0.0169]",0.0,0.0
2026-07-09_22-13-08.mp4,0.0,0.0152,0.125,"[0.0108, 0.0052, 0.0074, 0.0402, 0.0168, 0.0067, 0.0107, 0.0057]",0.0,0.0
2026-07-01_09-48-18.mp4,0.0,0.0375,0.429,"[0.015, 0.0351, 0.047, 0.0688, 0.0278, 0.0228, 0.0212]",0.0,0.0
2026-07-09_01-04-39.mp4,0.0,0.0468,0.857,"[0.0534, 0.041, 0.0373, 0.0463, 0.0209, 0.1066, 0.0454]",0.0,0.0
2026-06-30_16-12-44.mp4,0.0,0.0232,0.0,"[0.0245, 0.019]",0.0,0.0
2026-07-01_06-39-29.mp4,0.0,0.0403,0.8,"[0.0435, 0.0379, 0.0354, 0.0256, 0.067]",0.0,0.0
2026-07-08_18-52-51.mp4,0.0,0.0534,1.0,"[0.0527, 0.0557]",0.0,0.0
2026-07-10_13-29-32.mp4,0.0,1.2001,0.5,"[0.03, 2.3703]",0.05,0.0
2026-07-11_10-14-16.mp4,0.0,0.0791,0.875,"[0.0338, 0.0252, 0.1272, 0.0698, 0.0915, 0.1324, 0.0462, 0.1137]",0.0,0.0
2026-07-02_02-52-40.mp4,0.85,0.0312,0.5,"[0.0605, 0.0132, 0.0511, 0.0558, 0.0488, 0.0043, 0.007, 0.0033]",0.0,0.0
2026-07-11_08-56-29.mp4,0.0,nan,,[],0.0,0.0
2026-07-02_10-32-48.mp4,0.0,0.0093,0.0,"[0.0105, 0.0033, 0.003, 0.0253, 0.0187, 0.0046, 0.0033, 0.0024]",0.0,0.0
2026-07-25_20-16-28.mp4,0.0,0.0169,0.0,"[0.0263, 0.0125, 0.0222, 0.0276, 0.0092, 0.0076, 0.0144, 0.0156]",0.0,0.0
2026-07-06_00-17-54.mp4,0.325,0.1296,1.0,"[0.0477, 0.1906, 0.1306, 0.0765, 0.0848, 0.1169, 0.2032, 0.2011]",0.05,0.0
2026-07-13_21-24-59.mp4,0.0,0.0679,1.0,"[0.0782, 0.0371]",0.0,0.0
2026-07-07_06-16-32.mp4,0.0,0.0726,0.75,"[0.0195, 0.0242, 0.0733, 0.0977, 0.0523, 0.1297, 0.1071, 0.0638]",0.0,0.0
2026-07-08_21-45-29.mp4,0.0,0.0123,0.0,"[0.003, 0.0135, 0.015, 0.012]",0.0,0.0
2026-07-07_05-48-02.mp4,0.0,0.2363,1.0,"[0.0667, 0.0494, 0.1386, 0.2102, 0.3216, 0.2401, 0.2709, 0.3526]",0.0,0.0
2026-07-07_19-11-01.mp4,0.0,0.1353,0.875,"[0.0245, 0.0835, 0.2443, 0.0918, 0.1662, 0.2052, 0.132, 0.1328]",0.0,0.0
2026-07-05_03-55-10.mp4,0.0,nan,,[],0.0,0.0
2026-07-06_00-42-18.mp4,0.125,0.1238,1.0,"[0.0844, 0.11, 0.0643, 0.0773, 0.4479, 0.0567, 0.0524, 0.1601]",0.0,0.0
2026-07-08_21-51-29.mp4,0.0,0.033,0.6,"[0.0301, 0.057, 0.0332, 0.0129, 0.016]",0.0,0.0
2026-07-21_00-32-50.mp4,0.125,0.0383,0.375,"[0.0133, 0.0247, 0.0466, 0.1189, 0.0352, 0.0128, 0.0263, 0.0263]",0.0,0.0
2026-07-09_21-50-14.mp4,0.0,0.006,0.0,"[0.0058, 0.0068, 0.0031, 0.0025, 0.0094, 0.008]",0.0,0.0
2026-07-01_21-40-40.mp4,0.0,0.0916,0.75,"[0.0936, 0.0364, 0.1957, 0.0088]",0.0,0.0
2026-07-12_14-40-36.mp4,0.9,0.0466,0.25,"[0.1155, 0.0286, 0.0285, 0.0221, 0.0187, 0.0234, 0.1025, 0.0299]",0.0,0.0
2026-07-07_18-54-19.mp4,0.0,0.0618,0.875,"[0.0087, 0.0738, 0.1529, 0.082, 0.0701, 0.0402, 0.0352, 0.0428]",0.0,0.0
2026-07-12_08-41-50.mp4,0.0,0.0864,0.75,"[0.008, 0.0006, 0.1012, 0.2423, 0.0929, 0.0716, 0.1073, 0.0623]",0.0,0.0
2026-07-24_13-32-47.mp4,0.0,0.1323,0.875,"[0.0077, 0.2776, 0.1579, 0.198, 0.1512, 0.0991, 0.1052, 0.0439]",0.0,0.0
2026-07-22_14-10-08.mp4,0.0,nan,,[],0.025,0.0
2026-07-02_14-35-40.mp4,0.0,nan,,[],0.0,0.0
2026-07-23_18-39-57.mp4,0.0,0.0047,0.0,"[0.0034, 0.003, 0.002, 0.0048, 0.0117]",0.0,0.0
2026-07-10_17-59-26.mp4,0.0,0.0549,0.8,"[0.0197, 0.0495, 0.0775, 0.0698, 0.0654]",0.0,0.0
2026-07-04_07-07-05.mp4,0.0,0.0426,1.0,"[0.0451, 0.0441, 0.0363]",0.0,0.0
2026-07-02_16-48-09.mp4,0.0,0.0,0.0,"[0.0, 0.0]",0.0,0.0
2026-07-08_17-04-47.mp4,0.0,0.0732,0.5,"[0.0367, 0.0243, 0.0115, 0.0067, 0.0178, 0.3173, 0.0507, 0.2287]",0.0,0.0
2026-07-26_03-50-59.mp4,0.0,0.0763,0.5,"[0.0298, 0.0248, 0.0425, 0.0741, 0.021, 0.3131]",0.0,0.0
2026-07-20_21-50-46.mp4,0.381,0.0262,0.25,"[0.0269, 0.0197, 0.0216, 0.0367]",0.0,0.0
2026-07-01_17-46-53.mp4,0.0,0.1017,0.875,"[0.1224, 0.1724, 0.1154, 0.1722, 0.0249, 0.0446, 0.0632, 0.0974]",0.0,0.0
2026-07-01_18-40-38.mp4,0.0,0.0413,0.75,"[0.0311, 0.0297, 0.0327, 0.0285, 0.0567, 0.0414, 0.0666, 0.0444]",0.0,0.0
2026-07-01_12-47-00.mp4,0.0,0.0522,0.625,"[0.0646, 0.0255, 0.0196, 0.0227, 0.0336, 0.0898, 0.0625, 0.0556]",0.0,0.0
2026-07-05_16-58-36.mp4,0.0,0.072,0.714,"[0.0375, 0.0254, 0.0831, 0.0787, 0.1604, 0.0031, 0.118]",0.0,0.0
2026-07-02_15-39-15.mp4,0.0,0.0526,1.0,"[0.0514, 0.0587]",0.0,0.0
2026-07-05_03-34-47.mp4,0.0,0.028,0.125,"[0.1112, 0.0129, 0.0073, 0.0236, 0.0264, 0.0283, 0.0065, 0.0025]",0.0,0.0
2026-07-02_02-53-16.mp4,0.825,0.0349,0.75,"[0.0396, 0.0395, 0.0788, 0.0336, 0.0364, 0.0377, 0.0015, 0.006]",0.0,0.0
2026-07-05_13-18-08.mp4,0.0,0.1017,0.75,"[0.1123, 0.1534, 0.0931, 0.2384, 0.06, 0.1177, 0.0165, 0.0152]",0.0,0.0
2026-07-10_08-41-35.mp4,0.0,nan,,[],0.0,0.0
2026-07-12_14-34-50.mp4,0.625,0.2516,1.0,"[0.0777, 0.4179, 0.4066, 0.5035, 0.1685, 0.0762, 0.1405, 0.214]",0.175,0.0
2026-07-03_15-06-29.mp4,0.0,0.0119,0.0,"[0.0185, 0.0116, 0.0166, 0.0178, 0.0175, 0.0067, 0.0024, 0.0027]",0.0,0.0
2026-07-04_02-28-16.mp4,0.0,0.056,0.143,"[0.3142, 0.011, 0.0044, 0.0268, 0.0231, 0.0019, 0.0109]",0.0,0.0
2026-07-08_23-18-58.mp4,0.0,0.1597,1.0,"[0.0576, 0.0667, 0.1735, 0.1645, 0.1463, 0.2922, 0.1316, 0.1864]",0.0,0.0
2026-07-14_13-43-02.mp4,0.0,0.0226,0.0,"[0.0153, 0.0251]",0.0,0.0
2026-07-20_09-21-09.mp4,0.0,0.0261,0.0,"[0.0247, 0.0275]",0.0,0.0
2026-07-08_08-47-22.mp4,0.0,nan,,[],0.0,0.0
2026-07-18_15-23-38.mp4,0.0,0.1183,1.0,"[0.1657, 0.1189, 0.1118, 0.1002, 0.157]",0.0,0.0
2026-07-20_11-33-14.mp4,0.0,0.0407,0.5,"[0.008, 0.007, 0.0023, 0.0295, 0.137, 0.0666, 0.0403, 0.0405]",0.0,0.0
2026-07-20_21-33-52.mp4,0.0,0.0445,0.5,"[0.0259, 0.0295, 0.05, 0.0804, 0.0652, 0.03, 0.026, 0.0567]",0.0,0.0
2026-07-09_21-36-44.mp4,0.125,0.039,0.625,"[0.0217, 0.0526, 0.0108, 0.0982, 0.0074, 0.0429, 0.041, 0.0375]",0.375,0.0
2026-07-18_13-07-57.mp4,0.0,0.0406,0.25,"[0.0062, 0.0034, 0.0044, 0.011, 0.2539, 0.0415, 0.0201, 0.0232]",0.0,0.0
2026-07-11_12-23-27.mp4,0.0,0.0164,0.5,"[0.0316, 0.0012]",0.0,0.0
2026-07-10_16-59-12.mp4,0.0,nan,,[],0.0,0.0
2026-07-09_13-27-13.mp4,0.0,0.0211,0.333,"[0.0318, 0.0141, 0.0164]",0.0,0.0
2026-07-21_06-00-41.mp4,0.0,0.023,0.375,"[0.0441, 0.0096, 0.0105, 0.0192, 0.0117, 0.0234, 0.0309, 0.0394]",0.0,0.0
2026-07-16_08-04-46.mp4,0.25,0.0536,0.75,"[0.0197, 0.0551, 0.0327, 0.1088, 0.066, 0.0464, 0.0668, 0.0283]",0.0,0.0
2026-07-03_15-20-23.mp4,0.0,0.0138,0.0,"[0.0219, 0.0143, 0.0069, 0.0168, 0.0245, 0.0127, 0.009, 0.0019]",0.0,0.0
2026-07-03_15-18-41.mp4,0.0,0.0176,0.125,"[0.0289, 0.0325, 0.0164, 0.0147, 0.0107, 0.0112, 0.0068, 0.0205]",0.0,0.0
2026-07-09_06-58-17.mp4,0.125,0.1439,1.0,"[0.1861, 0.116, 0.1674, 0.1194, 0.0834, 0.1966, 0.1464, 0.1336]",0.275,0.275
2026-07-11_05-09-14.mp4,0.0,nan,,[],0.0,0.0
2026-07-05_21-47-02.mp4,0.0,0.0359,0.571,"[0.0494, 0.0453, 0.0384, 0.0337, 0.0243, 0.0247, 0.019]",0.0,0.0
2026-07-03_08-56-45.mp4,0.0,nan,,[],0.0,0.0
2026-07-12_00-59-14.mp4,0.0,0.1743,0.571,"[0.0101, 0.0083, 0.1513, 0.4246, 0.5073, 0.0265, 0.0307]",0.0,0.0
2026-07-07_11-22-35.mp4,0.0,0.0843,1.0,"[0.0971, 0.0833, 0.0729, 0.0774, 0.0741, 0.0578, 0.1067, 0.1105]",0.0,0.0
2026-07-05_02-12-59.mp4,0.0,0.0066,0.0,"[0.0066, 0.0066]",0.0,0.0
2026-07-20_21-44-46.mp4,0.35,0.0422,0.875,"[0.0232, 0.0311, 0.0577, 0.0458, 0.0313, 0.0531, 0.0549, 0.0406]",0.0,0.0
2026-07-02_17-00-09.mp4,0.0,0.0274,0.375,"[0.0504, 0.0141, 0.0183, 0.03, 0.0421, 0.0149, 0.017, 0.0208]",0.0,0.0
2026-07-01_06-24-26.mp4,0.0,0.1211,1.0,"[0.0317, 0.031, 0.303, 0.1096, 0.1901, 0.1603, 0.0668, 0.0652]",0.0,0.0
2026-07-17_15-55-03.mp4,0.0,0.0435,0.75,"[0.074, 0.0153, 0.0367, 0.0515]",0.0,0.0
2026-07-09_05-14-36.mp4,0.0,nan,,[],0.0,0.0
2026-07-10_08-18-53.mp4,0.0,0.05,0.6,"[0.0468, 0.1125, 0.0309, 0.0039, 0.0055]",0.0,0.0
2026-07-02_10-44-42.mp4,0.0,nan,,[],0.0,0.0
2026-07-06_11-10-11.mp4,0.0,0.0682,1.0,[0.0682],0.0,0.0
2026-07-15_09-46-07.mp4,0.0,0.1999,1.0,"[0.0537, 0.3168]",0.0,0.0
2026-07-14_18-58-37.mp4,0.0,0.0273,0.333,"[0.0143, 0.023, 0.0304, 0.047, 0.0231, 0.0259]",0.0,0.0
2026-07-10_13-34-56.mp4,0.025,0.1241,1.0,[0.1241],0.0,0.0
2026-07-18_05-06-26.mp4,0.175,0.1323,0.375,"[0.5538, 0.2847, 0.1184, 0.0242, 0.0126, 0.0103, 0.0088, 0.0236]",0.0,0.0
2026-07-19_03-05-07.mp4,0.0,0.0237,0.25,"[0.0293, 0.0163, 0.0134, 0.0312, 0.0358, 0.0287, 0.008, 0.0209]",0.0,0.0
2026-07-08_09-02-51.mp4,0.0,0.0283,0.0,[0.0283],0.0,0.0
2026-07-05_21-47-38.mp4,0.0,0.0493,1.0,"[0.0493, 0.034, 0.1004, 0.0442]",0.0,0.0
2026-07-03_05-21-30.mp4,0.0,0.0246,0.5,"[0.0316, 0.03, 0.0144, 0.0355, 0.0177, 0.0092, 0.0237, 0.0373]",0.0,0.0
2026-07-13_13-27-54.mp4,0.0,0.0361,1.0,"[0.0406, 0.0317]",0.0,0.0
2026-07-05_16-27-04.mp4,0.025,0.0839,1.0,"[0.0904, 0.0811, 0.0716]",0.025,0.025
2026-07-06_12-58-04.mp4,0.0,0.1048,0.625,"[0.0222, 0.0092, 0.0133, 0.0346, 0.062, 0.0832, 0.0647, 0.2954]",0.0,0.0
2026-07-14_07-24-06.mp4,0.0,0.046,0.25,"[0.189, 0.0251, 0.0419, 0.0235, 0.0276, 0.0191, 0.0173, 0.0191]",0.025,0.025
2026-07-03_15-34-59.mp4,0.0,0.0375,0.875,"[0.0402, 0.0369, 0.0458, 0.0442, 0.0311, 0.0147, 0.0356, 0.0549]",0.0,0.0
2026-07-09_11-08-08.mp4,0.0,0.11,1.0,"[0.0575, 0.2363, 0.0809, 0.0422, 0.0842, 0.1203, 0.0637, 0.1895]",0.0,0.0
2026-07-02_14-38-22.mp4,0.0,0.0623,0.375,"[0.0884, 0.2266, 0.1439, 0.0159, 0.0073, 0.0217, 0.0127, 0.0]",0.0,0.0
2026-07-17_07-52-20.mp4,0.0,0.0524,0.625,"[0.0237, 0.0237, 0.0132, 0.0562, 0.067, 0.0431, 0.0523, 0.1616]",0.0,0.0
2026-07-03_11-02-26.mp4,0.0,0.0124,0.0,"[0.0188, 0.0159, 0.0068, 0.0076, 0.0066, 0.0075, 0.0134, 0.0227]",0.0,0.0
2026-07-04_21-28-53.mp4,0.0,0.0199,0.0,"[0.0078, 0.0241, 0.0239]",0.0,0.0
2026-07-21_11-19-01.mp4,0.0,0.0421,0.625,"[0.0256, 0.0113, 0.0064, 0.0366, 0.0676, 0.1154, 0.0567, 0.0324]",0.0,0.0
2026-07-01_18-40-50.mp4,0.0,0.0416,0.75,"[0.04, 0.0518, 0.0481, 0.0392, 0.0462, 0.055, 0.022, 0.0279]",0.0,0.0
2026-07-15_15-00-10.mp4,0.0,0.0258,0.375,"[0.0152, 0.0108, 0.0098, 0.014, 0.0197, 0.0487, 0.0415, 0.0517]",0.0,0.0
2026-07-05_03-55-22.mp4,0.0,nan,,[],0.0,0.0
2026-07-08_12-25-07.mp4,0.0,0.0612,1.0,"[0.0555, 0.0623, 0.069, 0.0573]",0.0,0.0
2026-07-07_11-16-35.mp4,0.0,0.0713,0.625,"[0.0183, 0.0129, 0.0319, 0.0132, 0.2604, 0.1307, 0.1054, 0.1141]",0.0,0.0
2026-07-11_23-33-48.mp4,0.0,0.0715,0.8,"[0.0125, 0.1471, 0.0434, 0.0429, 0.1968]",0.0,0.0
2026-07-25_13-46-26.mp4,0.0,0.0265,0.375,"[0.0275, 0.0274, 0.0322, 0.0164, 0.0187, 0.0339, 0.0325, 0.0244]",0.0,0.0
2026-07-10_21-59-19.mp4,0.0,0.0453,0.714,"[0.0647, 0.0334, 0.0289, 0.0465, 0.0178, 0.0991, 0.0511]",0.0,0.0
2026-07-04_21-37-29.mp4,0.0,0.0143,0.0,"[0.0081, 0.0229, 0.0085, 0.0161]",0.0,0.0
2026-07-05_07-50-52.mp4,0.0,0.0521,0.333,"[0.0086, 0.0955, 0.009]",0.0,0.0
2026-07-03_23-14-46.mp4,0.0,0.075,0.75,"[0.2232, 0.0555, 0.0367, 0.0753, 0.082, 0.0566, 0.017, 0.0097]",0.0,0.0
2026-07-24_18-13-20.mp4,0.0,0.0523,0.6,"[0.0592, 0.0657, 0.0291, 0.0667, 0.0278]",0.0,0.0
2026-07-09_08-01-16.mp4,0.1,0.1077,1.0,"[0.0416, 0.1087, 0.1816, 0.1639, 0.1713, 0.0577, 0.0415, 0.0921]",0.375,0.375
2026-07-25_07-41-06.mp4,0.0,0.0984,1.0,[0.0984],0.0,0.0
2026-07-15_15-59-32.mp4,0.0,0.0354,0.667,"[0.0, 0.0638, 0.0389]",0.0,0.0
2026-07-09_16-19-59.mp4,0.2,0.1291,1.0,"[0.1907, 0.1, 0.0871, 0.0769, 0.0923, 0.1032, 0.1988, 0.197]",0.025,0.025
2026-07-03_14-19-48.mp4,0.0,0.0246,0.125,"[0.0227, 0.0065, 0.0113, 0.0286, 0.0209, 0.0201, 0.0669, 0.0183]",0.0,0.0
2026-07-18_11-08-28.mp4,0.0,0.049,0.429,"[0.0339, 0.1486, 0.0875, 0.0255, 0.0034, 0.0, 0.0035]",0.0,0.0
2026-07-09_16-22-05.mp4,0.1,0.094,0.875,"[0.2013, 0.0276, 0.0314, 0.1956, 0.0635, 0.1014, 0.0875, 0.0309]",0.025,0.025
2026-07-07_03-02-16.mp4,0.025,0.0919,1.0,"[0.1284, 0.0876, 0.0628, 0.1271, 0.0625, 0.0721, 0.098, 0.1049]",0.0,0.0
2026-07-11_10-56-58.mp4,0.0,0.1838,1.0,"[0.1939, 0.0966, 0.1769, 0.3725]",0.0,0.0
2026-07-12_15-04-30.mp4,0.0,0.0551,1.0,"[0.0445, 0.0727]",0.0,0.0
2026-07-05_13-05-20.mp4,0.0,0.0142,0.0,"[0.0203, 0.0, 0.0162]",0.0,0.0
2026-07-03_16-17-11.mp4,0.0,0.0192,0.125,"[0.0325, 0.028, 0.0222, 0.0141, 0.0062, 0.0079, 0.0277, 0.0137]",0.0,0.0
2026-07-22_16-59-51.mp4,0.0,nan,,[],0.0,0.0
2026-07-13_20-18-54.mp4,0.0,0.1553,1.0,[0.1553],0.0,0.0
2026-07-12_12-12-00.mp4,0.0,0.1749,0.429,"[0.012, 0.011, 0.0153, 0.011, 0.1547, 0.0599, 1.7142]",0.0,0.0
2026-07-15_10-55-24.mp4,0.0,0.0472,0.75,"[0.0144, 0.0139, 0.0301, 0.0346, 0.1027, 0.05, 0.0598, 0.0783]",0.0,0.0
2026-07-04_22-26-10.mp4,0.0,0.0155,0.0,"[0.0136, 0.0174]",0.0,0.0
2026-07-22_14-12-56.mp4,0.0,nan,,[],0.0,0.0
2026-07-07_04-26-33.mp4,0.0,0.0167,0.0,"[0.0183, 0.016]",0.2,0.0
2026-07-02_15-48-21.mp4,0.0,0.0325,0.333,"[0.0111, 0.0455, 0.0279]",0.0,0.0
2026-07-02_12-29-35.mp4,0.0,0.0155,0.0,"[0.0126, 0.0168, 0.0182, 0.0083, 0.0167, 0.018]",0.0,0.0
2026-07-24_11-55-54.mp4,0.0,0.1073,0.667,"[0.1583, 0.1545, 0.0111]",0.0,0.0
2026-07-04_05-38-52.mp4,0.05,0.0403,0.625,"[0.0511, 0.0749, 0.0405, 0.0426, 0.0595, 0.0183, 0.014, 0.0172]",0.0,0.0
2026-07-04_22-49-22.mp4,0.0,nan,,[],0.0,0.0
2026-07-05_08-19-58.mp4,0.0,0.0147,0.167,"[0.0023, 0.0001, 0.0037, 0.0226, 0.0122, 0.0508]",0.0,0.0
2026-07-05_00-57-24.mp4,0.0,nan,,[],0.0,0.0
2026-07-07_12-25-16.mp4,0.0,0.1895,1.0,"[0.2435, 0.1715]",0.0,0.0
2026-07-09_21-36-56.mp4,0.0,0.0451,0.375,"[0.0144, 0.0109, 0.0087, 0.12, 0.0131, 0.0092, 0.1194, 0.0706]",0.025,0.0
2026-07-10_10-12-46.mp4,0.0,nan,,[],0.0,0.0
2026-07-07_14-00-39.mp4,0.0,0.1416,1.0,"[0.0834, 0.1906, 0.192, 0.0893, 0.1853, 0.1072, 0.1171, 0.1481]",0.0,0.0
2026-07-02_17-44-32.mp4,0.0,nan,,[],0.0,0.0
2026-07-09_14-11-06.mp4,0.0,0.0325,0.5,"[0.0192, 0.0843, 0.0773, 0.0456, 0.0619, 0.0216, 0.023, 0.0096]",0.0,0.0
2026-07-02_00-56-49.mp4,0.0,0.0167,0.125,"[0.0175, 0.0089, 0.0058, 0.0078, 0.0269, 0.0534, 0.0011, 0.0107]",0.0,0.0
2026-07-10_22-28-18.mp4,0.0,0.1108,1.0,"[0.087, 0.1046, 0.1951, 0.2152, 0.0442, 0.0774, 0.0539, 0.0668]",0.0,0.0
2026-07-10_13-25-44.mp4,0.0,0.7478,1.0,"[1.2214, 0.7516, 0.9226, 0.0918]",0.0,0.0
2026-07-02_01-14-01.mp4,0.0,nan,,[],0.0,0.0
2026-07-07_18-52-55.mp4,0.0,0.0786,0.75,"[0.0299, 0.062, 0.0406, 0.0863, 0.0674, 0.0974, 0.2091, 0.0261]",0.0,0.0
2026-07-19_23-54-00.mp4,0.0,0.0446,0.429,"[0.0761, 0.0748, 0.1396, 0.013, 0.0086, 0.0074, 0.0031]",0.025,0.025
2026-07-02_16-59-57.mp4,0.0,0.0377,0.625,"[0.0228, 0.0173, 0.0341, 0.0376, 0.0407, 0.025, 0.1582, 0.0319]",0.0,0.0
2026-07-11_04-49-08.mp4,0.0,0.0272,0.333,"[0.0173, 0.023, 0.0456]",0.0,0.0
2026-07-11_00-34-29.mp4,0.0,0.1252,0.4,"[0.0369, 0.0058, 0.0101, 0.0185, 0.8048]",0.0,0.0
2026-07-05_02-41-47.mp4,0.0,0.0264,0.375,"[0.0196, 0.0103, 0.0157, 0.037, 0.0202, 0.0363, 0.0211, 0.0572]",0.0,0.0
2026-07-15_20-34-47.mp4,0.0,0.0147,0.125,"[0.058, 0.0145, 0.0238, 0.0115, 0.0169, 0.0065, 0.011, 0.0072]",0.0,0.0
2026-07-03_00-28-08.mp4,0.0,0.0031,0.0,"[0.0115, 0.0, 0.0017]",0.225,0.0
2026-07-08_07-30-40.mp4,0.0,nan,,[],0.0,0.0
2026-07-24_17-35-38.mp4,0.0,0.0181,0.5,"[0.0139, 0.0086, 0.0308, 0.0333]",0.0,0.0
2026-07-20_04-37-51.mp4,0.0,0.0686,1.0,"[0.0601, 0.0459, 0.0472, 0.0629, 0.153, 0.0413, 0.0347]",0.0,0.0
2026-07-05_11-38-21.mp4,0.0,0.0267,0.333,"[0.0137, 0.0434, 0.0246]",0.0,0.0
2026-07-12_13-43-49.mp4,0.0,0.1044,0.875,"[0.0939, 0.1482, 0.0926, 0.1623, 0.1798, 0.1031, 0.0438, 0.0295]",0.025,0.0
2026-07-02_14-36-04.mp4,0.0,0.0546,0.8,"[0.0861, 0.0119, 0.067, 0.0376, 0.0505]",0.0,0.0
2026-07-12_11-59-42.mp4,0.0,0.0311,1.0,[0.0311],0.0,0.0
2026-07-13_23-43-22.mp4,0.0,nan,,[],0.0,0.0
2026-07-09_05-39-48.mp4,0.0,nan,,[],0.0,0.0
2026-07-22_23-11-51.mp4,0.0,0.0396,0.333,"[0.026, 0.0179, 0.0886]",0.0,0.0
2026-07-05_02-14-29.mp4,0.0,0.0,0.0,[0.0],0.0,0.0
2026-07-09_12-11-32.mp4,0.0,0.0342,0.8,"[0.0376, 0.0125, 0.0315, 0.0503, 0.0422]",0.0,0.0
2026-07-02_04-12-57.mp4,0.0,0.0797,0.75,"[0.1645, 0.0195, 0.1009, 0.1385, 0.0306, 0.0388, 0.1011, 0.0106]",0.0,0.0
2026-07-06_11-40-29.mp4,0.0,0.0396,0.25,"[0.0106, 0.003, 0.0111, 0.0163, 0.0121, 0.014, 0.377, 0.0633]",0.325,0.0
2026-07-12_02-05-48.mp4,0.175,0.125,1.0,"[0.196, 0.1251, 0.0744, 0.1198, 0.0926, 0.111, 0.1604, 0.1147]",0.0,0.0
2026-07-19_06-41-40.mp4,0.0,0.035,0.5,"[0.023, 0.0337, 0.0487, 0.0165, 0.0335, 0.0688, 0.0254, 0.0262]",0.0,0.0
2026-07-14_11-50-39.mp4,0.0,0.0119,0.0,[0.0119],0.0,0.0
2026-07-03_13-18-06.mp4,0.0,0.0834,0.625,"[0.2375, 0.127, 0.0627, 0.0273, 0.0972, 0.0689, 0.0147, 0.019]",0.075,0.075
2026-07-05_14-34-19.mp4,0.0,0.032,0.4,"[0.0791, 0.0105, 0.0204, 0.0106, 0.0464]",0.075,0.0
2026-07-14_19-34-19.mp4,0.0,0.0348,0.5,"[0.0613, 0.0281, 0.0243, 0.0247, 0.0356, 0.043, 0.0283, 0.0331]",0.0,0.0
2026-07-03_14-14-24.mp4,0.0,0.0105,0.0,"[0.0248, 0.0083, 0.0189, 0.0257, 0.0035, 0.0037, 0.0043, 0.0019]",0.0,0.0
2026-07-04_12-40-33.mp4,0.0,0.0019,0.0,"[0.0, 0.0023, 0.0026, 0.0035, 0.0]",0.0,0.0
2026-07-24_02-31-36.mp4,0.0,nan,,[],0.0,0.0
2026-07-07_13-58-09.mp4,0.0,0.0743,1.0,"[0.1634, 0.0695, 0.0622, 0.0577, 0.0328, 0.0636, 0.0509]",0.0,0.0
2026-07-02_22-31-50.mp4,0.025,0.1127,0.75,"[0.1223, 0.0274, 0.069, 0.1109, 0.393, 0.0609, 0.0722, 0.029]",0.0,0.0
2026-07-13_12-31-42.mp4,0.0,0.0758,1.0,"[0.136, 0.0459, 0.0656]",0.0,0.0
2026-07-17_08-40-01.mp4,0.0,0.0234,0.0,"[0.0189, 0.0264]",0.0,0.0
2026-07-03_07-37-22.mp4,0.0,0.0117,0.0,"[0.0125, 0.0045, 0.0101, 0.0232]",0.0,0.0
2026-07-12_12-23-53.mp4,0.0,0.0388,0.667,"[0.0252, 0.0684, 0.0361]",0.0,0.0
2026-07-10_09-26-41.mp4,0.0,0.3093,1.0,"[0.4601, 0.2088]",0.0,0.0
2026-07-06_12-49-22.mp4,0.0,0.0349,0.4,"[0.0175, 0.0591, 0.012, 0.0751, 0.0079]",0.0,0.0
2026-07-05_04-33-01.mp4,0.0,nan,,[],0.0,0.0
2026-07-03_14-19-36.mp4,0.0,0.0204,0.125,"[0.0336, 0.0277, 0.0293, 0.0209, 0.0049, 0.0144, 0.0186, 0.0119]",0.0,0.0
2026-07-05_09-12-04.mp4,0.0,0.0438,0.75,"[0.0593, 0.0261, 0.0311, 0.0472, 0.0549, 0.0696, 0.0316, 0.0269]",0.0,0.0
2026-07-12_01-00-26.mp4,0.0,0.0095,0.125,"[0.007, 0.0028, 0.0105, 0.0375, 0.0085, 0.0062, 0.0048, 0.0041]",0.0,0.0
2026-07-02_23-14-20.mp4,0.225,0.1299,1.0,"[0.2436, 0.117, 0.1071, 0.1614, 0.1634, 0.1264, 0.0559, 0.0481]",0.0,0.0
2026-07-20_22-02-40.mp4,0.075,0.0582,0.625,"[0.0449, 0.024, 0.0256, 0.0398, 0.2257, 0.0252, 0.0308, 0.0476]",0.0,0.0
2026-07-04_01-44-11.mp4,0.475,0.0887,1.0,"[0.0642, 0.2663, 0.0392, 0.0886, 0.0364, 0.036, 0.058, 0.1239]",0.0,0.0
2026-07-08_12-17-56.mp4,0.05,0.1821,1.0,"[0.0546, 0.0993, 0.2268, 0.727, 0.0563, 0.0713, 0.0959, 0.1117]",0.05,0.05
2026-07-03_10-59-20.mp4,0.0,0.0155,0.0,"[0.0277, 0.0158, 0.0151, 0.0152, 0.0079, 0.0032, 0.0218, 0.0205]",0.0,0.0
2026-07-03_00-25-20.mp4,0.0,0.0021,0.0,"[0.0, 0.0, 0.0052]",0.35,0.0
2026-07-08_18-34-28.mp4,0.0,nan,,[],0.0,0.0
2026-07-11_23-31-48.mp4,0.0,0.0452,0.5,"[0.0377, 0.0249, 0.0391, 0.0271, 0.0224, 0.1112]",0.0,0.0
2026-07-03_15-18-29.mp4,0.0,0.0165,0.0,"[0.0269, 0.0195, 0.0223, 0.0131, 0.0082, 0.0075, 0.0157, 0.0194]",0.0,0.0
2026-07-07_14-22-09.mp4,0.0,0.1191,1.0,"[0.076, 0.095, 0.2957, 0.0956, 0.0708, 0.1032, 0.1062, 0.1404]",0.0,0.0
2026-07-02_10-18-07.mp4,0.0,0.0358,0.375,"[0.0489, 0.0268, 0.0216, 0.0868, 0.0227, 0.0221, 0.0369, 0.0105]",0.0,0.0
2026-07-02_00-38-55.mp4,0.075,0.0247,0.125,"[0.0181, 0.0292, 0.0604, 0.0269, 0.0164, 0.0169, 0.0175, 0.0088]",0.0,0.0
2026-07-10_13-19-56.mp4,0.0,0.0795,0.5,"[0.0976, 0.0251]",0.1,0.0
2026-07-07_09-26-24.mp4,0.0,1.0639,1.0,"[0.0806, 3.0049, 1.275, 0.5941, 0.0608, 0.9277, 1.1059]",0.0,0.0
2026-07-02_09-02-48.mp4,0.0,0.0254,0.333,"[0.0449, 0.0149, 0.0101, 0.0085, 0.0797, 0.0037]",0.212,0.212
2026-07-02_20-30-19.mp4,0.0,0.0562,0.875,"[0.0755, 0.0548, 0.0957, 0.0425, 0.062, 0.0313, 0.0566, 0.0249]",0.0,0.0
2026-07-11_10-58-34.mp4,0.0,0.1658,0.833,"[0.1943, 0.0881, 0.033, 0.1711, 0.3502, 0.0172]",0.0,0.0
2026-07-08_10-48-50.mp4,0.125,0.0784,1.0,"[0.0561, 0.034, 0.0491, 0.0716, 0.1453, 0.0799, 0.1357]",0.225,0.225
2026-07-24_14-12-47.mp4,0.0,0.1089,0.857,"[0.0175, 0.1993, 0.0513, 0.1818, 0.2085, 0.1038, 0.0582]",0.0,0.0
2026-07-08_01-42-58.mp4,0.0,0.0522,0.625,"[0.0297, 0.0268, 0.0507, 0.0401, 0.1661, 0.0418, 0.0309, 0.0276]",0.0,0.0
2026-07-17_07-57-26.mp4,0.0,0.0463,0.857,"[0.033, 0.0553, 0.0279, 0.0342, 0.0762, 0.0648, 0.0413]",0.0,0.0
2026-07-02_14-15-52.mp4,0.0,0.0183,0.143,"[0.0211, 0.016, 0.0145, 0.0109, 0.0372, 0.0218, 0.0144]",0.0,0.0
2026-07-05_12-53-32.mp4,0.0,0.0155,0.286,"[0.0074, 0.0046, 0.0061, 0.0384, 0.0059, 0.0316, 0.0052]",0.0,0.0
2026-07-02_15-46-15.mp4,0.0,0.0572,0.4,"[0.3389, 0.0032, 0.0269, 0.0351, 0.0179]",0.0,0.0
2026-07-01_07-31-29.mp4,0.0,0.0342,0.333,"[0.0167, 0.0143, 0.0178, 0.0836, 0.0349, 0.015]",0.0,0.0
2026-07-13_11-51-24.mp4,0.0,nan,,[],0.0,0.0
2026-07-04_12-46-09.mp4,0.0,0.0043,0.0,"[0.009, 0.0026, 0.0, 0.0034, 0.0041, 0.0101, 0.0023, 0.0]",0.0,0.0
2026-07-02_00-45-25.mp4,0.0,0.0068,0.0,"[0.02, 0.0062, 0.0026, 0.0]",0.0,0.0
2026-07-05_00-15-31.mp4,0.0,0.0087,0.0,[0.0087],0.0,0.0
2026-07-13_21-25-11.mp4,0.0,0.0765,1.0,[0.0765],0.0,0.0
2026-07-09_17-19-52.mp4,0.0,0.07,1.0,"[0.0348, 0.038, 0.0915, 0.0761, 0.0699, 0.0588, 0.0945]",0.0,0.0
2026-07-25_19-43-16.mp4,0.0,0.0414,1.0,"[0.0409, 0.0417, 0.0503, 0.034, 0.035, 0.0341, 0.0537]",0.0,0.0
2026-07-18_22-00-46.mp4,0.175,0.0563,0.75,"[0.0148, 0.0269, 0.0319, 0.0623, 0.0735, 0.0993, 0.0764, 0.0676]",0.0,0.0
2026-07-01_17-49-05.mp4,0.0,0.0943,1.0,"[0.0764, 0.0467, 0.0806, 0.1302, 0.0896, 0.1231, 0.1895]",0.0,0.0
2026-07-15_16-00-08.mp4,0.0,0.0244,0.286,"[0.0337, 0.0266, 0.0288, 0.0165, 0.0124, 0.0199, 0.0522]",0.0,0.0
2026-07-12_10-32-31.mp4,0.0,0.0365,0.6,"[0.0506, 0.0122, 0.0186, 0.0469, 0.0383]",0.0,0.0
2026-07-02_04-21-03.mp4,0.0,0.0358,0.5,"[0.1058, 0.0326, 0.0148, 0.0383, 0.0706, 0.0184, 0.0043, 0.0271]",0.0,0.0
2026-07-03_12-57-43.mp4,0.0,0.0198,0.167,"[0.0056, 0.0213, 0.0156, 0.0404, 0.0076, 0.0182]",0.0,0.0
2026-07-19_06-48-28.mp4,0.075,0.0701,0.875,"[0.024, 0.0912, 0.0715, 0.067, 0.0421, 0.0928, 0.059, 0.0958]",0.0,0.0
2026-07-07_14-01-39.mp4,0.0,0.1643,1.0,"[0.2884, 0.0666, 0.035, 0.0959, 0.1724, 0.1217, 0.2919]",0.0,0.0
2026-07-04_12-51-20.mp4,0.0,0.0084,0.0,"[0.0122, 0.0146, 0.0075, 0.0037, 0.0138, 0.0038, 0.0031, 0.009]",0.0,0.0
2026-07-22_02-25-34.mp4,0.025,0.0823,1.0,"[0.1876, 0.1145, 0.067, 0.0717, 0.0583, 0.0682, 0.0446, 0.0375]",0.325,0.325
2026-07-20_10-52-02.mp4,0.0,0.087,0.667,"[0.0068, 0.3679, 0.0294, 0.0655, 0.0911, 0.0356]",0.0,0.0
2026-07-09_04-03-19.mp4,0.0,0.0201,0.333,"[0.032, 0.0158, 0.0169]",0.0,0.0
2026-07-07_14-13-09.mp4,0.0,0.1586,1.0,"[0.0893, 0.2099, 0.1076, 0.0801, 0.1313, 0.2046, 0.1963, 0.246]",0.0,0.0
2026-07-02_05-27-16.mp4,0.0,0.0264,0.125,"[0.0176, 0.0046, 0.0025, 0.0144, 0.0274, 0.0173, 0.0186, 0.1292]",0.0,0.0
2026-07-05_02-31-11.mp4,0.0,0.0,0.0,[0.0],0.0,0.0
2026-07-09_15-17-06.mp4,0.0,0.0424,1.0,[0.0424],0.0,0.0
2026-07-12_08-22-20.mp4,0.0,0.3248,0.571,"[0.0295, 0.0254, 0.0282, 0.0378, 0.7882, 1.0258, 0.2728]",0.0,0.0
2026-07-08_00-02-53.mp4,0.0,0.1967,1.0,"[0.0515, 0.116, 0.0917, 0.1855, 0.4915, 0.215, 0.0866]",0.025,0.0
2026-07-15_15-58-20.mp4,0.0,0.0353,0.6,"[0.0342, 0.0154, 0.0692, 0.0266, 0.0406]",0.0,0.0
2026-07-08_13-47-49.mp4,0.2,0.2256,1.0,"[0.1739, 0.2202, 0.1139, 0.4646, 0.3139, 0.2142, 0.2532]",0.0,0.0
2026-07-20_12-31-01.mp4,0.075,0.0353,0.625,"[0.0363, 0.0489, 0.0322, 0.0272, 0.0172, 0.0529, 0.0281, 0.0402]",0.0,0.0
2026-07-24_23-41-59.mp4,0.0,0.0238,0.5,"[0.0339, 0.0136]",0.0,0.0
2026-06-30_13-14-43.mp4,0.0,nan,,[],0.0,0.0
2026-07-05_15-21-52.mp4,0.0,0.0643,0.714,"[0.0377, 0.1711, 0.036, 0.0547, 0.0525, 0.0196, 0.0154]",0.0,0.0
2026-07-21_01-27-32.mp4,0.125,0.0434,0.75,"[0.0895, 0.0339, 0.0366, 0.04, 0.0248, 0.0273, 0.046, 0.0502]",0.0,0.0
2026-07-05_21-45-02.mp4,0.0,0.3192,1.0,"[0.1878, 0.0376, 0.2001, 0.5735, 0.5383, 0.4988, 0.3279, 0.1574]",0.0,0.0
2026-07-14_07-04-24.mp4,0.65,0.0936,0.875,"[0.0471, 0.0248, 0.0308, 0.0898, 0.1288, 0.2148, 0.0971, 0.1211]",0.125,0.125
2026-07-03_12-04-01.mp4,0.0,0.0083,0.0,"[0.0048, 0.0069, 0.0053, 0.0129]",0.0,0.0
2026-07-05_00-29-42.mp4,0.0,0.0456,0.667,"[0.0683, 0.0518, 0.0167]",0.0,0.0
2026-07-20_22-02-52.mp4,0.2,0.0418,0.75,"[0.033, 0.0234, 0.0339, 0.0626, 0.0618, 0.0538, 0.0287, 0.0364]",0.0,0.0
2026-07-03_03-56-41.mp4,0.0,0.0222,0.286,"[0.0363, 0.0278, 0.0033, 0.0159, 0.0169, 0.02, 0.0544]",0.0,0.0
2026-07-02_15-31-21.mp4,0.0,0.0289,0.5,"[0.0324, 0.0183]",0.0,0.0
2026-07-02_16-38-51.mp4,0.0,0.0247,0.25,"[0.0456, 0.0124, 0.0255, 0.0272, 0.023, 0.011, 0.0188, 0.0612]",0.0,0.0
2026-07-11_10-59-58.mp4,0.0,0.0723,1.0,"[0.0572, 0.0365, 0.0809, 0.2863, 0.0586, 0.0446, 0.0595, 0.0487]",0.0,0.0
2026-07-07_10-56-41.mp4,0.0,0.0757,0.714,"[0.0875, 0.1196, 0.1082, 0.0616, 0.0268, 0.0737, 0.0268]",0.0,0.0
2026-07-14_22-49-32.mp4,0.0,0.0419,0.5,"[0.0586, 0.0446, 0.0756, 0.0297, 0.0296, 0.0218, 0.0597, 0.0085]",0.0,0.0
2026-07-22_07-33-55.mp4,0.0,0.1625,1.0,"[0.2962, 0.0731, 0.0939, 0.1119, 0.1193, 0.0762, 0.2149, 0.3527]",0.0,0.0
2026-07-03_11-05-32.mp4,0.0,0.054,0.167,"[0.0148, 0.0248, 0.027, 0.1593, 0.0182, 0.0063]",0.0,0.0
2026-07-10_13-21-38.mp4,0.0,0.0526,0.8,"[0.073, 0.0322, 0.0798, 0.0012, 0.0565]",0.175,0.0
2026-07-04_03-27-32.mp4,0.95,0.0206,0.25,"[0.0342, 0.0423, 0.0288, 0.018, 0.017, 0.0043, 0.0055, 0.013]",0.0,0.0
2026-07-20_08-13-04.mp4,0.0,0.0133,0.0,"[0.0127, 0.0057, 0.0172, 0.0263, 0.0098, 0.0129, 0.0115, 0.0078]",0.0,0.0
2026-07-03_13-17-18.mp4,0.0,0.1196,0.875,"[0.1048, 0.0368, 0.0232, 0.0565, 0.1718, 0.1416, 0.1453, 0.0463]",0.05,0.05
2026-07-22_02-25-58.mp4,0.0,0.0448,0.75,"[0.0734, 0.0209, 0.0397, 0.0318, 0.0644, 0.0973, 0.0387, 0.0047]",0.275,0.275
2026-07-15_07-30-14.mp4,0.0,0.0405,0.429,"[0.0169, 0.0252, 0.0466, 0.0222, 0.0248, 0.0486, 0.082]",0.0,0.0
2026-07-14_14-06-44.mp4,0.0,0.0444,0.857,"[0.0345, 0.0638, 0.0573, 0.0148, 0.0305, 0.0532, 0.0587]",0.0,0.0
2026-07-23_07-54-58.mp4,0.075,0.125,1.0,"[0.1173, 0.1761, 0.0969, 0.1114, 0.0885, 0.0707, 0.0768, 0.1932]",0.05,0.05
2026-07-20_05-05-08.mp4,0.0,0.0683,0.8,"[0.0634, 0.0127, 0.135, 0.0489, 0.0569]",0.0,0.0
2026-07-05_09-19-03.mp4,0.0,0.0355,0.5,"[0.0325, 0.0181, 0.0148, 0.0302, 0.0412, 0.0918, 0.0273, 0.0259]",0.0,0.0
2026-07-03_11-27-08.mp4,0.0,nan,,[],0.0,0.0
2026-07-02_22-51-50.mp4,0.4,0.1254,1.0,"[0.1305, 0.1966, 0.1332, 0.16, 0.1083, 0.0967, 0.0596, 0.1163]",0.0,0.0
2026-07-19_00-03-50.mp4,0.0,0.0259,0.375,"[0.0207, 0.0226, 0.0142, 0.0312, 0.0299, 0.0313, 0.0431, 0.0219]",0.0,0.0
2026-07-23_18-46-51.mp4,0.0,0.0832,0.75,"[0.0141, 0.0213, 0.0418, 0.1468, 0.0926, 0.0555, 0.1612, 0.075]",0.325,0.325
2026-07-05_21-50-08.mp4,0.0,0.0417,0.6,"[0.031, 0.0259, 0.0546, 0.0752, 0.0114]",0.0,0.0
2026-07-08_14-38-12.mp4,0.0,0.1747,0.833,"[0.218, 0.1867, 0.1304, 0.0134, 0.123, 0.3598]",0.0,0.0
2026-07-03_11-26-56.mp4,0.0,0.027,0.5,"[0.0203, 0.0324, 0.0103, 0.0977]",0.0,0.0
2026-07-03_03-49-59.mp4,0.0,0.2281,1.0,"[0.3309, 0.2764, 0.0812, 0.293, 0.1562]",0.0,0.0
2026-07-07_23-43-05.mp4,0.025,0.1095,1.0,"[0.0922, 0.0633, 0.1722, 0.1916, 0.0926, 0.0577, 0.0636]",0.0,0.0
2026-07-06_08-57-24.mp4,0.0,0.2347,1.0,"[0.3403, 0.2798, 0.0835, 1.4775, 0.0998, 0.1171, 0.0908, 0.3292]",0.0,0.0
2026-07-22_14-14-44.mp4,0.0,0.0992,1.0,"[0.0578, 0.0674, 0.0759, 0.1159, 0.1246, 0.1464, 0.0866, 0.1236]",0.0,0.0
2026-07-07_17-24-13.mp4,0.0,0.0514,0.75,"[0.0156, 0.0289, 0.0477, 0.0608, 0.0746, 0.0493, 0.0768, 0.0698]",0.0,0.0
2026-07-02_16-41-33.mp4,0.0,0.0268,0.333,"[0.0109, 0.0374, 0.0267]",0.0,0.0
2026-07-02_16-18-21.mp4,0.0,0.0995,1.0,"[0.1195, 0.1095, 0.0727]",0.0,0.0
2026-07-13_10-30-07.mp4,0.0,0.0662,1.0,"[0.0679, 0.061]",0.0,0.0
2026-07-07_14-17-09.mp4,0.0,0.1068,1.0,"[0.092, 0.0631, 0.1087, 0.2142, 0.1005, 0.1075, 0.1083, 0.0482]",0.0,0.0
2026-07-04_14-46-12.mp4,0.0,0.0292,0.625,"[0.0229, 0.0342, 0.0201, 0.0377, 0.0301, 0.03, 0.0357, 0.0273]",0.0,0.0
2026-07-09_18-59-52.mp4,0.475,0.0936,1.0,"[0.1338, 0.0639, 0.0698, 0.0509, 0.212, 0.041, 0.0435, 0.1439]",0.0,0.0
2026-07-05_15-22-28.mp4,0.0,0.0673,0.875,"[0.1156, 0.0381, 0.1088, 0.0434, 0.0647, 0.098, 0.0392, 0.026]",0.0,0.0
2026-07-05_11-12-03.mp4,0.0,nan,,[],0.0,0.0
2026-07-05_15-21-04.mp4,0.3,0.1282,0.625,"[0.017, 0.1851, 0.3795, 0.149, 0.0209, 0.1773, 0.0522, 0.0243]",0.05,0.05
2026-07-04_20-54-59.mp4,0.0,0.0657,0.571,"[0.0278, 0.1598, 0.0184, 0.1267, 0.0836, 0.1007, 0.0041]",0.0,0.0
2026-07-18_21-47-46.mp4,0.0,0.0372,0.625,"[0.052, 0.0495, 0.0313, 0.0415, 0.0455, 0.026, 0.0194, 0.0287]",0.0,0.0
2026-07-05_13-04-14.mp4,0.0,0.0934,0.857,"[0.1302, 0.0892, 0.0613, 0.0582, 0.178, 0.0094, 0.097]",0.0,0.0
2026-07-07_20-51-54.mp4,0.0,0.1524,1.0,"[0.0644, 0.2404]",0.0,0.0
2026-07-04_20-58-41.mp4,0.0,0.1476,0.857,"[0.0553, 0.0256, 0.4833, 0.0983, 0.0748, 0.1033, 0.1407]",0.0,0.0
2026-07-15_08-07-44.mp4,0.0,0.0055,0.0,"[0.0169, 0.009, 0.0029, 0.0083, 0.0065, 0.001, 0.001, 0.0025]",0.0,0.0
2026-07-03_03-36-42.mp4,0.0,0.1374,1.0,"[0.0984, 0.0834, 0.0866, 0.2671, 0.1085, 0.1058, 0.2207, 0.1223]",0.0,0.0
2026-07-02_12-47-53.mp4,0.0,nan,,[],0.0,0.0
2026-07-06_21-32-52.mp4,0.0,nan,,[],0.0,0.0
2026-07-14_11-57-03.mp4,0.0,0.024,0.25,"[0.0173, 0.0159, 0.0434, 0.0202, 0.0282, 0.0175, 0.0281, 0.033]",0.0,0.0
2026-07-08_08-34-58.mp4,0.0,0.1302,1.0,[0.1302],0.0,0.0
2026-07-04_03-27-44.mp4,0.975,0.0181,0.125,"[0.0279, 0.0272, 0.0309, 0.0148, 0.0073, 0.0142, 0.0111, 0.01]",0.05,0.0
2026-07-02_01-00-01.mp4,0.125,0.0756,0.5,"[0.0224, 0.0187, 0.0266, 0.1406, 0.1789, 0.0607, 0.1189, 0.0281]",0.0,0.0
2026-07-11_15-29-29.mp4,0.0,0.0744,0.714,"[0.0276, 0.0952, 0.0642, 0.1025, 0.1129, 0.053, 0.0261]",0.0,0.0
2026-07-10_15-05-19.mp4,0.0,0.0305,0.333,"[0.0252, 0.045, 0.0255, 0.0248, 0.0386, 0.0138]",0.0,0.0
2026-07-11_13-29-24.mp4,0.0,0.9909,1.0,[0.9909],0.0,0.0
2026-07-14_18-07-55.mp4,0.0,nan,,[],0.0,0.0
2026-07-05_12-00-38.mp4,0.0,0.0598,0.6,"[0.06, 0.0095, 0.0092, 0.1296, 0.0983]",0.0,0.0
2026-07-17_18-07-11.mp4,0.0,0.0634,1.0,"[0.0476, 0.0575, 0.1023, 0.0502, 0.0478, 0.0619, 0.0759]",0.0,0.0
2026-07-17_03-26-23.mp4,0.0,0.0308,0.5,"[0.0522, 0.0394, 0.0156, 0.0233, 0.018, 0.0121, 0.0445, 0.0443]",0.0,0.0
2026-07-06_09-32-42.mp4,0.0,0.0446,1.0,[0.0446],0.0,0.0
2026-07-02_04-23-39.mp4,0.0,nan,,[],0.0,0.0
2026-07-05_16-32-27.mp4,0.0,0.0998,0.667,"[0.025, 0.028, 0.1059, 0.2317, 0.0971, 0.0837]",0.0,0.0
2026-07-16_21-42-26.mp4,0.0,0.0529,0.8,"[0.0337, 0.0587, 0.1075, 0.0488, 0.0172]",0.0,0.0
2026-07-03_03-55-53.mp4,0.0,0.0218,0.143,"[0.0111, 0.0131, 0.0224, 0.0146, 0.0293, 0.0244, 0.0365]",0.0,0.0
2026-07-10_22-29-06.mp4,0.05,0.057,0.714,"[0.0381, 0.0914, 0.0257, 0.063, 0.068, 0.0284, 0.0785]",0.0,0.0
2026-07-21_15-02-53.mp4,0.4,0.038,0.75,"[0.0338, 0.057, 0.0436, 0.032, 0.0586, 0.0261, 0.0306, 0.0189]",0.0,0.0
2026-07-10_12-10-33.mp4,0.0,0.1157,0.75,"[0.0222, 0.1661, 0.1659, 0.0944]",0.2,0.0
2026-07-02_01-08-19.mp4,0.0,0.055,0.375,"[0.0227, 0.0567, 0.2375, 0.057, 0.0095, 0.0115, 0.028, 0.0074]",0.0,0.0
2026-07-03_11-02-02.mp4,0.0,0.0276,0.125,"[0.0262, 0.0237, 0.0632, 0.02, 0.0225, 0.0195, 0.0228, 0.0216]",0.0,0.0
2026-07-12_14-37-48.mp4,0.65,0.0462,0.625,"[0.0836, 0.0869, 0.0409, 0.0679, 0.0305, 0.0192, 0.0205, 0.014]",0.15,0.0
2026-07-03_06-00-05.mp4,0.0,0.0239,0.25,"[0.0182, 0.0209, 0.0334, 0.0213, 0.0335, 0.0187, 0.0232, 0.0214]",0.0,0.0
2026-07-03_13-29-06.mp4,0.0,0.0207,0.375,"[0.0484, 0.0188, 0.0074, 0.0332, 0.0312, 0.0104, 0.0089, 0.0037]",0.0,0.0
2026-07-06_11-18-05.mp4,0.0,0.0625,0.875,"[0.0898, 0.0333, 0.1097, 0.0421, 0.0429, 0.0805, 0.0902, 0.0225]",0.0,0.0
2026-07-24_01-17-13.mp4,0.0,0.0454,0.625,"[0.0249, 0.0159, 0.0448, 0.0227, 0.0703, 0.0707, 0.0484, 0.0715]",0.0,0.0
2026-07-08_13-20-07.mp4,0.0,0.1062,0.857,"[0.0676, 0.0333, 0.1174, 0.268, 0.1321, 0.0553, 0.0285]",0.0,0.0
2026-07-05_11-03-57.mp4,0.0,0.0465,1.0,"[0.0405, 0.0526]",0.0,0.0
2026-07-10_22-26-30.mp4,0.25,0.1051,1.0,"[0.085, 0.1321, 0.1099, 0.0751, 0.141, 0.1401, 0.0751, 0.0975]",0.0,0.0
2026-07-15_14-56-58.mp4,0.0,0.0213,0.125,"[0.003, 0.0015, 0.0092, 0.0169, 0.1069, 0.0243, 0.0138, 0.0113]",0.0,0.0
2026-07-10_16-58-12.mp4,0.0,nan,,[],0.0,0.0
2026-07-13_07-07-30.mp4,0.0,nan,,[],0.0,0.0
2026-07-03_03-54-35.mp4,0.0,0.1369,0.625,"[0.1075, 0.0243, 0.0573, 0.0682, 0.6707, 0.0366, 0.0142, 0.0206]",0.0,0.0
2026-07-11_05-08-50.mp4,0.0,nan,,[],0.0,0.0
2026-07-18_15-06-20.mp4,0.0,0.0647,0.8,"[0.0271, 0.034, 0.1035, 0.0974, 0.0491]",0.0,0.0
2026-07-01_16-34-27.mp4,0.0,0.1492,0.75,"[0.0843, 0.2166, 0.234, 0.0252, 0.0276, 0.2086, 0.268, 0.0758]",0.0,0.0
2026-07-11_15-49-16.mp4,0.0,0.0358,0.5,"[0.0507, 0.0208]",0.0,0.0
2026-07-04_22-50-46.mp4,0.0,0.0198,0.25,"[0.041, 0.0148, 0.0158, 0.0099]",0.0,0.0
2026-07-02_09-00-24.mp4,0.0,0.0786,0.857,"[0.2048, 0.1455, 0.1528, 0.087, 0.0317, 0.024, 0.078]",0.125,0.0
2026-07-09_20-30-27.mp4,0.0,nan,,[],0.0,0.0
2026-07-10_15-46-19.mp4,0.0,0.2521,1.0,"[0.43, 0.2806, 0.2459, 0.2087, 0.1396, 0.0549]",0.0,0.0
2026-07-06_23-42-12.mp4,0.0,0.0257,0.25,"[0.0085, 0.0202, 0.017, 0.0884]",0.0,0.0
2026-07-23_09-09-03.mp4,0.0,0.0384,0.5,"[0.0091, 0.0145, 0.0149, 0.0301, 0.0898, 0.0813, 0.0362, 0.0294]",0.375,0.375
2026-07-14_14-59-49.mp4,0.0,0.0827,0.714,"[0.0683, 0.1229, 0.2287, 0.0344, 0.0219, 0.0815, 0.029]",0.0,0.0
2026-07-02_20-11-55.mp4,0.0,0.0543,0.5,"[0.0337, 0.0267, 0.1199, 0.0071, 0.004, 0.011, 0.1604, 0.0761]",0.0,0.0
2026-07-17_22-00-24.mp4,0.0,0.0716,1.0,"[0.0553, 0.0391, 0.067, 0.0824, 0.1733, 0.0984, 0.0634, 0.0579]",0.0,0.0
2026-07-05_11-15-15.mp4,0.0,0.0586,1.0,"[0.0376, 0.0796]",0.0,0.0
2026-07-03_13-03-55.mp4,0.0,0.1851,1.0,"[0.0519, 0.7182]",0.0,0.0
2026-07-06_18-05-42.mp4,0.1,0.1932,0.625,"[0.037, 0.0496, 0.0322, 0.1294, 1.1013, 0.0056, 0.021, 0.0154]",0.0,0.0
2026-07-05_13-27-07.mp4,0.0,0.13,1.0,"[0.097, 0.0443, 0.2869, 0.0739]",0.0,0.0
2026-07-25_07-23-36.mp4,0.0,nan,,[],0.0,0.0
2026-07-24_12-37-48.mp4,0.0,0.0144,0.25,"[0.0028, 0.0, 0.1725, 0.0]",0.0,0.0
2026-07-02_14-11-16.mp4,0.0,0.008,0.0,"[0.0003, 0.0187, 0.0012]",0.0,0.0
2026-07-24_07-25-21.mp4,0.025,0.095,0.8,"[0.1294, 0.0508, 0.0169, 0.1732, 0.098]",0.15,0.1
2026-07-03_00-25-32.mp4,0.0,0.0025,0.0,"[0.0, 0.0039, 0.0014]",0.35,0.0
2026-07-21_01-14-50.mp4,0.3,0.0484,0.625,"[0.0908, 0.0808, 0.0534, 0.0411, 0.0298, 0.0276, 0.0336, 0.0258]",0.0,0.0
2026-07-15_20-17-24.mp4,0.0,0.0378,0.5,"[0.0241, 0.0223, 0.0286, 0.0079, 0.0342, 0.0336, 0.0899, 0.0557]",0.0,0.0
2026-07-02_04-23-51.mp4,0.0,nan,,[],0.0,0.0
2026-07-11_23-32-00.mp4,0.0,0.0714,1.0,"[0.0307, 0.2649, 0.0306, 0.0423, 0.0336, 0.1641, 0.0346, 0.0362]",0.0,0.0
2026-07-21_01-41-08.mp4,0.0,0.0439,0.75,"[0.0453, 0.0311, 0.0467, 0.0874, 0.0325, 0.029, 0.0243, 0.0575]",0.0,0.0
2026-07-05_12-56-26.mp4,0.0,0.0596,0.8,"[0.1279, 0.0683, 0.0476, 0.0146, 0.0518]",0.0,0.0
2026-07-06_08-58-48.mp4,0.0,0.1256,1.0,[0.1256],0.0,0.0
2026-07-11_13-43-12.mp4,0.0,0.0716,0.875,"[0.0312, 0.0204, 0.4224, 0.0835, 0.0605, 0.0449, 0.0813, 0.0473]",0.0,0.0
2026-07-05_09-27-33.mp4,0.0,nan,,[],0.0,0.0
2026-07-07_14-12-45.mp4,0.0,0.1315,0.875,"[0.2053, 0.0979, 0.0144, 0.1279, 0.1374, 0.1793, 0.0866, 0.1192]",0.0,0.0
2026-07-22_00-41-29.mp4,0.0,0.0518,0.714,"[0.099, 0.0587, 0.0797, 0.0226, 0.0161, 0.0342, 0.0533]",0.0,0.0
2026-07-08_08-45-46.mp4,0.0,nan,,[],0.0,0.0
2026-07-14_14-57-01.mp4,0.0,0.0557,0.5,"[0.0653, 0.0959, 0.1349, 0.0332, 0.0178, 0.0194, 0.0145, 0.0253]",0.0,0.0
2026-07-04_03-25-56.mp4,0.725,0.0252,0.25,"[0.0396, 0.0212, 0.0263, 0.0298, 0.017, 0.0142, 0.0362, 0.0154]",0.475,0.0
2026-07-07_11-22-47.mp4,0.0,0.1723,1.0,"[0.0746, 0.1308, 0.1166, 0.2489, 0.1542, 0.412, 0.1527, 0.0676]",0.0,0.0
2026-07-09_19-56-21.mp4,0.0,0.0049,0.0,[0.0049],0.0,0.0
2026-07-20_11-26-50.mp4,0.0,0.0807,1.0,"[0.0786, 0.0377, 0.1368, 0.0526]",0.0,0.0
2026-07-21_11-17-55.mp4,0.0,0.0298,0.5,"[0.025, 0.0134, 0.0165, 0.0438, 0.0336, 0.0499, 0.0387, 0.0161]",0.0,0.0
2026-07-11_17-17-18.mp4,0.0,0.1538,1.0,"[0.0418, 0.0593, 0.1021, 0.4769, 0.0972, 0.0957, 0.1853, 0.121]",0.0,0.0
2026-07-15_08-57-25.mp4,0.0,0.037,0.625,"[0.0259, 0.025, 0.0302, 0.018, 0.0551, 0.0465, 0.0472, 0.0747]",0.0,0.0
2026-07-19_10-45-02.mp4,0.075,0.0547,0.875,"[0.0392, 0.0585, 0.0682, 0.0239, 0.0654, 0.067, 0.045, 0.0744]",0.0,0.0
2026-07-18_19-55-47.mp4,0.05,0.0349,0.75,"[0.0472, 0.0308, 0.0506, 0.0376, 0.0397, 0.0314, 0.0258, 0.0116]",0.0,0.0
2026-07-11_00-39-41.mp4,0.0,0.0102,0.0,"[0.0142, 0.0062, 0.0117, 0.0066]",0.0,0.0
2026-07-04_11-28-15.mp4,0.0,0.0453,0.5,"[0.01, 0.0154, 0.1339, 0.0648, 0.0361, 0.0132]",0.0,0.0
2026-07-18_20-47-16.mp4,0.0,0.0348,0.375,"[0.0785, 0.0278, 0.0169, 0.0384, 0.0349, 0.0288, 0.0282, 0.0226]",0.0,0.0
2026-07-06_17-49-18.mp4,0.0,0.1634,0.75,"[0.2995, 0.1829, 0.0119, 0.1172, 0.0776, 0.0068, 0.4009, 0.2215]",0.0,0.0
2026-07-09_04-02-55.mp4,0.0,0.0645,1.0,"[0.0777, 0.0381]",0.0,0.0
2026-07-02_09-55-37.mp4,0.0,0.0408,0.625,"[0.0274, 0.0305, 0.0327, 0.0561, 0.0276, 0.0286, 0.0622, 0.0662]",0.0,0.0
2026-07-04_07-04-08.mp4,0.0,0.0206,0.0,"[0.0197, 0.0216]",0.0,0.0
2026-07-02_10-00-49.mp4,0.0,0.281,0.857,"[0.0649, 0.0958, 1.4954, 0.406, 0.0502, 0.028, 0.0527]",0.0,0.0
2026-07-13_09-30-50.mp4,0.0,0.0776,1.0,"[0.055, 0.0889]",0.0,0.0
2026-07-06_18-28-06.mp4,0.25,0.2475,1.0,"[0.3421, 0.2919, 0.0697, 0.173, 0.3712, 0.1458, 0.0725, 0.5236]",0.0,0.0
2026-07-03_08-50-51.mp4,0.0,0.0992,0.875,"[0.061, 0.0911, 0.1351, 0.0656, 0.0109, 0.0798, 0.2539, 0.095]",0.0,0.0
2026-07-05_11-30-39.mp4,0.0,0.2272,1.0,"[0.0448, 1.3464, 0.0668, 0.1509]",0.0,0.0
2026-07-03_12-46-37.mp4,0.0,0.0094,0.0,"[0.0097, 0.0088, 0.0105]",0.0,0.0
2026-07-04_11-43-33.mp4,0.0,0.0052,0.0,[0.0052],0.0,0.0
2026-07-15_19-38-36.mp4,0.0,0.0169,0.0,"[0.0279, 0.0093, 0.0]",0.0,0.0
2026-07-10_12-43-14.mp4,0.0,0.0081,0.0,[0.0081],0.0,0.0
2026-07-05_15-25-58.mp4,0.0,0.0189,0.0,[0.0189],0.0,0.0
2026-07-14_05-54-07.mp4,0.0,0.0083,0.0,"[0.0116, 0.0091, 0.0072, 0.0093, 0.0057, 0.0072, 0.0]",0.025,0.0
2026-07-20_18-57-41.mp4,0.0,0.1902,1.0,"[0.1022, 0.1163, 0.3808, 0.2508, 0.1599, 0.081, 0.2578, 0.1687]",0.125,0.125
2026-07-17_09-17-37.mp4,0.0,0.0345,0.429,"[0.0367, 0.0354, 0.061, 0.0264, 0.027, 0.0233, 0.0251]",0.0,0.0
2026-07-05_15-20-16.mp4,0.5,0.0929,0.75,"[0.0307, 0.1178, 0.4018, 0.0263, 0.0357, 0.0545, 0.0352, 0.0281]",0.325,0.325
2026-07-22_02-35-34.mp4,0.0,0.0293,0.167,"[0.0479, 0.025, 0.0253, 0.0207, 0.0177, 0.0279]",0.025,0.025
2026-07-02_07-55-23.mp4,0.0,0.0712,0.75,"[0.0207, 0.1157, 0.0313, 0.1366, 0.1058, 0.0317, 0.0281, 0.0846]",0.15,0.15
2026-07-24_10-49-13.mp4,0.0,0.3654,1.0,"[0.2983, 0.2034, 1.125, 0.2237, 0.2744, 0.1178, 0.2596, 0.1642]",0.0,0.0
2026-07-03_13-07-43.mp4,0.0,0.1467,1.0,"[0.1376, 0.2867, 0.0645, 0.0835, 0.1831, 0.1501, 0.1349, 0.1388]",0.0,0.0
2026-07-12_04-10-29.mp4,0.0,nan,,[],0.0,0.0
2026-07-06_21-16-10.mp4,0.0,0.0334,0.5,"[0.0364, 0.0095, 0.0973, 0.0082, 0.0495, 0.0176]",0.0,0.0
2026-07-10_17-05-45.mp4,0.0,nan,,[],0.0,0.0
2026-07-02_18-21-08.mp4,0.0,0.0103,0.0,"[0.016, 0.0042, 0.0091, 0.0047, 0.0101, 0.01, 0.0166, 0.0119]",0.0,0.0
2026-07-10_16-22-54.mp4,0.0,0.0277,0.5,"[0.0311, 0.0105]",0.0,0.0
2026-07-19_03-59-12.mp4,0.0,0.0638,0.75,"[0.1156, 0.0594, 0.0273, 0.0374, 0.0043, 0.093, 0.0992, 0.0917]",0.0,0.0
2026-07-10_13-44-14.mp4,0.025,0.1101,1.0,"[0.0734, 0.1024, 0.1739, 0.1909, 0.1037, 0.0303, 0.066, 0.1458]",0.0,0.0
2026-07-19_04-02-30.mp4,0.0,0.0283,0.5,"[0.0056, 0.0514, 0.032, 0.0438, 0.0385, 0.0178, 0.0133, 0.0227]",0.0,0.0
2026-07-22_14-18-02.mp4,0.0,nan,,[],0.0,0.0
2026-07-01_17-57-23.mp4,0.0,0.0602,0.75,"[0.0974, 0.0708, 0.0188, 0.0104, 0.0393, 0.0306, 0.134, 0.0835]",0.0,0.0
2026-07-17_10-59-42.mp4,0.0,0.2473,1.0,"[0.0353, 0.1211, 0.2209, 0.3709, 0.5868, 0.2928, 0.2387, 0.0784]",0.0,0.0
2026-07-19_06-45-40.mp4,0.0,0.0618,0.714,"[0.0622, 0.0607, 0.083, 0.0492, 0.0763, 0.016, 0.0286]",0.0,0.0
2026-07-26_00-08-55.mp4,0.15,0.066,0.875,"[0.0247, 0.1096, 0.1372, 0.0818, 0.0377, 0.0488, 0.0575, 0.0376]",0.025,0.025
2026-07-14_03-14-08.mp4,0.0,0.0179,0.143,"[0.0368, 0.0085, 0.0198, 0.02, 0.0158, 0.0299, 0.0196]",0.2,0.0
2026-07-02_18-28-44.mp4,0.0,0.0158,0.125,"[0.0512, 0.0165, 0.0071, 0.01, 0.0056, 0.0064, 0.0125, 0.017]",0.0,0.0
2026-07-12_12-19-18.mp4,0.0,0.0316,1.0,[0.0316],0.0,0.0
2026-07-09_04-07-07.mp4,0.525,0.025,0.25,"[0.0255, 0.0176, 0.021, 0.0231, 0.0311, 0.0252, 0.0201, 0.0393]",0.0,0.0
2026-07-03_13-22-24.mp4,0.0,0.016,0.2,"[0.0177, 0.0088, 0.002, 0.0232, 0.0315]",0.0,0.0
2026-07-25_14-19-55.mp4,0.0,0.0413,0.75,"[0.0332, 0.0408, 0.043, 0.0403, 0.0175, 0.0212, 0.0839, 0.0351]",0.0,0.0
2026-07-07_00-41-47.mp4,0.0,0.1881,0.857,"[0.0056, 0.0675, 0.3373, 0.3825, 0.15, 0.1322, 0.1647]",0.0,0.0
2026-07-05_10-16-21.mp4,0.0,0.0177,0.333,"[0.0171, 0.01, 0.0336]",0.0,0.0
2026-07-01_18-34-56.mp4,0.0,0.0451,0.571,"[0.0103, 0.0146, 0.0534, 0.099, 0.0792, 0.0604, 0.0162]",0.0,0.0
2026-07-05_09-18-51.mp4,0.0,0.0696,0.875,"[0.0814, 0.1837, 0.0507, 0.0339, 0.069, 0.0718, 0.037, 0.0189]",0.0,0.0
2026-07-06_00-20-48.mp4,0.35,0.1305,1.0,"[0.1963, 0.1173, 0.1163, 0.1005, 0.1849, 0.1046, 0.0975, 0.126]",0.1,0.0
2026-07-10_15-10-43.mp4,0.0,0.0586,1.0,[0.0586],0.0,0.0
2026-07-12_11-58-06.mp4,0.0,0.0676,0.667,"[0.0689, 0.0988, 0.0196]",0.0,0.0
2026-07-21_11-17-07.mp4,0.0,0.0205,0.0,"[0.0167, 0.0186, 0.0218, 0.0248, 0.0223, 0.0295, 0.018, 0.0097]",0.0,0.0
2026-07-02_09-56-01.mp4,0.0,0.0382,0.75,"[0.051, 0.0256, 0.0523, 0.0258, 0.0471, 0.0342, 0.0348, 0.0341]",0.0,0.0
2026-07-03_15-05-29.mp4,0.0,0.0235,0.375,"[0.0212, 0.0103, 0.0381, 0.0354, 0.033, 0.0271, 0.0151, 0.0036]",0.0,0.0
2026-07-15_18-35-19.mp4,0.0,0.0721,1.0,"[0.0557, 0.0512, 0.0656, 0.1153, 0.0919, 0.0313, 0.0443, 0.1342]",0.0,0.0
2026-07-04_00-51-05.mp4,0.0,0.025,0.25,"[0.0253, 0.0136, 0.0412, 0.0222, 0.0247, 0.0423, 0.0129, 0.0247]",0.0,0.0
2026-07-05_10-11-03.mp4,0.0,0.0442,1.0,[0.0442],0.0,0.0
2026-07-14_13-41-32.mp4,0.0,0.0249,0.667,"[0.0364, 0.0456, 0.0142]",0.0,0.0
2026-07-21_13-54-30.mp4,0.025,0.0733,1.0,"[0.0839, 0.107, 0.0658, 0.0517, 0.0769, 0.0572, 0.0882, 0.0511]",0.0,0.0
2026-07-24_19-29-43.mp4,0.0,0.073,0.833,"[0.1019, 0.1135, 0.0322, 0.0063, 0.043, 0.098]",0.0,0.0
2026-07-23_16-34-41.mp4,0.0,nan,,[],0.0,0.0
2026-07-05_03-46-16.mp4,0.0,0.0222,0.25,"[0.0409, 0.0218, 0.0062, 0.0083, 0.0403, 0.0136, 0.0201, 0.027]",0.0,0.0
2026-07-07_14-12-57.mp4,0.0,0.2306,1.0,"[0.1946, 0.0877, 0.423, 0.278]",0.0,0.0
2026-07-20_21-55-34.mp4,0.0,0.0445,0.833,"[0.0779, 0.0461, 0.033, 0.0384, 0.0292, 0.0343]",0.0,0.0
2026-07-20_15-05-36.mp4,0.0,0.0518,0.625,"[0.0793, 0.0293, 0.0339, 0.0962, 0.0203, 0.0953, 0.036, 0.0175]",0.0,0.0
2026-07-24_09-46-55.mp4,0.0,0.0556,0.875,"[0.0244, 0.0378, 0.0324, 0.0536, 0.0699, 0.0469, 0.0992, 0.0869]",0.0,0.0
2026-07-02_05-21-22.mp4,0.0,0.0159,0.125,"[0.0218, 0.0097, 0.0061, 0.0047, 0.0193, 0.0524, 0.0064, 0.0047]",0.0,0.0
2026-07-02_20-29-31.mp4,0.0,0.0782,0.875,"[0.0441, 0.0253, 0.0615, 0.1087, 0.0806, 0.1385, 0.0865, 0.0557]",0.0,0.0
2026-07-04_11-23-51.mp4,0.0,0.0965,0.625,"[0.3184, 0.0117, 0.0648, 0.1091, 0.0261, 0.0382, 0.0616, 0.0119]",0.0,0.0
2026-07-03_12-55-31.mp4,0.0,nan,,[],0.0,0.0
2026-07-01_17-58-35.mp4,0.0,0.1167,1.0,"[0.1199, 0.1433, 0.1652, 0.1335, 0.0482, 0.0468, 0.0505, 0.253]",0.0,0.0
2026-07-12_12-12-48.mp4,0.0,0.1562,0.667,"[0.082, 0.0169, 0.0431, 0.2571, 0.3132, 0.0171]",0.0,0.0
2026-07-16_20-26-09.mp4,0.525,0.103,0.875,"[0.0906, 0.1516, 0.1166, 0.2082, 0.0995, 0.0792, 0.0297, 0.0352]",0.0,0.0
2026-07-19_17-48-39.mp4,0.05,0.049,0.5,"[0.0665, 0.1392, 0.0724, 0.0389, 0.0198, 0.0179, 0.0109, 0.0205]",0.0,0.0
2026-07-24_23-42-11.mp4,0.0,0.083,0.667,"[0.0127, 0.0712, 0.1103]",0.0,0.0
2026-07-03_23-21-04.mp4,0.0,0.0418,0.75,"[0.0301, 0.0123, 0.0613, 0.036]",0.0,0.0
2026-07-21_11-17-31.mp4,0.0,0.0195,0.125,"[0.0117, 0.0122, 0.0225, 0.0168, 0.0385, 0.0167, 0.0239, 0.0127]",0.0,0.0
2026-07-08_13-39-31.mp4,0.0,0.074,0.667,"[0.0111, 0.0408, 0.0219, 0.066, 0.2886, 0.1274]",0.0,0.0
2026-07-21_01-25-32.mp4,0.05,0.045,0.5,"[0.0554, 0.0427, 0.0854, 0.0871, 0.0208, 0.0258, 0.0234, 0.013]",0.0,0.0
2026-07-15_13-15-11.mp4,0.0,0.073,1.0,"[0.073, 0.0731]",0.0,0.0
2026-07-24_09-02-38.mp4,0.0,0.1418,0.667,"[0.09, 0.0114, 0.0208, 0.6355, 0.1825, 0.1023]",0.0,0.0
2026-07-17_08-32-13.mp4,0.0,0.0188,0.0,"[0.0116, 0.0283, 0.0078, 0.0232, 0.0233]",0.0,0.0
2026-06-30_22-43-43.mp4,0.025,0.1132,1.0,"[0.1093, 0.2444, 0.04, 0.1966, 0.0394, 0.0388, 0.0647, 0.0815]",0.175,0.175
2026-07-17_17-48-59.mp4,0.0,0.116,1.0,"[0.0709, 0.1646, 0.0912, 0.0976, 0.0567, 0.076, 0.4523]",0.0,0.0
2026-07-17_17-25-23.mp4,0.0,0.1167,1.0,[0.1167],0.0,0.0
2026-07-18_10-56-59.mp4,0.0,0.0397,0.714,"[0.0628, 0.0404, 0.028, 0.0338, 0.0394, 0.0337, 0.028]",0.0,0.0
2026-07-05_05-49-11.mp4,0.0,0.0864,1.0,"[0.0572, 0.1157]",0.0,0.0
2026-07-26_02-21-54.mp4,0.0,0.073,0.875,"[0.0239, 0.0927, 0.0649, 0.0605, 0.106, 0.0957, 0.0704, 0.0687]",0.0,0.0
2026-07-17_11-13-36.mp4,0.0,0.0799,1.0,"[0.0788, 0.1831, 0.0375, 0.064]",0.0,0.0
2026-07-09_08-55-22.mp4,0.6,0.1342,1.0,"[0.2279, 0.0981, 0.1109, 0.1543, 0.0732, 0.1769, 0.1184, 0.0786]",0.9,0.9
2026-07-04_01-08-47.mp4,0.0,nan,,[],0.0,0.0
2026-07-22_02-16-28.mp4,0.0,0.0728,0.875,"[0.049, 0.0807, 0.0885, 0.0628, 0.123, 0.0856, 0.0375, 0.0291]",0.0,0.0
2026-07-15_10-18-13.mp4,0.125,0.0795,0.833,"[0.0104, 0.1002, 0.0878, 0.0856, 0.1235, 0.0302]",0.0,0.0
2026-07-04_07-10-35.mp4,0.0,0.014,0.143,"[0.0174, 0.0161, 0.0119, 0.0086, 0.0362, 0.017, 0.0]",0.0,0.0
2026-07-11_08-58-35.mp4,0.0,0.0299,0.5,"[0.0268, 0.0309]",0.0,0.0
2026-07-14_05-47-07.mp4,0.0,0.0498,0.8,"[0.0315, 0.0756, 0.0519, 0.0261, 0.039]",0.0,0.0
2026-07-15_19-42-00.mp4,0.0,0.0622,0.75,"[0.0531, 0.0235, 0.0409, 0.0293, 0.1355, 0.0498, 0.1169, 0.0456]",0.0,0.0
2026-07-09_07-48-46.mp4,0.0,0.1083,0.5,"[0.2568, 0.213, 0.1547, 0.1753, 0.0157, 0.0121, 0.0095, 0.0092]",0.1,0.1
2026-07-19_03-06-31.mp4,0.0,0.0291,0.375,"[0.0294, 0.0227, 0.028, 0.0333, 0.0259, 0.0261, 0.0345, 0.0335]",0.0,0.0
2026-07-02_07-42-59.mp4,0.0,0.0086,0.0,"[0.0088, 0.0047, 0.0042, 0.0114, 0.0173]",0.0,0.0
2026-07-06_18-07-12.mp4,0.0,0.0302,0.375,"[0.0612, 0.0154, 0.0101, 0.0579, 0.0568, 0.0186, 0.0124, 0.0039]",0.0,0.0
2026-07-22_00-11-59.mp4,0.0,0.0346,0.333,"[0.0139, 0.0248, 0.0361, 0.049, 0.0153, 0.0275]",0.025,0.0
2026-07-11_01-21-22.mp4,0.075,0.048,0.75,"[0.022, 0.0717, 0.0665, 0.0158, 0.043, 0.0462, 0.0355, 0.0831]",0.05,0.0
2026-07-09_18-55-22.mp4,0.025,0.0774,0.667,"[0.0273, 0.237, 0.0136, 0.0388, 0.0404, 0.0728]",0.0,0.0
2026-07-09_07-57-28.mp4,0.0,0.035,1.0,[0.035],0.0,0.0
2026-07-04_06-28-32.mp4,0.0,0.0299,0.5,"[0.036, 0.0219, 0.0427, 0.0209, 0.0165, 0.0156, 0.0342, 0.0529]",0.0,0.0
2026-07-09_12-06-20.mp4,0.0,0.0901,0.875,"[0.048, 0.0607, 0.1124, 0.0771, 0.0215, 0.223, 0.073, 0.0473]",0.0,0.0
2026-07-20_21-38-16.mp4,0.0,0.1013,0.8,"[0.0507, 0.0494, 0.3902, 0.0283, 0.0499]",0.0,0.0
2026-07-18_07-43-01.mp4,0.0,0.0593,0.875,"[0.0378, 0.064, 0.1276, 0.0692, 0.0384, 0.0153, 0.0628, 0.0587]",0.0,0.0
2026-07-09_15-27-00.mp4,0.0,nan,,[],0.0,0.0
2026-07-15_19-37-12.mp4,0.0,0.0346,0.5,"[0.056, 0.0259, 0.0303, 0.053, 0.0221, 0.0213, 0.044, 0.022]",0.0,0.0
2026-07-02_16-19-39.mp4,0.0,0.1628,1.0,"[0.1266, 0.2121, 0.1476, 0.0852, 0.2015, 0.2588, 0.1749]",0.0,0.0
2026-07-14_05-55-19.mp4,0.0,0.0672,0.667,"[0.1276, 0.0849, 0.0226, 0.0295, 0.0653, 0.0953]",0.0,0.0
2026-07-03_23-36-58.mp4,0.0,0.1559,1.0,"[0.1684, 0.1309]",0.0,0.0
2026-07-05_07-55-58.mp4,0.0,0.0887,0.4,"[0.3225, 0.0211, 0.021, 0.1228, 0.0151]",0.0,0.0
2026-07-08_21-52-29.mp4,0.0,nan,,[],0.0,0.0
2026-07-17_00-01-55.mp4,0.0,0.0312,0.75,"[0.0169, 0.0309, 0.0269, 0.0406, 0.0315, 0.031, 0.0362, 0.0373]",0.0,0.0
2026-07-25_14-17-25.mp4,0.0,0.0398,0.571,"[0.0076, 0.0096, 0.0221, 0.0705, 0.0576, 0.0854, 0.0349]",0.0,0.0
2026-07-16_12-04-20.mp4,0.0,0.1533,1.0,[0.1533],0.0,0.0
2026-07-23_00-46-38.mp4,0.2,0.0804,1.0,"[0.0536, 0.0445, 0.0409, 0.1034, 0.0935, 0.1046, 0.1568, 0.0369]",0.0,0.0
2026-07-17_03-26-59.mp4,0.0,0.0586,0.875,"[0.0607, 0.0461, 0.0828, 0.0892, 0.0542, 0.0406, 0.0155, 0.0852]",0.0,0.0
2026-07-02_05-12-34.mp4,0.0,0.0463,0.8,"[0.0565, 0.0225, 0.0396, 0.0775, 0.0356]",0.0,0.0
2026-07-07_08-25-06.mp4,0.0,0.1085,1.0,"[0.0996, 0.106, 0.069, 0.1829, 0.1698, 0.0737, 0.0845]",0.0,0.0
2026-07-17_09-17-49.mp4,0.0,0.0364,0.667,"[0.0313, 0.0287, 0.0484]",0.0,0.0
2026-07-05_03-46-04.mp4,0.0,0.0263,0.375,"[0.0365, 0.0222, 0.0537, 0.016, 0.0049, 0.0146, 0.0269, 0.0381]",0.0,0.0
2026-07-10_13-34-20.mp4,0.1,0.0826,1.0,"[0.1586, 0.0444, 0.0493, 0.0796, 0.0883, 0.0719, 0.0853]",0.0,0.0
2026-07-05_18-15-54.mp4,0.0,nan,,[],0.0,0.0
2026-07-21_10-10-20.mp4,0.0,0.0401,1.0,"[0.0386, 0.0417]",0.025,0.0
2026-07-07_14-11-09.mp4,0.0,0.2186,1.0,"[0.1215, 0.1085, 0.1516, 0.1245, 0.098, 0.3995, 0.6465, 0.1302]",0.0,0.0
2026-07-05_15-17-40.mp4,0.419,0.0721,0.333,"[0.1958, 0.1816, 0.0251, 0.0236, 0.0049, 0.0014]",0.0,0.0
2026-07-05_12-54-32.mp4,0.2,0.149,0.857,"[0.4127, 0.1071, 0.1743, 0.0185, 0.2832, 0.0954, 0.0454]",0.025,0.0
2026-07-23_19-18-44.mp4,0.025,0.0315,0.571,"[0.0033, 0.0081, 0.0158, 0.0341, 0.0425, 0.2899, 0.0424]",0.0,0.0
2026-07-23_16-14-41.mp4,0.0,0.0246,0.429,"[0.0397, 0.0124, 0.0107, 0.0096, 0.0076, 0.0434, 0.0548]",0.25,0.0
2026-07-21_00-54-56.mp4,0.0,0.0405,0.75,"[0.0352, 0.0182, 0.0429, 0.0159, 0.0331, 0.0399, 0.0454, 0.0884]",0.0,0.0
2026-07-06_13-24-51.mp4,0.0,0.1143,1.0,"[0.1172, 0.0519, 0.0592, 0.1216, 0.18, 0.0458, 0.2267, 0.0787]",0.05,0.0
2026-07-04_04-46-32.mp4,0.0,0.0197,0.0,[0.0197],0.0,0.0
2026-07-12_23-41-42.mp4,0.0,0.0692,0.5,"[0.1098, 0.0083]",0.0,0.0
2026-07-02_01-21-37.mp4,0.0,0.0176,0.0,"[0.0283, 0.0122]",0.0,0.0
2026-07-08_14-19-54.mp4,0.0,0.1085,1.0,"[0.1106, 0.0814, 0.1609, 0.0665, 0.1515, 0.0599]",0.0,0.0
2026-07-23_19-06-20.mp4,0.0,0.0143,0.0,"[0.0111, 0.0137, 0.005, 0.0212, 0.0205]",0.0,0.0
2026-07-03_07-30-52.mp4,0.0,0.0461,0.6,"[0.0534, 0.0311, 0.0937, 0.023, 0.0129]",0.0,0.0
2026-07-09_23-36-23.mp4,0.0,nan,,[],0.0,0.0
2026-07-02_04-18-33.mp4,0.0,0.0546,0.75,"[0.0359, 0.0329, 0.0342, 0.0703, 0.0154, 0.0131, 0.1683, 0.0699]",0.0,0.0
2026-07-15_13-19-17.mp4,0.0,0.022,0.333,"[0.0584, 0.0078, 0.0283]",0.0,0.0
2026-07-21_11-58-43.mp4,0.05,0.088,1.0,"[0.0833, 0.1025, 0.2147, 0.0583, 0.0596, 0.0446, 0.0647, 0.0732]",0.325,0.3
2026-07-13_08-44-27.mp4,0.0,0.0194,0.0,"[0.0239, 0.0134]",0.0,0.0
2026-07-10_18-05-56.mp4,0.0,nan,,[],0.0,0.0
2026-07-02_04-03-15.mp4,0.0,0.019,0.125,"[0.0129, 0.0269, 0.0218, 0.0204, 0.0159, 0.0113, 0.0474, 0.0157]",0.0,0.0
2026-07-08_23-19-10.mp4,0.0,0.1202,1.0,"[0.0575, 0.0659, 0.1216, 0.0586, 0.1653, 0.1723, 0.219]",0.0,0.0
2026-07-04_09-54-58.mp4,0.0,0.0648,0.875,"[0.0436, 0.0589, 0.0832, 0.0737, 0.0374, 0.0491, 0.1386, 0.0259]",0.0,0.0
2026-07-17_03-25-59.mp4,0.0,0.03,0.375,"[0.0097, 0.0013, 0.0018, 0.0042, 0.0451, 0.0753, 0.0629, 0.0279]",0.0,0.0
2026-07-03_11-26-20.mp4,0.0,0.0333,0.5,"[0.0221, 0.0437, 0.0273, 0.0202, 0.0194, 0.0368, 0.0336, 0.0627]",0.0,0.0
2026-07-19_09-47-44.mp4,0.0,0.3419,0.667,"[0.4551, 0.1018, 0.0155]",0.0,0.0
2026-07-08_09-56-39.mp4,0.0,0.1021,1.0,"[0.0434, 0.0488, 0.0546, 0.0401, 0.1989, 0.1558, 0.1199, 0.1776]",0.0,0.0
2026-07-02_01-23-01.mp4,0.0,0.0157,0.0,"[0.0182, 0.0072, 0.0259, 0.0195, 0.0086, 0.0061]",0.0,0.0
2026-07-05_10-14-27.mp4,0.0,nan,,[],0.0,0.0
2026-07-17_23-11-06.mp4,0.575,0.1177,1.0,"[0.189, 0.124, 0.1423, 0.1642, 0.0561, 0.075, 0.0772, 0.1126]",0.0,0.0
2026-07-07_14-19-45.mp4,0.0,0.184,1.0,"[0.1074, 0.0517, 0.0475, 0.0569, 0.0672, 1.3595]",0.0,0.0
2026-07-21_01-20-02.mp4,0.325,0.0486,0.875,"[0.0687, 0.0541, 0.0583, 0.0448, 0.0553, 0.0449, 0.0311, 0.0271]",0.0,0.0
2026-07-02_10-40-48.mp4,0.025,0.0931,0.875,"[0.1315, 0.0898, 0.0568, 0.0837, 0.0755, 0.0372, 0.0277, 0.2888]",0.0,0.0
2026-07-07_04-31-15.mp4,0.0,0.1076,0.4,"[0.0072, 0.1653, 0.1551, 0.0166, 0.0097]",0.075,0.0
2026-07-02_21-22-59.mp4,0.025,0.1028,1.0,"[0.083, 0.0735, 0.0781, 0.3909, 0.037, 0.0653, 0.075, 0.1167]",0.225,0.225
2026-07-23_00-49-44.mp4,0.0,0.147,1.0,"[0.2616, 0.0698, 0.1612, 0.0873, 0.1384, 0.2475, 0.0517, 0.1613]",0.0,0.0
2026-07-10_16-58-36.mp4,0.0,nan,,[],0.0,0.0
2026-07-02_12-31-11.mp4,0.0,0.0201,0.0,"[0.0214, 0.0293, 0.0291, 0.0119, 0.01, 0.0087]",0.0,0.0
2026-07-06_20-46-10.mp4,0.0,nan,,[],0.0,0.0
2026-07-11_13-00-09.mp4,0.05,0.3294,1.0,"[0.4718, 0.5289, 0.31, 0.2436, 0.3672, 0.1795, 0.2665, 0.2528]",0.6,0.275
2026-07-03_03-52-59.mp4,0.0,0.1343,0.75,"[0.1004, 0.0248, 0.0299, 0.2348, 0.4621, 0.0585, 0.0888, 0.0817]",0.025,0.025
2026-07-19_23-42-36.mp4,0.0,0.0601,0.75,"[0.036, 0.0232, 0.0218, 0.057, 0.079, 0.1222, 0.0708, 0.0776]",0.0,0.0
2026-07-21_13-58-42.mp4,0.0,0.059,0.625,"[0.0011, 0.0037, 0.008, 0.0578, 0.0854, 0.0811, 0.1692, 0.1228]",0.0,0.0
2026-07-03_03-30-36.mp4,0.0,0.0218,0.375,"[0.0334, 0.017, 0.0081, 0.0112, 0.0051, 0.0196, 0.05, 0.0324]",0.0,0.0
2026-07-03_12-59-07.mp4,0.0,nan,,[],0.0,0.0
2026-07-04_08-07-47.mp4,0.0,nan,,[],0.0,0.0
2026-07-09_11-30-44.mp4,0.075,0.1489,1.0,"[0.0301, 0.0548, 0.105, 0.3708, 0.1586, 0.074]",0.125,0.125
2026-07-03_01-18-43.mp4,0.0,0.0,0.0,[0.0],0.0,0.0
2026-07-26_01-52-24.mp4,0.0,nan,,[],0.0,0.0
2026-07-04_21-29-17.mp4,0.0,nan,,[],0.0,0.0
2026-07-05_12-53-20.mp4,0.0,0.0219,0.25,"[0.0447, 0.0166, 0.0039, 0.0088]",0.0,0.0
2026-07-09_21-46-14.mp4,0.0,0.0086,0.0,"[0.0088, 0.0081]",0.075,0.0
2026-07-12_12-23-29.mp4,0.0,0.0371,0.333,"[0.0101, 0.0606, 0.0905, 0.0145, 0.0184, 0.0129]",0.0,0.0
2026-07-17_09-11-01.mp4,0.0,0.0494,0.875,"[0.0472, 0.0534, 0.0465, 0.079, 0.0339, 0.0581, 0.0566, 0.028]",0.0,0.0
2026-07-05_10-16-33.mp4,0.0,0.075,1.0,[0.075],0.0,0.0
2026-07-22_00-27-17.mp4,0.0,0.0276,0.375,"[0.0144, 0.0087, 0.033, 0.0569, 0.0319, 0.0273, 0.0286, 0.0178]",0.0,0.0
2026-07-15_19-46-12.mp4,0.0,0.0599,0.875,"[0.026, 0.0829, 0.1222, 0.0531, 0.0377, 0.041, 0.0369, 0.0841]",0.0,0.0
2026-07-17_13-12-40.mp4,0.0,0.1969,0.75,"[0.0147, 0.012, 0.2459, 0.1776, 0.4288, 0.3197, 0.2716, 0.0818]",0.0,0.0
2026-07-09_00-53-45.mp4,0.0,0.092,1.0,"[0.0766, 0.0371, 0.2184, 0.0447, 0.0465]",0.0,0.0
2026-07-19_15-51-30.mp4,0.0,0.0408,0.75,"[0.0276, 0.0497, 0.045, 0.0407, 0.0492, 0.0247, 0.0552, 0.0331]",0.0,0.0
2026-07-11_07-59-04.mp4,0.0,0.0058,0.0,"[0.0078, 0.0039]",0.0,0.0
2026-07-04_14-38-18.mp4,0.0,0.011,0.0,"[0.0087, 0.0154, 0.0178, 0.0196, 0.004, 0.0134, 0.0032, 0.0064]",0.0,0.0
2026-07-05_02-32-35.mp4,0.0,0.1121,1.0,"[0.1108, 0.1171]",0.0,0.0
2026-07-12_13-44-49.mp4,0.0,0.0949,1.0,"[0.1926, 0.0519, 0.0564, 0.0993, 0.1537, 0.1064, 0.0652, 0.0672]",0.0,0.0
2026-07-02_08-36-00.mp4,0.0,0.0479,0.75,"[0.0482, 0.0924, 0.0384, 0.0186]",0.048,0.048
2026-07-04_08-09-35.mp4,0.0,0.0655,1.0,[0.0655],0.0,0.0
2026-07-04_18-00-15.mp4,0.0,0.0364,0.5,"[0.0157, 0.0156, 0.0345, 0.0085, 0.0318, 0.133]",0.0,0.0
2026-07-06_18-30-24.mp4,0.0,0.5247,0.857,"[0.3623, 0.2528, 0.0566, 0.7283, 0.0399, 1.9269, 0.0273]",0.0,0.0
2026-07-09_20-06-21.mp4,0.0,nan,,[],0.0,0.0
2026-07-23_18-34-57.mp4,0.0,0.0906,0.5,"[0.1142, 0.1198, 0.1204, 0.0182, 0.0237, 0.0283]",0.05,0.05
2026-07-07_19-14-31.mp4,0.0,0.1041,1.0,"[0.1432, 0.0979, 0.139, 0.0997, 0.0957, 0.1327, 0.0645, 0.0491]",0.0,0.0
2026-07-18_15-07-56.mp4,0.0,0.0845,1.0,"[0.0376, 0.1015, 0.1243, 0.096, 0.0756, 0.0773, 0.1142, 0.0403]",0.0,0.0
2026-07-02_15-57-57.mp4,0.025,0.0581,0.714,"[0.012, 0.0254, 0.1456, 0.0497, 0.035, 0.1291, 0.1091]",0.025,0.025
2026-07-25_00-25-28.mp4,0.0,0.0094,0.0,[0.0094],0.0,0.0
2026-07-05_02-18-59.mp4,0.0,nan,,[],0.0,0.0
2026-07-03_06-04-29.mp4,0.0,0.0789,0.857,"[0.1067, 0.6454, 0.0326, 0.1234, 0.0123, 0.0349, 0.0323]",0.0,0.0
2026-07-21_00-32-08.mp4,0.0,0.0423,1.0,"[0.0374, 0.0472]",0.0,0.0
2026-07-10_16-33-23.mp4,0.0,nan,,[],0.0,0.0
2026-07-26_08-10-46.mp4,0.0,0.0642,1.0,"[0.0689, 0.0641, 0.0479, 0.0531, 0.0483, 0.0604, 0.0718, 0.1082]",0.0,0.0
2026-07-03_08-51-15.mp4,0.0,0.0732,1.0,"[0.0571, 0.0454, 0.1018, 0.0748, 0.0678]",0.0,0.0
2026-07-17_09-09-13.mp4,0.0,0.0171,0.0,"[0.017, 0.02, 0.0193, 0.0064]",0.0,0.0
2026-07-08_22-00-35.mp4,0.0,nan,,[],0.0,0.0
2026-07-25_14-23-07.mp4,0.0,0.0271,0.167,"[0.0173, 0.0187, 0.0071, 0.0513, 0.0193, 0.0169]",0.0,0.0
2026-07-25_07-29-48.mp4,0.0,0.3201,1.0,[0.3201],0.0,0.0
2026-07-24_13-26-17.mp4,0.0,0.1071,1.0,"[0.1238, 0.0679, 0.118, 0.1115, 0.0596, 0.1084, 0.1993, 0.0525]",0.0,0.0
2026-07-04_09-26-52.mp4,0.0,nan,,[],0.0,0.0
2026-07-03_23-22-16.mp4,0.0,0.1648,1.0,"[0.0612, 0.0381, 0.1689, 0.1883, 0.12, 0.3058, 0.0846]",0.0,0.0
2026-07-04_21-10-41.mp4,0.0,0.2416,0.857,"[0.0997, 0.5614, 0.038, 1.0303, 0.0283, 0.0875, 0.1207]",0.0,0.0
2026-07-04_08-37-59.mp4,0.0,0.0541,1.0,"[0.0526, 0.0545]",0.0,0.0
2026-07-04_06-51-42.mp4,0.0,0.0259,0.5,"[0.0346, 0.0223]",0.0,0.0
2026-07-25_17-52-59.mp4,0.0,0.0939,0.667,"[0.0658, 0.0415, 0.041, 0.3677, 0.0172, 0.0267]",0.0,0.0
2026-07-04_03-14-31.mp4,0.0,0.0109,0.125,"[0.0129, 0.006, 0.0054, 0.0333, 0.0271, 0.0104, 0.0009, 0.005]",0.0,0.0
2026-07-07_14-15-33.mp4,0.0,0.1353,1.0,"[0.1693, 0.094, 0.0992, 0.2803, 0.1225, 0.0684, 0.0751]",0.0,0.0
2026-07-04_11-30-33.mp4,0.0,0.0146,0.125,"[0.0312, 0.0142, 0.0094, 0.0195, 0.0066, 0.021, 0.0157, 0.012]",0.0,0.0
2026-07-08_02-55-24.mp4,0.0,0.1475,1.0,"[0.1217, 0.0837, 0.3266]",0.0,0.0
2026-07-21_01-14-26.mp4,0.025,0.0474,0.875,"[0.0315, 0.0297, 0.0401, 0.0535, 0.0695, 0.0344, 0.065, 0.0572]",0.0,0.0
2026-07-11_21-09-01.mp4,0.0,0.0225,0.0,"[0.0234, 0.0104, 0.028]",0.0,0.0
2026-07-24_10-47-49.mp4,0.0,0.32,1.0,"[0.1539, 0.35, 0.9517, 0.1731, 0.1167, 0.1337, 0.4611, 0.1949]",0.0,0.0
2026-07-15_15-51-38.mp4,0.0,0.0226,0.286,"[0.0169, 0.0316, 0.0184, 0.0439, 0.0214, 0.0288, 0.0116]",0.0,0.0
2026-07-08_23-19-22.mp4,0.0,0.2707,0.8,"[0.5211, 0.0855, 0.3187, 0.0189, 0.2028]",0.0,0.0
2026-07-15_15-43-56.mp4,0.0,0.0379,0.6,"[0.0243, 0.0225, 0.036, 0.0633, 0.0647]",0.0,0.0
2026-07-02_10-09-37.mp4,0.0,0.0611,0.75,"[0.0406, 0.112, 0.1052, 0.0197, 0.0441, 0.0927, 0.0425, 0.0196]",0.0,0.0
2026-07-17_22-30-06.mp4,0.4,0.6241,0.75,"[0.2279, 1.8065, 0.8792, 1.8091, 0.075, 0.0518, 0.0121, 0.0085]",0.375,0.375
2026-07-03_12-47-43.mp4,0.0,0.1297,0.4,"[0.5459, 0.0204, 0.0281, 0.0337, 0.0067]",0.0,0.0
2026-07-09_00-53-57.mp4,0.0,0.0658,0.875,"[0.0665, 0.0329, 0.0402, 0.0365, 0.0088, 0.1195, 0.2874, 0.0318]",0.025,0.025
2026-07-08_13-53-19.mp4,0.075,0.3394,1.0,"[0.0807, 0.0859, 0.7102, 0.6151, 0.2375, 0.3719, 0.1936, 0.2182]",0.025,0.025
2026-07-15_14-42-10.mp4,0.0,0.0503,0.714,"[0.0096, 0.007, 0.0883, 0.0836, 0.0374, 0.0744, 0.0572]",0.0,0.0
2026-07-18_13-29-03.mp4,0.0,0.0607,0.75,"[0.0502, 0.132, 0.0269, 0.0313, 0.0319, 0.0243, 0.0642, 0.0857]",0.025,0.0
2026-07-04_02-26-22.mp4,0.0,nan,,[],0.0,0.0
2026-07-15_09-12-31.mp4,0.0,0.0318,0.5,"[0.0346, 0.0468, 0.0547, 0.0238, 0.0202, 0.0368, 0.0291, 0.0193]",0.0,0.0
2026-07-02_05-59-45.mp4,0.25,0.1994,0.875,"[0.0463, 0.0495, 0.0666, 1.3824, 0.0538, 0.0525, 0.0241, 0.0726]",0.0,0.0
2026-07-03_13-15-49.mp4,0.0,0.196,1.0,"[0.1102, 0.0723, 0.0441, 0.159, 1.0547]",0.0,0.0
2026-07-06_00-40-18.mp4,0.0,0.1364,1.0,"[0.155, 0.1158, 0.0998, 0.2025, 0.0823, 0.0625, 0.088, 0.3223]",0.0,0.0
2026-07-17_20-25-39.mp4,0.0,0.1212,1.0,"[0.1426, 0.0627, 0.1802, 0.1814, 0.1436, 0.0999, 0.0731, 0.1073]",0.0,0.0
2026-07-13_04-53-37.mp4,0.0,0.0274,0.0,[0.0274],0.0,0.0
2026-07-20_22-51-51.mp4,0.05,0.0482,1.0,"[0.0435, 0.0934, 0.0395, 0.0531, 0.0302, 0.039, 0.042, 0.0439]",0.0,0.0
2026-07-14_14-03-26.mp4,0.0,0.04,0.625,"[0.0487, 0.0216, 0.0203, 0.0539, 0.0609, 0.0413, 0.0157, 0.0474]",0.0,0.0
2026-07-19_00-21-56.mp4,0.0,nan,,[],0.0,0.0
2026-07-17_03-21-35.mp4,0.0,0.1622,0.75,"[0.818, 0.1326, 0.0163, 0.1164, 0.1066, 0.1984, 0.0307, 0.0202]",0.0,0.0
2026-07-25_14-21-31.mp4,0.0,0.026,0.333,"[0.0056, 0.0145, 0.0277, 0.0321, 0.0133, 0.0928]",0.0,0.0
2026-07-12_14-46-48.mp4,0.9,0.0459,0.75,"[0.0464, 0.0344, 0.0673, 0.0718, 0.0286, 0.0179, 0.0398, 0.0647]",0.025,0.0
2026-07-06_20-45-58.mp4,0.0,nan,,[],0.0,0.0
2026-07-20_11-32-14.mp4,0.0,0.0382,0.5,"[0.0202, 0.0276, 0.056, 0.0043, 0.0372, 0.0525, 0.0471, 0.0259]",0.025,0.025
2026-07-02_07-03-57.mp4,0.125,0.0483,0.75,"[0.0659, 0.0633, 0.0747, 0.0445, 0.0463, 0.049, 0.0123, 0.0257]",0.0,0.0
2026-07-22_23-12-51.mp4,0.125,0.1223,1.0,"[0.066, 0.0935, 0.1134, 0.2175, 0.0791, 0.1897, 0.0952, 0.1245]",0.175,0.175
2026-07-24_13-26-41.mp4,0.0,0.114,1.0,"[0.1384, 0.0373, 0.1233, 0.1281, 0.1148, 0.0765, 0.1279, 0.1405]",0.0,0.0
2026-07-02_01-04-49.mp4,0.0,0.0287,0.333,"[0.0179, 0.026, 0.085]",0.0,0.0
2026-07-11_00-49-05.mp4,0.0,0.0166,0.0,"[0.0206, 0.0114, 0.0174, 0.0163, 0.0127]",0.0,0.0
2026-07-02_16-29-15.mp4,0.0,0.0096,0.2,"[0.0085, 0.0, 0.001, 0.0276, 0.048]",0.0,0.0
2026-07-23_22-15-45.mp4,0.0,0.0359,0.625,"[0.0298, 0.0105, 0.0334, 0.0276, 0.0352, 0.0705, 0.0412, 0.0403]",0.0,0.0
2026-07-04_09-51-28.mp4,0.0,0.0343,0.2,"[0.0064, 0.0046, 0.0002, 0.0096, 0.2281]",0.0,0.0
2026-07-12_23-41-30.mp4,0.0,0.1424,0.875,"[0.1147, 0.0335, 0.0174, 0.0662, 0.0774, 1.1477, 0.0426, 0.0407]",0.0,0.0
2026-07-11_08-01-04.mp4,0.0,0.0265,0.333,"[0.0299, 0.039, 0.0106]",0.0,0.0
2026-07-17_23-10-42.mp4,0.375,0.1533,1.0,"[0.1479, 0.1268, 0.1088, 0.3135, 0.2043, 0.109, 0.0898, 0.1197]",0.0,0.0
2026-07-07_00-25-47.mp4,0.0,0.03,0.286,"[0.0823, 0.0039, 0.0131, 0.0047, 0.1355, 0.0062, 0.0144]",0.0,0.0
2026-07-11_05-52-25.mp4,0.0,nan,,[],0.0,0.0
2026-07-22_15-16-13.mp4,0.075,0.0588,0.375,"[0.027, 0.0184, 0.1547, 0.0988, 0.1005, 0.0258, 0.0242, 0.0118]",0.0,0.0
2026-07-02_15-38-27.mp4,0.0,0.1237,0.833,"[0.0694, 0.0372, 0.1364, 0.0508, 0.2791, 0.0279]",0.0,0.0
2026-07-22_20-14-19.mp4,0.0,0.097,1.0,"[0.0637, 0.1203, 0.1881, 0.1317, 0.0494, 0.0683, 0.0344]",0.1,0.1
2026-07-02_12-30-35.mp4,0.0,0.0241,0.333,"[0.0234, 0.0084, 0.0301]",0.0,0.0
2026-07-02_22-50-26.mp4,0.258,0.1084,1.0,"[0.1151, 0.0315, 0.1218, 0.1123, 0.0952, 0.1746]",0.0,0.0
2026-07-10_08-02-47.mp4,0.0,0.1151,1.0,"[0.1182, 0.088, 0.1458]",0.0,0.0
2026-07-19_00-12-56.mp4,0.0,0.0786,0.75,"[0.0246, 0.0218, 0.0552, 0.0976, 0.2302, 0.0543, 0.0777, 0.0599]",0.0,0.0
2026-07-08_01-05-34.mp4,0.0,0.0653,0.667,"[0.1015, 0.0336, 0.1304, 0.0411, 0.0151, 0.0235]",0.0,0.0
2026-07-21_10-04-50.mp4,0.0,0.0173,0.333,"[0.008, 0.0075, 0.0428]",0.0,0.0
2026-07-11_01-07-05.mp4,0.0,0.0091,0.0,[0.0091],0.0,0.0
2026-07-22_00-42-05.mp4,0.0,0.0926,0.875,"[0.0341, 0.0203, 0.2072, 0.0407, 0.0911, 0.0717, 0.4159, 0.1419]",0.0,0.0
2026-07-13_13-31-36.mp4,0.075,0.0915,1.0,"[0.0967, 0.0777, 0.0932, 0.1224, 0.123, 0.0581, 0.0575]",0.125,0.125
2026-07-08_23-16-34.mp4,0.05,0.1405,1.0,"[0.0943, 0.0909, 0.2247, 0.3109, 0.1035, 0.0571, 0.0436]",0.0,0.0
2026-07-05_18-27-48.mp4,0.375,0.136,1.0,"[0.047, 0.1038, 0.108, 0.1248, 0.0732, 0.0581, 0.064, 0.9671]",0.325,0.325
2026-07-05_02-41-23.mp4,0.0,0.0671,0.75,"[0.0284, 0.0534, 0.0272, 0.0763, 0.1149, 0.0537, 0.137, 0.0407]",0.0,0.0
2026-07-04_04-25-26.mp4,0.0,0.0092,0.0,"[0.0097, 0.0069, 0.011]",0.0,0.0
2026-07-07_10-58-29.mp4,0.0,0.0744,0.429,"[0.0051, 0.0239, 0.0218, 0.0494, 0.019, 0.1907, 0.186]",0.0,0.0
2026-07-15_09-53-13.mp4,0.0,0.0643,0.625,"[0.0759, 0.0203, 0.0198, 0.0279, 0.0434, 0.1683, 0.0592, 0.0711]",0.0,0.0
2026-07-04_08-15-23.mp4,0.0,0.0597,0.75,"[0.0857, 0.0157, 0.1011, 0.0704, 0.0243, 0.0747, 0.0601, 0.0569]",0.0,0.0
2026-07-12_23-41-06.mp4,0.0,0.0547,1.0,"[0.0418, 0.0422, 0.1299]",0.025,0.0
2026-07-04_09-12-22.mp4,0.0,nan,,[],0.0,0.0
2026-07-04_09-30-40.mp4,0.0,nan,,[],0.0,0.0
2026-07-24_05-18-58.mp4,0.0,0.1525,1.0,"[0.1849, 0.0717]",0.1,0.075
2026-07-26_00-10-19.mp4,0.05,0.0505,0.875,"[0.0325, 0.0131, 0.0411, 0.1054, 0.0638, 0.0475, 0.0555, 0.0808]",0.0,0.0
2026-07-22_14-16-20.mp4,0.0,0.1146,1.0,"[0.1187, 0.0711, 0.0469, 0.1509, 0.1276, 0.1477, 0.1308, 0.1254]",0.0,0.0
2026-07-26_08-03-40.mp4,0.0,0.1354,1.0,"[0.1238, 0.1616, 0.2024, 0.1224, 0.128, 0.1433, 0.1185, 0.0697]",0.025,0.0
2026-07-04_03-47-44.mp4,0.5,0.042,0.75,"[0.0312, 0.0308, 0.0704, 0.0769, 0.0177, 0.0108, 0.041, 0.0632]",0.05,0.0
2026-07-09_19-03-22.mp4,0.025,0.1664,0.75,"[0.1332, 0.2671, 0.1499, 0.2198, 0.0885, 0.4031, 0.0213, 0.0188]",0.0,0.0
2026-07-21_09-16-39.mp4,0.0,0.0584,0.833,"[0.0975, 0.0764, 0.0493, 0.0372, 0.0357, 0.0272]",0.0,0.0
2026-07-23_11-00-38.mp4,0.025,0.078,1.0,"[0.0787, 0.0707, 0.0929, 0.0681, 0.0808, 0.0652, 0.0698, 0.1027]",0.0,0.0
2026-07-03_12-47-55.mp4,0.0,0.0419,0.667,"[0.0282, 0.016, 0.0431, 0.1288, 0.0405, 0.04]",0.0,0.0
2026-07-03_12-58-07.mp4,0.0,0.0489,0.5,"[0.0679, 0.0109]",0.0,0.0
2026-07-19_17-53-39.mp4,0.0,0.0509,0.75,"[0.0247, 0.0278, 0.0376, 0.063, 0.0608, 0.0623, 0.0827, 0.0365]",0.0,0.0
2026-07-02_09-01-24.mp4,0.0,0.0709,0.875,"[0.0339, 0.1265, 0.0414, 0.0535, 0.0255, 0.1181, 0.0674, 0.0391]",0.025,0.0
2026-07-10_13-40-26.mp4,0.0,0.0978,1.0,"[0.0546, 0.0766, 0.0576, 0.1514, 0.1375]",0.0,0.0
2026-07-05_19-56-47.mp4,0.0,0.0671,0.333,"[0.0129, 0.0052, 0.007, 0.0102, 0.2164, 0.1074]",0.0,0.0
2026-07-23_05-24-59.mp4,0.0,0.0704,0.5,"[0.1456, 0.0279, 0.0523, 0.0156]",0.0,0.0
2026-07-05_01-02-30.mp4,0.0,0.2254,1.0,"[0.5223, 0.1845, 0.3408, 0.3254, 0.0598, 0.0326]",0.0,0.0
2026-07-14_13-49-08.mp4,0.0,nan,,[],0.0,0.0
2026-07-05_08-03-16.mp4,0.0,nan,,[],0.0,0.0
2026-07-09_17-22-34.mp4,0.0,0.0578,1.0,"[0.0495, 0.0681]",0.0,0.0
2026-07-02_12-45-59.mp4,0.0,0.0062,0.0,[0.0062],0.0,0.0
2026-07-22_23-12-03.mp4,0.0,0.0606,0.571,"[0.059, 0.0267, 0.0285, 0.0598, 0.0886, 0.1265, 0.0221]",0.025,0.025
2026-07-03_06-01-41.mp4,0.0,0.0903,0.625,"[0.0213, 0.0231, 0.0231, 0.0358, 0.0312, 0.0968, 0.3996, 0.3674]",0.0,0.0
2026-07-15_09-53-01.mp4,0.0,0.1337,0.625,"[0.0237, 0.0184, 0.01, 0.0665, 0.1095, 0.0886, 0.642, 0.078]",0.05,0.05
2026-07-02_16-41-57.mp4,0.0,nan,,[],0.0,0.0
2026-07-06_22-01-45.mp4,0.0,nan,,[],0.0,0.0
2026-07-18_21-01-28.mp4,0.0,0.0545,0.75,"[0.0993, 0.0663, 0.0421, 0.0349, 0.0184, 0.0814, 0.0523, 0.0286]",0.025,0.025
2026-07-08_02-23-04.mp4,0.0,0.1534,1.0,"[0.0379, 0.0423, 0.1766, 0.1096, 0.0638, 0.173, 0.1338, 0.5458]",0.0,0.0
2026-07-03_12-52-49.mp4,0.0,0.2533,1.0,"[0.0634, 0.2001, 0.0938, 0.5136, 0.0468]",0.0,0.0
2026-07-04_03-48-08.mp4,0.975,0.0191,0.125,"[0.0721, 0.0216, 0.0139, 0.0073, 0.0191, 0.0076, 0.0089, 0.0248]",0.075,0.0
2026-07-17_11-07-12.mp4,0.0,0.1429,1.0,"[0.067, 0.1045, 0.0548, 0.4725, 0.0345, 0.0439, 0.0986]",0.0,0.0
2026-07-23_18-44-03.mp4,0.0,0.059,0.571,"[0.0036, 0.006, 0.0096, 0.2147, 0.0683, 0.0709, 0.0413]",0.025,0.025
2026-07-01_17-57-11.mp4,0.0,0.1305,1.0,"[0.0669, 0.2085, 0.1478, 0.2221, 0.0623, 0.1052, 0.1077, 0.1216]",0.0,0.0
2026-07-17_07-17-02.mp4,0.625,0.1089,1.0,"[0.0328, 0.0694, 0.0713, 0.1003, 0.1789, 0.1757, 0.1256, 0.1357]",0.025,0.0
2026-07-24_05-22-58.mp4,0.0,0.0514,1.0,[0.0514],0.0,0.0
2026-07-23_12-58-25.mp4,0.0,0.0767,0.875,"[0.1223, 0.082, 0.1112, 0.0978, 0.0275, 0.07, 0.0568, 0.0382]",0.0,0.0
2026-07-21_06-12-41.mp4,0.0,0.045,0.6,"[0.0712, 0.0598, 0.0215, 0.0405, 0.029]",0.0,0.0
2026-07-22_00-27-29.mp4,0.0,0.0206,0.286,"[0.0121, 0.007, 0.0075, 0.0428, 0.0488, 0.0215, 0.0149]",0.0,0.0
2026-07-04_23-48-03.mp4,0.0,0.0978,1.0,"[0.0498, 0.1571, 0.1013, 0.0663, 0.0871, 0.1335, 0.0761, 0.1149]",0.0,0.0
2026-07-23_08-34-16.mp4,0.0,0.0752,1.0,"[0.049, 0.0601, 0.0587, 0.0924, 0.0742, 0.1557]",0.175,0.075
2026-07-05_04-57-25.mp4,0.0,0.0255,0.333,"[0.0559, 0.0202, 0.0142]",0.0,0.0
2026-07-11_05-00-44.mp4,0.025,0.1131,1.0,"[0.0768, 0.1112, 0.1018, 0.2286]",0.15,0.05
2026-07-15_09-07-19.mp4,0.0,0.0435,0.75,"[0.0255, 0.0397, 0.0323, 0.0848, 0.0596, 0.0306, 0.0475, 0.022]",0.025,0.025
2026-07-10_10-06-22.mp4,0.0,0.056,0.8,"[0.0112, 0.1093, 0.0401, 0.0428, 0.044]",0.0,0.0
2026-07-21_00-57-44.mp4,0.0,0.0418,0.625,"[0.0564, 0.05, 0.0126, 0.0516, 0.0291, 0.0563, 0.0259, 0.0329]",0.0,0.0
2026-07-02_14-34-16.mp4,0.0,0.0664,0.8,"[0.222, 0.09, 0.0236, 0.078, 0.0393]",0.0,0.0
2026-07-14_05-46-31.mp4,0.0,0.0427,1.0,"[0.033, 0.038, 0.0767, 0.0392]",0.0,0.0
2026-07-26_01-35-48.mp4,0.0,0.0909,0.75,"[0.1256, 0.0182, 0.1271, 0.0843]",0.0,0.0
2026-07-25_19-42-40.mp4,0.0,0.05,0.875,"[0.0581, 0.0338, 0.0826, 0.0218, 0.0351, 0.0514, 0.066, 0.0514]",0.0,0.0
2026-07-08_15-51-47.mp4,0.0,0.096,1.0,"[0.0875, 0.0862, 0.1194, 0.0932, 0.0811, 0.0637, 0.134]",0.0,0.0
2026-07-04_08-28-47.mp4,0.0,0.0403,0.75,"[0.0301, 0.0137, 0.0538, 0.0385]",0.0,0.0
2026-07-06_18-33-11.mp4,0.025,0.038,1.0,"[0.0438, 0.0388, 0.0306]",0.0,0.0
2026-07-11_01-12-35.mp4,0.0,0.0,0.0,[0.0],0.0,0.0
2026-07-10_22-28-42.mp4,0.0,0.1157,1.0,"[0.119, 0.1002, 0.1606, 0.1824, 0.152, 0.044, 0.1073, 0.0544]",0.0,0.0
2026-07-05_11-01-27.mp4,0.0,0.1232,1.0,[0.1232],0.0,0.0
2026-07-06_20-16-22.mp4,0.0,0.0057,0.0,"[0.0093, 0.0086, 0.0031, 0.0059, 0.0026]",0.0,0.0
2026-07-04_23-49-21.mp4,0.0,0.097,0.875,"[0.0626, 0.1057, 0.1403, 0.2649, 0.0563, 0.0424, 0.077, 0.0265]",0.0,0.0
2026-07-05_05-42-59.mp4,0.0,nan,,[],0.0,0.0
2026-07-24_16-32-21.mp4,0.025,0.2003,1.0,"[0.0754, 0.603, 0.335, 0.0618, 0.1337]",0.0,0.0
2026-07-04_00-51-41.mp4,0.0,0.0518,0.714,"[0.0242, 0.0176, 0.0324, 0.1079, 0.0896, 0.0623, 0.0713]",0.0,0.0
2026-07-15_13-06-17.mp4,0.0,nan,,[],0.0,0.0
2026-07-26_02-34-00.mp4,0.0,0.0607,1.0,"[0.0549, 0.0606, 0.0403, 0.0769, 0.0428, 0.0651, 0.0756]",0.025,0.025
2026-07-06_19-46-17.mp4,0.0,0.0111,0.167,"[0.0307, 0.0096, 0.0057, 0.0143, 0.0133, 0.0054]",0.0,0.0
2026-07-01_17-45-05.mp4,0.0,0.1012,1.0,"[0.1005, 0.2056, 0.0602, 0.0883, 0.1028, 0.0872, 0.1105, 0.0596]",0.0,0.0
2026-07-05_00-30-42.mp4,0.0,0.0209,0.0,"[0.0239, 0.0166, 0.0135]",0.0,0.0
2026-07-06_18-01-06.mp4,0.025,0.4224,1.0,"[0.0505, 0.0705, 1.4019, 0.0904, 0.5937, 0.2915, 0.062, 0.0513]",0.0,0.0
2026-07-11_18-49-09.mp4,0.0,0.1322,1.0,"[0.0886, 0.0789, 0.251, 0.4329, 0.0366, 0.0408, 0.0323]",0.0,0.0
2026-07-06_22-48-39.mp4,0.0,nan,,[],0.0,0.0
2026-07-02_23-44-19.mp4,0.0,nan,,[],0.0,0.0
2026-07-04_10-25-33.mp4,0.0,0.1153,1.0,"[0.2929, 0.0362, 0.0564]",0.0,0.0
2026-07-18_13-27-03.mp4,0.0,0.066,0.857,"[0.0282, 0.0462, 0.1431, 0.1566, 0.087, 0.0315, 0.0324]",0.0,0.0
2026-07-22_15-14-37.mp4,0.025,0.0884,1.0,"[0.0749, 0.1958, 0.0479, 0.05, 0.194, 0.0393, 0.0453, 0.0527]",0.0,0.0
2026-07-22_08-55-11.mp4,0.0,0.0371,0.667,"[0.0306, 0.0712, 0.0095]",0.0,0.0
2026-07-02_16-39-15.mp4,0.0,0.0368,0.75,"[0.0479, 0.0382, 0.0339, 0.0167]",0.0,0.0
2026-07-20_22-52-03.mp4,0.125,0.0496,0.75,"[0.0663, 0.0763, 0.0216, 0.0204, 0.034, 0.0564, 0.0744, 0.0468]",0.0,0.0
2026-07-05_15-46-22.mp4,0.0,nan,,[],0.0,0.0
2026-07-24_13-28-59.mp4,0.0,0.1541,1.0,"[0.1146, 0.0972, 0.1842, 0.126, 0.0769, 0.0867, 0.3424, 0.2172]",0.0,0.0
2026-07-03_13-57-54.mp4,0.0,0.0246,0.375,"[0.0275, 0.0097, 0.0049, 0.0399, 0.0361, 0.0336, 0.0235, 0.0209]",0.0,0.0
2026-07-04_00-56-53.mp4,0.0,0.1967,1.0,"[0.1021, 0.3858]",0.0,0.0
2026-07-25_07-37-12.mp4,0.0,0.1049,1.0,"[0.1013, 0.125, 0.0483]",0.0,0.0
2026-07-02_03-31-04.mp4,0.05,0.0691,0.75,"[0.09, 0.0283, 0.0419, 0.1206, 0.0762, 0.028, 0.0658, 0.0895]",0.025,0.025
2026-07-22_02-31-16.mp4,0.0,0.1081,1.0,"[0.097, 0.1266]",0.0,0.0
2026-07-18_15-24-26.mp4,0.0,0.144,1.0,"[0.0626, 0.0928, 0.2489, 0.0931, 0.0825, 0.1867]",0.025,0.0
2026-07-16_03-53-25.mp4,0.0,0.1064,0.8,"[0.0838, 0.0298, 0.197, 0.0708, 0.1008]",0.025,0.0
2026-07-02_01-11-31.mp4,0.025,0.268,0.5,"[0.0222, 0.0184, 0.0077, 0.0045, 1.8315, 0.0323, 0.1448, 0.2432]",0.0,0.0
2026-07-04_03-14-55.mp4,0.0,0.0076,0.0,"[0.0085, 0.0078, 0.0057]",0.0,0.0
2026-07-05_05-45-11.mp4,0.0,0.1279,1.0,[0.1279],0.0,0.0
2026-07-06_18-28-42.mp4,0.111,0.2864,1.0,"[0.114, 0.4716, 0.2735]",0.0,0.0
2026-07-05_09-22-45.mp4,0.0,0.1311,1.0,"[0.2476, 0.0457, 0.269, 0.1429, 0.0492, 0.1015, 0.1312, 0.0449]",0.0,0.0
2026-07-05_17-33-36.mp4,0.0,0.3071,1.0,"[0.1973, 0.3436]",0.0,0.0
2026-07-18_07-24-49.mp4,0.0,0.0592,1.0,"[0.0462, 0.1018, 0.0582, 0.0316, 0.035, 0.0561, 0.0594, 0.0918]",0.0,0.0
2026-07-08_00-05-17.mp4,0.05,0.1831,1.0,"[0.2541, 0.4869, 0.0589, 0.0714, 0.1521, 0.2886, 0.1661]",0.0,0.0
2026-07-10_12-23-27.mp4,0.0,0.1788,1.0,"[0.2314, 0.0379, 0.057]",0.0,0.0
2026-07-08_20-25-44.mp4,0.0,0.1279,0.667,"[0.0244, 0.1906, 0.0855]",0.0,0.0
2026-07-02_18-06-44.mp4,0.0,0.0784,0.5,"[0.152, 0.2269, 0.0442, 0.0939, 0.0236, 0.0189, 0.0173, 0.0094]",0.0,0.0
2026-07-15_23-34-39.mp4,0.975,0.1149,1.0,"[0.0627, 0.135, 0.1163, 0.1113, 0.1568, 0.095, 0.1664, 0.0661]",0.925,0.9
2026-07-02_04-22-51.mp4,0.0,0.0552,0.375,"[0.0451, 0.0232, 0.09, 0.178, 0.0269, 0.0224, 0.0209, 0.0218]",0.0,0.0
2026-07-10_22-28-54.mp4,0.0,0.1146,0.875,"[0.2389, 0.2955, 0.0383, 0.0297, 0.0405, 0.1437, 0.0483, 0.0988]",0.0,0.0
2026-07-03_12-39-01.mp4,0.0,0.0141,0.0,"[0.0047, 0.0059, 0.0016, 0.0243, 0.0214]",0.0,0.0
2026-07-11_17-51-35.mp4,0.0,0.0381,0.5,"[0.025, 0.06]",0.556,0.556
2026-07-02_14-34-40.mp4,0.0,0.0855,1.0,[0.0855],0.0,0.0
2026-07-05_17-30-24.mp4,0.0,0.2077,0.6,"[0.0242, 0.1184, 0.024, 0.3881, 0.1913]",0.0,0.0
2026-07-23_00-51-56.mp4,0.0,0.1388,1.0,"[0.1883, 0.2897, 0.1667, 0.0618, 0.0967, 0.0627, 0.1127, 0.074]",0.0,0.0
2026-07-06_23-33-36.mp4,0.0,0.1,1.0,"[0.1088, 0.0867]",0.1,0.0
2026-07-12_15-03-42.mp4,0.0,0.0577,1.0,"[0.0449, 0.0684, 0.0707, 0.0479, 0.0489]",0.0,0.0
2026-07-23_16-59-34.mp4,0.0,nan,,[],0.0,0.0
2026-07-15_23-39-39.mp4,0.225,0.099,1.0,"[0.1283, 0.1689, 0.0466, 0.0837, 0.1311, 0.1358, 0.0361, 0.0519]",0.375,0.375
2026-07-20_12-31-49.mp4,0.075,0.0608,1.0,"[0.0582, 0.0489, 0.0323, 0.0485, 0.0657, 0.0617, 0.0873, 0.0899]",0.0,0.0
2026-07-06_18-03-18.mp4,0.0,0.2202,0.5,"[0.7253, 0.4586, 0.0205, 0.155, 0.3061, 0.0203, 0.0112, 0.0258]",0.0,0.0
2026-07-06_20-18-52.mp4,0.0,0.0114,0.0,"[0.0099, 0.0063, 0.0155, 0.0158, 0.0]",0.0,0.0
2026-07-10_14-23-01.mp4,0.0,0.1626,0.5,"[0.0167, 0.0169, 0.7895, 0.0203, 0.0111, 0.4495, 0.0861, 0.12]",0.0,0.0
2026-07-08_02-20-28.mp4,0.0,0.1522,1.0,"[0.2816, 0.0786, 0.1074, 0.3047, 0.1392]",0.0,0.0
2026-07-11_05-04-44.mp4,0.0,nan,,[],0.0,0.0
2026-07-10_03-52-50.mp4,0.0,nan,,[],0.0,0.0
2026-07-04_09-37-04.mp4,0.0,nan,,[],0.0,0.0
2026-07-25_01-28-45.mp4,0.0,0.0814,0.5,"[0.0134, 0.1155]",0.0,0.0
2026-07-08_20-20-32.mp4,0.0,0.071,0.8,"[0.0202, 0.0379, 0.0913, 0.0982, 0.0892]",0.0,0.0
2026-07-04_07-12-41.mp4,0.0,0.2131,1.0,"[0.1379, 0.4202, 0.1838, 0.6777, 0.1498, 0.0451, 0.0796, 0.092]",0.0,0.0
2026-07-15_22-30-31.mp4,0.0,0.0624,0.625,"[0.1736, 0.1284, 0.0366, 0.0223, 0.0209, 0.0294, 0.0752, 0.0335]",0.0,0.0
2026-07-04_10-39-52.mp4,0.0,0.0817,0.5,"[0.0997, 0.0098]",0.0,0.0
2026-07-17_20-40-39.mp4,0.0,0.1622,1.0,"[0.3278, 0.1416, 0.1927, 0.2197, 0.0762, 0.0719, 0.1711, 0.1091]",0.0,0.0
2026-07-05_02-22-29.mp4,0.0,nan,,[],0.0,0.0
2026-07-03_03-53-23.mp4,0.0,0.1708,1.0,"[0.1497, 0.097, 0.1672, 0.2209, 0.1834, 0.2104, 0.2249, 0.0987]",0.075,0.05
2026-07-05_04-54-13.mp4,0.0,0.0624,0.667,"[0.0217, 0.0857, 0.1144]",0.0,0.0
2026-07-24_05-24-10.mp4,0.0,0.0401,0.6,"[0.064, 0.0393, 0.0417, 0.0299, 0.0235]",0.075,0.0
2026-07-17_12-07-41.mp4,0.0,0.1492,0.75,"[0.024, 0.0254, 0.0604, 0.0876, 0.1067, 0.7607, 0.0438, 0.0687]",0.0,0.0
2026-07-21_01-31-56.mp4,0.2,0.0687,1.0,"[0.0776, 0.0968, 0.0535, 0.0427, 0.0364, 0.0609, 0.0836, 0.1052]",0.0,0.0
2026-07-09_03-04-37.mp4,0.0,0.1601,1.0,"[0.3639, 0.0456, 0.1404]",0.0,0.0
2026-07-10_18-13-08.mp4,0.0,0.0182,0.0,"[0.0162, 0.0143, 0.0251, 0.0126]",0.0,0.0
2026-07-22_20-57-42.mp4,0.15,0.259,0.875,"[0.021, 0.033, 0.2305, 0.3101, 1.0339, 0.2308, 0.3154, 0.1662]",0.0,0.0
2026-07-02_23-37-25.mp4,0.05,0.1028,1.0,"[0.1106, 0.0724, 0.1163, 0.1101, 0.1627, 0.0662, 0.0718, 0.1148]",0.0,0.0
2026-07-11_15-45-16.mp4,0.0,0.0818,0.875,"[0.0971, 0.0321, 0.0122, 0.0484, 0.0723, 0.1163, 0.3138, 0.0998]",0.0,0.0
2026-07-02_22-03-08.mp4,0.0,0.1847,1.0,"[0.224, 0.1222, 0.1574, 0.1863, 0.2336]",0.0,0.0
2026-07-21_12-23-19.mp4,0.025,0.1041,1.0,"[0.0634, 0.1087, 0.1637, 0.1241, 0.0747, 0.0972, 0.1245, 0.0698]",0.0,0.0
2026-07-08_02-24-52.mp4,0.05,0.2416,0.875,"[0.0667, 0.027, 0.0578, 0.1106, 0.4509, 0.4223, 0.3331, 0.3691]",0.0,0.0
2026-07-04_07-03-56.mp4,0.0,0.0292,0.25,"[0.1076, 0.0156, 0.0213, 0.0164]",0.0,0.0
2026-07-01_15-57-46.mp4,0.0,0.1227,0.75,"[0.0216, 0.0059, 0.1533, 0.2283, 0.2591, 0.0878, 0.0846, 0.1459]",0.0,0.0
2026-07-02_04-18-21.mp4,0.0,0.1004,1.0,"[0.0426, 0.0686, 0.0575, 0.0948, 0.1258, 0.1373, 0.1381, 0.148]",0.0,0.0
2026-07-02_09-01-48.mp4,0.075,0.1822,0.875,"[0.5536, 0.5021, 0.0341, 0.0805, 0.0224, 0.046, 0.0829, 0.0902]",0.175,0.175
2026-07-20_22-58-27.mp4,0.0,0.0723,1.0,"[0.0364, 0.0923, 0.0538, 0.0974, 0.0606, 0.0426, 0.1372, 0.0611]",0.0,0.0
2026-07-18_15-05-08.mp4,0.0,0.0887,1.0,"[0.0752, 0.0822, 0.0912, 0.081, 0.0781, 0.0808, 0.1328, 0.0883]",0.0,0.0
2026-07-03_12-43-49.mp4,0.0,0.014,0.0,"[0.0206, 0.0121, 0.0193, 0.0188, 0.0202, 0.0052, 0.0131, 0.0138]",0.0,0.0
2026-07-23_00-46-50.mp4,0.05,0.1011,1.0,"[0.0573, 0.1009, 0.0671, 0.0473, 0.1, 0.0855, 0.2725, 0.0728]",0.0,0.0
2026-07-04_08-57-46.mp4,0.0,nan,,[],0.0,0.0
2026-07-11_17-41-24.mp4,0.0,0.0156,0.167,"[0.0123, 0.0055, 0.007, 0.0217, 0.0288, 0.0421]",0.0,0.0
2026-07-07_17-25-13.mp4,0.0,0.1246,1.0,"[0.3589, 0.0365, 0.0765, 0.1343, 0.0925, 0.1518, 0.0526, 0.0985]",0.1,0.05
2026-07-04_03-51-44.mp4,0.3,0.0616,0.875,"[0.0692, 0.1182, 0.0367, 0.0592, 0.0909, 0.0457, 0.0338, 0.019]",0.225,0.0
2026-07-12_11-48-06.mp4,0.0,nan,,[],0.0,0.0
2026-07-05_04-36-13.mp4,0.025,0.2311,1.0,"[0.0393, 0.0615, 0.1463, 0.3222, 0.2697, 0.406, 0.2744, 0.2582]",0.0,0.0
2026-07-06_20-46-34.mp4,0.0,nan,,[],0.0,0.0
2026-07-25_03-51-20.mp4,0.0,0.0516,0.625,"[0.1125, 0.0452, 0.0297, 0.0212, 0.0825, 0.0451, 0.0444, 0.0244]",0.0,0.0
2026-07-07_11-15-23.mp4,0.0,0.1298,1.0,"[0.1267, 0.1949, 0.0322, 0.0476]",0.0,0.0
2026-07-05_15-23-46.mp4,0.0,nan,,[],0.0,0.0
2026-07-02_18-28-20.mp4,0.0,0.0853,0.875,"[0.0584, 0.1045, 0.0777, 0.1186, 0.0139, 0.0364, 0.1628, 0.1192]",0.0,0.0
2026-07-25_01-37-09.mp4,0.0,0.0161,0.0,"[0.0244, 0.0079]",0.0,0.0
2026-07-08_17-03-35.mp4,0.25,0.3007,1.0,"[0.4006, 0.2423, 0.4581, 0.1881, 0.1971, 0.6305, 0.1478, 0.1012]",0.15,0.15
2026-07-14_14-22-08.mp4,0.0,0.0362,0.286,"[0.0296, 0.0263, 0.0783, 0.0276, 0.0254, 0.0404, 0.0205]",0.0,0.0
2026-07-23_16-32-29.mp4,0.0,nan,,[],0.0,0.0
2026-07-05_05-39-11.mp4,0.0,0.0667,1.0,"[0.0895, 0.0741, 0.1072, 0.0765, 0.0539, 0.0549, 0.05]",0.0,0.0
2026-07-04_23-44-21.mp4,0.0,0.0932,0.75,"[0.0478, 0.0281, 0.014, 0.2653, 0.1392, 0.1379, 0.0661, 0.0358]",0.025,0.0
2026-07-10_21-55-31.mp4,0.125,0.1074,0.875,"[0.1137, 0.0539, 0.2234, 0.0515, 0.125, 0.1802, 0.0272, 0.0545]",0.0,0.0
2026-07-08_14-16-12.mp4,0.1,0.1435,1.0,"[0.0329, 0.1021, 0.242, 0.1492, 0.2446, 0.0537, 0.1499]",0.0,0.0
2026-07-01_18-46-26.mp4,0.0,0.114,1.0,"[0.089, 0.0371, 0.0461, 0.0736, 0.0402, 0.0847, 0.0413, 0.4904]",0.0,0.0
2026-07-26_08-01-28.mp4,0.0,0.1198,1.0,"[0.1403, 0.0798, 0.0659, 0.056, 0.0846, 0.1642, 0.2519, 0.1148]",0.0,0.0
2026-07-03_14-21-24.mp4,0.0,0.0483,0.333,"[0.0296, 0.0116, 0.012, 0.0309, 0.0295, 0.1763]",0.025,0.0
2026-07-15_10-56-00.mp4,0.0,0.0809,1.0,"[0.0517, 0.0582, 0.1281, 0.0685, 0.0739, 0.0992]",0.0,0.0
2026-07-15_18-19-55.mp4,0.0,0.1321,0.4,"[0.0122, 0.0058, 0.0111, 0.4187, 0.1738]",0.0,0.0
2026-07-20_11-35-38.mp4,0.0,0.0707,0.625,"[0.188, 0.1938, 0.0405, 0.0285, 0.0356, 0.0321, 0.0185, 0.0252]",0.025,0.025
2026-07-09_00-18-09.mp4,0.0,nan,,[],0.0,0.0
2026-07-02_02-11-04.mp4,0.0,0.0712,0.571,"[0.1375, 0.3268, 0.0594, 0.0456, 0.0058, 0.0055, 0.0012]",0.025,0.0
2026-07-26_00-13-13.mp4,0.1,0.0915,1.0,"[0.1232, 0.0633, 0.092, 0.0751, 0.1654, 0.0894, 0.0571, 0.0838]",0.0,0.0
2026-07-09_17-33-59.mp4,0.0,0.017,0.0,"[0.0034, 0.0182, 0.0085, 0.0234, 0.0146, 0.0251, 0.0197, 0.0245]",0.0,0.0
2026-06-30_22-44-07.mp4,0.0,0.1803,0.875,"[0.2026, 0.5127, 0.1782, 0.234, 0.0767, 0.116, 0.0299, 0.0755]",0.0,0.0
2026-07-26_04-09-23.mp4,0.0,0.1126,0.875,"[0.0756, 0.0588, 0.0768, 0.1065, 0.1894, 0.2685, 0.0883, 0.0178]",0.0,0.0
2026-07-05_15-42-34.mp4,0.0,nan,,[],0.0,0.0
2026-07-01_00-38-16.mp4,0.125,0.0954,0.875,"[0.0658, 0.2425, 0.1412, 0.0943, 0.0288, 0.0343, 0.0492, 0.0782]",0.675,0.675
2026-07-02_22-49-50.mp4,0.825,0.0729,0.75,"[0.0915, 0.0406, 0.0892, 0.178, 0.0845, 0.0528, 0.0211, 0.0134]",0.0,0.0
2026-07-04_11-17-33.mp4,0.0,0.2375,0.857,"[0.0217, 0.1185, 0.1011, 0.1232, 0.0338, 0.1607, 0.6568]",0.0,0.0
2026-07-04_03-22-25.mp4,0.0,0.0133,0.0,"[0.0165, 0.0235, 0.025, 0.0115, 0.0044, 0.0147, 0.0059, 0.0031]",0.0,0.0
2026-07-24_09-02-50.mp4,0.0,0.2242,1.0,"[0.0371, 0.185, 0.4468, 0.4813, 0.2286, 0.1536, 0.3567, 0.0374]",0.0,0.0
2026-07-24_09-03-02.mp4,0.0,0.3478,1.0,"[0.7771, 0.2717, 0.4906, 0.25, 0.2282, 0.2435, 0.257, 0.1841]",0.0,0.0
2026-07-22_13-39-26.mp4,0.0,0.0972,0.875,"[0.2334, 0.0215, 0.1219, 0.1397, 0.0551, 0.0684, 0.0531, 0.0882]",0.0,0.0
2026-07-10_09-17-23.mp4,0.0,0.0356,1.0,[0.0356],0.0,0.0
2026-07-03_03-46-17.mp4,0.35,0.0726,1.0,"[0.0602, 0.1034, 0.0831, 0.046, 0.0468, 0.0458, 0.0876, 0.1166]",0.15,0.15
2026-07-06_18-31-59.mp4,0.0,0.1343,0.571,"[0.8255, 0.0221, 0.0402, 0.0049, 0.5089, 0.0476, 0.0071]",0.0,0.0
2026-07-21_12-45-01.mp4,0.0,0.1117,0.875,"[0.1155, 0.0704, 0.0291, 0.0873, 0.1366, 0.3041, 0.0982, 0.0375]",0.0,0.0
2026-07-22_02-10-16.mp4,0.0,0.1065,1.0,"[0.1354, 0.0834, 0.1522, 0.113, 0.0696, 0.0827, 0.0773, 0.1801]",0.0,0.0
2026-07-18_15-18-32.mp4,0.0,0.121,1.0,"[0.0511, 0.122, 0.0418, 0.0904, 0.3141, 0.1553, 0.032, 0.1712]",0.0,0.0
2026-07-11_02-10-28.mp4,0.15,0.0523,0.875,"[0.0505, 0.0236, 0.0368, 0.0459, 0.0582, 0.0877, 0.0337, 0.0899]",0.025,0.0
2026-07-06_17-44-30.mp4,0.379,0.0747,0.833,"[0.1732, 0.0876, 0.0556, 0.0561, 0.0367, 0.0235]",0.0,0.0
2026-07-05_03-43-46.mp4,0.025,0.11,1.0,"[0.0709, 0.1697, 0.0773, 0.0857, 0.0776, 0.1072, 0.1748, 0.1019]",0.0,0.0
2026-07-23_12-59-43.mp4,0.0,0.0882,1.0,"[0.0349, 0.1285, 0.0446, 0.1048, 0.1098, 0.0848]",0.025,0.025
2026-07-05_01-05-54.mp4,0.0,nan,,[],0.0,0.0
2026-07-24_03-36-59.mp4,0.0,0.1006,1.0,"[0.031, 0.0568, 0.2781, 0.1045, 0.0835, 0.0545, 0.13, 0.0353]",0.0,0.0
2026-07-05_17-35-24.mp4,0.0,nan,,[],0.0,0.0
2026-06-30_18-59-11.mp4,0.125,0.0987,1.0,"[0.0383, 0.1038, 0.0874, 0.1169, 0.085, 0.0771, 0.1536, 0.1351]",0.4,0.375
2026-07-06_21-23-34.mp4,0.0,nan,,[],0.0,0.0
2026-07-25_14-25-49.mp4,0.0,0.0215,0.333,"[0.015, 0.0144, 0.0389, 0.0405, 0.0111, 0.0119]",0.0,0.0
2026-07-04_09-40-16.mp4,0.0,nan,,[],0.0,0.0
2026-07-16_10-19-15.mp4,0.15,0.2515,1.0,"[0.0984, 0.1233, 0.1455, 0.2402, 0.2934, 0.7456, 0.096, 0.4152]",0.0,0.0
2026-07-10_00-37-46.mp4,0.0,0.0322,0.5,"[0.0175, 0.0469]",0.025,0.0
2026-07-24_09-47-07.mp4,0.0,0.0643,0.875,"[0.0304, 0.0608, 0.0287, 0.0443, 0.0566, 0.1533, 0.0695, 0.0728]",0.0,0.0
2026-07-07_19-27-13.mp4,0.0,0.4692,1.0,"[0.5666, 0.4214, 0.9437, 0.0527, 0.0315]",0.0,0.0
2026-07-25_17-15-12.mp4,0.0,0.0242,0.429,"[0.0542, 0.0551, 0.047, 0.0092, 0.0065, 0.0054, 0.0065]",0.025,0.0
2026-07-22_02-23-34.mp4,0.0,0.0991,1.0,"[0.0989, 0.1172, 0.1204, 0.051]",0.0,0.0
2026-07-24_11-44-18.mp4,0.0,0.0397,0.375,"[0.0275, 0.0567, 0.1277, 0.0661, 0.028, 0.0114, 0.0166, 0.0201]",0.0,0.0
2026-07-04_07-55-35.mp4,0.0,nan,,[],0.0,0.0
2026-07-04_14-49-00.mp4,0.075,0.1161,0.75,"[0.0138, 0.0172, 0.2104, 0.0986, 0.1087, 0.1564, 0.2237, 0.096]",0.15,0.15
2026-07-04_09-26-16.mp4,0.0,0.0432,1.0,[0.0432],0.0,0.0
2026-07-25_13-48-14.mp4,0.0,0.0492,1.0,"[0.0417, 0.0586]",0.0,0.0
2026-07-25_11-37-51.mp4,0.0,0.0939,0.75,"[0.0197, 0.0181, 0.0603, 0.0553, 0.1015, 0.1301, 0.2046, 0.1881]",0.0,0.0
2026-07-25_09-12-53.mp4,0.0,0.0272,0.286,"[0.0091, 0.0129, 0.0248, 0.0172, 0.0628, 0.0268, 0.0315]",0.0,0.0
2026-07-18_15-10-56.mp4,0.0,0.1825,1.0,"[0.1185, 0.0864, 0.1105, 0.2209, 0.1376, 0.2775, 0.2937, 0.2229]",0.0,0.0
2026-07-05_04-53-13.mp4,0.0,0.1381,0.714,"[0.0044, 0.0454, 0.1542, 0.0274, 0.1972, 0.038, 0.2118]",0.0,0.0
2026-07-26_01-52-48.mp4,0.0,0.0448,0.8,"[0.0163, 0.0309, 0.1496, 0.0477, 0.0382]",0.025,0.025
2026-07-20_19-33-23.mp4,0.025,0.0857,0.875,"[0.0651, 0.1014, 0.1007, 0.0927, 0.0278, 0.0626, 0.0694, 0.1763]",0.05,0.0
2026-07-12_11-52-00.mp4,0.0,0.4758,1.0,[0.4758],0.0,0.0
2026-07-07_11-27-59.mp4,0.0,0.1451,1.0,[0.1451],0.0,0.0
2026-07-08_00-55-53.mp4,0.0,0.0595,0.625,"[0.2154, 0.013, 0.0267, 0.0234, 0.0469, 0.04, 0.0653, 0.0322]",0.0,0.0
2026-07-05_09-26-45.mp4,0.075,0.0984,1.0,"[0.2122, 0.0493, 0.1351, 0.0772, 0.0991, 0.0898, 0.089, 0.1225]",0.0,0.0
2026-07-15_14-59-10.mp4,0.0,0.0249,0.5,"[0.0307, 0.0192]",0.0,0.0
2026-07-21_00-52-44.mp4,0.0,0.0273,0.25,"[0.0198, 0.0555, 0.0245, 0.0184]",0.0,0.0
2026-07-04_09-54-10.mp4,0.0,nan,,[],0.0,0.0
2026-07-21_23-53-48.mp4,0.0,0.0794,0.833,"[0.0599, 0.0623, 0.2297, 0.0967, 0.0263, 0.0672]",0.0,0.0
2026-07-06_13-27-51.mp4,0.0,0.0641,0.857,"[0.0739, 0.0272, 0.0558, 0.057, 0.0439, 0.1105, 0.0905]",0.0,0.0
2026-07-06_18-13-30.mp4,0.5,0.2678,1.0,"[0.1401, 0.0889, 0.2717, 0.4032, 0.1542, 0.1782, 0.8665, 0.0503]",0.025,0.0
2026-07-06_11-16-53.mp4,0.0,0.0819,1.0,[0.0819],0.0,0.0
2026-07-06_13-29-51.mp4,0.0,0.0066,0.0,"[0.0112, 0.0, 0.0, 0.006, 0.0089, 0.0185, 0.0117]",0.0,0.0
2026-07-02_03-56-15.mp4,0.0,0.0299,0.625,"[0.052, 0.0365, 0.0069, 0.0178, 0.0535, 0.032, 0.0106, 0.0303]",0.0,0.0
2026-07-10_17-11-45.mp4,0.0,nan,,[],0.0,0.0
2026-07-13_22-42-23.mp4,0.0,0.5614,1.0,"[0.0502, 0.6356, 1.4356]",0.0,0.0
2026-07-07_02-09-34.mp4,0.0,0.0923,1.0,"[0.0339, 0.0721, 0.0682, 0.0692, 0.1078, 0.1606, 0.109]",0.025,0.025
2026-07-06_20-17-40.mp4,0.0,0.0079,0.0,"[0.0062, 0.0045, 0.0127, 0.0051]",0.0,0.0
2026-07-22_03-09-28.mp4,0.0,0.1291,1.0,"[0.0906, 0.0885, 0.0858, 0.0851, 0.1693, 0.1842, 0.2273]",0.0,0.0
2026-07-10_16-34-29.mp4,0.0,nan,,[],0.0,0.0
2026-07-20_23-47-45.mp4,0.0,0.0773,1.0,"[0.0468, 0.1284, 0.0799, 0.0486, 0.0945]",0.0,0.0
2026-07-17_07-57-02.mp4,0.0,0.0859,0.875,"[0.0741, 0.0183, 0.1313, 0.0674, 0.0466, 0.1069, 0.1396, 0.0496]",0.0,0.0
2026-07-06_19-07-41.mp4,0.075,0.1002,0.833,"[0.049, 0.0267, 0.145, 0.0564, 0.0786, 0.1447]",0.0,0.0
2026-07-10_11-16-09.mp4,0.0,0.0807,0.667,"[0.0269, 0.113, 0.0698]",0.0,0.0
2026-07-26_04-07-53.mp4,0.0,0.0929,1.0,"[0.0855, 0.1188, 0.1075, 0.1731, 0.0768, 0.0429, 0.0793, 0.0821]",0.0,0.0
2026-07-02_03-53-39.mp4,0.0,0.0332,0.625,"[0.0575, 0.0456, 0.0354, 0.0137, 0.0145, 0.0112, 0.0387, 0.0789]",0.0,0.0
2026-07-06_22-49-03.mp4,0.0,nan,,[],0.0,0.0
2026-07-18_15-18-08.mp4,0.0,0.0742,1.0,"[0.0701, 0.0647, 0.0766, 0.0703, 0.0457, 0.1425, 0.0322, 0.1024]",0.0,0.0
2026-07-22_15-18-01.mp4,0.0,0.0428,0.75,"[0.0235, 0.0467, 0.0885, 0.0283, 0.0481, 0.0371, 0.0316, 0.0378]",0.0,0.0
2026-07-05_16-07-34.mp4,0.0,nan,,[],0.0,0.0
2026-07-15_18-21-55.mp4,0.0,0.0762,0.667,"[0.0132, 0.0791, 0.1033]",0.0,0.0
2026-07-25_11-40-51.mp4,0.0,0.0678,0.75,"[0.3001, 0.0492, 0.0272, 0.0307, 0.0312, 0.0211, 0.1036, 0.0717]",0.0,0.0
2026-07-06_19-57-17.mp4,0.0,0.0103,0.0,"[0.0095, 0.0118, 0.0052, 0.0286, 0.0]",0.0,0.0
2026-07-06_19-46-05.mp4,0.0,0.0072,0.0,"[0.0052, 0.0073, 0.0026, 0.0022, 0.0174]",0.0,0.0
2026-07-16_18-55-40.mp4,0.2,0.0909,1.0,"[0.0518, 0.0449, 0.0908, 0.2229, 0.1018, 0.1079, 0.0588, 0.0379]",0.0,0.0
2026-07-26_02-36-24.mp4,0.0,0.0763,1.0,"[0.0595, 0.0624, 0.1049, 0.1059, 0.0803, 0.0812, 0.0536, 0.0592]",0.0,0.0
2026-07-06_14-37-18.mp4,0.0,0.0996,1.0,"[0.0939, 0.1295, 0.0963, 0.0577, 0.1089, 0.0413, 0.0545, 0.1662]",0.0,0.0
2026-07-05_15-38-10.mp4,0.0,0.0937,1.0,[0.0937],0.0,0.0
2026-07-18_15-26-26.mp4,0.0,0.1033,1.0,"[0.1021, 0.0797, 0.0313, 0.053, 0.0656, 0.042, 0.5109, 0.1054]",0.0,0.0
2026-07-03_05-18-18.mp4,0.0,0.0752,1.0,"[0.0968, 0.0934, 0.0739, 0.0624, 0.0361, 0.0528, 0.0926]",0.0,0.0
2026-07-19_11-21-16.mp4,0.0,nan,,[],0.0,0.0
2026-07-09_23-01-41.mp4,0.0,0.0006,0.0,"[0.0044, 0.0004, 0.0, 0.0009, 0.0]",0.0,0.0
2026-07-20_19-12-17.mp4,0.1,0.0947,1.0,"[0.0306, 0.1031, 0.0531, 0.1501, 0.1039, 0.1304, 0.0647, 0.0779]",0.125,0.1
2026-07-26_09-33-02.mp4,0.025,0.1653,1.0,"[0.1981, 0.2835, 0.1983, 0.3953, 0.0522, 0.1409]",0.025,0.025
2026-07-09_21-43-56.mp4,0.0,nan,,[],0.0,0.0
2026-07-04_08-56-46.mp4,0.0,nan,,[],0.0,0.0
2026-07-24_02-22-12.mp4,0.0,nan,,[],0.0,0.0
2026-07-25_03-42-26.mp4,0.025,0.1297,1.0,"[0.1145, 0.0567, 0.0638, 0.0804, 0.2054, 0.1364, 0.2304, 0.1105]",0.075,0.075
2026-07-06_19-47-47.mp4,0.0,0.0134,0.143,"[0.0097, 0.0085, 0.0119, 0.0309, 0.0073, 0.0052, 0.0129]",0.0,0.0
2026-07-10_09-29-05.mp4,0.0,nan,,[],0.0,0.0
2026-07-21_18-16-22.mp4,0.0,0.0787,0.375,"[0.0, 0.0025, 0.0304, 0.4358, 0.0789, 0.005, 0.0041, 0.0043]",0.85,0.05
2026-07-24_03-05-30.mp4,0.0,0.1571,1.0,[0.1571],0.025,0.0
2026-07-17_13-24-40.mp4,0.0,0.0765,0.667,"[0.0036, 0.1386, 0.1183]",0.0,0.0
2026-07-05_05-39-47.mp4,0.0,0.0406,1.0,[0.0406],0.0,0.0
2026-07-05_10-13-51.mp4,0.0,0.0141,0.0,[0.0141],0.0,0.0
2026-07-14_05-47-19.mp4,0.0,0.0606,1.0,"[0.1034, 0.0333, 0.0452, 0.0484, 0.0514]",0.0,0.0
2026-07-04_22-50-10.mp4,0.0,nan,,[],0.0,0.0
2026-07-22_12-09-21.mp4,0.0,0.0509,0.857,"[0.0524, 0.0385, 0.0363, 0.0627, 0.0836, 0.0302, 0.0299]",0.0,0.0
2026-07-26_08-07-34.mp4,0.0,0.172,1.0,"[0.0723, 0.2713, 0.2699, 0.2142, 0.2104, 0.059, 0.1106, 0.13]",0.025,0.025
2026-07-01_12-47-12.mp4,0.075,0.2932,1.0,"[0.1316, 0.0424, 0.3991, 0.2264, 0.4994, 0.2949, 0.4616]",0.075,0.075
2026-07-04_19-04-24.mp4,0.0,0.028,0.4,"[0.0217, 0.0313, 0.0136, 0.0503, 0.0145]",0.0,0.0
2026-07-04_09-38-34.mp4,0.0,nan,,[],0.0,0.0
2026-07-09_12-22-56.mp4,0.0,0.0765,1.0,"[0.0327, 0.0815, 0.1101]",0.0,0.0
2026-07-15_17-41-01.mp4,0.0,0.0599,1.0,"[0.0743, 0.0453, 0.0399, 0.052]",0.0,0.0
2026-07-26_01-38-12.mp4,0.0,0.0674,1.0,"[0.0966, 0.0779, 0.0601, 0.0637, 0.0934, 0.0359]",0.0,0.0
2026-07-23_06-08-11.mp4,0.0,0.1241,1.0,"[0.4831, 0.0583, 0.0511, 0.0449, 0.1053, 0.0337, 0.1007, 0.0804]",0.0,0.0
2026-07-04_09-29-40.mp4,0.0,0.0351,1.0,[0.0351],0.0,0.0
2026-07-17_12-58-53.mp4,0.0,0.1508,0.875,"[0.0819, 0.0218, 0.0459, 0.1879, 0.2512, 0.0717, 0.3081, 0.1804]",0.0,0.0
2026-07-06_14-36-42.mp4,0.0,0.1081,1.0,"[0.0437, 0.0478, 0.2731]",0.0,0.0
2026-07-23_16-41-04.mp4,0.0,0.0179,0.0,"[0.0196, 0.017]",0.0,0.0
2026-07-23_15-31-23.mp4,0.0,0.0404,0.429,"[0.0107, 0.0046, 0.0204, 0.2688, 0.0299, 0.0387, 0.066]",0.0,0.0
2026-07-10_16-31-11.mp4,0.0,nan,,[],0.0,0.0
2026-07-21_01-26-32.mp4,0.25,0.1157,1.0,"[0.2133, 0.0902, 0.2012, 0.0553, 0.1312, 0.0958, 0.0708, 0.0557]",0.0,0.0
2026-07-10_16-37-23.mp4,0.0,nan,,[],0.0,0.0
2026-07-03_20-41-18.mp4,0.0,0.0645,0.8,"[0.1271, 0.0089, 0.0587, 0.0612, 0.0415]",0.0,0.0
2026-07-04_09-50-28.mp4,0.0,0.0401,0.5,"[0.0572, 0.023]",0.0,0.0
2026-07-05_05-32-53.mp4,0.0,0.4281,1.0,"[0.2492, 0.3432, 0.2852, 0.9988, 0.0789]",0.0,0.0
2026-07-25_23-50-02.mp4,0.0,0.1566,1.0,"[0.0955, 0.1202, 0.1562, 0.5321, 0.0605, 0.1378, 0.0466]",0.0,0.0
2026-07-25_18-05-29.mp4,0.0,0.0884,0.5,"[0.1867, 0.0146]",0.0,0.0
2026-07-10_15-54-01.mp4,0.0,0.0699,0.5,"[0.1954, 0.0071]",0.0,0.0
2026-07-02_14-25-22.mp4,0.025,0.8317,0.8,"[0.0254, 0.0885, 0.1772, 0.3418, 6.3931]",0.125,0.075
2026-07-15_07-30-02.mp4,0.05,0.1033,0.875,"[0.0598, 0.1673, 0.0401, 0.0544, 0.0663, 0.2616, 0.0689, 0.0178]",0.025,0.025
2026-07-04_00-55-05.mp4,0.0,0.0572,0.667,"[0.0253, 0.0848, 0.0182, 0.1396, 0.1035, 0.0666]",0.0,0.0
2026-07-17_13-21-40.mp4,0.0,0.1452,0.875,"[0.0229, 0.0758, 0.0638, 0.4666, 0.0876, 0.0489, 0.0567, 0.469]",0.0,0.0
2026-07-12_06-35-15.mp4,0.0,0.1415,1.0,[0.1415],0.0,0.0
2026-07-04_09-51-58.mp4,0.0,nan,,[],0.0,0.0
2026-07-04_00-56-05.mp4,0.0,0.0835,0.8,"[0.051, 0.0769, 0.0715, 0.3699, 0.0209]",0.0,0.0
2026-07-10_17-19-21.mp4,0.0,nan,,[],0.0,0.0
2026-07-10_17-18-57.mp4,0.0,nan,,[],0.0,0.0
2026-07-03_15-07-41.mp4,0.0,0.0398,0.75,"[0.025, 0.0531, 0.0527, 0.032, 0.0296, 0.0637, 0.0355, 0.0303]",0.0,0.0
2026-07-06_21-29-40.mp4,0.0,0.1022,1.0,"[0.073, 0.1399, 0.0608, 0.0972]",0.0,0.0
2026-07-24_06-55-15.mp4,0.0,0.1918,1.0,"[0.0473, 0.1541, 0.2903]",0.025,0.025
2026-07-13_23-49-34.mp4,0.0,0.0724,0.333,"[0.0241, 0.0284, 0.2264]",0.35,0.0
2026-07-02_07-09-21.mp4,0.375,0.058,0.75,"[0.0374, 0.0178, 0.0251, 0.0738, 0.0996, 0.0573, 0.0907, 0.0635]",0.0,0.0
2026-07-24_03-05-42.mp4,0.0,0.1609,1.0,"[0.0638, 0.3505, 0.0677, 0.3237, 0.1303, 0.0992]",0.0,0.0
2026-07-02_17-43-56.mp4,0.0,nan,,[],0.0,0.0
2026-07-06_18-59-11.mp4,0.0,0.1229,1.0,"[0.2246, 0.043, 0.1563, 0.0671, 0.0639]",0.0,0.0
2026-07-18_11-36-52.mp4,0.0,0.1382,0.875,"[0.6907, 0.0294, 0.0407, 0.037, 0.0671, 0.0544, 0.0343, 0.0653]",0.025,0.0
2026-07-09_17-33-37.mp4,0.05,0.0296,0.375,"[0.0086, 0.0113, 0.047, 0.0315, 0.0235, 0.0265, 0.029, 0.0441]",0.075,0.0
2026-07-10_18-22-02.mp4,0.05,0.1276,0.857,"[0.0296, 0.0465, 0.188, 0.1381, 0.18, 0.1549, 0.0443]",0.0,0.0
2026-07-06_20-43-58.mp4,0.05,0.0643,0.875,"[0.0784, 0.1437, 0.0596, 0.0922, 0.0681, 0.0321, 0.0437, 0.0166]",0.0,0.0
2026-07-12_02-42-18.mp4,0.0,nan,,[],0.0,0.0
2026-07-14_14-55-37.mp4,0.0,0.1025,0.857,"[0.054, 0.2523, 0.0916, 0.0344, 0.0494, 0.0744, 0.025]",0.0,0.0
2026-07-15_18-26-25.mp4,0.0,0.1925,1.0,"[0.1944, 0.146, 0.67, 0.1366, 0.1862, 0.1635, 0.0831, 0.0386]",0.0,0.0
2026-07-06_23-25-05.mp4,0.0,0.057,1.0,[0.057],0.0,0.0
2026-07-04_09-43-10.mp4,0.0,0.0086,0.0,[0.0086],0.0,0.0
2026-07-26_09-14-02.mp4,0.0,0.0556,0.875,"[0.0245, 0.0493, 0.0334, 0.0429, 0.13, 0.146, 0.0371, 0.0896]",0.05,0.0
2026-07-05_04-35-13.mp4,0.0,0.1749,1.0,"[0.0474, 0.0713, 0.0741, 0.1988, 0.2193, 0.0606, 0.2294, 0.3141]",0.0,0.0
2026-07-25_20-21-58.mp4,0.0,0.0747,1.0,"[0.0848, 0.0979, 0.1012, 0.0925, 0.0674, 0.0405, 0.0568, 0.0525]",0.0,0.0
2026-07-12_20-46-03.mp4,0.0,0.2204,1.0,[0.2204],0.025,0.0
2026-07-05_05-33-05.mp4,0.0,0.2046,1.0,"[0.0357, 0.083, 0.4613, 0.1567, 0.0635, 0.3948, 0.2508]",0.0,0.0
2026-07-08_03-44-54.mp4,0.0,0.1997,1.0,"[0.1697, 0.2794, 0.1544, 0.1641]",0.075,0.075
2026-07-10_17-21-57.mp4,0.0,0.0336,1.0,[0.0336],0.0,0.0
2026-07-05_10-10-27.mp4,0.0,0.0514,0.6,"[0.1199, 0.0311, 0.0137, 0.0341, 0.0024]",0.05,0.0
2026-07-09_20-01-21.mp4,0.275,0.0943,1.0,"[0.0703, 0.1373, 0.0945, 0.385, 0.0726, 0.0485, 0.0625, 0.0432]",0.0,0.0
2026-07-23_20-08-58.mp4,0.075,0.1153,1.0,"[0.0863, 0.0527, 0.0802, 0.0502, 0.0364, 0.2949, 0.1432, 0.1803]",0.275,0.25
2026-07-15_07-30-26.mp4,0.175,0.1135,0.833,"[0.0429, 0.0482, 0.0244, 0.4446, 0.1489, 0.1078]",0.05,0.05
2026-07-18_05-09-08.mp4,0.15,0.2809,1.0,"[0.0944, 0.1685, 0.2804, 0.2786, 0.0967, 0.1043, 0.9928, 0.0338]",0.025,0.025
2026-07-20_00-45-53.mp4,0.0,0.0829,0.875,"[0.2039, 0.1729, 0.0675, 0.0659, 0.0287, 0.0697, 0.0615, 0.076]",0.0,0.0
2026-07-26_02-38-12.mp4,0.05,0.1054,1.0,"[0.0878, 0.053, 0.2145, 0.1063, 0.0808, 0.0877, 0.0863, 0.0666]",0.0,0.0
2026-07-19_09-46-20.mp4,0.0,0.037,0.6,"[0.0559, 0.0576, 0.0415, 0.0284, 0.0273]",0.0,0.0
2026-07-14_17-53-08.mp4,0.05,0.0826,1.0,"[0.0925, 0.0734, 0.1259, 0.0541, 0.0662]",0.0,0.0
2026-07-19_14-40-13.mp4,0.55,0.0647,1.0,"[0.2691, 0.1014, 0.0693, 0.0307, 0.032, 0.0347, 0.0321]",0.0,0.0
2026-07-17_15-30-51.mp4,0.0,0.1086,1.0,"[0.0764, 0.1407]",0.0,0.0
2026-07-03_13-43-12.mp4,0.0,0.0449,0.625,"[0.0649, 0.0969, 0.0169, 0.0502, 0.0342, 0.0278, 0.0463, 0.0165]",0.0,0.0
2026-07-07_09-54-18.mp4,0.0,0.1056,1.0,"[0.2212, 0.088, 0.034]",0.0,0.0
2026-07-22_02-10-40.mp4,0.0,0.0259,0.5,"[0.0066, 0.0313, 0.0327, 0.0294]",0.0,0.0
2026-07-04_09-48-52.mp4,0.0,0.1264,1.0,"[0.0398, 0.1475, 0.192]",0.0,0.0
2026-07-16_20-57-15.mp4,0.125,0.2357,1.0,"[0.1187, 0.3818]",0.0,0.0
2026-07-04_18-05-45.mp4,0.0,0.2741,1.0,"[0.0837, 0.1288, 0.3498, 0.0749, 0.6965, 0.0775, 0.0763, 0.1629]",0.0,0.0
2026-07-06_05-57-02.mp4,0.0,0.1306,0.714,"[0.0, 0.0, 0.1077, 0.0656, 1.6749, 0.06, 0.1256]",0.0,0.0
2026-07-22_13-21-45.mp4,0.0,0.0953,0.857,"[0.0165, 0.2493, 0.0513, 0.0708, 0.1661, 0.1049, 0.1322]",0.0,0.0
2026-07-08_19-02-33.mp4,0.0,0.0324,0.5,"[0.0386, 0.0015]",0.0,0.0
2026-07-12_14-50-24.mp4,0.35,0.1114,0.75,"[0.0261, 0.0358, 0.2374, 0.1176, 0.1416, 0.0227, 0.1277, 0.1416]",0.025,0.025
2026-07-14_11-12-28.mp4,0.0,0.1465,1.0,"[0.3806, 0.1007, 0.1225, 0.0903, 0.0699]",0.025,0.025
2026-07-07_16-17-08.mp4,0.0,0.0769,0.75,"[0.1786, 0.0366, 0.0165, 0.0901]",0.025,0.0
2026-07-20_19-58-59.mp4,0.025,0.2338,1.0,"[0.1566, 0.3625]",0.0,0.0
2026-07-08_00-55-05.mp4,0.0,0.1094,1.0,"[0.0475, 0.0947, 0.0835, 0.0739, 0.2744, 0.0413]",0.0,0.0
2026-07-04_06-35-13.mp4,0.0,0.0383,0.625,"[0.0137, 0.0305, 0.0285, 0.0542, 0.019, 0.043, 0.0528, 0.051]",0.0,0.0
2026-07-09_20-09-33.mp4,0.0,nan,,[],0.0,0.0
2026-07-02_14-09-04.mp4,0.0,0.0913,0.857,"[0.2988, 0.1377, 0.0419, 0.0105, 0.0633, 0.0546, 0.0958]",0.0,0.0
2026-07-26_09-43-08.mp4,0.0,0.1235,1.0,"[0.0436, 0.0733, 0.1313, 0.0533, 0.1452, 0.0597, 0.3043, 0.2151]",0.0,0.0
2026-07-04_03-04-31.mp4,0.0,0.0261,0.25,"[0.0191, 0.0297, 0.0347, 0.0222]",0.0,0.0
2026-07-22_12-07-45.mp4,0.0,0.1099,1.0,"[0.1025, 0.0551, 0.1658, 0.0845]",0.0,0.0
2026-07-10_16-40-05.mp4,0.0,nan,,[],0.0,0.0
2026-07-06_18-07-36.mp4,0.025,0.0508,1.0,"[0.0524, 0.0676, 0.031, 0.0355, 0.0734, 0.0319, 0.037, 0.0842]",0.0,0.0
2026-07-10_14-27-31.mp4,0.0,0.1488,1.0,"[0.0631, 0.0477, 0.1906, 0.0895, 0.2231, 0.0988, 0.1554, 0.2532]",0.0,0.0
2026-07-23_16-59-58.mp4,0.0,0.09,1.0,[0.09],0.0,0.0
2026-07-02_12-46-53.mp4,0.0,0.222,0.6,"[0.075, 0.9699, 0.0138, 0.0052, 0.0461]",0.05,0.0
2026-07-23_16-59-22.mp4,0.0,0.0411,1.0,"[0.0372, 0.049]",0.0,0.0
2026-07-08_01-42-22.mp4,0.025,0.0899,1.0,"[0.1802, 0.0532, 0.0726, 0.0477, 0.0387, 0.0339, 0.2579, 0.0411]",0.125,0.125
2026-07-17_13-21-52.mp4,0.0,0.1934,1.0,"[0.0737, 0.2234]",0.0,0.0
2026-07-17_07-57-38.mp4,0.0,0.0676,0.625,"[0.0577, 0.05, 0.0945, 0.2439, 0.1801, 0.0162, 0.0078, 0.0086]",0.0,0.0
2026-07-09_05-50-42.mp4,0.0,0.1238,0.857,"[0.1082, 0.0986, 0.0759, 0.3197, 0.121, 0.046, 0.0247]",0.0,0.0
2026-07-09_21-36-32.mp4,0.025,0.0251,0.2,"[0.012, 0.0103, 0.0181, 0.0164, 0.055]",0.0,0.0
2026-07-04_05-33-46.mp4,0.05,0.0682,0.75,"[0.0295, 0.0175, 0.1044, 0.0765, 0.1203, 0.1009, 0.0543, 0.0538]",0.0,0.0
2026-07-02_20-38-07.mp4,0.0,0.0492,1.0,"[0.05, 0.0483]",0.0,0.0
2026-07-06_18-05-54.mp4,0.0,0.0352,1.0,[0.0352],0.0,0.0
2026-07-04_12-01-21.mp4,0.0,0.0824,0.6,"[0.0056, 0.1573, 0.03, 0.0743, 0.1137]",0.2,0.0
2026-06-30_14-53-02.mp4,0.0,0.0214,0.333,"[0.0067, 0.0019, 0.0461, 0.0377, 0.0285, 0.0042]",0.0,0.0
2026-07-11_08-52-23.mp4,0.0,0.1028,1.0,[0.1028],0.0,0.0
2026-07-10_18-24-20.mp4,0.0,0.2865,1.0,"[0.1134, 0.7628, 0.2887, 0.1981, 0.0541, 0.1198]",0.0,0.0
2026-07-06_19-07-29.mp4,0.0,0.4284,0.833,"[0.0528, 0.0387, 0.0878, 0.3633, 0.0186, 2.3223]",0.0,0.0
2026-07-12_02-45-24.mp4,0.0,1.2633,1.0,[1.2633],0.0,0.0
2026-07-04_04-39-44.mp4,0.0,0.01,0.0,[0.01],0.0,0.0
2026-07-14_15-02-25.mp4,0.0,0.1414,0.667,"[0.0089, 0.1285, 0.2867]",0.025,0.0
2026-07-23_21-03-15.mp4,0.0,0.1193,1.0,"[0.1195, 0.1755, 0.2127, 0.0883, 0.0606, 0.126, 0.0657]",0.125,0.025
2026-07-10_16-40-17.mp4,0.0,nan,,[],0.0,0.0
2026-07-04_06-38-19.mp4,0.0,0.0549,0.857,"[0.0526, 0.0324, 0.0353, 0.0286, 0.0501, 0.0898, 0.1539]",0.0,0.0
2026-07-26_08-10-10.mp4,0.0,0.0787,1.0,"[0.0624, 0.1273, 0.0864, 0.0812, 0.0622, 0.0719, 0.0543]",0.0,0.0
2026-07-03_15-52-17.mp4,0.0,0.0451,0.625,"[0.0466, 0.0254, 0.0131, 0.0199, 0.0479, 0.0519, 0.0769, 0.0875]",0.0,0.0
2026-07-12_22-55-37.mp4,0.0,0.0739,1.0,[0.0739],0.0,0.0
2026-07-10_14-07-38.mp4,0.05,0.2013,0.875,"[0.2256, 0.2403, 0.1315, 0.0262, 0.1282, 0.1778, 0.2189, 0.4394]",0.0,0.0
2026-07-04_22-41-46.mp4,0.0,nan,,[],0.0,0.0
2026-07-10_14-10-50.mp4,0.0,0.1431,1.0,"[0.1383, 0.3382, 0.2478, 0.0761, 0.0887, 0.1745, 0.0773]",0.025,0.0
2026-07-18_17-53-00.mp4,0.0,0.0276,0.5,"[0.0606, 0.0177, 0.0109, 0.0154, 0.019, 0.0354, 0.0485, 0.0345]",0.075,0.075
2026-07-17_00-32-48.mp4,0.0,0.0962,0.5,"[0.0273, 0.234]",0.0,0.0
2026-07-22_13-18-33.mp4,0.0,0.1021,1.0,"[0.1236, 0.0376]",0.0,0.0
2026-07-24_10-51-25.mp4,0.0,0.314,1.0,"[0.0972, 0.7331, 0.3832, 0.5077, 0.1757, 0.1167, 0.467, 0.2563]",0.0,0.0
2026-07-19_19-16-39.mp4,0.025,0.2134,1.0,"[0.1753, 0.3216, 0.0858, 0.2519, 0.076]",0.0,0.0
2026-07-10_16-31-59.mp4,0.0,nan,,[],0.0,0.0
2026-07-12_17-20-12.mp4,0.0,0.1415,1.0,"[0.1286, 0.0432, 0.2464, 0.256, 0.103, 0.0707, 0.1823, 0.0639]",0.15,0.1
2026-07-04_06-59-06.mp4,0.0,0.0559,0.5,"[0.0637, 0.0246]",0.0,0.0
2026-07-06_23-21-29.mp4,0.0,0.2046,1.0,"[0.233, 0.1906, 0.1617]",0.0,0.0
2026-07-06_23-21-53.mp4,0.0,0.1537,0.8,"[0.3262, 0.2314, 0.1812, 0.0251, 0.0598]",0.025,0.025
2026-07-21_06-13-53.mp4,0.375,0.1052,1.0,"[0.0593, 0.066, 0.0592, 0.0919, 0.0652, 0.0981, 0.1385, 0.8168]",0.0,0.0
2026-07-14_18-57-25.mp4,0.025,0.1081,1.0,"[0.1481, 0.1045, 0.163, 0.0315]",0.05,0.05
2026-07-05_08-24-28.mp4,0.075,0.1539,1.0,"[0.1687, 0.1072, 0.1736, 0.0666, 0.0902, 0.2264, 0.1922, 0.0465]",0.0,0.0
2026-07-24_01-23-13.mp4,0.05,0.0502,0.625,"[0.041, 0.046, 0.1136, 0.0712, 0.0139, 0.0265, 0.0239, 0.0484]",0.125,0.1
2026-07-10_14-19-31.mp4,0.0,0.0182,0.0,"[0.0245, 0.0151, 0.0148, 0.0129, 0.0138, 0.0165, 0.0222, 0.0281]",0.0,0.0
2026-07-23_16-55-34.mp4,0.0,0.0716,0.75,"[0.0215, 0.0876, 0.0988, 0.048]",0.075,0.0
2026-07-23_19-22-20.mp4,0.0,0.1222,0.875,"[0.1683, 0.0414, 0.0289, 0.0527, 0.088, 0.2685, 0.2199, 0.1014]",0.075,0.075
2026-07-04_11-16-21.mp4,0.0,0.113,1.0,"[0.1138, 0.0835, 0.1498, 0.1271]",0.025,0.025
2026-07-02_21-21-35.mp4,0.45,0.2089,1.0,"[0.1012, 0.1166, 0.0716, 0.1451, 0.3486, 0.4861, 0.4022, 0.0857]",0.075,0.025
2026-07-04_09-18-34.mp4,0.0,nan,,[],0.0,0.0
2026-07-10_04-38-56.mp4,0.0,0.2367,1.0,"[0.198, 0.0745, 0.3507, 0.3197]",0.0,0.0
2026-07-23_16-56-34.mp4,0.0,0.1085,1.0,"[0.0318, 0.0569, 0.3136]",0.125,0.0
2026-07-12_18-54-35.mp4,0.0,0.0722,1.0,[0.0722],0.05,0.0
2026-07-08_01-41-58.mp4,0.0,0.0565,0.75,"[0.1197, 0.0495, 0.0364, 0.0395, 0.0785, 0.0561, 0.0201, 0.0266]",0.725,0.4
2026-07-11_17-41-36.mp4,0.0,0.2289,0.875,"[0.129, 0.5018, 0.1615, 0.027, 0.3452, 0.378, 0.2436, 0.0718]",0.175,0.1
2026-07-10_01-41-27.mp4,0.0,0.202,1.0,[0.202],0.0,0.0
2026-07-23_17-08-58.mp4,0.0,0.0777,0.857,"[0.0472, 0.0883, 0.0403, 0.0262, 0.1091, 0.1284, 0.0394]",0.275,0.05
2026-07-06_21-31-04.mp4,0.425,0.0834,1.0,"[0.0715, 0.0988, 0.0656, 0.1131, 0.089, 0.1059, 0.0583, 0.068]",0.025,0.0
2026-07-11_04-12-15.mp4,0.0,0.0988,1.0,"[0.2215, 0.1324, 0.0458, 0.0844]",0.05,0.0
2026-07-05_18-56-25.mp4,0.025,0.0481,0.75,"[0.0656, 0.0127, 0.0443, 0.0599]",0.025,0.0
2026-07-20_14-07-54.mp4,0.0,0.0818,1.0,"[0.0434, 0.0954, 0.1285]",0.0,0.0
2026-07-23_13-02-31.mp4,0.0,0.1625,1.0,"[0.2397, 0.0861, 0.3408, 0.1965, 0.0762, 0.111, 0.1426, 0.08]",0.075,0.075
2026-07-21_01-41-44.mp4,0.1,0.1022,1.0,"[0.0711, 0.0653, 0.1469, 0.1558]",0.0,0.0
2026-07-10_17-50-09.mp4,0.025,0.1827,1.0,"[0.1325, 0.1803, 0.1604, 0.3819]",0.075,0.05
2026-07-04_03-13-55.mp4,0.0,0.012,0.0,"[0.007, 0.0121, 0.0198, 0.0206, 0.0201, 0.0121, 0.0084, 0.0]",0.0,0.0
2026-07-24_07-28-57.mp4,0.025,1.1391,1.0,"[0.1092, 0.1132, 0.45, 3.7429, 0.6804, 0.0562, 0.9243, 5.433]",0.05,0.05
2026-07-25_03-51-32.mp4,0.0,0.0474,0.75,"[0.0261, 0.0338, 0.0784, 0.0569, 0.0246, 0.0545, 0.0499, 0.0568]",0.0,0.0
2026-07-20_09-58-51.mp4,0.0,0.0162,0.0,[0.0162],0.025,0.0
2026-07-10_16-25-42.mp4,0.05,0.2111,1.0,"[0.3449, 0.0952, 0.193, 0.3367, 0.1558, 0.1458]",0.25,0.075
2026-07-09_21-34-08.mp4,0.0,0.0472,1.0,[0.0472],0.025,0.0
2026-07-16_23-44-01.mp4,0.0,0.0349,0.333,"[0.0168, 0.0274, 0.0483]",0.0,0.0
2026-07-11_11-10-52.mp4,0.0,0.0512,1.0,[0.0512],0.0,0.0
2026-07-11_15-48-40.mp4,0.025,0.2647,1.0,"[0.2617, 0.3511, 0.2817, 0.3467, 0.1135, 0.1683, 0.3115, 0.2695]",0.025,0.025
2026-07-13_22-42-35.mp4,0.0,0.1069,0.714,"[0.4126, 0.0466, 0.1079, 0.059, 0.1152, 0.0229, 0.0104]",0.125,0.0
2026-07-05_00-46-42.mp4,0.0,0.1141,0.6,"[0.1079, 0.0196, 0.3191, 0.0227, 0.0629]",0.0,0.0
2026-07-23_17-07-46.mp4,0.0,0.224,0.667,"[0.0264, 0.0245, 0.2442, 0.3803, 0.2833, 0.1483]",0.025,0.0
2026-07-17_03-18-47.mp4,0.05,0.2427,1.0,"[0.222, 0.2634]",0.05,0.05
2026-07-05_13-10-44.mp4,0.0,nan,,[],0.0,0.0
2026-07-05_07-50-28.mp4,0.0,0.0476,0.333,"[0.0145, 0.02, 0.1416]",0.025,0.0
2026-07-07_00-41-35.mp4,0.0,0.3616,1.0,"[0.4147, 0.3085]",0.0,0.0
2026-07-14_19-40-43.mp4,0.0,0.2642,1.0,"[0.051, 0.6906]",0.0,0.0
2026-07-01_08-21-25.mp4,0.175,0.087,1.0,"[0.0516, 0.0678, 0.1664]",0.125,0.125
2026-07-10_18-31-32.mp4,0.0,0.0301,1.0,[0.0301],0.0,0.0
2026-07-15_23-34-07.mp4,0.0,0.0231,0.143,"[0.0019, 0.0022, 0.001, 0.0099, 0.0114, 0.0093, 0.1453]",0.0,0.0
2026-07-10_05-41-49.mp4,0.0,nan,,[],0.0,0.0
2026-07-25_04-52-55.mp4,0.0,0.1737,1.0,"[0.1062, 0.0752, 0.1451, 0.1384, 0.3531, 0.1253, 0.3164]",0.025,0.0
2026-07-19_00-25-14.mp4,0.15,0.1316,1.0,"[0.1741, 0.2121, 0.048, 0.1486, 0.0881, 0.1548, 0.1642, 0.0454]",0.0,0.0
2026-07-08_20-16-56.mp4,0.0,0.3159,0.5,"[0.6108, 0.021]",0.05,0.0
2026-07-04_11-44-03.mp4,0.0,0.4873,1.0,"[0.1565, 0.818]",0.025,0.0
2026-07-24_13-17-47.mp4,0.0,0.1162,1.0,"[0.1638, 0.1545, 0.1245, 0.0546, 0.0976, 0.1383, 0.0708]",0.05,0.05
2026-07-10_17-20-09.mp4,0.0,nan,,[],0.025,0.0
2026-07-23_16-22-41.mp4,0.0,0.0254,0.25,"[0.0516, 0.0255, 0.0087, 0.0094]",0.0,0.0
2026-07-03_13-07-31.mp4,0.0,0.2781,1.0,"[0.3691, 0.2565, 0.0867, 0.4151, 0.3928, 0.3276, 0.0938]",0.0,0.0
2026-07-04_19-24-18.mp4,0.0,0.2365,1.0,"[0.2025, 0.3046]",0.05,0.0
2026-07-07_22-35-06.mp4,0.0,0.025,0.2,"[0.0143, 0.0324, 0.0296, 0.0154, 0.0286]",0.0,0.0
2026-07-12_14-34-26.mp4,0.25,0.0837,0.625,"[0.0987, 0.0105, 0.0072, 0.0216, 0.0867, 0.1529, 0.1671, 0.1352]",0.2,0.0
2026-07-06_18-04-42.mp4,0.0,0.1571,0.875,"[0.03, 0.0809, 0.1794, 0.3418, 0.2923, 0.1509, 0.0478, 0.0403]",0.0,0.0
2026-07-20_00-03-24.mp4,0.025,0.2376,1.0,"[0.349, 0.1514, 0.2532, 0.5086, 0.0803, 0.1052, 0.1958]",0.125,0.125
2026-07-06_19-12-11.mp4,0.0,0.094,0.667,"[0.0219, 0.0433, 0.2474]",0.0,0.0
2026-07-14_18-09-25.mp4,0.0,0.1419,0.75,"[0.0216, 0.0844, 0.1102, 0.4663]",0.0,0.0
2026-07-23_17-05-22.mp4,0.0,0.1845,1.0,"[0.2095, 0.4416, 0.1641, 0.0806]",0.1,0.05
2026-07-18_11-47-28.mp4,0.0,0.1997,1.0,"[0.1432, 0.5771, 0.077, 0.2165, 0.0934]",0.0,0.0
2026-07-18_11-36-28.mp4,0.025,0.1319,1.0,"[0.2196, 0.1231, 0.1184, 0.158, 0.3055, 0.0694, 0.0312, 0.0681]",0.05,0.0
2026-07-12_13-50-01.mp4,0.0,0.2274,1.0,"[0.1463, 0.379, 0.301, 0.4452, 0.132, 0.1285, 0.2497, 0.0379]",0.275,0.125
2026-07-18_07-20-31.mp4,0.05,0.1988,1.0,"[0.0724, 0.2213, 1.0187, 0.0374, 0.0397, 0.0764, 0.4601, 0.04]",0.0,0.0
2026-07-06_21-04-58.mp4,0.025,0.1213,0.857,"[0.2643, 0.1239, 0.0466, 0.1075, 0.1367, 0.0535, 0.0139]",0.15,0.05
2026-07-04_14-34-18.mp4,0.0,0.1206,0.875,"[0.1294, 0.0804, 0.1166, 0.3832, 0.1969, 0.1491, 0.0574, 0.0292]",0.1,0.0
2026-07-10_17-19-57.mp4,0.0,0.4413,0.5,"[0.0185, 0.5822]",0.0,0.0
2026-07-01_11-15-11.mp4,0.025,0.214,0.833,"[0.0268, 0.099, 0.0385, 0.0399, 0.4262, 0.2454]",0.05,0.025
2026-07-11_04-55-56.mp4,0.025,0.2797,1.0,"[0.1135, 0.0417, 0.5319, 0.1741, 0.4001]",0.0,0.0
2026-07-21_03-40-48.mp4,0.075,0.0803,1.0,"[0.1016, 0.0876, 0.081, 0.0496, 0.1094, 0.0618]",0.025,0.0
2026-07-06_21-20-46.mp4,0.0,0.2009,1.0,"[0.256, 0.1817, 0.0808, 0.1335, 0.7412, 0.1477]",0.0,0.0
2026-07-10_18-32-56.mp4,0.05,0.3156,1.0,"[0.5946, 0.2494, 0.147]",0.025,0.025
2026-07-08_00-06-17.mp4,0.275,0.3576,1.0,"[0.173, 1.2395, 0.6029, 0.1755, 0.0576, 0.1056, 0.3415, 1.0265]",0.2,0.175
2026-07-06_18-12-24.mp4,0.433,0.3598,1.0,"[1.1163, 0.1923, 0.238, 0.093, 0.2064, 0.2419]",0.0,0.0
2026-07-26_05-58-22.mp4,0.0,0.0508,0.25,"[0.4124, 0.0896, 0.0186, 0.0167, 0.0098, 0.0, 0.0073, 0.0044]",0.025,0.025
2026-07-11_15-49-52.mp4,0.0,nan,,[],0.025,0.0
2026-07-11_01-22-22.mp4,0.0,0.1441,0.875,"[0.2536, 0.2447, 0.0994, 0.2177, 0.0781, 0.0271, 0.0999, 0.1103]",0.0,0.0
2026-07-10_17-23-33.mp4,0.0,0.5846,1.0,"[1.1296, 0.0397]",0.0,0.0
2026-06-30_21-38-57.mp4,0.0,0.387,1.0,"[0.0508, 0.6187, 0.2596]",0.2,0.0
2026-06-30_09-54-45.mp4,0.025,0.3671,1.0,"[0.0424, 0.1358, 0.4204, 0.9606, 0.2136, 0.0672]",0.175,0.025
2026-07-04_05-21-19.mp4,0.025,0.1472,1.0,"[0.1428, 0.0962, 0.1607, 0.3834, 0.1369, 0.0355]",0.025,0.0
2026-07-06_19-08-05.mp4,0.0,0.06,0.333,"[0.2309, 0.0205, 0.0293]",0.0,0.0
2026-07-24_07-27-33.mp4,0.075,0.5847,1.0,"[0.844, 0.2696, 0.2594, 0.4812, 0.7454, 0.4382, 0.4061, 1.9945]",0.1,0.1
2026-07-05_04-19-06.mp4,0.0,nan,,[],0.0,0.0
2026-07-14_05-54-31.mp4,0.0,0.3059,1.0,[0.3059],0.025,0.0
2026-07-06_23-35-24.mp4,0.0,0.0658,0.167,"[0.0071, 0.0127, 0.019, 0.0109, 0.0111, 0.96]",0.05,0.0
2026-07-23_23-21-56.mp4,0.0,0.0185,0.333,"[0.0112, 0.0364, 0.0132]",0.0,0.0
2026-07-15_18-26-01.mp4,0.0,0.1157,0.5,"[0.1078, 0.1737, 0.0185, 0.0121]",0.025,0.025
2026-07-25_19-45-52.mp4,0.325,0.0707,0.75,"[0.0184, 0.0269, 0.0382, 0.1085, 0.1377, 0.1063, 0.0754, 0.0687]",0.025,0.0
2026-07-24_09-05-02.mp4,0.0,0.241,0.667,"[0.0289, 0.2501, 0.3057]",0.0,0.0
2026-07-01_12-03-57.mp4,0.0,0.5997,1.0,[0.5997],0.125,0.0
2026-07-13_13-35-11.mp4,0.05,0.0725,1.0,"[0.0335, 0.0379, 0.083, 0.1221, 0.0713, 0.0665]",0.0,0.0
2026-07-22_00-27-53.mp4,0.0,0.0265,0.25,"[0.0076, 0.0149, 0.1413, 0.0177, 0.0166, 0.0345, 0.0186, 0.0254]",0.0,0.0
2026-07-08_17-02-59.mp4,0.05,0.1904,0.714,"[0.0069, 0.0049, 0.3175, 0.2214, 0.2979, 0.3058, 0.3258]",0.075,0.075
2026-07-01_12-03-21.mp4,0.0,0.1293,0.5,"[0.0173, 0.1613, 0.1462, 0.0141]",0.075,0.0
2026-07-23_16-56-22.mp4,0.0,0.1379,1.0,"[0.095, 0.2237]",0.025,0.0
2026-07-24_10-51-49.mp4,0.0,0.4387,1.0,"[0.5636, 0.4115, 0.4373, 0.0673, 0.3283]",0.025,0.025
2026-07-10_14-17-13.mp4,0.0,nan,,[],0.0,0.0
2026-07-12_01-16-13.mp4,0.0,0.222,1.0,"[0.1315, 0.2171, 0.3074, 0.3381]",0.0,0.0
2026-07-19_18-40-33.mp4,0.0,0.3277,1.0,"[0.0762, 0.0764, 1.2948, 0.292, 0.118]",0.05,0.025
2026-07-17_13-17-10.mp4,0.0,0.29,1.0,"[0.0574, 0.3031, 0.4366, 0.334, 0.18, 0.3375, 0.3541, 0.1713]",0.0,0.0
2026-07-15_23-41-03.mp4,0.35,0.1777,1.0,"[0.3411, 0.1409, 0.244, 0.0816, 0.1645, 0.1419, 0.1385, 0.1602]",0.825,0.825
2026-07-01_12-28-39.mp4,0.0,0.2359,1.0,"[0.161, 0.094, 0.6683, 0.1345, 0.2537, 0.3067]",0.35,0.0
2026-07-01_12-08-45.mp4,0.0,0.088,1.0,"[0.053, 0.0706, 0.4245, 0.0398]",0.0,0.0
2026-07-02_00-32-19.mp4,0.0,0.0813,0.571,"[0.04, 0.3234, 0.0171, 0.04, 0.0165, 0.033, 0.0213]",0.0,0.0
2026-07-13_14-18-29.mp4,0.0,0.3952,0.75,"[0.0952, 0.5511, 0.0193, 0.4647]",0.1,0.0
2026-07-05_21-49-08.mp4,0.0,0.497,1.0,"[0.1674, 0.123, 0.2979, 1.5213]",0.225,0.0
2026-07-06_16-25-11.mp4,0.0,0.037,0.429,"[0.0544, 0.0667, 0.0557, 0.0288, 0.0099, 0.0245, 0.0277]",0.0,0.0
2026-07-05_04-56-25.mp4,0.0,0.0581,0.5,"[0.0417, 0.1494, 0.0288, 0.0156]",0.025,0.0
2026-07-10_14-08-14.mp4,0.45,0.1384,0.75,"[0.0299, 0.0253, 0.0813, 0.0715, 0.1504, 0.2364, 0.2011, 0.3545]",0.025,0.0
2026-07-11_01-22-34.mp4,0.075,0.1223,1.0,"[0.0447, 0.1163, 0.2688, 0.1373, 0.0885, 0.063, 0.1575]",0.025,0.0
2026-07-15_20-24-06.mp4,0.025,0.1711,1.0,"[0.1605, 0.1852]",0.0,0.0
2026-06-30_12-45-43.mp4,0.0,0.082,1.0,"[0.1949, 0.0927, 0.0392, 0.2502, 0.0488, 0.0491]",0.125,0.0
2026-07-09_20-06-57.mp4,0.0,nan,,[],0.0,0.0
2026-07-16_20-14-24.mp4,0.075,0.1056,0.75,"[0.0229, 0.0074, 0.096, 0.1996, 0.3673, 0.1562, 0.1094, 0.1162]",0.025,0.0
2026-06-30_15-39-28.mp4,0.025,0.4013,1.0,"[0.1656, 0.0653, 0.034, 4.3304, 0.3413, 0.5155, 0.1549]",0.2,0.0
2026-07-14_22-53-32.mp4,0.0,0.0972,1.0,"[0.1129, 0.1634, 0.0613, 0.1543, 0.0383, 0.0491, 0.1006, 0.0736]",0.0,0.0
2026-07-22_16-56-27.mp4,0.025,0.1188,1.0,"[0.08, 0.1353, 0.1551, 0.1096, 0.1175, 0.0965, 0.1376, 0.1188]",0.0,0.0
2026-07-11_08-46-11.mp4,0.0,0.0989,1.0,[0.0989],0.0,0.0
2026-07-09_18-50-41.mp4,0.325,0.2293,1.0,"[1.6189, 0.0369, 0.0398, 0.0385, 0.0472, 0.0665, 0.0359, 0.036]",0.0,0.0
