file,eyes_open,mouth_open,mouth_covered,frown,back_head,none,labeled
2026-07-26_21-19-36_f0012_0.jpg,0,0,0,0,0,1,1
2026-07-26_21-19-36_f0060_0.jpg,0,0,0,0,0,1,1
2026-07-26_21-19-36_f0108_0.jpg,0,0,0,0,0,1,1
2026-07-26_21-40-24_f0012_0.jpg,0,0,0,0,0,1,1
2026-07-26_21-40-24_f0060_0.jpg,0,0,0,0,0,1,1
2026-07-26_21-40-24_f0108_0.jpg,0,0,0,0,0,1,1
2026-07-26_23-19-13_f0012_0.jpg,0,0,0,0,0,1,1
2026-07-26_23-19-13_f0060_0.jpg,0,0,0,0,0,1,1
2026-07-26_23-19-13_f0108_0.jpg,0,0,0,0,0,1,1
2026-07-26_23-30-07_f0012_0.jpg,0,0,0,0,1,0,1
2026-07-26_23-30-07_f0060_0.jpg,0,0,0,0,1,0,1
2026-07-26_23-30-07_f0108_0.jpg,0,0,0,0,1,0,1
2026-07-26_23-30-19_f0012_0.jpg,0,0,0,0,1,0,1
2026-07-26_23-30-19_f0060_0.jpg,0,0,0,0,1,0,1
2026-07-26_23-30-19_f0108_0.jpg,0,0,0,0,1,0,1
2026-07-27_00-13-13_f0012_0.jpg,0,0,0,0,1,0,1
2026-07-27_00-13-13_f0060_0.jpg,0,0,0,0,1,0,1
2026-07-27_00-13-13_f0108_0.jpg,0,0,0,0,0,1,1
2026-07-27_02-35-41_f0012_0.jpg,0,0,0,0,0,1,1
2026-07-27_02-35-41_f0060_0.jpg,1,0,0,0,0,0,1
2026-07-27_02-35-41_f0108_0.jpg,0,0,0,0,0,1,1
2026-07-27_02-36-53_f0012_0.jpg,1,0,0,0,0,0,1
2026-07-27_02-36-53_f0060_0.jpg,1,0,0,0,0,0,1
2026-07-27_02-36-53_f0108_0.jpg,1,0,0,0,0,0,1
2026-07-27_05-38-39_f0012_0.jpg,0,0,0,0,0,1,1
2026-07-27_05-38-39_f0060_0.jpg,0,0,0,0,0,1,1
2026-07-27_05-38-39_f0108_0.jpg,0,0,0,0,0,1,1
2026-07-27_06-10-15_f0012_0.jpg,0,0,0,0,0,1,1
2026-07-27_06-10-15_f0060_0.jpg,0,0,0,0,0,0,1
2026-07-27_06-10-15_f0108_0.jpg,0,0,0,0,0,0,1
2026-07-27_10-48-36_f0012_0.jpg,0,0,0,0,0,1,1
2026-07-27_10-48-36_f0060_0.jpg,0,0,0,0,0,1,1
2026-07-27_10-48-36_f0108_0.jpg,0,0,0,0,0,1,1
2026-07-27_10-50-42_f0012_0.jpg,0,0,0,0,0,1,1
2026-07-27_10-50-42_f0060_0.jpg,0,0,0,0,0,1,1
2026-07-27_10-50-42_f0108_0.jpg,0,0,0,0,0,1,1
2026-07-27_10-52-30_f0012_0.jpg,0,1,0,1,0,0,1
2026-07-27_12-24-41_f0012_0.jpg,0,0,1,0,1,0,1
2026-07-27_12-24-41_f0060_0.jpg,0,0,1,0,1,0,1
2026-07-27_12-24-41_f0108_0.jpg,0,0,1,0,1,0,1
2026-07-27_13-48-52_f0012_0.jpg,0,0,0,0,0,1,1
2026-07-27_13-48-52_f0060_0.jpg,0,0,0,0,0,1,1
2026-07-27_13-48-52_f0108_0.jpg,0,0,0,0,0,1,1
2026-07-27_19-18-37_f0012_0.jpg,0,0,0,0,0,0,1
2026-07-27_19-18-37_f0060_0.jpg,0,0,0,0,0,0,1
2026-07-27_19-18-37_f0108_0.jpg,0,0,0,0,0,1,1
2026-07-27_19-21-25_f0012_0.jpg,1,0,0,0,0,0,1
2026-07-27_19-21-25_f0060_0.jpg,1,0,0,0,0,0,1
2026-07-27_19-21-25_f0108_0.jpg,1,0,0,0,0,0,1
2026-07-27_19-28-01_f0012_0.jpg,0,0,0,0,0,1,1
2026-07-27_19-28-01_f0060_0.jpg,1,0,0,0,0,0,1
2026-07-27_19-28-01_f0108_0.jpg,0,0,0,0,0,1,1
2026-07-27_19-29-25_f0012_0.jpg,1,0,0,0,0,0,1
2026-07-27_19-29-25_f0060_0.jpg,1,0,0,0,0,0,1
2026-07-27_19-29-25_f0108_0.jpg,1,0,0,0,0,0,1
2026-07-27_22-51-11_f0012_0.jpg,0,0,0,0,0,1,1
2026-07-27_22-51-11_f0060_0.jpg,0,1,0,0,0,0,1
2026-07-27_22-51-11_f0108_0.jpg,0,0,0,0,0,1,1
2026-07-27_23-01-29_f0012_0.jpg,0,0,0,0,0,0,1
2026-07-27_23-01-29_f0060_0.jpg,0,0,0,0,0,0,1
2026-07-27_23-01-29_f0108_0.jpg,0,0,0,0,0,1,1
2026-07-27_23-43-35_f0007_0.jpg,0,0,0,0,0,1,1
2026-07-27_23-43-35_f0039_0.jpg,0,0,0,0,0,1,1
2026-07-27_23-43-35_f0070_0.jpg,0,0,0,0,0,1,1
2026-07-28_00-16-58_f0012_0.jpg,0,0,0,0,0,1,1
2026-07-28_00-16-58_f0060_0.jpg,0,0,0,0,0,1,1
2026-07-28_00-16-58_f0108_0.jpg,0,0,0,0,0,1,1
2026-07-28_00-29-58_f0012_0.jpg,0,0,0,0,0,1,1
2026-07-28_00-29-58_f0060_0.jpg,0,0,0,0,0,1,1
2026-07-28_00-29-58_f0108_0.jpg,0,0,0,0,0,1,1
2026-07-28_03-11-39_f0012_0.jpg,0,0,0,0,0,1,1
2026-07-28_03-11-39_f0060_0.jpg,0,0,0,0,0,1,1
2026-07-28_03-11-39_f0108_0.jpg,0,0,0,0,0,1,1
2026-07-28_03-17-38_f0012_0.jpg,0,0,0,0,0,1,1
2026-07-28_03-17-38_f0060_0.jpg,0,0,0,0,0,1,1
2026-07-28_03-17-38_f0108_0.jpg,0,0,0,0,0,1,1
2026-07-28_04-05-14_f0060_0.jpg,0,0,0,0,1,0,1
2026-07-28_04-05-14_f0108_0.jpg,0,0,0,0,1,0,1
2026-07-28_04-09-26_f0012_0.jpg,0,0,0,0,1,0,1
2026-07-28_04-09-26_f0060_0.jpg,0,0,0,0,1,0,1
2026-07-28_04-09-26_f0108_0.jpg,0,0,0,0,1,0,1
2026-07-28_04-15-02_f0002_0.jpg,0,0,0,0,1,0,1
2026-07-28_04-15-02_f0012_0.jpg,0,0,0,0,1,0,1
2026-07-28_04-15-02_f0021_0.jpg,0,0,0,0,1,0,1
2026-07-28_04-15-20_f0012_0.jpg,0,0,0,0,1,0,1
2026-07-28_04-15-20_f0060_0.jpg,0,0,0,0,1,0,1
2026-07-28_04-15-20_f0108_0.jpg,0,0,0,0,1,0,1
2026-07-28_04-53-13_f0012_0.jpg,0,0,0,0,0,1,1
2026-07-28_04-53-13_f0060_0.jpg,0,0,0,0,0,0,1
2026-07-28_04-53-13_f0108_0.jpg,0,0,0,0,0,0,1
2026-07-28_04-56-55_f0012_0.jpg,0,0,0,0,0,1,1
2026-07-28_04-56-55_f0060_0.jpg,0,0,0,1,0,0,1
2026-07-28_04-56-55_f0108_0.jpg,0,0,0,1,0,0,1
2026-07-28_06-12-07_f0012_0.jpg,0,0,0,0,0,1,1
2026-07-28_06-12-07_f0060_0.jpg,0,0,0,0,1,0,1
2026-07-28_06-12-07_f0108_0.jpg,0,0,0,0,0,1,1
2026-07-28_07-28-54_f0012_0.jpg,0,0,0,0,1,0,1
2026-07-28_07-28-54_f0060_0.jpg,0,0,0,0,1,0,1
2026-07-28_07-28-54_f0108_0.jpg,0,0,0,0,1,0,1
2026-07-28_09-30-35_f0004_0.jpg,0,0,0,0,0,1,1
2026-07-28_09-30-35_f0021_0.jpg,0,0,0,0,0,1,1
2026-07-28_09-30-35_f0037_0.jpg,0,0,0,0,0,1,1
2026-07-28_09-30-59_f0012_0.jpg,0,0,0,0,0,1,1
2026-07-28_09-30-59_f0060_0.jpg,0,0,0,0,0,0,0
2026-07-28_09-30-59_f0108_0.jpg,0,0,0,0,0,0,0
2026-07-28_11-16-51_f0012_0.jpg,0,0,0,0,1,0,1
2026-07-28_11-16-51_f0060_0.jpg,0,0,0,0,1,0,1
2026-07-28_11-16-51_f0108_0.jpg,0,0,0,0,1,0,1
2026-07-28_11-17-03_f0012_0.jpg,0,0,0,0,0,1,1
2026-07-28_11-17-03_f0060_0.jpg,0,0,0,1,0,0,1
2026-07-28_11-17-03_f0108_0.jpg,0,0,0,0,0,1,1
2026-07-28_11-19-21_f0012_0.jpg,0,0,0,0,1,0,1
2026-07-28_11-19-21_f0060_0.jpg,0,0,0,0,0,1,1
2026-07-28_11-19-21_f0108_0.jpg,0,0,0,0,0,1,1
2026-07-28_11-35-33_f0012_0.jpg,0,0,0,0,0,1,1
2026-07-28_11-35-33_f0060_0.jpg,0,0,0,0,0,1,1
2026-07-28_11-35-33_f0108_0.jpg,0,0,0,0,0,1,1
2026-07-28_13-14-38_f0001_0.jpg,0,0,0,0,1,0,1
2026-07-28_13-14-38_f0009_0.jpg,0,0,0,0,1,0,1
2026-07-28_13-14-38_f0017_0.jpg,0,0,0,0,1,0,1
2026-07-28_13-17-38_f0012_0.jpg,0,0,0,0,1,0,1
2026-07-28_13-17-38_f0060_0.jpg,0,0,0,0,1,0,1
2026-07-28_13-17-38_f0108_0.jpg,0,0,0,0,1,0,1
2026-07-28_16-08-12_f0012_0.jpg,0,0,0,0,1,0,1
2026-07-28_16-08-12_f0060_0.jpg,0,0,0,0,1,0,1
2026-07-28_16-08-12_f0108_0.jpg,0,0,0,0,1,0,1
2026-07-28_16-09-30_f0012_0.jpg,0,0,0,0,1,0,1
2026-07-28_16-09-30_f0060_0.jpg,0,0,0,0,1,0,1
2026-07-28_16-09-30_f0108_0.jpg,0,0,0,0,1,0,1
2026-07-29_01-55-06_f0060_0.jpg,0,0,0,0,0,1,1
2026-07-29_01-55-06_f0108_0.jpg,0,0,0,0,0,1,1
2026-07-29_02-49-30_f0012_0.jpg,0,0,0,0,0,1,1
2026-07-29_02-49-30_f0060_0.jpg,0,0,0,0,0,1,1
2026-07-29_02-49-30_f0108_0.jpg,0,0,0,0,0,0,0
2026-07-29_02-49-30_f0108_1.jpg,0,0,0,0,0,0,0
2026-07-29_05-58-04_f0012_0.jpg,0,0,0,0,1,0,1
2026-07-29_05-58-04_f0060_0.jpg,0,0,0,0,1,0,1
2026-07-29_05-58-04_f0108_0.jpg,0,0,0,0,1,0,1
2026-07-29_06-26-28_f0005_0.jpg,0,0,0,0,1,0,1
2026-07-29_06-26-28_f0026_0.jpg,0,0,0,0,1,0,1
2026-07-29_06-26-28_f0046_0.jpg,0,0,0,0,1,0,1
2026-07-29_08-20-50_f0012_0.jpg,0,0,0,0,0,1,1
2026-07-29_08-20-50_f0060_0.jpg,0,0,0,0,0,1,1
2026-07-29_08-20-50_f0108_0.jpg,0,0,0,0,0,1,1
2026-07-29_08-47-14_f0012_0.jpg,0,1,0,0,0,0,1
2026-07-29_08-47-14_f0060_0.jpg,0,0,0,0,0,1,1
2026-07-29_08-47-14_f0108_0.jpg,0,0,0,0,0,1,1
2026-07-29_08-57-02_f0012_0.jpg,0,0,0,0,0,1,1
2026-07-29_08-57-02_f0060_0.jpg,0,0,0,0,0,0,0
2026-07-29_08-57-02_f0108_0.jpg,0,0,0,0,0,0,0
2026-07-29_14-43-10_f0012_0.jpg,1,0,0,0,0,0,1
2026-07-29_14-43-10_f0060_0.jpg,1,0,0,0,0,0,1
2026-07-29_14-43-10_f0108_0.jpg,1,0,0,0,0,0,1
2026-07-29_14-51-10_f0012_0.jpg,1,0,0,0,0,0,1
2026-07-29_14-51-10_f0060_0.jpg,1,0,0,0,0,0,1
2026-07-29_14-51-10_f0108_0.jpg,1,0,0,0,0,0,1
2026-07-29_14-54-16_f0012_0.jpg,1,0,0,0,0,0,1
2026-07-29_14-54-16_f0060_0.jpg,1,0,0,0,0,0,1
2026-07-29_14-54-16_f0108_0.jpg,1,0,0,0,0,0,1
2026-07-29_14-59-52_f0012_0.jpg,1,0,0,0,0,0,1
2026-07-29_14-59-52_f0060_0.jpg,1,0,0,0,0,0,1
2026-07-29_14-59-52_f0108_0.jpg,1,0,0,0,0,0,1
2026-07-29_15-05-40_f0012_0.jpg,1,0,0,0,0,0,1
2026-07-29_15-05-40_f0060_0.jpg,0,0,0,0,0,0,0
2026-07-29_15-05-40_f0108_0.jpg,0,0,0,0,0,0,0
2026-07-29_18-02-50_f0012_0.jpg,0,0,0,0,0,1,1
2026-07-29_18-02-50_f0060_0.jpg,0,0,0,0,0,1,1
2026-07-29_18-02-50_f0108_0.jpg,0,0,0,0,0,1,1
2026-07-29_19-04-26_f0012_0.jpg,1,1,0,0,0,0,1
2026-07-29_19-04-26_f0060_0.jpg,0,0,0,0,0,1,1
2026-07-29_19-04-26_f0108_0.jpg,0,0,0,0,0,1,1
2026-07-29_19-46-58_f0012_0.jpg,0,0,0,0,1,0,1
2026-07-29_19-46-58_f0060_0.jpg,0,0,0,0,1,0,1
2026-07-29_19-46-58_f0108_0.jpg,0,0,0,0,1,0,1
2026-07-29_20-25-57_f0012_0.jpg,0,0,0,0,0,1,1
2026-07-29_20-25-57_f0060_0.jpg,0,0,0,0,0,1,1
2026-07-29_20-25-57_f0108_0.jpg,0,0,0,0,0,1,1
2026-07-29_20-39-45_f0012_0.jpg,0,0,0,0,0,1,1
2026-07-29_20-39-45_f0060_0.jpg,0,0,0,0,0,0,0
2026-07-29_20-39-45_f0108_0.jpg,0,0,0,0,0,0,0
2026-07-30_02-06-12_f0012_0.jpg,1,0,0,0,0,0,1
2026-07-30_02-06-12_f0060_0.jpg,1,0,0,0,0,0,1
2026-07-30_02-06-12_f0060_1.jpg,0,0,0,0,0,1,1
2026-07-30_02-06-12_f0108_0.jpg,1,0,0,0,0,0,1
2026-07-30_03-39-05_f0012_0.jpg,0,0,0,0,1,0,1
2026-07-30_03-39-05_f0012_1.jpg,0,0,0,0,0,1,1
2026-07-30_03-39-05_f0060_0.jpg,0,0,0,0,1,0,1
2026-07-30_03-39-05_f0108_0.jpg,0,0,0,0,1,0,1
2026-07-30_03-39-05_f0108_1.jpg,0,0,0,0,0,1,1
2026-07-30_03-47-53_f0012_0.jpg,0,0,0,0,1,0,1
2026-07-30_03-47-53_f0060_0.jpg,0,0,0,0,1,0,1
2026-07-30_03-47-53_f0108_0.jpg,0,0,0,0,1,0,1
2026-07-30_03-47-53_f0108_1.jpg,0,0,0,0,0,1,1
2026-07-30_05-12-34_f0012_0.jpg,0,0,0,0,0,0,0
2026-07-30_05-12-34_f0012_1.jpg,0,0,0,0,0,0,0
2026-07-30_05-12-34_f0060_0.jpg,0,0,0,1,0,0,1
2026-07-30_05-12-34_f0108_0.jpg,0,0,0,0,0,1,1
2026-07-30_05-12-34_f0108_1.jpg,0,0,0,0,0,1,1
2026-07-30_05-56-15_f0012_0.jpg,0,0,0,0,1,0,1
2026-07-30_05-56-15_f0060_0.jpg,0,0,0,0,1,0,1
2026-07-30_05-56-15_f0108_0.jpg,0,0,0,0,1,0,1
2026-07-30_05-57-27_f0001_0.jpg,0,0,0,0,1,0,1
2026-07-30_05-57-27_f0007_0.jpg,0,0,0,0,1,0,1
2026-07-30_05-57-27_f0013_0.jpg,0,0,0,0,1,0,1
2026-07-30_06-13-03_f0012_0.jpg,0,0,0,0,1,0,1
2026-07-30_06-13-03_f0060_0.jpg,0,0,0,0,1,0,1
2026-07-30_06-13-03_f0108_0.jpg,0,0,0,0,1,0,1
2026-07-30_06-14-27_f0012_0.jpg,0,0,0,0,1,0,1
2026-07-30_06-14-27_f0060_0.jpg,0,0,0,0,1,0,1
2026-07-30_06-14-27_f0108_0.jpg,0,0,0,0,1,0,1
2026-07-30_06-14-39_f0012_0.jpg,0,0,0,0,1,0,1
2026-07-30_06-14-39_f0060_0.jpg,0,0,0,0,1,0,1
2026-07-30_06-14-39_f0108_0.jpg,0,0,0,0,1,0,1
2026-07-30_07-43-50_f0012_0.jpg,0,0,0,0,1,0,1
2026-07-30_07-43-50_f0060_0.jpg,0,0,0,0,1,0,1
2026-07-30_07-43-50_f0108_0.jpg,0,0,0,0,1,0,1
2026-07-30_10-00-28_f0012_0.jpg,0,0,0,0,0,1,1
2026-07-30_10-00-28_f0060_0.jpg,0,0,0,0,0,1,1
2026-07-30_10-00-28_f0108_0.jpg,0,0,0,0,0,1,1
2026-07-30_10-38-58_f0012_0.jpg,0,0,0,0,0,1,1
2026-07-30_10-38-58_f0060_0.jpg,0,0,0,0,0,1,1
2026-07-30_10-38-58_f0108_0.jpg,0,0,0,0,0,1,1
2026-07-30_10-48-16_f0012_0.jpg,0,1,0,0,0,0,1
2026-07-30_10-48-16_f0060_0.jpg,0,0,0,0,0,0,0
2026-07-30_10-48-16_f0108_0.jpg,0,0,0,0,0,0,0
2026-07-30_10-49-16_f0012_0.jpg,0,0,0,0,0,1,1
2026-07-30_10-49-16_f0060_0.jpg,0,0,0,0,0,1,1
2026-07-30_10-49-16_f0108_0.jpg,0,0,0,1,0,0,1
2026-07-30_12-46-09_f0108_0.jpg,0,0,0,0,0,1,1
2026-07-30_12-50-15_f0012_0.jpg,0,0,0,0,0,1,1
2026-07-30_12-50-15_f0060_0.jpg,0,0,0,0,0,1,1
2026-07-30_12-50-15_f0108_0.jpg,0,0,0,0,0,1,1
2026-07-30_12-51-39_f0012_0.jpg,0,0,0,0,0,1,1
2026-07-30_12-51-39_f0060_0.jpg,0,0,0,0,0,1,1
2026-07-30_12-51-39_f0108_0.jpg,0,0,0,0,0,1,1
2026-07-30_13-03-26_f0012_0.jpg,0,0,1,0,0,0,1
2026-07-30_13-03-26_f0060_0.jpg,0,0,1,0,0,0,1
2026-07-30_13-03-26_f0108_0.jpg,0,0,1,0,0,0,1
2026-07-30_13-05-14_f0012_0.jpg,0,0,0,0,0,0,0
2026-07-30_13-05-14_f0060_0.jpg,0,0,0,0,0,0,0
2026-07-30_13-05-14_f0108_0.jpg,0,0,1,1,0,0,1
2026-07-30_15-34-43_f0012_0.jpg,0,0,0,1,0,0,1
2026-07-30_15-34-43_f0060_0.jpg,0,1,0,1,0,0,1
2026-07-30_15-34-43_f0108_0.jpg,0,1,0,1,0,0,1
2026-07-30_17-54-48_f0012_0.jpg,0,0,0,0,0,1,1
2026-07-30_17-54-48_f0060_0.jpg,0,0,0,0,0,1,1
2026-07-30_17-54-48_f0108_0.jpg,0,0,0,0,0,1,1
2026-07-30_18-32-53_f0012_0.jpg,0,0,0,0,0,1,1
2026-07-30_18-32-53_f0060_0.jpg,0,0,0,0,0,1,1
2026-07-30_18-32-53_f0108_0.jpg,0,0,0,0,0,1,1
2026-07-30_19-23-48_f0012_0.jpg,0,0,0,0,0,1,1
2026-07-30_19-23-48_f0060_0.jpg,0,0,0,0,0,1,1
2026-07-30_19-23-48_f0108_0.jpg,0,0,0,0,0,1,1
2026-07-30_19-37-36_f0012_0.jpg,0,0,0,0,0,1,1
2026-07-30_19-37-36_f0060_0.jpg,0,0,0,0,0,1,1
2026-07-30_19-37-36_f0108_0.jpg,0,0,0,0,0,1,1
2026-07-30_19-40-42_f0012_0.jpg,0,0,0,0,0,1,1
2026-07-30_19-40-42_f0060_0.jpg,0,0,0,0,0,1,1
2026-07-30_19-40-42_f0108_0.jpg,0,0,0,0,0,1,1
2026-07-30_20-29-56_f0108_0.jpg,1,0,0,0,0,0,1
2026-07-30_20-34-49_f0012_0.jpg,1,0,0,0,0,0,1
2026-07-30_20-34-49_f0060_0.jpg,1,0,0,0,0,0,1
2026-07-30_20-34-49_f0108_0.jpg,1,0,0,0,0,0,1
2026-07-30_20-35-25_f0012_0.jpg,1,0,0,0,0,0,1
2026-07-30_20-35-25_f0060_0.jpg,1,0,0,0,0,0,1
2026-07-30_20-35-25_f0108_0.jpg,1,0,0,0,0,0,1
2026-07-30_23-09-46_f0012_0.jpg,1,0,0,0,0,0,1
2026-07-30_23-09-46_f0060_0.jpg,1,0,0,0,0,0,1
2026-07-30_23-09-46_f0108_0.jpg,0,0,0,0,0,0,0
2026-07-30_23-46-57_f0012_0.jpg,0,0,0,0,0,0,0
2026-07-30_23-46-57_f0060_0.jpg,0,0,0,0,0,1,1
2026-07-30_23-46-57_f0108_0.jpg,0,0,0,0,1,0,1
2026-07-31_00-53-09_f0060_0.jpg,0,0,0,0,0,1,1
2026-07-31_00-53-09_f0108_0.jpg,0,0,0,0,0,1,1
2026-07-31_01-37-14_f0012_0.jpg,0,0,0,1,0,0,1
2026-07-31_01-37-14_f0060_0.jpg,0,0,0,0,0,1,1
2026-07-31_01-37-14_f0108_0.jpg,0,0,0,0,0,1,1
2026-07-31_02-47-02_f0012_0.jpg,0,0,0,0,1,0,1
2026-07-31_02-47-02_f0060_0.jpg,0,0,0,0,1,0,1
2026-07-31_02-47-02_f0108_0.jpg,0,0,0,0,1,0,1
2026-07-31_02-47-13_f0012_0.jpg,0,0,0,0,1,0,1
2026-07-31_02-47-13_f0060_0.jpg,0,0,0,0,1,0,1
2026-07-31_02-47-13_f0108_0.jpg,0,0,0,0,1,0,1
2026-07-31_03-30-31_f0012_0.jpg,0,0,0,0,1,0,1
2026-07-31_03-30-31_f0060_0.jpg,0,0,0,0,1,0,1
2026-07-31_03-30-31_f0108_0.jpg,0,0,0,0,1,0,1
2026-07-31_03-52-25_f0012_0.jpg,0,0,0,0,1,0,1
2026-07-31_04-24-12_f0012_0.jpg,0,0,0,0,0,1,1
2026-07-31_04-24-12_f0060_0.jpg,0,0,0,0,0,1,1
2026-07-31_04-24-12_f0108_0.jpg,0,0,0,0,0,1,1
2026-07-31_05-07-12_f0012_0.jpg,0,0,0,0,0,1,1
2026-07-31_05-07-12_f0060_0.jpg,0,0,0,0,0,1,1
2026-07-31_05-07-12_f0108_0.jpg,0,0,0,0,0,1,1
2026-07-31_05-54-36_f0012_0.jpg,0,0,0,0,0,1,1
2026-07-31_05-54-36_f0012_1.jpg,0,0,0,0,0,1,1
2026-07-31_05-54-36_f0060_0.jpg,0,0,0,0,0,1,1
2026-07-31_05-54-36_f0060_1.jpg,0,0,0,0,0,1,1
2026-07-31_05-54-36_f0108_0.jpg,0,0,0,0,0,1,1
2026-07-31_05-54-36_f0108_1.jpg,0,0,0,0,0,1,1
2026-07-31_06-04-41_f0012_0.jpg,0,0,0,0,0,1,1
2026-07-31_06-04-41_f0012_1.jpg,0,0,0,0,0,1,1
2026-07-31_06-04-41_f0060_0.jpg,0,0,0,0,1,0,1
2026-07-31_06-04-41_f0060_1.jpg,0,0,0,0,0,1,1
2026-07-31_06-04-41_f0108_0.jpg,0,0,0,0,1,0,1
2026-07-31_06-04-41_f0108_1.jpg,0,0,0,0,0,1,1
2026-07-31_06-50-17_f0012_0.jpg,0,0,0,0,0,1,1
2026-07-31_06-50-17_f0060_0.jpg,0,0,0,0,0,1,1
2026-07-31_06-50-17_f0108_0.jpg,0,0,0,0,0,1,1
2026-07-31_07-28-47_f0009_0.jpg,0,0,0,0,1,0,1
2026-07-31_07-28-47_f0045_0.jpg,0,0,0,0,1,0,1
2026-07-31_07-28-47_f0081_0.jpg,0,0,0,0,1,0,1
2026-07-31_07-35-04_f0012_0.jpg,0,0,0,0,1,0,1
2026-07-31_07-35-04_f0060_0.jpg,0,0,0,0,1,0,1
2026-07-31_07-35-04_f0108_0.jpg,0,0,0,0,1,0,1
2026-07-31_07-35-16_f0012_0.jpg,0,0,0,0,1,0,1
2026-07-31_07-35-16_f0060_0.jpg,0,0,0,0,1,0,1
2026-07-31_07-35-16_f0108_0.jpg,0,0,0,0,1,0,1
2026-07-31_08-30-16_f0012_0.jpg,0,0,0,0,0,1,1
2026-07-31_08-30-16_f0060_0.jpg,0,0,0,0,1,0,1
2026-07-31_08-30-16_f0108_0.jpg,0,0,0,0,1,0,1
2026-07-31_08-31-46_f0012_0.jpg,0,0,0,0,1,0,1
2026-07-31_08-31-46_f0060_0.jpg,0,0,0,0,1,0,1
2026-07-31_08-31-46_f0108_0.jpg,0,0,0,0,1,0,1
2026-07-31_09-37-21_f0012_0.jpg,0,0,0,0,0,1,1
2026-07-31_09-37-21_f0060_0.jpg,0,0,0,0,0,1,1
2026-07-31_09-37-21_f0108_0.jpg,0,0,0,0,0,1,1
2026-07-31_10-56-38_f0012_0.jpg,0,0,0,0,1,0,1
2026-07-31_10-56-38_f0060_0.jpg,0,0,0,0,1,0,1
2026-07-31_10-56-38_f0108_0.jpg,0,0,0,0,1,0,1
2026-07-31_11-40-44_f0012_0.jpg,0,0,0,0,1,0,1
2026-07-31_11-40-44_f0060_0.jpg,0,0,1,0,1,0,1
2026-07-31_11-40-44_f0108_0.jpg,0,0,1,0,1,0,1
2026-07-31_11-43-14_f0012_0.jpg,0,0,1,0,1,0,1
2026-07-31_11-43-14_f0060_0.jpg,0,0,1,0,1,0,1
2026-07-31_11-43-14_f0108_0.jpg,0,0,1,0,1,0,1
2026-07-31_11-44-26_f0012_0.jpg,0,0,1,0,1,0,1
2026-07-31_11-44-26_f0060_0.jpg,0,0,1,0,1,0,1
2026-07-31_11-44-26_f0108_0.jpg,0,0,1,0,1,0,1
2026-07-31_11-48-44_f0012_0.jpg,0,0,1,0,1,0,1
2026-07-31_11-48-44_f0060_0.jpg,0,0,1,0,1,0,1
2026-07-31_11-48-44_f0108_0.jpg,0,0,1,0,1,0,1
2026-07-31_13-04-43_f0012_0.jpg,0,0,1,0,0,0,1
2026-07-31_13-04-43_f0060_0.jpg,0,0,1,0,0,0,1
2026-07-31_13-04-43_f0108_0.jpg,0,0,0,0,0,0,0
2026-07-31_13-12-43_f0012_0.jpg,0,0,0,0,0,0,0
2026-07-31_13-12-43_f0060_0.jpg,0,0,1,0,0,0,1
2026-07-31_13-12-43_f0108_0.jpg,0,0,1,0,0,0,1
2026-07-31_13-18-19_f0001_0.jpg,0,0,0,0,0,1,1
2026-07-31_13-18-19_f0008_0.jpg,0,0,0,0,0,1,1
2026-07-31_13-18-19_f0015_0.jpg,0,0,0,0,0,1,1
2026-07-31_13-37-01_f0012_0.jpg,0,0,0,0,0,1,1
2026-07-31_13-37-01_f0060_0.jpg,0,0,0,0,0,1,1
2026-07-31_13-37-01_f0108_0.jpg,0,0,0,0,0,1,1
2026-07-31_14-33-30_f0012_0.jpg,0,0,0,0,0,1,1
2026-07-31_14-33-30_f0060_0.jpg,0,0,0,0,0,1,1
2026-07-31_14-33-30_f0108_0.jpg,0,0,0,0,0,1,1
2026-07-31_15-51-05_f0060_0.jpg,1,0,0,0,0,0,1
2026-07-31_15-51-05_f0108_0.jpg,1,0,0,0,0,0,1
2026-07-31_16-06-53_f0012_0.jpg,0,0,0,0,0,0,0
2026-07-31_16-06-53_f0060_0.jpg,0,0,0,0,0,0,0
2026-07-31_16-06-53_f0108_0.jpg,1,0,0,0,0,0,1
2026-07-31_16-08-17_f0012_0.jpg,1,0,0,0,0,0,1
2026-07-31_17-07-47_f0012_0.jpg,1,0,0,0,0,0,1
2026-07-31_17-07-47_f0060_0.jpg,1,0,0,0,0,0,1
2026-07-31_17-07-47_f0108_0.jpg,1,0,0,0,0,0,1
2026-07-31_17-23-52_f0012_0.jpg,1,0,0,0,0,0,1
2026-07-31_17-23-52_f0060_0.jpg,1,0,0,0,0,0,1
2026-07-31_17-23-52_f0108_0.jpg,1,0,0,0,0,0,1
2026-07-31_17-39-40_f0012_0.jpg,1,0,0,0,0,0,1
2026-07-31_17-39-40_f0060_0.jpg,1,0,0,0,0,0,1
2026-07-31_17-39-40_f0108_0.jpg,1,0,0,0,0,0,1
2026-07-31_21-38-20_f0012_0.jpg,0,0,0,0,0,1,1
2026-07-31_21-38-20_f0060_0.jpg,0,0,0,0,0,1,1
2026-07-31_21-38-20_f0108_0.jpg,0,0,0,0,0,1,1
2026-07-31_21-59-38_f0012_0.jpg,0,0,0,0,0,1,1
2026-07-31_21-59-38_f0060_0.jpg,0,0,0,0,0,1,1
2026-07-31_21-59-38_f0108_0.jpg,0,0,0,0,0,1,1
2026-07-31_22-04-19_f0012_0.jpg,0,0,0,0,0,1,1
2026-07-31_22-04-19_f0060_0.jpg,0,0,0,0,0,1,1
2026-07-31_22-04-19_f0108_0.jpg,0,0,0,0,0,1,1
2026-07-31_22-42-13_f0012_0.jpg,0,0,0,0,0,1,1
2026-07-31_22-42-13_f0060_0.jpg,0,0,0,0,0,1,1
2026-07-31_22-42-13_f0108_0.jpg,0,0,0,0,0,1,1
2026-07-31_22-44-55_f0012_0.jpg,0,0,0,0,0,1,1
2026-07-31_22-44-55_f0060_0.jpg,0,0,0,0,0,1,1
2026-07-31_22-44-55_f0108_0.jpg,0,0,0,0,0,1,1
2026-07-31_22-56-31_f0012_0.jpg,0,0,0,0,1,0,1
2026-07-31_22-56-31_f0060_0.jpg,0,0,0,0,1,0,1
2026-07-31_22-56-31_f0108_0.jpg,0,0,0,0,0,0,0
2026-07-31_23-37-06_f0012_0.jpg,0,0,0,0,0,0,0
2026-07-31_23-37-06_f0060_0.jpg,0,0,0,0,0,1,1
2026-07-31_23-37-06_f0108_0.jpg,0,0,0,0,0,1,1
2026-07-31_23-39-54_f0012_0.jpg,0,0,0,0,0,1,1
2026-07-31_23-39-54_f0060_0.jpg,0,0,0,0,0,1,1
2026-07-31_23-39-54_f0108_0.jpg,0,0,0,0,0,1,1
2026-08-01_00-40-48_f0012_0.jpg,0,0,0,0,0,1,1
2026-08-01_00-40-48_f0060_0.jpg,0,0,0,0,0,1,1
2026-08-01_00-40-48_f0108_0.jpg,0,0,0,0,0,1,1
2026-08-01_00-46-24_f0012_0.jpg,0,0,0,0,0,1,1
2026-08-01_00-46-24_f0060_0.jpg,0,0,0,0,0,1,1
2026-08-01_00-46-24_f0108_0.jpg,0,0,0,0,0,1,1
2026-08-01_01-31-29_f0012_0.jpg,0,0,0,0,0,1,1
2026-08-01_01-31-29_f0060_0.jpg,0,0,0,0,0,1,1
2026-08-01_01-31-29_f0108_0.jpg,0,0,0,0,0,1,1
2026-08-01_01-39-35_f0012_0.jpg,0,0,0,0,0,1,1
2026-08-01_01-39-35_f0060_0.jpg,0,0,0,0,0,1,1
2026-08-01_01-39-35_f0108_0.jpg,0,0,0,0,0,1,1
2026-08-01_01-50-47_f0012_0.jpg,0,0,1,0,0,0,1
2026-08-01_01-50-47_f0060_0.jpg,0,0,1,0,0,0,1
2026-08-01_01-50-47_f0108_0.jpg,0,0,1,0,0,0,1
2026-08-01_01-57-29_f0012_0.jpg,0,0,0,0,0,1,1
2026-08-01_01-57-29_f0060_0.jpg,0,0,0,0,0,1,1
2026-08-01_01-57-29_f0108_0.jpg,0,0,0,0,0,1,1
2026-08-01_01-59-17_f0012_0.jpg,0,0,0,0,0,1,1
2026-08-01_01-59-17_f0060_0.jpg,0,0,0,0,0,1,1
2026-08-01_01-59-17_f0108_0.jpg,0,0,0,0,0,1,1
2026-08-01_02-03-29_f0004_0.jpg,0,0,1,0,0,0,1
2026-08-01_02-03-29_f0022_0.jpg,0,0,1,0,0,0,1
2026-08-01_02-03-29_f0040_0.jpg,0,0,0,0,0,0,0
2026-08-01_02-05-05_f0012_0.jpg,0,0,0,0,0,0,0
2026-08-01_02-05-05_f0060_0.jpg,0,0,0,0,0,1,1
2026-08-01_02-05-05_f0108_0.jpg,0,0,0,0,0,1,1
2026-08-01_02-08-05_f0012_0.jpg,0,0,0,0,0,1,1
2026-08-01_02-08-05_f0060_0.jpg,0,0,0,0,0,1,1
2026-08-01_02-08-05_f0108_0.jpg,0,0,0,0,0,1,1
2026-08-01_02-10-05_f0012_0.jpg,0,0,0,0,0,1,1
2026-08-01_02-10-05_f0060_0.jpg,0,0,0,0,0,1,1
2026-08-01_02-10-05_f0108_0.jpg,0,0,0,0,0,1,1
2026-08-01_02-50-58_f0012_0.jpg,0,0,0,0,1,0,1
2026-08-01_02-50-58_f0060_0.jpg,0,0,0,0,1,0,1
2026-08-01_03-26-04_f0012_0.jpg,0,0,0,0,0,1,1
2026-08-01_03-26-04_f0060_0.jpg,0,0,0,0,0,1,1
2026-08-01_03-26-04_f0108_0.jpg,0,0,0,0,0,1,1
2026-08-01_03-32-40_f0012_0.jpg,0,0,0,0,0,1,1
2026-08-01_03-32-40_f0060_0.jpg,0,0,0,0,0,1,1
2026-08-01_03-32-40_f0108_0.jpg,0,0,0,0,0,1,1
2026-08-01_03-46-10_f0012_0.jpg,0,0,0,0,0,1,1
2026-08-01_03-46-10_f0060_0.jpg,0,0,0,0,0,1,1
2026-08-01_03-46-10_f0108_0.jpg,0,0,0,0,0,1,1
2026-08-01_04-42-51_f0012_0.jpg,0,0,0,0,0,1,1
2026-08-01_04-42-51_f0060_0.jpg,0,0,0,0,0,1,1
2026-08-01_04-42-51_f0108_0.jpg,0,0,0,0,0,1,1
2026-08-01_05-18-51_f0012_0.jpg,0,0,0,0,0,1,1
2026-08-01_05-18-51_f0060_0.jpg,0,0,0,0,0,1,1
2026-08-01_05-18-51_f0108_0.jpg,0,0,0,0,0,1,1
2026-08-01_06-14-38_f0012_0.jpg,0,0,0,0,0,1,1
2026-08-01_06-14-38_f0060_0.jpg,0,0,0,0,0,1,1
2026-08-01_06-14-38_f0108_0.jpg,0,0,0,0,0,1,1
2026-08-01_08-49-55_f0060_0.jpg,0,0,0,0,0,0,0
2026-08-01_09-31-12_f0012_0.jpg,0,0,0,0,0,0,0
2026-08-01_09-31-12_f0060_0.jpg,0,0,0,0,0,1,1
2026-08-01_09-31-12_f0108_0.jpg,0,0,0,0,0,1,1
2026-08-01_09-33-00_f0002_0.jpg,0,0,0,0,0,1,1
2026-08-01_09-33-00_f0012_0.jpg,0,0,0,0,0,1,1
2026-08-01_09-33-00_f0021_0.jpg,0,0,0,0,0,1,1
2026-08-01_09-39-00_f0012_0.jpg,0,0,0,0,0,1,1
2026-08-01_09-39-00_f0060_0.jpg,0,0,0,0,0,1,1
2026-08-01_09-39-00_f0108_0.jpg,0,0,0,0,0,1,1
2026-08-01_09-39-36_f0012_0.jpg,0,0,0,0,0,1,1
2026-08-01_09-39-36_f0060_0.jpg,0,0,0,0,0,1,1
2026-08-01_09-39-36_f0108_0.jpg,0,0,0,0,0,1,1
2026-08-01_10-39-30_f0012_0.jpg,0,0,0,0,0,1,1
2026-08-01_10-39-30_f0060_0.jpg,0,0,0,0,0,1,1
2026-08-01_10-39-30_f0108_0.jpg,0,0,0,0,0,1,1
2026-08-01_11-30-05_f0012_0.jpg,0,0,0,0,0,1,1
2026-08-01_11-30-05_f0060_0.jpg,0,0,0,0,0,1,1
2026-08-01_11-30-05_f0108_0.jpg,0,0,0,0,0,1,1
2026-08-01_11-39-29_f0012_0.jpg,0,0,0,0,0,1,1
2026-08-01_11-39-29_f0060_0.jpg,0,0,0,0,0,1,1
2026-08-01_11-39-29_f0108_0.jpg,0,0,0,0,0,1,1
2026-08-01_11-48-47_f0012_0.jpg,0,0,0,0,0,1,1
2026-08-01_11-48-47_f0060_0.jpg,0,0,0,0,0,1,1
2026-08-01_11-48-47_f0108_0.jpg,0,0,0,0,0,1,1
2026-08-01_11-49-59_f0012_0.jpg,0,0,0,0,0,1,1
2026-08-01_11-49-59_f0060_0.jpg,0,0,0,0,0,1,1
2026-08-01_11-49-59_f0108_0.jpg,0,0,0,0,0,1,1
2026-08-01_11-59-29_f0012_0.jpg,0,0,0,0,0,1,1
2026-08-01_11-59-29_f0060_0.jpg,0,0,0,1,0,0,1
2026-08-01_11-59-29_f0108_0.jpg,0,0,0,0,0,0,0
2026-08-01_12-47-16_f0060_0.jpg,0,0,0,0,0,0,0
2026-08-01_12-47-16_f0108_0.jpg,0,0,0,0,0,1,1
2026-08-01_13-03-40_f0012_0.jpg,0,0,0,1,0,0,1
2026-08-01_13-03-40_f0060_0.jpg,0,0,0,0,0,1,1
2026-08-01_13-03-40_f0108_0.jpg,0,0,0,0,0,1,1
2026-08-01_13-10-52_f0006_0.jpg,0,0,0,0,0,1,1
2026-08-01_13-10-52_f0030_0.jpg,0,0,0,0,0,1,1
2026-08-01_13-10-52_f0054_0.jpg,0,0,0,0,0,1,1
2026-08-01_13-11-52_f0012_0.jpg,0,0,0,0,0,1,1
2026-08-01_13-11-52_f0060_0.jpg,0,0,0,0,0,1,1
2026-08-01_13-11-52_f0108_0.jpg,0,0,0,0,1,0,1
2026-08-01_13-12-16_f0012_0.jpg,0,0,0,0,0,1,1
2026-08-01_13-12-16_f0060_0.jpg,0,0,0,0,1,0,1
2026-08-01_13-12-16_f0108_0.jpg,0,0,0,0,1,0,1
2026-08-01_14-00-21_f0012_0.jpg,0,0,0,0,1,0,1
2026-08-01_14-00-21_f0060_0.jpg,0,0,0,0,1,0,1
2026-08-01_14-00-21_f0108_0.jpg,0,0,0,0,1,0,1
2026-08-01_15-09-21_f0012_0.jpg,0,0,0,0,0,1,1
2026-08-01_15-09-21_f0060_0.jpg,0,0,0,0,0,1,1
2026-08-01_15-09-21_f0108_0.jpg,0,0,0,0,0,1,1
2026-08-01_15-09-45_f0012_0.jpg,0,0,1,0,0,0,1
2026-08-01_15-09-45_f0060_0.jpg,0,0,1,0,0,0,1
2026-08-01_15-09-45_f0108_0.jpg,0,0,1,0,0,0,1
2026-08-01_15-25-57_f0012_0.jpg,0,0,0,0,0,1,1
2026-08-01_15-25-57_f0060_0.jpg,0,0,0,0,0,1,1
2026-08-01_15-25-57_f0108_0.jpg,0,0,0,0,0,1,1
2026-08-01_15-27-33_f0012_0.jpg,0,0,0,0,0,1,1
2026-08-01_15-27-33_f0060_0.jpg,0,0,0,0,0,1,1
2026-08-01_15-27-33_f0108_0.jpg,0,0,0,0,0,1,1
2026-08-01_15-29-33_f0012_0.jpg,0,0,0,0,0,0,0
2026-08-01_15-29-33_f0060_0.jpg,0,0,0,0,0,0,0
2026-08-01_15-29-33_f0108_0.jpg,0,0,0,0,0,1,1
2026-08-01_17-26-43_f0012_0.jpg,1,0,0,0,0,0,1
2026-08-01_17-26-43_f0060_0.jpg,1,0,0,0,0,0,1
2026-08-01_17-26-43_f0108_0.jpg,1,0,0,0,0,0,1
2026-08-01_19-30-01_f0012_0.jpg,0,0,0,0,0,1,1
2026-08-01_19-30-01_f0060_0.jpg,0,0,0,0,0,1,1
2026-08-01_19-30-01_f0108_0.jpg,0,0,0,0,0,1,1
2026-08-01_19-30-49_f0012_0.jpg,0,0,0,0,0,1,1
2026-08-01_19-30-49_f0060_0.jpg,0,0,0,0,0,1,1
2026-08-01_19-30-49_f0108_0.jpg,0,0,0,0,0,1,1
2026-08-01_23-15-05_f0012_0.jpg,0,0,0,0,0,1,1
2026-08-01_23-15-05_f0060_0.jpg,0,0,0,0,0,1,1
2026-08-01_23-15-05_f0108_0.jpg,1,0,0,0,0,0,1
2026-08-01_23-28-46_f0012_0.jpg,0,0,0,0,0,0,0
2026-08-01_23-28-46_f0060_0.jpg,0,0,0,0,0,0,0
2026-08-01_23-28-46_f0108_0.jpg,1,0,0,0,0,0,1
2026-08-01_23-32-46_f0012_0.jpg,1,0,0,0,0,0,1
2026-08-01_23-32-46_f0060_0.jpg,1,0,0,0,0,0,1
2026-08-01_23-32-46_f0108_0.jpg,1,0,0,0,0,0,1
2026-08-02_00-33-46_f0012_0.jpg,0,0,0,0,0,1,1
2026-08-02_00-33-46_f0060_0.jpg,0,0,0,0,1,0,1
2026-08-02_00-33-46_f0108_0.jpg,0,0,0,0,1,0,1
2026-08-02_02-25-27_f0012_0.jpg,1,0,0,0,0,0,1
2026-08-02_02-25-27_f0060_0.jpg,1,0,0,0,0,0,1
2026-08-02_02-25-27_f0108_0.jpg,1,0,0,0,0,0,1
2026-08-02_02-26-39_f0012_0.jpg,1,0,0,0,0,0,1
2026-08-02_02-26-39_f0060_0.jpg,1,0,0,0,0,0,1
2026-08-02_02-26-39_f0108_0.jpg,1,0,0,0,0,0,1
2026-08-02_02-28-27_f0012_0.jpg,0,0,0,0,0,0,0
2026-08-02_02-28-27_f0060_0.jpg,0,0,0,0,0,0,0
2026-08-02_02-28-51_f0108_0.jpg,1,0,0,0,0,0,1
2026-08-02_02-30-51_f0012_0.jpg,1,0,0,0,0,0,1
2026-08-02_02-30-51_f0060_0.jpg,1,0,0,0,0,0,1
2026-08-02_02-30-51_f0108_0.jpg,1,0,0,0,0,0,1
2026-08-02_04-19-01_f0012_0.jpg,0,0,0,0,0,1,1
2026-08-02_04-19-01_f0060_0.jpg,0,0,0,0,0,1,1
2026-08-02_04-19-01_f0108_0.jpg,0,0,0,0,0,1,1
2026-08-02_04-21-25_f0002_0.jpg,0,0,0,0,0,1,1
2026-08-02_04-21-25_f0002_1.jpg,0,0,0,0,0,1,1
2026-08-02_04-21-25_f0012_0.jpg,0,0,0,0,0,1,1
2026-08-02_04-21-25_f0012_1.jpg,0,0,0,0,0,1,1
2026-08-02_04-21-25_f0021_0.jpg,0,0,0,0,0,1,1
2026-08-02_04-21-25_f0021_1.jpg,0,0,0,0,0,1,1
2026-08-02_04-28-13_f0012_0.jpg,0,0,0,0,0,1,1
2026-08-02_04-28-13_f0060_0.jpg,0,0,0,0,0,1,1
2026-08-02_04-28-13_f0108_0.jpg,0,0,0,0,0,1,1
2026-08-02_04-29-25_f0012_0.jpg,0,0,0,0,0,1,1
2026-08-02_04-29-25_f0060_0.jpg,0,0,0,0,0,1,1
2026-08-02_04-29-25_f0108_0.jpg,0,0,0,0,0,1,1
2026-08-02_04-32-49_f0012_0.jpg,0,0,0,0,0,1,1
2026-08-02_04-32-49_f0060_0.jpg,0,0,0,0,0,1,1
2026-08-02_04-32-49_f0108_0.jpg,0,0,0,0,0,1,1
2026-08-02_05-15-13_f0012_0.jpg,0,0,0,0,0,1,1
2026-08-02_05-15-13_f0060_0.jpg,0,0,0,0,0,1,1
2026-08-02_05-15-13_f0108_0.jpg,0,0,0,0,0,1,1
2026-08-02_07-24-36_f0012_0.jpg,0,0,0,0,0,1,1
2026-08-02_07-24-36_f0060_0.jpg,0,0,0,0,0,1,1
2026-08-02_07-24-36_f0108_0.jpg,0,0,0,0,0,1,1
2026-08-02_07-52-23_f0012_0.jpg,0,0,0,0,0,1,1
2026-08-02_07-52-23_f0060_0.jpg,0,0,0,0,0,1,1
2026-08-02_07-52-23_f0108_0.jpg,0,0,0,0,0,1,1
2026-08-02_08-06-11_f0012_0.jpg,0,0,0,0,0,1,1
2026-08-02_08-06-11_f0060_0.jpg,0,0,0,0,0,1,1
2026-08-02_08-06-11_f0108_0.jpg,0,0,0,0,0,1,1
2026-08-02_08-14-17_f0012_0.jpg,0,0,0,0,0,1,1
2026-08-02_08-14-17_f0060_0.jpg,0,0,0,0,0,1,1
2026-08-02_08-14-17_f0108_0.jpg,0,1,0,0,0,0,1
2026-08-02_08-17-47_f0012_0.jpg,0,0,0,0,0,1,1
2026-08-02_08-17-47_f0060_0.jpg,0,0,0,0,0,1,1
2026-08-02_08-17-47_f0108_0.jpg,0,0,0,0,0,1,1
2026-08-02_08-23-59_f0012_0.jpg,0,0,0,0,0,1,1
2026-08-02_08-23-59_f0060_0.jpg,0,0,0,0,0,1,1
2026-08-02_08-23-59_f0108_0.jpg,0,0,0,0,0,1,1
2026-08-02_09-37-34_f0012_0.jpg,0,0,0,0,0,1,1
2026-08-02_09-37-34_f0060_0.jpg,0,0,0,0,0,1,1
2026-08-02_09-37-34_f0108_0.jpg,0,0,0,0,0,1,1
2026-08-02_09-43-40_f0012_0.jpg,0,0,0,0,0,1,1
2026-08-02_09-43-40_f0060_0.jpg,0,0,0,0,0,1,1
2026-08-02_09-43-40_f0108_0.jpg,0,0,0,0,0,1,1
2026-08-02_10-05-04_f0012_0.jpg,0,0,0,0,1,0,1
2026-08-02_10-05-04_f0060_0.jpg,0,0,0,0,1,0,1
2026-08-02_10-05-04_f0108_0.jpg,0,0,0,0,1,0,1
2026-08-02_10-16-52_f0012_0.jpg,0,0,0,0,1,0,1
2026-08-02_10-16-52_f0060_0.jpg,0,0,0,0,0,1,1
2026-08-02_10-16-52_f0108_0.jpg,0,0,0,0,0,1,1
2026-08-02_10-17-52_f0009_0.jpg,0,0,0,0,0,1,1
2026-08-02_10-17-52_f0047_0.jpg,0,0,0,0,0,1,1
2026-08-02_10-17-52_f0085_0.jpg,0,0,0,0,0,1,1
2026-08-02_10-22-16_f0012_0.jpg,0,0,0,0,0,1,1
2026-08-02_10-22-16_f0060_0.jpg,0,0,0,0,0,1,1
2026-08-02_10-22-16_f0108_0.jpg,0,0,0,0,0,1,1
2026-08-02_10-29-10_f0012_0.jpg,0,0,0,0,0,1,1
2026-08-02_10-29-10_f0060_0.jpg,0,0,0,0,0,1,1
2026-08-02_10-29-10_f0108_0.jpg,0,0,0,0,0,1,1
2026-08-02_12-56-56_f0012_0.jpg,0,0,0,0,0,1,1
2026-08-02_12-56-56_f0060_0.jpg,0,0,0,0,1,0,1
2026-08-02_12-56-56_f0108_0.jpg,0,0,0,0,0,1,1
2026-08-02_13-05-02_f0012_0.jpg,0,0,0,0,0,1,1
2026-08-02_13-05-02_f0060_0.jpg,0,0,0,0,0,1,1
2026-08-02_13-05-02_f0108_0.jpg,0,0,0,0,0,1,1
2026-08-02_13-24-08_f0012_0.jpg,0,0,0,0,0,1,1
2026-08-02_13-24-08_f0060_0.jpg,0,0,0,0,1,0,1
2026-08-02_13-24-08_f0108_0.jpg,0,0,0,0,1,0,1
2026-08-02_13-29-08_f0012_0.jpg,0,0,0,0,1,0,1
2026-08-02_13-29-08_f0060_0.jpg,0,0,0,0,1,0,1
2026-08-02_13-29-08_f0108_0.jpg,0,0,0,0,1,0,1
2026-08-02_16-44-24_f0012_0.jpg,1,0,0,0,0,0,1
2026-08-02_16-44-24_f0060_0.jpg,1,0,0,0,0,0,1
2026-08-02_16-44-24_f0108_0.jpg,0,0,0,0,0,1,1
2026-08-02_19-38-23_f0012_0.jpg,1,0,0,0,0,0,1
2026-08-02_19-38-23_f0060_0.jpg,1,0,0,0,0,0,1
2026-08-02_19-38-23_f0108_0.jpg,1,0,0,0,0,0,1
2026-08-02_19-42-59_f0012_0.jpg,1,0,0,0,0,0,1
2026-08-02_19-42-59_f0060_0.jpg,1,0,0,0,0,0,1
2026-08-02_19-42-59_f0108_0.jpg,1,0,0,0,0,0,1
2026-08-02_21-11-04_f0012_0.jpg,0,0,0,0,0,1,1
2026-08-02_21-11-04_f0060_0.jpg,0,0,0,0,0,1,1
2026-08-02_21-11-04_f0108_0.jpg,0,0,0,0,0,1,1
2026-08-02_23-25-21_f0012_0.jpg,0,0,0,0,0,0,0
2026-08-02_23-25-21_f0060_0.jpg,0,0,0,0,0,0,0
2026-08-02_23-25-21_f0108_0.jpg,0,1,0,0,0,0,1
2026-08-03_02-00-36_f0012_0.jpg,1,0,0,0,0,0,1
2026-08-03_02-00-36_f0060_0.jpg,1,0,0,0,0,0,1
2026-08-03_02-00-36_f0108_0.jpg,1,0,0,0,0,0,1
2026-08-03_02-43-36_f0012_0.jpg,1,0,0,0,0,0,1
2026-08-03_02-43-36_f0060_0.jpg,1,0,0,0,0,0,1
2026-08-03_02-43-36_f0108_0.jpg,1,0,0,0,0,0,1
2026-08-03_03-39-35_f0012_0.jpg,0,0,0,0,0,1,1
2026-08-03_03-39-35_f0060_0.jpg,0,0,0,0,0,1,1
2026-08-03_03-39-35_f0108_0.jpg,0,0,0,0,1,0,1
2026-08-03_03-43-17_f0012_0.jpg,0,0,0,0,0,1,1
2026-08-03_03-43-17_f0060_0.jpg,0,0,0,0,0,1,1
2026-08-03_03-43-17_f0108_0.jpg,0,0,0,0,0,1,1
2026-08-03_05-07-52_f0012_0.jpg,0,0,0,0,0,1,1
2026-08-03_05-07-52_f0060_0.jpg,0,0,0,0,0,1,1
2026-08-03_05-07-52_f0108_0.jpg,0,0,0,0,0,1,1
2026-08-03_05-10-16_f0012_0.jpg,1,0,0,0,0,0,1
2026-08-03_05-10-16_f0060_0.jpg,1,0,0,0,0,0,1
2026-08-03_05-10-16_f0108_0.jpg,1,0,0,0,0,0,1
2026-08-03_05-54-58_f0012_0.jpg,0,0,0,0,1,0,1
2026-08-03_05-54-58_f0060_0.jpg,0,0,0,0,1,0,1
2026-08-03_05-54-58_f0108_0.jpg,0,0,0,0,1,0,1
2026-08-03_08-49-08_f0012_0.jpg,0,0,0,0,0,1,1
2026-08-03_08-49-08_f0060_0.jpg,0,0,0,0,0,1,1
2026-08-03_08-49-08_f0108_0.jpg,0,0,0,0,0,1,1
2026-08-03_08-53-26_f0012_0.jpg,0,0,0,0,0,1,1
2026-08-03_08-53-26_f0060_0.jpg,0,0,0,0,0,1,1
2026-08-03_08-53-26_f0108_0.jpg,0,0,0,0,0,1,1
2026-08-03_08-55-38_f0012_0.jpg,0,0,0,0,0,1,1
2026-08-03_08-55-38_f0060_0.jpg,0,0,0,0,0,1,1
2026-08-03_08-55-38_f0108_0.jpg,0,0,0,0,0,1,1
2026-08-03_08-58-20_f0012_0.jpg,0,0,0,0,0,1,1
2026-08-03_08-58-20_f0060_0.jpg,0,0,1,0,0,0,1
2026-08-03_08-58-20_f0108_0.jpg,0,0,1,0,0,0,1
2026-08-03_08-58-44_f0012_0.jpg,0,0,0,0,0,1,1
2026-08-03_08-58-44_f0060_0.jpg,0,0,0,0,0,1,1
2026-08-03_08-58-44_f0108_0.jpg,0,0,0,0,0,1,1
2026-08-03_09-30-43_f0012_0.jpg,0,0,0,0,1,0,1
2026-08-03_09-30-43_f0060_0.jpg,0,0,0,0,1,0,1
2026-08-03_09-30-43_f0108_0.jpg,0,0,0,0,1,0,1
2026-08-03_09-36-43_f0012_0.jpg,0,0,0,0,1,0,1
2026-08-03_09-36-43_f0060_0.jpg,0,0,0,0,1,0,1
2026-08-03_09-36-43_f0108_0.jpg,0,0,0,0,1,0,1
2026-08-03_09-40-49_f0012_0.jpg,0,0,0,0,0,0,1
2026-08-03_09-40-49_f0060_0.jpg,0,0,0,0,0,0,1
2026-08-03_09-40-49_f0108_0.jpg,0,0,0,0,0,1,1
2026-08-03_10-01-49_f0012_0.jpg,0,0,0,0,0,1,1
2026-08-03_10-01-49_f0060_0.jpg,0,0,0,0,0,1,1
2026-08-03_10-01-49_f0108_0.jpg,0,0,0,0,0,1,1
2026-08-03_10-03-37_f0012_0.jpg,0,0,0,0,0,1,1
2026-08-03_10-03-37_f0060_0.jpg,0,0,0,0,0,1,1
2026-08-03_10-03-37_f0108_0.jpg,0,0,0,0,0,1,1
2026-08-03_10-09-37_f0012_0.jpg,0,0,0,1,0,0,1
2026-08-03_10-09-37_f0060_0.jpg,1,0,0,0,0,0,1
2026-08-03_10-09-37_f0108_0.jpg,1,0,0,0,0,0,1
2026-08-03_10-50-07_f0000_0.jpg,0,0,0,0,0,1,1
2026-08-03_10-50-07_f0004_0.jpg,0,0,0,0,0,1,1
2026-08-03_10-50-07_f0007_0.jpg,0,0,0,0,0,1,1
2026-08-03_10-51-43_f0012_0.jpg,0,0,0,0,0,0,1
2026-08-03_10-51-43_f0060_0.jpg,0,0,0,0,0,0,1
2026-08-03_10-51-43_f0108_0.jpg,0,0,0,0,0,1,1
2026-08-03_11-20-06_f0012_0.jpg,0,0,0,0,0,1,1
2026-08-03_11-20-06_f0060_0.jpg,0,0,0,0,0,1,1
2026-08-03_11-20-06_f0108_0.jpg,0,0,0,0,0,1,1
2026-08-03_11-23-42_f0012_0.jpg,0,0,0,0,1,0,1
2026-08-03_11-23-42_f0060_0.jpg,0,0,0,0,1,0,1
2026-08-03_11-23-42_f0108_0.jpg,0,0,0,0,1,0,1
2026-08-03_11-31-06_f0012_0.jpg,0,0,0,0,1,0,1
2026-08-03_11-31-06_f0060_0.jpg,0,0,0,0,1,0,1
2026-08-03_11-31-06_f0108_0.jpg,0,0,0,0,1,0,1
2026-08-03_11-32-00_f0012_0.jpg,0,0,0,0,0,1,1
2026-08-03_11-32-00_f0060_0.jpg,0,0,0,0,1,0,1
2026-08-03_11-32-00_f0108_0.jpg,0,0,0,0,1,0,1
2026-08-03_11-41-24_f0012_0.jpg,0,0,0,0,0,0,1
2026-08-03_11-41-24_f0060_0.jpg,0,0,0,0,0,0,1
2026-08-03_11-41-24_f0108_0.jpg,0,0,0,0,0,1,1
2026-08-03_11-41-36_f0012_0.jpg,0,0,0,0,0,1,1
2026-08-03_11-41-36_f0060_0.jpg,0,0,0,0,0,1,1
2026-08-03_11-41-36_f0108_0.jpg,0,0,0,0,0,1,1
2026-08-03_11-43-24_f0012_0.jpg,0,0,0,0,0,1,1
2026-08-03_11-43-24_f0060_0.jpg,0,0,0,0,0,1,1
2026-08-03_11-43-24_f0108_0.jpg,0,0,0,0,0,1,1
2026-08-03_11-55-00_f0012_0.jpg,0,0,0,0,0,1,1
2026-08-03_11-55-00_f0060_0.jpg,0,0,0,0,0,1,1
2026-08-03_11-55-00_f0108_0.jpg,0,0,0,0,0,1,1
2026-08-03_11-55-48_f0012_0.jpg,0,0,0,0,0,1,1
2026-08-03_11-55-48_f0060_0.jpg,0,0,0,0,0,1,1
2026-08-03_11-55-48_f0108_0.jpg,0,0,0,0,0,1,1
2026-08-03_11-56-48_f0012_0.jpg,0,0,0,0,0,0,1
2026-08-03_11-56-48_f0060_0.jpg,0,0,0,0,0,0,1
2026-08-03_11-56-48_f0108_0.jpg,0,0,0,0,0,1,1
2026-08-03_15-43-04_f0012_0.jpg,0,0,0,0,0,1,1
2026-08-03_15-43-04_f0060_0.jpg,0,0,0,0,0,1,1
2026-08-03_15-43-04_f0108_0.jpg,0,0,0,0,0,1,1
2026-08-03_15-44-04_f0012_0.jpg,1,0,0,0,0,0,1
2026-08-03_15-44-04_f0060_0.jpg,1,0,0,0,0,0,1
2026-08-03_15-44-04_f0108_0.jpg,1,0,0,0,0,0,1
2026-08-03_15-46-40_f0012_0.jpg,0,0,0,0,0,1,1
2026-08-03_15-46-40_f0060_0.jpg,0,0,0,0,0,1,1
2026-08-03_15-46-40_f0108_0.jpg,0,0,0,0,0,1,1
2026-08-03_19-16-54_f0012_0.jpg,0,0,0,0,0,1,1
2026-08-03_19-16-54_f0060_0.jpg,0,0,0,0,0,1,1
2026-08-03_19-16-54_f0108_0.jpg,0,0,0,0,0,1,1
2026-08-03_20-21-41_f0012_0.jpg,0,0,0,0,0,1,1
2026-08-03_20-21-41_f0060_0.jpg,0,0,0,0,0,1,1
2026-08-03_20-21-41_f0108_0.jpg,0,0,0,0,0,1,1
2026-08-03_21-20-53_f0060_0.jpg,0,1,0,0,0,0,1
2026-08-03_21-20-53_f0060_1.jpg,0,0,0,0,0,1,1
2026-08-03_21-20-53_f0108_0.jpg,0,0,0,0,0,1,1
2026-08-03_21-39-16_f0012_0.jpg,0,0,0,0,0,1,1
2026-08-03_21-39-16_f0060_0.jpg,0,0,0,0,0,1,1
2026-08-03_21-39-16_f0108_0.jpg,0,0,0,0,0,1,1
2026-08-03_22-30-52_f0012_0.jpg,0,0,0,0,0,1,1
2026-08-03_22-30-52_f0060_0.jpg,0,0,0,0,0,1,1
2026-08-03_22-30-52_f0108_0.jpg,0,0,0,0,0,1,1
2026-08-03_22-31-04_f0012_0.jpg,0,0,0,0,0,1,1
2026-08-03_22-31-04_f0060_0.jpg,0,0,0,0,0,1,1
2026-08-03_22-31-04_f0108_0.jpg,0,0,0,0,0,1,1
2026-08-03_22-34-46_f0012_0.jpg,0,0,0,0,0,1,1
2026-08-03_22-34-46_f0012_1.jpg,0,0,0,0,0,1,1
2026-08-03_22-34-46_f0060_0.jpg,0,0,0,0,0,1,1
2026-08-03_22-34-46_f0108_0.jpg,0,0,0,0,0,1,1
2026-08-03_22-34-46_f0108_1.jpg,0,0,0,0,0,1,1
2026-08-03_22-38-28_f0012_0.jpg,0,0,0,0,0,1,1
2026-08-03_22-38-28_f0060_0.jpg,0,0,0,0,0,1,1
2026-08-03_22-38-28_f0108_0.jpg,0,0,0,0,0,1,1
2026-08-03_22-38-40_f0012_0.jpg,0,0,0,0,0,1,1
2026-08-03_22-38-40_f0060_0.jpg,0,0,0,0,0,1,1
2026-08-03_22-38-40_f0108_0.jpg,0,0,0,0,0,1,1
2026-08-03_23-22-39_f0012_0.jpg,0,0,0,0,0,1,1
2026-08-03_23-22-39_f0060_0.jpg,0,0,0,0,0,1,1
2026-08-03_23-22-39_f0108_0.jpg,0,0,0,0,0,1,1
2026-08-04_03-22-25_f0012_0.jpg,0,0,0,0,1,0,1
2026-08-04_03-22-25_f0060_0.jpg,0,0,0,0,1,0,1
2026-08-04_03-22-25_f0108_0.jpg,0,0,0,0,1,0,1
2026-08-04_04-04-30_f0012_0.jpg,0,0,0,0,1,0,1
2026-08-04_04-04-30_f0060_0.jpg,0,0,0,0,1,0,1
2026-08-04_04-04-30_f0108_0.jpg,0,0,0,0,1,0,1
2026-08-04_04-56-00_f0012_0.jpg,0,0,0,0,1,0,1
2026-08-04_04-56-00_f0060_0.jpg,0,0,0,0,1,0,1
2026-08-04_04-56-00_f0108_0.jpg,0,0,0,0,1,0,1
2026-08-04_05-00-42_f0012_0.jpg,0,0,0,0,1,0,1
2026-08-04_05-00-42_f0060_0.jpg,0,0,0,0,1,0,1
2026-08-04_05-00-42_f0108_0.jpg,0,0,0,0,1,0,1
2026-08-04_05-02-18_f0012_0.jpg,0,0,0,0,1,0,1
2026-08-04_05-02-18_f0060_0.jpg,0,0,0,0,1,0,1
2026-08-04_05-02-18_f0108_0.jpg,0,0,0,0,1,0,1
2026-08-04_05-09-48_f0012_0.jpg,0,0,0,0,0,1,1
2026-08-04_05-09-48_f0060_0.jpg,0,0,0,0,0,1,1
2026-08-04_05-09-48_f0108_0.jpg,0,0,0,0,0,1,1
2026-08-04_05-46-35_f0012_0.jpg,0,0,0,0,0,1,1
2026-08-04_05-46-35_f0060_0.jpg,0,0,0,0,0,1,1
2026-08-04_05-46-35_f0108_0.jpg,0,0,0,0,0,1,1
2026-08-04_05-48-47_f0012_0.jpg,0,0,0,0,0,1,1
2026-08-04_05-48-47_f0060_0.jpg,0,0,0,0,0,1,1
2026-08-04_05-48-47_f0108_0.jpg,0,0,0,0,0,1,1
2026-08-04_05-59-53_f0012_0.jpg,0,0,0,0,0,1,1
2026-08-04_05-59-53_f0060_0.jpg,0,0,0,0,0,1,1
2026-08-04_05-59-53_f0108_0.jpg,0,0,0,0,0,1,1
2026-08-04_08-00-34_f0012_0.jpg,0,0,0,0,0,1,1
2026-08-04_08-00-34_f0060_0.jpg,1,0,0,0,0,0,1
2026-08-04_08-00-34_f0108_0.jpg,1,0,0,0,0,0,1
2026-08-04_09-10-15_f0009_0.jpg,0,0,0,0,1,0,1
2026-08-04_09-10-15_f0047_0.jpg,0,0,0,0,1,0,1
2026-08-04_09-10-15_f0084_0.jpg,0,0,0,0,1,0,1
2026-08-04_09-13-27_f0012_0.jpg,0,0,0,0,1,0,1
2026-08-04_09-13-27_f0060_0.jpg,0,0,0,0,0,1,1
2026-08-04_09-13-27_f0108_0.jpg,0,0,0,0,0,1,1
2026-08-04_09-15-57_f0012_0.jpg,0,0,0,0,1,0,1
2026-08-04_09-15-57_f0060_0.jpg,0,0,0,0,1,0,1
2026-08-04_09-15-57_f0108_0.jpg,0,0,0,0,1,0,1
2026-08-04_11-07-20_f0012_0.jpg,0,0,0,0,0,1,1
2026-08-04_11-07-20_f0060_0.jpg,0,0,0,0,0,1,1
2026-08-04_11-07-20_f0108_0.jpg,0,0,0,0,0,1,1
2026-08-04_11-16-38_f0012_0.jpg,0,0,0,0,0,1,1
2026-08-04_11-16-38_f0060_0.jpg,0,0,0,0,0,1,1
2026-08-04_11-16-38_f0108_0.jpg,0,0,0,0,0,1,1
2026-08-04_13-46-48_f0012_0.jpg,0,0,0,0,1,0,1
2026-08-04_13-46-48_f0060_0.jpg,0,0,0,0,0,0,0
2026-08-04_13-46-48_f0108_0.jpg,0,0,0,0,0,0,0
2026-08-04_13-47-12_f0012_0.jpg,1,0,0,0,0,0,1
2026-08-04_13-47-12_f0060_0.jpg,1,0,0,0,0,0,1
2026-08-04_13-47-12_f0108_0.jpg,1,0,0,0,0,0,1
2026-08-04_14-00-36_f0012_0.jpg,0,0,0,0,0,1,1
2026-08-04_14-00-36_f0060_0.jpg,0,0,0,0,0,1,1
2026-08-04_14-00-36_f0108_0.jpg,0,0,0,0,0,1,1
2026-08-04_14-35-48_f0012_0.jpg,0,0,0,0,1,0,1
2026-08-04_14-35-48_f0060_0.jpg,0,0,0,0,1,0,1
2026-08-04_14-35-48_f0108_0.jpg,0,0,0,0,1,0,1
2026-08-04_14-49-00_f0012_0.jpg,0,0,0,0,0,1,1
2026-08-04_14-49-00_f0060_0.jpg,0,0,0,0,0,1,1
2026-08-04_14-49-00_f0108_0.jpg,0,0,0,0,0,1,1
2026-08-04_14-52-12_f0012_0.jpg,0,0,0,0,0,1,1
2026-08-04_14-52-12_f0060_0.jpg,0,0,0,0,0,0,0
2026-08-04_14-52-12_f0108_0.jpg,0,0,0,0,0,0,0
2026-08-04_21-53-37_f0012_0.jpg,0,0,0,0,1,0,1
2026-08-04_21-53-37_f0060_0.jpg,0,0,0,0,1,0,1
2026-08-04_21-53-37_f0108_0.jpg,0,0,0,0,1,0,1
2026-08-04_22-07-55_f0012_0.jpg,0,0,0,0,0,1,1
2026-08-04_22-07-55_f0060_0.jpg,0,0,0,0,0,1,1
2026-08-04_22-07-55_f0108_0.jpg,0,0,0,0,0,1,1
2026-08-04_23-50-18_f0012_0.jpg,0,0,0,0,0,1,1
2026-08-04_23-50-18_f0060_0.jpg,0,0,0,0,0,1,1
2026-08-04_23-50-18_f0108_0.jpg,0,0,0,0,0,1,1
2026-08-04_23-53-06_f0012_0.jpg,0,0,0,0,0,1,1
2026-08-04_23-53-06_f0060_0.jpg,0,0,0,0,0,1,1
2026-08-04_23-53-06_f0108_0.jpg,0,0,0,0,0,1,1
2026-08-04_23-54-24_f0012_0.jpg,0,0,0,0,0,1,1
2026-08-04_23-54-24_f0060_0.jpg,0,0,0,0,0,0,0
2026-08-04_23-54-24_f0108_0.jpg,0,0,0,0,0,0,0
2026-08-04_23-54-48_f0012_0.jpg,1,0,0,0,0,0,1
2026-08-04_23-54-48_f0060_0.jpg,1,0,0,0,0,0,1
2026-08-04_23-54-48_f0108_0.jpg,0,1,0,0,0,0,1
2026-08-05_01-34-35_f0012_0.jpg,0,0,0,0,1,0,1
2026-08-05_01-34-35_f0060_0.jpg,0,0,0,0,1,0,1
2026-08-05_01-34-35_f0108_0.jpg,0,0,0,0,1,0,1
2026-08-05_03-56-28_f0012_0.jpg,0,0,0,0,0,1,1
2026-08-05_03-56-28_f0060_0.jpg,1,0,0,0,0,0,1
2026-08-05_03-56-28_f0108_0.jpg,1,0,0,0,0,0,1
2026-08-05_06-27-08_f0012_0.jpg,0,0,0,0,1,0,1
2026-08-05_06-47-26_f0012_0.jpg,0,0,0,0,0,1,1
2026-08-05_06-47-26_f0060_0.jpg,0,0,0,0,0,1,1
2026-08-05_06-47-26_f0108_0.jpg,0,0,0,0,0,1,1
2026-08-05_06-48-02_f0012_0.jpg,0,0,0,0,0,1,1
2026-08-05_06-48-02_f0060_0.jpg,0,0,0,0,0,1,1
2026-08-05_06-48-02_f0108_0.jpg,0,0,0,0,0,1,1
2026-08-05_06-51-20_f0012_0.jpg,0,0,0,0,0,1,1
2026-08-05_06-51-20_f0060_0.jpg,0,0,0,0,0,1,1
2026-08-05_06-51-20_f0108_0.jpg,0,0,0,0,0,1,1
2026-08-05_08-02-52_f0012_0.jpg,1,0,0,0,0,0,1
2026-08-05_08-02-52_f0060_0.jpg,1,0,0,0,0,0,1
2026-08-05_08-02-52_f0108_0.jpg,1,1,0,0,0,0,1
2026-08-05_08-56-28_f0012_0.jpg,0,0,0,0,0,1,1
2026-08-05_08-56-28_f0060_0.jpg,0,0,0,0,0,1,1
2026-08-05_08-56-28_f0108_0.jpg,0,0,0,0,0,1,1
2026-08-05_10-36-57_f0012_0.jpg,0,0,1,0,0,1,1
2026-08-05_10-36-57_f0060_0.jpg,0,0,1,0,0,1,1
2026-08-05_10-36-57_f0108_0.jpg,0,0,1,0,0,1,1
2026-08-05_11-19-08_f0012_0.jpg,0,0,0,0,0,0,0
2026-08-05_11-19-08_f0060_0.jpg,0,0,0,0,0,0,0
2026-08-05_11-19-08_f0108_0.jpg,0,0,0,0,0,1,1
2026-08-05_11-36-20_f0012_0.jpg,0,0,0,0,0,1,1
2026-08-05_11-36-20_f0060_0.jpg,0,0,0,0,0,1,1
2026-08-05_11-36-20_f0108_0.jpg,0,0,0,0,0,1,1
2026-08-05_11-49-32_f0012_0.jpg,0,0,0,0,1,0,1
2026-08-05_11-49-32_f0060_0.jpg,0,0,0,0,1,0,1
2026-08-05_11-49-32_f0108_0.jpg,0,0,0,0,1,0,1
2026-08-05_11-53-20_f0012_0.jpg,0,0,0,0,0,1,1
2026-08-05_11-53-20_f0060_0.jpg,0,0,0,0,0,1,1
2026-08-05_12-58-43_f0012_0.jpg,0,0,0,0,0,1,1
2026-08-05_12-58-43_f0060_0.jpg,0,0,0,0,0,1,1
2026-08-05_12-58-43_f0108_0.jpg,0,0,0,0,0,1,1
2026-08-05_13-02-25_f0012_0.jpg,0,0,0,0,0,1,1
2026-08-05_13-02-25_f0060_0.jpg,0,0,0,0,0,1,1
2026-08-05_13-02-25_f0108_0.jpg,0,0,0,0,0,1,1
2026-08-05_15-19-06_f0012_0.jpg,0,0,0,0,0,1,1
2026-08-05_15-19-06_f0060_0.jpg,1,0,0,0,0,0,1
2026-08-05_15-19-06_f0108_0.jpg,1,0,0,0,0,0,1
2026-08-05_19-04-23_f0012_0.jpg,1,0,0,0,0,0,1
2026-08-05_19-04-23_f0012_1.jpg,0,0,0,0,0,1,1
2026-08-05_19-04-23_f0060_0.jpg,0,0,0,0,0,1,1
2026-08-05_19-04-23_f0060_1.jpg,1,0,0,0,0,0,1
2026-08-05_19-04-23_f0108_0.jpg,1,0,0,0,0,0,1
2026-08-05_19-04-23_f0108_1.jpg,0,0,0,0,0,1,1
2026-08-05_19-10-05_f0012_0.jpg,0,0,0,0,0,1,1
2026-08-05_19-10-05_f0060_0.jpg,0,0,0,0,0,1,1
2026-08-05_19-10-05_f0108_0.jpg,0,0,0,0,0,1,1
2026-08-05_19-42-23_f0012_0.jpg,0,0,1,0,0,1,1
2026-08-05_19-42-23_f0060_0.jpg,0,0,0,0,0,0,0
2026-08-05_19-42-23_f0108_0.jpg,0,0,0,0,0,0,0
2026-08-05_19-44-23_f0012_0.jpg,0,0,0,0,0,1,1
2026-08-05_19-44-23_f0060_0.jpg,0,0,0,0,0,1,1
2026-08-05_19-44-23_f0108_0.jpg,0,0,0,0,0,1,1
2026-08-05_22-09-45_f0012_0.jpg,0,0,0,0,0,1,1
2026-08-05_22-09-45_f0060_0.jpg,0,0,0,0,0,1,1
2026-08-05_22-09-45_f0108_0.jpg,0,0,0,0,0,1,1
2026-08-05_22-15-57_f0012_0.jpg,1,0,0,0,0,0,1
2026-08-05_22-15-57_f0060_0.jpg,1,0,0,0,0,0,1
2026-08-05_22-15-57_f0108_0.jpg,1,0,0,0,0,0,1
2026-08-05_22-17-21_f0012_0.jpg,1,0,0,0,0,0,1
2026-08-05_22-17-21_f0060_0.jpg,1,0,0,0,0,0,1
2026-08-05_22-17-21_f0108_0.jpg,1,0,0,0,0,0,1
2026-08-05_22-52-57_f0012_0.jpg,0,0,0,0,0,0,0
2026-08-05_22-52-57_f0060_0.jpg,0,0,0,0,0,0,0
2026-08-05_22-52-57_f0108_0.jpg,0,0,0,0,0,0,0
2026-08-05_22-58-57_f0012_0.jpg,0,0,0,0,0,1,1
2026-08-05_22-58-57_f0060_0.jpg,0,0,0,0,0,1,1
2026-08-05_22-58-57_f0108_0.jpg,0,0,0,0,0,1,1
2026-08-05_23-04-27_f0012_0.jpg,0,0,0,0,0,1,1
2026-08-05_23-04-27_f0060_0.jpg,0,0,0,0,0,1,1
2026-08-05_23-04-27_f0108_0.jpg,0,0,0,0,0,1,1
2026-08-05_23-11-15_f0012_0.jpg,0,0,0,0,0,1,1
2026-08-05_23-11-15_f0060_0.jpg,0,0,0,0,0,1,1
2026-08-05_23-11-15_f0108_0.jpg,0,0,0,0,0,1,1
2026-08-05_23-49-02_f0012_0.jpg,0,0,0,0,0,1,1
2026-08-05_23-49-02_f0060_0.jpg,0,0,0,0,0,1,1
2026-08-05_23-49-02_f0108_0.jpg,0,0,0,0,0,1,1
2026-08-05_23-53-56_f0000_0.jpg,0,0,0,0,0,1,1
2026-08-05_23-53-56_f0003_0.jpg,0,0,0,0,0,1,1
2026-08-05_23-53-56_f0006_0.jpg,0,0,0,0,0,1,1
2026-08-05_23-55-32_f0004_0.jpg,0,0,0,0,0,1,1
2026-08-05_23-55-32_f0020_0.jpg,0,0,0,0,0,1,1
2026-08-05_23-55-32_f0036_0.jpg,0,0,0,0,0,1,1
2026-08-06_00-33-20_f0012_0.jpg,0,0,0,0,0,1,1
2026-08-06_00-33-20_f0060_0.jpg,0,0,0,0,0,1,1
2026-08-06_00-33-20_f0108_0.jpg,0,0,0,0,0,1,1
2026-08-06_00-38-02_f0012_0.jpg,0,0,0,0,0,1,1
2026-08-06_00-38-02_f0060_0.jpg,0,0,0,0,0,1,1
2026-08-06_00-38-02_f0108_0.jpg,0,0,0,0,0,1,1
2026-08-06_00-38-50_f0012_0.jpg,0,0,0,0,0,1,1
2026-08-06_00-38-50_f0060_0.jpg,0,0,0,0,0,1,1
2026-08-06_00-38-50_f0108_0.jpg,0,0,0,0,0,1,1
2026-08-06_03-35-12_f0012_0.jpg,0,0,0,0,0,1,1
2026-08-06_03-35-12_f0060_0.jpg,0,0,0,0,0,1,1
2026-08-06_03-35-12_f0108_0.jpg,0,0,0,0,0,1,1
2026-08-06_03-53-06_f0012_0.jpg,0,0,0,0,0,1,1
2026-08-06_03-53-06_f0060_0.jpg,0,0,0,0,0,1,1
2026-08-06_03-53-06_f0060_1.jpg,0,0,0,0,0,1,1
2026-08-06_03-53-06_f0108_0.jpg,0,0,0,0,0,1,1
2026-08-06_04-04-53_f0012_0.jpg,0,0,0,0,0,1,1
2026-08-06_04-04-53_f0060_0.jpg,0,0,0,0,0,1,1
2026-08-06_04-04-53_f0108_0.jpg,0,0,0,0,0,1,1
2026-08-06_04-08-53_f0012_0.jpg,0,0,0,0,0,1,1
2026-08-06_04-08-53_f0060_0.jpg,0,0,0,0,0,1,1
2026-08-06_04-08-53_f0108_0.jpg,0,0,0,0,0,1,1
2026-08-06_04-23-53_f0012_0.jpg,0,0,0,0,0,1,1
2026-08-06_04-23-53_f0060_0.jpg,0,0,0,0,0,1,1
2026-08-06_04-23-53_f0108_0.jpg,0,0,0,0,0,1,1
2026-08-06_04-36-53_f0012_0.jpg,0,0,0,0,0,1,1
2026-08-06_04-36-53_f0060_0.jpg,0,0,0,0,0,1,1
2026-08-06_04-36-53_f0108_0.jpg,0,0,1,0,0,0,1
2026-08-06_04-40-41_f0012_0.jpg,1,0,0,0,0,0,1
2026-08-06_04-40-41_f0060_0.jpg,1,0,0,0,0,0,1
2026-08-06_04-40-41_f0108_0.jpg,0,0,0,0,0,1,1
2026-08-06_04-41-41_f0012_0.jpg,0,0,0,0,0,1,1
2026-08-06_04-41-41_f0060_0.jpg,0,0,0,0,0,1,1
2026-08-06_04-41-41_f0108_0.jpg,0,0,0,0,0,1,1
2026-08-06_05-47-22_f0012_0.jpg,0,0,0,0,0,1,1
2026-08-06_05-47-22_f0060_0.jpg,0,0,0,0,0,1,1
2026-08-06_05-47-22_f0108_0.jpg,0,0,0,0,0,1,1
2026-08-06_06-07-28_f0012_0.jpg,0,0,0,0,0,1,1
2026-08-06_06-07-28_f0060_0.jpg,0,0,0,0,0,1,1
2026-08-06_06-07-28_f0108_0.jpg,0,0,0,0,0,1,1
2026-08-06_06-17-04_f0012_0.jpg,0,0,0,0,0,1,1
2026-08-06_06-17-04_f0060_0.jpg,0,0,0,0,0,1,1
2026-08-06_06-17-04_f0108_0.jpg,0,0,0,0,0,1,1
2026-08-06_06-19-16_f0012_0.jpg,0,0,0,0,0,1,1
2026-08-06_06-19-16_f0060_0.jpg,0,0,0,0,0,1,1
2026-08-06_06-19-16_f0108_0.jpg,0,0,0,0,0,1,1
2026-08-06_06-20-40_f0012_0.jpg,0,0,0,0,0,1,1
2026-08-06_06-20-40_f0060_0.jpg,0,0,0,0,0,1,1
2026-08-06_06-20-40_f0108_0.jpg,0,0,0,0,0,1,1
2026-08-06_06-20-52_f0012_0.jpg,0,0,0,0,0,1,1
2026-08-06_06-20-52_f0060_0.jpg,0,0,0,0,0,1,1
2026-08-06_06-20-52_f0108_0.jpg,0,0,1,0,0,0,1
2026-08-06_06-27-40_f0012_0.jpg,0,0,0,0,0,1,1
2026-08-06_06-27-40_f0060_0.jpg,0,0,0,0,0,1,1
2026-08-06_06-27-40_f0108_0.jpg,0,0,0,0,0,1,1
2026-08-06_06-29-52_f0012_0.jpg,0,0,0,0,0,0,0
2026-08-06_06-29-52_f0060_0.jpg,0,0,0,0,0,0,0
2026-08-06_06-29-52_f0108_0.jpg,1,0,0,0,0,0,1
2026-08-06_06-30-40_f0012_0.jpg,1,0,0,0,0,0,1
2026-08-06_06-30-40_f0060_0.jpg,0,0,0,0,0,1,1
2026-08-06_06-30-40_f0108_0.jpg,0,0,0,0,0,1,1
2026-08-06_09-25-32_f0012_0.jpg,0,0,0,0,1,0,1
2026-08-06_09-25-32_f0060_0.jpg,0,0,0,0,1,0,1
2026-08-06_09-25-32_f0108_0.jpg,0,0,0,0,1,0,1
2026-08-06_09-43-32_f0012_0.jpg,0,0,0,0,0,1,1
2026-08-06_09-43-32_f0060_0.jpg,0,0,0,0,0,1,1
2026-08-06_09-43-32_f0108_0.jpg,0,0,0,0,0,1,1
2026-08-06_19-08-06_f0012_0.jpg,0,0,0,0,0,1,1
2026-08-06_19-08-06_f0060_0.jpg,0,0,0,0,0,1,1
2026-08-06_19-08-06_f0108_0.jpg,0,0,0,0,0,1,1
2026-08-06_19-21-42_f0012_0.jpg,0,0,0,0,0,1,1
2026-08-06_19-21-42_f0060_0.jpg,0,0,0,0,0,1,1
2026-08-06_19-21-42_f0108_0.jpg,0,0,0,0,0,1,1
2026-08-07_00-27-58_f0012_0.jpg,0,0,0,0,0,1,1
2026-08-07_00-27-58_f0060_0.jpg,0,0,0,0,1,0,1
2026-08-07_00-27-58_f0108_0.jpg,0,0,0,0,1,0,1
2026-08-07_00-28-10_f0012_0.jpg,0,0,0,0,1,0,1
2026-08-07_00-28-10_f0060_0.jpg,0,0,0,0,1,0,1
2026-08-07_00-28-10_f0108_0.jpg,0,0,0,0,0,1,1
2026-08-07_00-55-22_f0012_0.jpg,0,0,0,0,0,1,1
2026-08-07_00-55-22_f0012_1.jpg,0,0,0,0,0,1,1
2026-08-07_00-55-22_f0060_0.jpg,0,0,0,0,1,0,1
2026-08-07_00-55-22_f0108_0.jpg,0,0,0,0,1,0,1
2026-08-07_00-57-22_f0012_0.jpg,0,0,0,0,1,0,1
2026-08-07_00-57-22_f0060_0.jpg,0,0,0,0,1,0,1
2026-08-07_00-57-22_f0108_0.jpg,0,0,0,0,1,0,1
2026-08-07_02-56-09_f0012_0.jpg,0,0,0,0,1,0,1
2026-08-07_02-56-09_f0060_0.jpg,0,0,0,0,1,0,1
2026-08-07_02-56-09_f0108_0.jpg,0,0,0,0,1,0,1
2026-08-07_03-17-26_f0012_0.jpg,0,0,0,0,1,0,1
2026-08-07_03-17-26_f0060_0.jpg,0,0,0,0,1,0,1
2026-08-07_03-17-26_f0108_0.jpg,0,0,0,0,1,0,1
2026-08-07_05-16-01_f0012_0.jpg,0,0,0,0,0,1,1
2026-08-07_05-16-01_f0060_0.jpg,0,0,0,0,0,1,1
2026-08-07_05-16-01_f0108_0.jpg,0,0,0,0,0,1,1
2026-08-07_05-40-01_f0012_0.jpg,0,0,0,0,0,1,1
2026-08-07_05-40-01_f0060_0.jpg,0,0,0,0,0,1,1
2026-08-07_05-40-01_f0108_0.jpg,0,0,0,0,0,1,1
2026-08-07_05-55-55_f0012_0.jpg,0,0,0,0,0,1,1
2026-08-07_05-55-55_f0060_0.jpg,0,0,0,0,0,1,1
2026-08-07_05-55-55_f0108_0.jpg,0,0,0,0,0,1,1
2026-08-07_07-40-24_f0012_0.jpg,0,0,0,0,0,1,1
2026-08-07_07-40-24_f0060_0.jpg,0,0,0,0,0,1,1
2026-08-07_07-40-24_f0108_0.jpg,0,0,0,1,0,0,1
2026-08-07_11-23-45_f0012_0.jpg,0,0,0,0,0,1,1
2026-08-07_11-23-45_f0060_0.jpg,0,0,0,0,0,1,1
2026-08-07_11-23-45_f0108_0.jpg,0,0,0,0,0,1,1
2026-08-07_11-24-33_f0012_0.jpg,0,0,0,0,0,1,1
2026-08-07_11-24-33_f0060_0.jpg,0,0,0,0,0,1,1
2026-08-07_11-24-33_f0108_0.jpg,0,0,0,0,0,1,1
2026-08-07_11-34-45_f0012_0.jpg,0,0,0,0,1,0,1
2026-08-07_11-34-45_f0060_0.jpg,0,0,0,0,1,0,1
2026-08-07_11-34-45_f0108_0.jpg,0,0,0,0,1,0,1
2026-08-07_11-43-27_f0012_0.jpg,0,0,0,0,1,0,1
2026-08-07_11-43-27_f0060_0.jpg,0,0,0,0,1,0,1
2026-08-07_11-43-27_f0108_0.jpg,0,0,0,0,0,0,0
2026-08-07_12-28-15_f0012_0.jpg,0,0,0,0,0,0,0
2026-08-07_12-28-15_f0060_0.jpg,0,0,0,0,0,1,1
2026-08-07_12-28-15_f0108_0.jpg,0,0,0,0,0,1,1
2026-08-07_12-30-57_f0012_0.jpg,0,0,0,0,0,1,1
2026-08-07_12-30-57_f0060_0.jpg,0,0,0,0,0,1,1
2026-08-07_12-30-57_f0108_0.jpg,0,0,0,0,0,1,1
2026-08-07_15-02-19_f0012_0.jpg,0,0,0,0,1,0,1
2026-08-07_15-02-19_f0060_0.jpg,0,0,0,0,1,0,1
2026-08-07_15-02-19_f0108_0.jpg,0,0,0,0,1,0,1
2026-08-07_15-23-37_f0006_0.jpg,0,0,0,0,1,0,1
2026-08-07_15-23-37_f0030_0.jpg,0,0,0,0,1,0,1
2026-08-07_15-23-37_f0054_0.jpg,0,0,0,0,1,0,1
2026-08-07_15-31-43_f0012_0.jpg,0,0,0,0,0,1,1
2026-08-07_15-31-43_f0060_0.jpg,0,0,0,0,0,1,1
2026-08-07_16-47-18_f0012_0.jpg,0,0,0,0,0,1,1
2026-08-07_16-47-18_f0060_0.jpg,0,0,0,0,0,1,1
2026-08-07_16-47-18_f0108_0.jpg,0,0,0,0,0,1,1
2026-08-07_16-53-06_f0012_0.jpg,0,0,0,0,0,1,1
2026-08-07_16-53-06_f0060_0.jpg,0,0,0,0,0,1,1
2026-08-07_16-53-06_f0108_0.jpg,0,0,0,0,0,1,1
2026-08-07_17-16-36_f0012_0.jpg,0,0,0,0,0,1,1
2026-08-07_17-16-36_f0060_0.jpg,0,0,0,0,0,1,1
2026-08-07_17-16-36_f0108_0.jpg,0,0,0,0,0,1,1
2026-08-07_17-18-00_f0012_0.jpg,0,0,0,0,0,1,1
2026-08-07_17-18-00_f0060_0.jpg,0,0,0,0,0,1,1
2026-08-07_17-18-00_f0108_0.jpg,0,0,0,0,0,1,1
2026-08-07_19-39-45_f0012_0.jpg,0,0,0,0,0,1,1
2026-08-07_19-39-45_f0060_0.jpg,0,0,0,0,0,1,1
2026-08-07_19-39-45_f0108_0.jpg,0,0,0,0,0,1,1
2026-08-07_19-56-02_f0060_0.jpg,0,0,0,0,0,0,0
2026-08-08_00-38-48_f0012_0.jpg,0,0,0,0,0,0,0
2026-08-08_00-38-48_f0060_0.jpg,1,0,0,0,0,0,1
2026-08-08_00-38-48_f0108_0.jpg,1,0,0,0,0,0,1
2026-08-08_01-28-05_f0012_0.jpg,0,0,0,0,0,1,1
2026-08-08_01-28-05_f0060_0.jpg,0,0,0,0,0,1,1
2026-08-08_01-28-05_f0108_0.jpg,0,0,0,0,0,1,1
2026-08-08_06-59-26_f0012_0.jpg,0,0,0,0,1,0,1
2026-08-08_06-59-26_f0060_0.jpg,0,0,0,0,1,0,1
2026-08-08_06-59-26_f0108_0.jpg,0,0,0,0,1,0,1
2026-08-08_07-07-02_f0012_0.jpg,0,0,0,0,1,0,1
2026-08-08_07-07-02_f0060_0.jpg,0,0,0,0,1,0,1
2026-08-08_07-07-02_f0108_0.jpg,0,0,0,0,1,0,1
2026-08-08_07-22-32_f0012_0.jpg,0,0,0,0,0,1,1
2026-08-08_07-22-32_f0060_0.jpg,0,0,0,0,0,1,1
2026-08-08_07-22-32_f0108_0.jpg,0,0,0,0,0,1,1
2026-08-08_07-32-56_f0012_0.jpg,0,0,0,0,0,1,1
2026-08-08_07-32-56_f0060_0.jpg,0,0,0,0,0,1,1
2026-08-08_07-32-56_f0108_0.jpg,0,0,0,0,0,1,1
2026-08-08_07-35-44_f0012_0.jpg,0,0,0,0,0,1,1
2026-08-08_07-35-44_f0060_0.jpg,0,0,0,0,0,1,1
2026-08-08_07-35-44_f0108_0.jpg,0,0,0,0,0,1,1
2026-08-08_08-03-25_f0012_0.jpg,0,0,0,0,0,1,1
2026-08-08_08-03-25_f0060_0.jpg,0,0,0,0,0,1,1
2026-08-08_08-03-25_f0108_0.jpg,0,0,0,0,0,1,1
2026-08-08_08-04-13_f0012_0.jpg,0,0,0,0,0,1,1
2026-08-08_08-04-13_f0060_0.jpg,0,0,0,0,0,1,1
2026-08-08_08-04-13_f0108_0.jpg,0,0,0,0,0,1,1
2026-08-08_08-05-13_f0012_0.jpg,0,0,0,0,0,1,1
2026-08-08_08-05-13_f0060_0.jpg,0,0,0,0,0,1,1
2026-08-08_08-05-13_f0108_0.jpg,0,0,0,0,0,1,1
2026-08-08_08-17-43_f0012_0.jpg,0,0,0,0,0,1,1
2026-08-08_08-17-43_f0060_0.jpg,0,0,0,0,0,1,1
2026-08-08_08-17-43_f0108_0.jpg,0,0,0,0,0,1,1
2026-08-08_08-32-25_f0012_0.jpg,0,0,0,0,0,1,1
2026-08-08_08-32-25_f0060_0.jpg,0,0,0,0,0,1,1
2026-08-08_08-32-25_f0108_0.jpg,0,0,0,0,0,1,1
2026-08-08_08-47-01_f0012_0.jpg,0,0,0,0,1,0,1
2026-08-08_08-47-01_f0060_0.jpg,0,0,0,0,0,1,1
2026-08-08_08-47-01_f0108_0.jpg,0,0,0,0,0,1,1
2026-08-08_08-47-01_f0108_1.jpg,0,0,0,0,0,1,1
2026-08-08_08-50-37_f0012_0.jpg,0,0,0,0,0,1,1
2026-08-08_08-50-37_f0060_0.jpg,0,0,0,0,0,1,1
2026-08-08_08-50-37_f0108_0.jpg,0,0,0,0,0,1,1
2026-08-08_08-51-49_f0012_0.jpg,0,0,0,0,0,1,1
2026-08-08_08-51-49_f0060_0.jpg,0,0,0,0,0,0,0
2026-08-08_08-51-49_f0108_0.jpg,0,0,0,0,0,0,0
2026-08-08_08-54-43_f0012_0.jpg,1,0,0,0,0,0,1
2026-08-08_08-54-43_f0060_0.jpg,0,0,0,0,0,1,1
2026-08-08_14-59-33_f0012_0.jpg,0,0,0,0,0,1,1
2026-08-08_14-59-33_f0060_0.jpg,0,0,0,0,0,1,1
2026-08-08_14-59-33_f0108_0.jpg,0,0,0,0,0,1,1
2026-08-08_15-02-33_f0012_0.jpg,1,0,0,0,0,0,1
2026-08-08_15-02-33_f0060_0.jpg,0,0,0,0,0,1,1
2026-08-08_15-02-33_f0108_0.jpg,1,0,0,0,0,0,1
2026-08-08_15-05-09_f0012_0.jpg,0,0,0,0,0,1,1
2026-08-08_15-05-09_f0060_0.jpg,1,0,0,0,0,0,1
2026-08-08_15-05-09_f0108_0.jpg,1,0,0,0,0,0,1
2026-08-08_18-16-43_f0012_0.jpg,0,0,0,0,1,0,1
2026-08-08_18-16-43_f0060_0.jpg,0,0,0,0,1,0,1
2026-08-08_18-16-43_f0108_0.jpg,0,0,0,0,1,0,1
2026-08-08_18-23-37_f0012_0.jpg,0,0,0,0,1,0,1
2026-08-08_18-23-37_f0060_0.jpg,0,0,0,0,1,0,1
2026-08-08_18-23-37_f0108_0.jpg,0,0,0,0,1,0,1
2026-08-08_18-45-55_f0012_0.jpg,1,0,0,0,0,0,1
2026-08-08_18-45-55_f0060_0.jpg,1,0,0,0,0,0,1
2026-08-08_18-45-55_f0108_0.jpg,1,0,0,0,0,0,1
2026-08-08_18-47-43_f0012_0.jpg,1,0,0,0,0,0,1
2026-08-08_18-47-43_f0060_0.jpg,1,0,0,0,0,0,1
2026-08-08_18-47-43_f0108_0.jpg,1,0,0,0,0,0,1
2026-08-08_18-48-43_f0012_0.jpg,1,0,0,0,0,0,1
2026-08-08_18-48-43_f0060_0.jpg,1,0,0,0,0,0,1
2026-08-08_18-48-43_f0108_0.jpg,1,0,0,0,0,0,1
2026-08-08_23-17-36_f0060_0.jpg,0,0,0,0,0,1,1
2026-08-08_23-17-36_f0108_0.jpg,0,0,0,0,0,1,1
2026-08-08_23-42-36_f0012_0.jpg,0,0,0,0,0,1,1
2026-08-08_23-42-36_f0060_0.jpg,0,0,0,0,0,1,1
2026-08-08_23-42-36_f0108_0.jpg,0,0,0,0,0,1,1
2026-08-08_23-43-36_f0012_0.jpg,0,0,0,0,0,1,1
2026-08-08_23-43-36_f0060_0.jpg,0,0,0,0,0,1,1
2026-08-08_23-43-36_f0108_0.jpg,0,0,0,0,1,0,1
2026-08-08_23-45-36_f0012_0.jpg,0,0,0,0,1,0,1
2026-08-08_23-45-36_f0060_0.jpg,0,0,0,0,1,0,1
2026-08-08_23-45-36_f0108_0.jpg,0,0,0,0,1,0,1
2026-08-09_02-01-14_f0012_0.jpg,0,0,0,0,0,1,1
2026-08-09_02-01-14_f0060_0.jpg,0,0,0,0,0,1,1
2026-08-09_02-01-14_f0108_0.jpg,0,0,0,0,0,1,1
2026-08-09_02-04-14_f0012_0.jpg,0,0,0,0,0,1,1
2026-08-09_02-04-14_f0060_0.jpg,0,0,0,0,0,1,1
2026-08-09_02-04-14_f0108_0.jpg,0,0,0,0,0,1,1
2026-08-09_05-12-06_f0012_0.jpg,0,0,0,0,0,0,0
2026-08-09_05-12-06_f0060_0.jpg,0,0,0,0,0,0,0
2026-08-09_05-12-06_f0108_0.jpg,0,0,0,0,0,1,1
2026-08-09_05-22-00_f0012_0.jpg,0,0,0,0,0,1,1
2026-08-09_05-22-00_f0060_0.jpg,0,0,0,0,0,1,1
2026-08-09_05-22-00_f0108_0.jpg,0,0,0,0,0,1,1
2026-08-09_05-25-30_f0060_0.jpg,0,0,0,0,0,1,1
2026-08-09_05-25-30_f0108_0.jpg,0,0,0,0,0,1,1
2026-08-09_05-35-30_f0012_0.jpg,0,0,0,0,0,1,1
2026-08-09_05-35-30_f0060_0.jpg,0,0,0,0,0,1,1
2026-08-09_05-35-30_f0108_0.jpg,0,0,0,0,0,1,1
2026-08-09_05-35-42_f0012_0.jpg,0,0,0,0,0,1,1
2026-08-09_05-35-42_f0060_0.jpg,0,0,0,0,0,1,1
2026-08-09_05-35-42_f0108_0.jpg,0,0,0,0,0,1,1
2026-08-09_07-52-34_f0012_0.jpg,0,0,0,0,1,0,1
2026-08-09_07-52-34_f0060_0.jpg,0,0,0,0,1,0,1
2026-08-09_07-52-34_f0108_0.jpg,0,0,0,0,1,0,1
2026-08-09_07-57-52_f0012_0.jpg,0,0,0,0,1,0,1
2026-08-09_07-57-52_f0060_0.jpg,0,0,0,0,1,0,1
2026-08-09_07-57-52_f0108_0.jpg,0,0,0,0,1,0,1
2026-08-09_07-58-16_f0010_0.jpg,0,0,0,0,1,0,1
2026-08-09_07-58-16_f0051_0.jpg,0,0,0,0,1,0,1
2026-08-09_07-58-16_f0092_0.jpg,0,0,0,0,1,0,1
2026-08-09_08-00-58_f0012_0.jpg,0,0,0,0,1,0,1
2026-08-09_08-00-58_f0060_0.jpg,0,0,0,0,1,0,1
2026-08-09_08-00-58_f0108_0.jpg,0,0,0,0,1,0,1
2026-08-09_08-25-46_f0012_0.jpg,0,0,0,0,1,0,1
2026-08-09_08-25-46_f0060_0.jpg,0,0,0,0,1,0,1
2026-08-09_08-25-46_f0108_0.jpg,0,0,0,0,1,0,1
2026-08-09_08-27-52_f0012_0.jpg,0,0,0,0,1,0,1
2026-08-09_08-27-52_f0060_0.jpg,0,0,0,0,0,0,0
2026-08-09_08-27-52_f0108_0.jpg,0,0,0,0,0,0,0
2026-08-09_11-16-26_f0012_0.jpg,0,0,0,0,0,1,1
2026-08-09_11-16-26_f0060_0.jpg,0,0,0,0,0,1,1
2026-08-09_11-16-26_f0108_0.jpg,0,0,0,0,0,1,1
2026-08-09_11-17-38_f0012_0.jpg,0,0,0,0,0,1,1
2026-08-09_11-17-38_f0060_0.jpg,0,0,0,0,0,1,1
2026-08-09_11-17-38_f0108_0.jpg,0,0,0,0,0,1,1
2026-08-09_11-31-14_f0005_0.jpg,0,0,0,0,0,1,1
2026-08-09_11-31-14_f0027_0.jpg,0,0,0,0,0,1,1
2026-08-09_11-31-14_f0048_0.jpg,0,0,0,0,0,1,1
2026-08-09_11-40-32_f0012_0.jpg,0,0,0,0,0,1,1
2026-08-09_11-40-32_f0060_0.jpg,0,0,0,0,0,1,1
2026-08-09_11-40-32_f0108_0.jpg,0,0,0,0,0,1,1
2026-08-09_11-43-56_f0012_0.jpg,0,0,0,0,0,1,1
2026-08-09_11-43-56_f0060_0.jpg,0,0,0,0,0,1,1
2026-08-09_11-43-56_f0108_0.jpg,0,0,0,0,0,1,1
2026-08-09_11-43-56_f0108_1.jpg,0,0,0,0,0,1,1
2026-08-09_11-47-20_f0012_0.jpg,0,0,0,0,0,1,1
2026-08-09_11-47-20_f0060_0.jpg,0,0,0,0,0,1,1
2026-08-09_11-47-20_f0108_0.jpg,0,0,0,0,0,1,1
2026-08-09_11-53-26_f0006_0.jpg,0,0,0,0,0,1,1
2026-08-09_11-53-26_f0032_0.jpg,0,0,0,0,0,1,1
2026-08-09_11-53-26_f0057_0.jpg,0,0,0,0,0,1,1
2026-08-09_11-58-50_f0012_0.jpg,1,0,0,0,0,0,1
2026-08-09_11-58-50_f0060_0.jpg,0,0,0,0,0,1,1
2026-08-09_11-58-50_f0108_0.jpg,0,0,0,0,0,1,1
2026-08-09_13-17-49_f0012_0.jpg,0,0,0,0,0,1,1
2026-08-09_13-17-49_f0060_0.jpg,0,0,0,0,0,1,1
2026-08-09_13-17-49_f0108_0.jpg,0,0,0,0,0,1,1
2026-08-09_13-26-43_f0012_0.jpg,0,0,0,0,0,1,1
2026-08-09_13-26-43_f0060_0.jpg,0,0,0,0,0,1,1
2026-08-09_13-26-43_f0108_0.jpg,0,0,0,0,0,1,1
2026-08-09_13-30-19_f0012_0.jpg,0,0,0,0,0,1,1
2026-08-09_13-30-19_f0060_0.jpg,0,0,0,0,0,1,1
2026-08-09_13-30-19_f0108_0.jpg,0,0,0,0,0,1,1
2026-08-09_13-38-49_f0012_0.jpg,0,0,0,0,0,1,1
2026-08-09_13-38-49_f0060_0.jpg,0,0,0,0,0,1,1
2026-08-09_13-38-49_f0108_0.jpg,0,0,0,0,0,1,1
2026-08-09_13-59-31_f0012_0.jpg,0,0,0,0,0,1,1
2026-08-09_13-59-31_f0060_0.jpg,0,0,0,0,0,1,1
2026-08-09_13-59-31_f0108_0.jpg,0,0,0,0,0,1,1
2026-08-09_16-00-11_f0012_0.jpg,0,0,0,0,0,1,1
2026-08-09_16-00-11_f0060_0.jpg,0,0,0,0,0,1,1
2026-08-09_16-00-11_f0108_0.jpg,0,0,0,0,0,1,1
2026-08-09_17-18-40_f0012_0.jpg,0,0,0,0,0,0,0
2026-08-09_17-18-40_f0060_0.jpg,0,0,0,0,0,0,0
2026-08-09_17-18-40_f0108_0.jpg,1,0,0,0,0,0,1
2026-08-09_17-23-04_f0012_0.jpg,1,0,0,0,0,0,1
2026-08-09_17-23-04_f0012_1.jpg,1,0,0,0,0,0,1
2026-08-09_17-23-04_f0060_0.jpg,1,0,0,0,0,0,1
2026-08-09_17-23-04_f0108_0.jpg,1,0,0,0,0,0,1
2026-08-09_17-38-34_f0012_0.jpg,1,0,0,0,0,0,1
2026-08-09_17-38-34_f0060_0.jpg,1,0,0,0,0,0,1
2026-08-09_17-38-34_f0108_0.jpg,1,0,0,0,0,0,1
2026-08-09_20-33-02_f0012_0.jpg,0,0,0,0,0,1,1
2026-08-09_20-33-02_f0060_0.jpg,0,0,0,0,0,1,1
2026-08-09_20-33-02_f0108_0.jpg,0,0,0,0,0,1,1
2026-08-09_22-21-19_f0012_0.jpg,0,0,0,0,0,1,1
2026-08-09_22-21-19_f0060_0.jpg,0,0,0,0,0,1,1
2026-08-09_22-21-19_f0108_0.jpg,0,0,0,0,0,0,0
2026-08-10_00-20-42_f0003_0.jpg,0,0,0,0,0,0,0
2026-08-10_00-20-42_f0015_0.jpg,0,0,0,0,1,0,1
2026-08-10_00-20-42_f0027_0.jpg,0,0,0,0,1,0,1
2026-08-10_00-49-38_f0012_0.jpg,0,0,0,0,0,1,1
2026-08-10_00-49-38_f0060_0.jpg,0,0,0,0,0,1,1
2026-08-10_00-49-38_f0108_0.jpg,0,0,0,0,0,1,1
2026-08-10_06-46-47_f0108_0.jpg,0,0,0,0,0,1,1
2026-08-10_08-42-15_f0060_0.jpg,0,0,0,0,0,1,1
2026-08-10_08-42-15_f0108_0.jpg,0,0,0,0,0,1,1
2026-08-10_08-42-27_f0012_0.jpg,0,0,0,0,0,1,1
2026-08-10_08-42-27_f0060_0.jpg,0,0,0,0,0,1,1
2026-08-10_08-42-27_f0108_0.jpg,0,0,0,0,0,1,1
2026-08-10_08-46-51_f0012_0.jpg,0,0,0,0,0,1,1
2026-08-10_08-46-51_f0060_0.jpg,0,0,0,0,0,1,1
2026-08-10_08-46-51_f0108_0.jpg,0,0,0,0,0,1,1
2026-08-10_08-47-39_f0012_0.jpg,0,0,0,0,0,1,1
2026-08-10_08-47-39_f0060_0.jpg,0,0,0,0,0,1,1
2026-08-10_08-47-39_f0108_0.jpg,0,0,0,0,0,1,1
2026-08-10_10-36-08_f0012_0.jpg,0,0,0,0,0,1,1
2026-08-10_10-36-08_f0060_0.jpg,0,0,0,0,0,1,1
2026-08-10_10-36-08_f0108_0.jpg,0,0,0,0,0,1,1
2026-08-10_10-46-44_f0012_0.jpg,0,0,0,0,0,1,1
2026-08-10_10-46-44_f0060_0.jpg,0,0,0,0,0,1,1
2026-08-10_10-46-44_f0108_0.jpg,0,0,0,0,0,1,1
2026-08-10_10-55-08_f0012_0.jpg,0,0,0,0,0,1,1
2026-08-10_10-55-08_f0060_0.jpg,0,0,0,0,0,1,1
2026-08-10_10-55-08_f0108_0.jpg,0,0,0,0,0,1,1
2026-08-10_11-01-38_f0012_0.jpg,0,0,0,0,0,1,1
2026-08-10_11-01-38_f0060_0.jpg,0,0,0,0,0,1,1
2026-08-10_11-01-38_f0108_0.jpg,0,0,0,0,0,1,1
2026-08-10_11-22-14_f0012_0.jpg,0,0,0,0,0,1,1
2026-08-10_11-22-14_f0060_0.jpg,0,0,0,0,0,1,1
2026-08-10_11-22-14_f0108_0.jpg,0,0,0,0,0,1,1
2026-08-10_12-00-37_f0012_0.jpg,0,0,0,0,0,1,1
2026-08-10_12-00-37_f0060_0.jpg,0,0,0,0,0,1,1
2026-08-10_12-00-37_f0108_0.jpg,0,0,0,0,0,1,1
2026-08-10_12-00-49_f0012_0.jpg,0,0,0,0,0,1,1
2026-08-10_12-00-49_f0060_0.jpg,0,0,0,0,0,1,1
2026-08-10_12-00-49_f0108_0.jpg,0,0,0,0,0,1,1
2026-08-10_12-02-43_f0012_0.jpg,0,0,0,0,0,1,1
2026-08-10_12-02-43_f0060_0.jpg,0,0,0,0,0,1,1
2026-08-10_12-02-43_f0108_0.jpg,0,0,0,0,0,1,1
2026-08-10_12-04-43_f0012_0.jpg,1,0,0,0,0,0,1
2026-08-10_12-04-43_f0060_0.jpg,1,0,0,0,0,0,1
2026-08-10_12-04-43_f0108_0.jpg,0,0,0,0,0,0,0
2026-08-10_16-55-40_f0012_0.jpg,0,0,0,0,0,0,0
2026-08-10_16-55-40_f0060_0.jpg,0,0,0,0,0,1,1
2026-08-10_16-55-40_f0108_0.jpg,0,0,0,0,0,1,1
2026-08-10_22-49-23_f0012_0.jpg,1,0,0,0,0,0,1
2026-08-10_22-49-23_f0060_0.jpg,0,0,0,0,0,1,1
2026-08-10_22-49-23_f0108_0.jpg,0,0,0,0,0,1,1
2026-08-10_22-54-35_f0012_0.jpg,0,0,0,0,0,1,1
2026-08-10_22-54-35_f0060_0.jpg,0,0,0,0,0,1,1
2026-08-10_22-54-35_f0108_0.jpg,1,0,0,0,0,0,1
2026-08-10_23-05-35_f0012_0.jpg,1,0,0,0,0,0,1
2026-08-10_23-05-35_f0060_0.jpg,0,0,0,0,0,1,1
2026-08-10_23-05-35_f0108_0.jpg,0,0,0,0,0,1,1
2026-08-10_23-38-29_f0012_0.jpg,0,0,0,0,0,1,1
2026-08-10_23-38-29_f0060_0.jpg,0,0,0,0,0,1,1
2026-08-10_23-38-29_f0108_0.jpg,0,0,0,0,0,1,1
2026-08-11_04-34-53_f0012_0.jpg,0,0,0,0,0,1,1
2026-08-11_04-34-53_f0060_0.jpg,0,0,0,0,0,1,1
2026-08-11_04-34-53_f0108_0.jpg,0,0,0,0,0,1,1
2026-08-11_04-59-59_f0012_0.jpg,0,0,0,0,0,1,1
2026-08-11_04-59-59_f0060_0.jpg,0,0,0,0,0,1,1
2026-08-11_04-59-59_f0108_0.jpg,0,0,0,0,0,1,1
2026-08-11_05-00-35_f0011_0.jpg,0,0,0,0,0,1,1
2026-08-11_05-00-35_f0058_0.jpg,0,0,0,0,0,1,1
2026-08-11_05-00-35_f0104_0.jpg,0,0,0,0,0,1,1
2026-08-11_07-07-28_f0012_0.jpg,0,0,0,0,0,1,1
2026-08-11_07-07-28_f0060_0.jpg,0,0,0,0,0,1,1
2026-08-11_07-07-28_f0108_0.jpg,0,0,0,0,0,1,1
2026-08-11_09-34-08_f0007_0.jpg,0,0,0,0,0,1,1
2026-08-11_09-34-08_f0035_0.jpg,0,0,0,0,0,1,1
2026-08-11_09-34-08_f0063_0.jpg,0,0,0,0,0,1,1
2026-08-11_10-10-20_f0012_0.jpg,0,0,0,0,0,1,1
2026-08-11_10-10-20_f0060_0.jpg,0,0,0,0,0,1,1
2026-08-11_10-10-20_f0108_0.jpg,0,0,0,0,0,1,1
2026-08-11_10-10-44_f0012_0.jpg,0,0,0,0,0,1,1
2026-08-11_10-10-44_f0060_0.jpg,0,0,0,0,0,1,1
2026-08-11_10-10-44_f0108_0.jpg,0,0,0,0,0,1,1
2026-08-11_10-15-08_f0012_0.jpg,0,0,0,0,0,1,1
2026-08-11_10-15-08_f0060_0.jpg,0,0,0,0,0,1,1
2026-08-11_10-15-08_f0108_0.jpg,0,0,0,0,0,1,1
2026-08-11_10-20-14_f0012_0.jpg,0,0,0,0,0,1,1
2026-08-11_10-20-14_f0060_0.jpg,0,0,0,0,0,1,1
2026-08-11_10-20-14_f0108_0.jpg,0,0,0,0,0,1,1
2026-08-11_10-48-13_f0012_0.jpg,0,0,0,0,0,1,1
2026-08-11_10-48-13_f0060_0.jpg,0,0,0,0,0,1,1
2026-08-11_10-48-13_f0108_0.jpg,0,0,0,0,0,0,0
2026-08-11_17-45-58_f0012_0.jpg,0,0,0,0,0,0,0
2026-08-11_17-45-58_f0060_0.jpg,0,0,0,0,0,1,1
2026-08-11_17-45-58_f0108_0.jpg,0,0,0,0,0,1,1
2026-08-11_19-13-39_f0012_0.jpg,0,0,0,0,0,1,1
2026-08-11_19-13-39_f0060_0.jpg,0,0,0,0,0,1,1
2026-08-11_19-13-39_f0108_0.jpg,0,0,0,0,0,1,1
2026-08-11_19-15-51_f0012_0.jpg,0,0,0,0,0,1,1
2026-08-11_19-15-51_f0060_0.jpg,0,0,0,0,0,1,1
2026-08-11_19-15-51_f0108_0.jpg,0,0,0,0,0,1,1
2026-08-11_19-20-45_f0012_0.jpg,0,0,0,1,0,0,1
2026-08-11_19-20-45_f0060_0.jpg,0,0,0,1,0,0,1
2026-08-11_19-20-45_f0108_0.jpg,0,0,0,1,0,0,1
2026-08-11_23-58-49_f0012_0.jpg,0,0,0,0,0,1,1
2026-08-11_23-58-49_f0060_0.jpg,0,0,0,0,0,1,1
2026-08-11_23-58-49_f0108_0.jpg,0,0,0,0,0,1,1
2026-08-12_00-00-01_f0012_0.jpg,0,0,0,0,0,1,1
2026-08-12_00-00-01_f0060_0.jpg,0,0,0,0,0,1,1
2026-08-12_00-00-01_f0108_0.jpg,0,0,0,0,0,1,1
2026-08-12_00-10-49_f0012_0.jpg,0,0,0,0,0,1,1
2026-08-12_00-10-49_f0060_0.jpg,0,0,0,0,0,1,1
2026-08-12_00-10-49_f0108_0.jpg,0,0,0,0,0,1,1
2026-08-12_05-12-04_f0012_0.jpg,1,0,0,0,0,0,1
2026-08-12_05-12-04_f0060_0.jpg,1,0,0,0,0,0,1
2026-08-12_05-12-04_f0108_0.jpg,1,0,0,0,0,0,1
2026-08-12_08-39-44_f0012_0.jpg,0,0,0,0,0,1,1
2026-08-12_08-39-44_f0060_0.jpg,0,0,0,0,0,1,1
2026-08-12_08-39-44_f0108_0.jpg,0,0,0,0,0,1,1
2026-08-12_09-30-56_f0012_0.jpg,0,0,0,0,0,1,1
2026-08-12_09-30-56_f0060_0.jpg,0,0,0,0,0,1,1
2026-08-12_09-30-56_f0108_0.jpg,0,0,0,0,0,1,1
2026-08-12_09-32-43_f0012_0.jpg,0,0,0,0,0,1,1
2026-08-12_09-32-43_f0060_0.jpg,0,0,0,0,0,1,1
2026-08-12_09-32-43_f0108_0.jpg,0,0,0,0,0,1,1
2026-08-12_09-40-55_f0012_0.jpg,0,0,0,0,0,1,1
2026-08-12_09-40-55_f0060_0.jpg,0,0,0,0,0,1,1
2026-08-12_09-40-55_f0108_0.jpg,0,0,0,0,0,1,1
2026-08-12_09-49-25_f0012_0.jpg,0,0,0,0,0,1,1
2026-08-12_09-49-25_f0060_0.jpg,0,0,0,0,0,1,1
2026-08-12_10-15-55_f0012_0.jpg,0,0,0,0,0,1,1
2026-08-12_10-15-55_f0060_0.jpg,0,0,0,0,0,1,1
2026-08-12_10-15-55_f0108_0.jpg,0,0,0,0,0,1,1
2026-08-12_10-22-49_f0012_0.jpg,0,0,0,0,0,1,1
2026-08-12_10-22-49_f0060_0.jpg,0,0,0,0,0,1,1
2026-08-12_10-22-49_f0108_0.jpg,0,0,0,0,0,1,1
2026-08-12_10-27-07_f0012_0.jpg,0,0,0,0,0,1,1
2026-08-12_10-27-07_f0060_0.jpg,0,0,0,0,0,1,1
2026-08-12_10-27-07_f0108_0.jpg,0,0,0,0,0,1,1
2026-08-12_10-34-13_f0012_0.jpg,0,0,0,0,0,1,1
2026-08-12_10-34-13_f0060_0.jpg,0,0,0,0,0,1,1
2026-08-12_10-34-13_f0108_0.jpg,0,0,0,0,0,1,1
2026-08-12_11-09-24_f0011_0.jpg,0,0,0,0,0,1,1
2026-08-12_11-09-24_f0058_0.jpg,0,0,0,0,0,1,1
2026-08-12_11-09-24_f0105_0.jpg,0,0,0,0,0,1,1
2026-08-12_11-14-48_f0012_0.jpg,0,0,0,0,0,1,1
2026-08-12_11-14-48_f0060_0.jpg,1,0,0,0,0,1,1
2026-08-12_11-14-48_f0108_0.jpg,1,0,0,0,0,0,1
2026-08-12_11-16-48_f0012_0.jpg,1,0,0,0,0,0,1
2026-08-12_11-16-48_f0060_0.jpg,0,0,0,0,0,1,1
2026-08-12_11-16-48_f0108_0.jpg,0,0,0,0,0,1,1
2026-08-12_11-18-12_f0012_0.jpg,0,0,0,0,0,0,0
2026-08-12_11-18-12_f0060_0.jpg,0,0,0,0,0,0,0
2026-08-12_11-18-12_f0108_0.jpg,1,0,0,0,0,0,1
2026-08-12_13-10-05_f0012_0.jpg,0,0,0,0,0,1,1
2026-08-12_13-10-05_f0012_1.jpg,0,0,0,0,0,1,1
2026-08-12_13-10-05_f0060_0.jpg,0,0,0,0,0,1,1
2026-08-12_13-10-05_f0108_0.jpg,0,0,0,0,0,1,1
2026-08-12_13-10-05_f0108_1.jpg,0,0,0,0,0,1,1
2026-08-12_13-32-29_f0012_0.jpg,0,0,0,0,0,1,1
2026-08-12_13-32-29_f0060_0.jpg,0,0,0,0,0,1,1
2026-08-12_13-32-29_f0108_0.jpg,0,0,0,0,0,1,1
2026-08-12_13-37-47_f0012_0.jpg,1,0,0,0,0,0,1
2026-08-12_13-37-47_f0060_0.jpg,0,0,0,0,0,1,1
2026-08-12_13-37-47_f0108_0.jpg,1,0,0,0,0,0,1
2026-08-12_13-38-59_f0012_0.jpg,1,0,0,0,0,0,1
2026-08-12_13-38-59_f0060_0.jpg,0,0,0,0,0,0,0
2026-08-12_13-38-59_f0108_0.jpg,0,0,0,0,0,0,0
2026-08-12_13-50-35_f0012_0.jpg,0,0,0,0,0,1,1
2026-08-12_13-50-35_f0060_0.jpg,0,0,0,0,0,1,1
2026-08-12_13-50-35_f0108_0.jpg,0,0,0,0,0,1,1
2026-08-12_13-54-59_f0012_0.jpg,0,0,0,0,0,1,1
2026-08-12_13-54-59_f0060_0.jpg,0,0,0,0,0,1,1
2026-08-12_13-54-59_f0108_0.jpg,0,0,0,0,1,0,1
2026-08-12_13-55-11_f0012_0.jpg,0,0,0,0,1,0,1
2026-08-12_13-55-11_f0060_0.jpg,0,0,0,0,0,1,1
2026-08-12_13-55-11_f0108_0.jpg,0,0,0,0,0,1,1
2026-08-12_14-37-11_f0012_0.jpg,0,0,0,0,0,1,1
2026-08-12_14-37-11_f0060_0.jpg,1,0,0,0,0,0,1
2026-08-12_14-37-11_f0108_0.jpg,1,0,0,0,0,0,1
2026-08-12_18-24-21_f0012_0.jpg,0,0,0,0,0,1,1
2026-08-12_18-24-21_f0060_0.jpg,0,0,0,0,0,0,0
2026-08-12_18-24-21_f0108_0.jpg,0,0,0,0,0,0,0
2026-08-12_18-25-09_f0012_0.jpg,0,0,0,0,0,1,1
2026-08-12_18-25-09_f0060_0.jpg,0,0,0,0,0,1,1
2026-08-12_18-25-09_f0108_0.jpg,0,0,0,0,0,1,1
2026-08-12_20-33-49_f0012_0.jpg,0,0,0,0,0,1,1
2026-08-12_20-33-49_f0060_0.jpg,0,0,0,0,0,1,1
2026-08-12_20-33-49_f0108_0.jpg,0,0,0,0,0,1,1
2026-08-12_20-38-49_f0012_0.jpg,1,1,0,0,0,0,1
2026-08-12_20-38-49_f0060_0.jpg,0,0,0,0,0,1,1
2026-08-12_20-38-49_f0108_0.jpg,0,1,0,0,0,0,1
2026-08-12_22-38-18_f0007_0.jpg,1,0,0,0,0,0,1
2026-08-12_22-38-18_f0038_0.jpg,1,0,0,0,0,0,1
2026-08-12_22-38-18_f0068_0.jpg,1,0,0,0,0,0,1
2026-08-13_00-12-59_f0012_0.jpg,0,0,0,0,0,1,1
2026-08-13_00-12-59_f0060_0.jpg,0,0,0,0,0,0,0
2026-08-13_00-12-59_f0108_0.jpg,0,0,0,0,0,0,0
2026-08-13_01-46-04_f0012_0.jpg,0,0,0,0,0,1,1
2026-08-13_01-46-04_f0060_0.jpg,0,0,0,0,0,1,1
2026-08-13_01-46-04_f0108_0.jpg,0,0,0,0,0,1,1
2026-08-13_01-46-28_f0012_0.jpg,0,0,0,0,0,1,1
2026-08-13_01-46-28_f0060_0.jpg,0,0,0,0,0,1,1
2026-08-13_01-46-28_f0108_0.jpg,0,0,0,0,0,1,1
2026-08-13_04-28-32_f0012_0.jpg,1,0,0,0,0,0,1
2026-08-13_04-28-32_f0060_0.jpg,1,0,0,0,0,0,1
2026-08-13_04-28-32_f0108_0.jpg,1,0,0,0,0,0,1
2026-08-13_04-29-56_f0012_0.jpg,1,0,0,0,0,0,1
2026-08-13_04-29-56_f0060_0.jpg,0,0,0,0,0,1,1
2026-08-13_05-30-32_f0009_0.jpg,0,0,0,0,0,1,1
2026-08-13_09-12-47_f0012_0.jpg,0,0,0,0,0,1,1
2026-08-13_09-12-47_f0060_0.jpg,0,0,0,0,0,1,1
2026-08-13_09-12-47_f0108_0.jpg,0,0,0,0,0,1,1
2026-08-13_09-14-47_f0012_0.jpg,0,0,0,0,0,1,1
2026-08-13_09-14-47_f0060_0.jpg,0,0,0,0,0,1,1
2026-08-13_09-14-47_f0108_0.jpg,0,0,0,0,0,1,1
2026-08-13_09-17-41_f0012_0.jpg,1,0,0,0,0,0,1
2026-08-13_09-17-41_f0060_0.jpg,1,0,0,0,0,0,1
2026-08-13_09-17-41_f0108_0.jpg,1,0,0,0,0,0,1
2026-08-13_09-19-17_f0012_0.jpg,1,0,0,0,0,0,1
2026-08-13_09-19-17_f0060_0.jpg,1,0,0,0,0,0,1
2026-08-13_09-19-17_f0108_0.jpg,1,0,0,0,0,0,1
2026-08-13_11-00-22_f0012_0.jpg,0,0,0,0,0,1,1
2026-08-13_11-00-22_f0060_0.jpg,0,0,0,0,0,1,1
2026-08-13_11-00-22_f0108_0.jpg,0,0,0,0,0,1,1
2026-08-13_13-26-27_f0012_0.jpg,0,0,0,0,0,1,1
2026-08-13_13-26-27_f0060_0.jpg,0,0,0,0,0,1,1
2026-08-13_13-26-27_f0108_0.jpg,0,0,0,0,0,1,1
2026-08-13_13-45-15_f0012_0.jpg,0,0,0,0,0,1,1
2026-08-13_13-45-15_f0060_0.jpg,0,0,0,0,0,1,1
2026-08-13_13-45-15_f0108_0.jpg,0,0,0,0,0,1,1
2026-08-13_13-45-15_f0108_1.jpg,0,0,0,0,0,1,1
2026-08-13_13-50-51_f0012_0.jpg,0,0,0,0,0,1,1
2026-08-13_13-50-51_f0060_0.jpg,0,0,0,0,0,1,1
2026-08-13_13-50-51_f0108_0.jpg,0,0,0,0,0,1,1
2026-08-13_17-06-14_f0012_0.jpg,0,0,0,0,0,1,1
2026-08-13_17-06-14_f0060_0.jpg,0,0,0,0,0,1,1
2026-08-13_17-06-14_f0108_0.jpg,0,0,0,0,0,1,1
2026-08-13_17-08-02_f0012_0.jpg,0,0,0,0,0,1,1
2026-08-13_17-08-02_f0060_0.jpg,0,0,0,0,0,1,1
2026-08-13_17-08-02_f0108_0.jpg,0,0,0,0,0,1,1
2026-08-13_17-12-20_f0012_0.jpg,0,0,0,0,0,1,1
2026-08-13_17-12-20_f0060_0.jpg,0,0,0,0,0,1,1
2026-08-13_17-12-20_f0108_0.jpg,0,0,0,0,0,1,1
2026-08-13_17-14-20_f0012_0.jpg,1,0,0,0,0,0,1
2026-08-13_17-14-20_f0060_0.jpg,1,0,0,0,0,0,1
2026-08-13_17-14-20_f0108_0.jpg,1,0,0,0,0,0,1
2026-08-13_19-44-37_f0012_0.jpg,0,0,0,0,0,1,1
2026-08-13_19-44-37_f0060_0.jpg,0,0,0,0,0,1,1
2026-08-13_19-44-37_f0108_0.jpg,0,0,0,0,0,1,1
2026-08-13_21-31-36_f0012_0.jpg,0,0,0,0,0,1,1
2026-08-13_21-31-36_f0060_0.jpg,0,0,0,0,0,1,1
2026-08-13_21-31-36_f0108_0.jpg,0,0,0,0,0,1,1
2026-08-13_21-33-35_f0012_0.jpg,0,0,0,0,0,1,1
2026-08-13_21-33-35_f0060_0.jpg,0,0,0,0,0,1,1
2026-08-13_21-33-35_f0108_0.jpg,0,0,0,0,0,1,1
2026-08-13_21-35-11_f0012_0.jpg,0,0,0,0,0,0,0
2026-08-13_21-35-11_f0060_0.jpg,0,0,0,0,0,0,0
2026-08-13_21-35-11_f0108_0.jpg,0,0,0,0,1,0,1
2026-08-13_22-03-29_f0012_0.jpg,0,0,0,0,0,1,1
2026-08-13_22-03-29_f0060_0.jpg,0,0,0,0,0,1,1
2026-08-13_22-03-29_f0108_0.jpg,0,0,0,0,0,1,1
2026-08-13_22-26-17_f0012_0.jpg,0,0,0,0,0,1,1
2026-08-13_22-26-17_f0060_0.jpg,0,0,0,0,0,1,1
2026-08-13_22-26-17_f0108_0.jpg,0,0,0,1,0,0,1
2026-08-14_07-52-38_f0007_0.jpg,0,0,0,0,0,1,1
2026-08-14_07-52-38_f0036_0.jpg,0,0,0,0,0,1,1
2026-08-14_07-52-38_f0064_0.jpg,0,0,0,0,0,1,1
2026-08-14_07-57-08_f0012_0.jpg,0,0,0,0,0,1,1
2026-08-14_07-57-08_f0060_0.jpg,0,0,0,0,0,1,1
2026-08-14_07-57-08_f0108_0.jpg,0,0,0,0,0,1,1
2026-08-14_09-28-56_f0012_0.jpg,0,0,0,0,0,0,0
2026-08-14_09-28-56_f0060_0.jpg,0,0,0,0,0,0,0
2026-08-14_09-28-56_f0108_0.jpg,0,0,0,0,0,1,1
2026-08-14_09-40-44_f0012_0.jpg,0,0,0,0,0,1,1
2026-08-14_09-40-44_f0060_0.jpg,0,0,0,0,0,1,1
2026-08-14_09-40-44_f0108_0.jpg,0,0,0,0,1,0,1
2026-08-14_09-44-08_f0012_0.jpg,0,0,0,0,0,1,1
2026-08-14_09-44-08_f0060_0.jpg,0,0,0,0,1,0,1
2026-08-14_09-44-08_f0108_0.jpg,0,0,0,0,0,1,1
2026-08-14_09-45-56_f0012_0.jpg,0,0,1,0,0,0,1
2026-08-14_09-45-56_f0060_0.jpg,0,0,1,0,0,0,1
2026-08-14_09-45-56_f0108_0.jpg,0,0,1,0,0,0,1
2026-08-14_09-52-44_f0012_0.jpg,0,0,1,0,0,0,1
2026-08-14_09-52-44_f0060_0.jpg,0,0,1,0,0,0,1
2026-08-14_09-52-44_f0108_0.jpg,0,0,1,0,0,0,1
2026-08-14_09-59-56_f0012_0.jpg,0,0,0,0,0,0,0
2026-08-14_09-59-56_f0060_0.jpg,0,0,0,0,0,0,0
2026-08-14_09-59-56_f0060_1.jpg,0,0,0,0,0,1,1
2026-08-14_09-59-56_f0108_0.jpg,0,0,1,0,0,0,1
2026-08-14_10-14-32_f0012_0.jpg,0,0,0,0,0,1,1
2026-08-14_10-14-32_f0060_0.jpg,0,0,0,0,0,1,1
2026-08-14_10-14-32_f0060_1.jpg,0,0,1,0,0,0,1
2026-08-14_10-14-32_f0108_0.jpg,0,0,0,0,0,1,1
2026-08-14_10-14-32_f0108_1.jpg,0,0,1,0,0,0,1
2026-08-14_10-23-26_f0012_0.jpg,0,0,1,0,0,0,1
2026-08-14_10-23-26_f0060_0.jpg,0,0,1,0,0,0,1
2026-08-14_10-23-26_f0108_0.jpg,0,0,1,0,0,0,1
2026-08-14_10-40-08_f0012_0.jpg,0,0,0,0,0,1,1
2026-08-14_10-40-08_f0060_0.jpg,0,0,0,0,0,1,1
2026-08-14_10-40-08_f0108_0.jpg,0,0,0,0,0,1,1
2026-08-14_10-50-13_f0012_0.jpg,0,0,0,0,0,0,0
2026-08-14_10-50-13_f0060_0.jpg,0,0,0,0,0,0,0
2026-08-14_10-50-13_f0108_0.jpg,0,0,0,0,0,1,1
2026-08-14_12-08-31_f0012_0.jpg,0,0,0,0,0,1,1
2026-08-14_12-08-31_f0060_0.jpg,0,0,0,0,1,0,1
2026-08-14_12-08-31_f0108_0.jpg,0,0,0,0,1,0,1
2026-08-14_13-36-36_f0012_0.jpg,0,0,0,0,0,1,1
2026-08-14_13-36-36_f0060_0.jpg,0,0,0,0,0,1,1
2026-08-14_13-36-36_f0108_0.jpg,0,0,0,0,0,1,1
2026-08-14_14-03-23_f0004_0.jpg,0,0,0,0,0,1,1
2026-08-14_14-03-23_f0024_0.jpg,0,0,0,0,0,1,1
2026-08-14_14-03-23_f0043_0.jpg,0,0,0,0,0,1,1
2026-08-14_18-40-26_f0012_0.jpg,1,0,0,0,0,0,1
2026-08-14_18-40-26_f0060_0.jpg,1,0,0,0,0,0,1
2026-08-14_18-40-26_f0108_0.jpg,0,0,0,0,0,1,1
2026-08-15_05-10-05_f0012_0.jpg,0,0,0,0,0,1,1
2026-08-15_05-10-05_f0060_0.jpg,0,0,0,0,0,1,1
2026-08-15_05-10-05_f0108_0.jpg,0,0,0,0,0,1,1
2026-08-15_06-24-53_f0012_0.jpg,0,0,0,0,0,1,1
2026-08-15_06-24-53_f0060_0.jpg,0,0,0,0,0,1,1
2026-08-15_06-24-53_f0108_0.jpg,0,0,0,0,0,1,1
2026-08-15_07-18-10_f0012_0.jpg,0,0,0,0,1,0,1
2026-08-15_07-18-10_f0060_0.jpg,0,0,0,0,1,0,1
2026-08-15_07-18-10_f0108_0.jpg,0,0,0,0,1,0,1
2026-08-15_07-21-04_f0012_0.jpg,0,0,0,0,1,0,1
2026-08-15_07-21-04_f0060_0.jpg,0,0,0,0,0,1,1
2026-08-15_07-21-04_f0108_0.jpg,0,0,0,0,0,1,1
2026-08-15_07-24-52_f0012_0.jpg,0,0,0,0,1,0,1
2026-08-15_07-24-52_f0060_0.jpg,0,0,0,0,0,1,1
2026-08-15_07-24-52_f0108_0.jpg,0,0,0,0,0,1,1
2026-08-15_11-16-56_f0012_0.jpg,0,0,0,0,0,1,1
2026-08-15_11-16-56_f0060_0.jpg,0,0,0,0,0,1,1
2026-08-15_11-16-56_f0108_0.jpg,0,0,0,0,0,1,1
2026-08-15_11-27-14_f0012_0.jpg,0,0,0,0,0,1,1
2026-08-15_11-27-14_f0060_0.jpg,0,0,0,0,1,0,1
2026-08-15_11-27-14_f0108_0.jpg,0,0,0,0,1,0,1
2026-08-15_11-37-37_f0012_0.jpg,0,0,0,0,1,0,1
2026-08-15_11-37-37_f0060_0.jpg,0,0,0,0,1,0,1
2026-08-15_11-37-37_f0108_0.jpg,0,0,0,0,1,0,1
2026-08-15_11-39-55_f0012_0.jpg,0,0,0,0,1,0,1
2026-08-15_11-39-55_f0060_0.jpg,0,0,0,0,0,1,1
2026-08-15_15-45-59_f0012_0.jpg,1,0,0,0,0,0,1
2026-08-15_15-45-59_f0060_0.jpg,1,0,0,0,0,0,1
2026-08-15_15-45-59_f0108_0.jpg,1,0,0,0,0,0,1
2026-08-15_15-47-59_f0012_0.jpg,1,0,0,0,0,0,1
2026-08-15_15-47-59_f0060_0.jpg,0,0,0,0,0,0,0
2026-08-15_15-47-59_f0108_0.jpg,0,0,0,0,0,0,0
2026-08-15_16-36-58_f0012_0.jpg,0,0,0,0,0,1,1
2026-08-15_16-36-58_f0060_0.jpg,0,0,0,0,0,1,1
2026-08-15_16-36-58_f0108_0.jpg,0,0,0,0,0,1,1
2026-08-15_17-43-16_f0012_0.jpg,0,0,0,0,0,1,1
2026-08-15_17-43-16_f0060_0.jpg,0,0,0,0,0,1,1
2026-08-15_17-43-16_f0108_0.jpg,0,0,0,0,0,1,1
2026-08-15_17-51-09_f0012_0.jpg,1,0,0,0,0,0,1
2026-08-15_17-51-09_f0060_0.jpg,1,0,0,0,0,0,1
2026-08-15_17-51-09_f0108_0.jpg,1,0,0,0,0,0,1
2026-08-15_17-51-33_f0012_0.jpg,1,0,0,0,0,0,1
2026-08-15_17-51-33_f0060_0.jpg,1,0,0,0,0,0,1
2026-08-15_17-51-33_f0108_0.jpg,1,0,0,0,0,0,1
2026-08-15_17-51-57_f0012_0.jpg,1,0,0,0,0,0,1
2026-08-15_17-51-57_f0060_0.jpg,0,0,0,0,0,0,0
2026-08-15_17-51-57_f0108_0.jpg,0,0,0,0,0,0,0
2026-08-15_18-54-09_f0012_0.jpg,0,0,0,0,0,1,1
2026-08-15_18-54-09_f0060_0.jpg,1,0,0,0,0,0,1
2026-08-15_18-54-09_f0108_0.jpg,1,0,0,0,0,0,1
2026-08-15_18-57-33_f0012_0.jpg,0,0,0,0,0,1,1
2026-08-15_18-57-33_f0060_0.jpg,0,0,0,0,0,1,1
2026-08-15_18-57-33_f0108_0.jpg,0,0,0,0,0,1,1
2026-08-16_01-07-33_f0012_0.jpg,1,0,0,0,0,0,1
2026-08-16_01-07-33_f0060_0.jpg,1,0,0,0,0,0,1
2026-08-16_01-07-33_f0108_0.jpg,1,0,0,0,0,0,1
2026-08-16_01-08-21_f0012_0.jpg,1,0,0,0,0,0,1
2026-08-16_01-08-21_f0060_0.jpg,1,0,0,0,0,0,1
2026-08-16_01-08-21_f0108_0.jpg,1,0,0,0,0,0,1
2026-08-16_01-12-33_f0012_0.jpg,1,0,0,0,0,0,1
2026-08-16_01-12-33_f0060_0.jpg,1,0,0,0,0,0,1
2026-08-16_01-12-33_f0108_0.jpg,1,0,0,0,0,0,1
2026-08-16_01-12-57_f0012_0.jpg,1,0,0,0,0,0,1
2026-08-16_01-12-57_f0060_0.jpg,1,0,0,0,0,0,1
2026-08-16_01-12-57_f0108_0.jpg,1,0,0,0,0,0,1
2026-08-16_01-46-27_f0012_0.jpg,0,0,0,0,0,1,1
2026-08-16_01-46-27_f0060_0.jpg,0,0,0,0,0,1,1
2026-08-16_01-46-27_f0108_0.jpg,0,0,0,0,0,1,1
2026-08-16_02-00-09_f0012_0.jpg,1,0,0,0,0,0,1
2026-08-16_02-00-09_f0060_0.jpg,1,0,0,0,0,0,1
2026-08-16_02-00-09_f0108_0.jpg,1,0,0,0,0,0,1
2026-08-16_02-01-57_f0012_0.jpg,1,0,0,0,0,0,1
2026-08-16_02-01-57_f0060_0.jpg,1,0,0,0,0,0,1
2026-08-16_02-01-57_f0108_0.jpg,1,0,0,0,0,0,1
2026-08-16_03-08-08_f0060_0.jpg,0,0,0,0,0,1,1
2026-08-16_03-08-08_f0108_0.jpg,0,0,0,0,0,0,0
2026-08-16_03-09-08_f0012_0.jpg,0,0,0,0,0,0,0
2026-08-16_03-09-08_f0060_0.jpg,1,0,0,0,0,0,1
2026-08-16_03-09-08_f0108_0.jpg,1,0,0,0,0,0,1
2026-08-16_03-42-20_f0007_0.jpg,0,0,0,0,1,0,1
2026-08-16_03-42-20_f0038_0.jpg,0,0,0,0,1,0,1
2026-08-16_03-42-20_f0068_0.jpg,0,0,0,0,1,0,1
2026-08-16_03-53-32_f0012_0.jpg,0,0,0,0,0,1,1
2026-08-16_03-53-32_f0060_0.jpg,0,0,0,0,0,1,1
2026-08-16_03-53-32_f0108_0.jpg,0,0,0,0,0,1,1
2026-08-16_06-13-48_f0012_0.jpg,0,0,0,0,1,0,1
2026-08-16_06-13-48_f0060_0.jpg,0,0,0,0,1,0,1
2026-08-16_06-13-48_f0108_0.jpg,0,0,0,0,1,0,1
2026-08-16_18-34-01_f0012_0.jpg,0,0,0,0,0,1,1
2026-08-16_18-34-01_f0060_0.jpg,0,0,0,0,0,1,1
2026-08-16_18-34-01_f0108_0.jpg,0,0,0,0,0,1,1
2026-08-16_18-43-07_f0012_0.jpg,0,0,0,0,0,1,1
2026-08-16_18-43-07_f0060_0.jpg,0,0,0,0,0,1,1
2026-08-16_18-43-07_f0108_0.jpg,0,0,0,0,0,1,1
2026-08-16_19-13-13_f0012_0.jpg,0,0,0,0,0,1,1
2026-08-16_19-13-13_f0060_0.jpg,0,0,0,0,0,1,1
2026-08-16_19-13-13_f0108_0.jpg,0,0,0,0,0,1,1
2026-08-16_19-14-37_f0012_0.jpg,0,0,0,0,0,1,1
2026-08-16_19-14-37_f0060_0.jpg,0,0,0,0,0,1,1
2026-08-16_19-14-37_f0108_0.jpg,0,0,0,0,0,1,1
2026-08-16_21-01-54_f0012_0.jpg,0,0,0,0,0,1,1
2026-08-16_21-01-54_f0060_0.jpg,0,0,0,0,0,1,1
2026-08-16_21-01-54_f0108_0.jpg,0,0,0,0,0,1,1
2026-08-16_21-05-48_f0012_0.jpg,0,0,0,0,0,1,1
2026-08-16_21-05-48_f0060_0.jpg,0,0,0,0,0,1,1
2026-08-16_21-05-48_f0108_0.jpg,0,0,0,0,0,0,0
2026-08-16_21-40-53_f0012_0.jpg,0,0,0,0,0,0,0
2026-08-16_21-40-53_f0060_0.jpg,0,0,0,0,0,1,1
2026-08-16_21-40-53_f0108_0.jpg,0,0,0,0,0,1,1
2026-08-17_01-52-38_f0012_0.jpg,1,0,1,0,0,0,1
2026-08-17_01-52-38_f0060_0.jpg,1,0,0,0,0,0,1
2026-08-17_01-52-38_f0108_0.jpg,1,0,0,0,0,0,1
2026-08-17_01-54-50_f0012_0.jpg,0,0,0,1,0,0,1
2026-08-17_01-54-50_f0060_0.jpg,1,0,0,0,0,0,1
2026-08-17_01-54-50_f0108_0.jpg,1,0,0,0,0,0,1
2026-08-17_06-44-35_f0012_0.jpg,1,0,0,0,0,0,1
2026-08-17_06-44-35_f0060_0.jpg,1,0,0,0,0,0,1
2026-08-17_06-44-35_f0108_0.jpg,1,0,0,0,0,0,1
2026-08-17_06-47-23_f0012_0.jpg,1,0,0,0,0,0,1
2026-08-17_06-47-23_f0060_0.jpg,1,0,0,0,0,0,1
2026-08-17_06-47-23_f0108_0.jpg,1,0,0,0,0,0,1
2026-08-17_06-47-47_f0012_0.jpg,1,0,0,0,0,0,1
2026-08-17_06-47-47_f0060_0.jpg,1,0,0,0,0,0,1
2026-08-17_06-47-47_f0108_0.jpg,1,0,0,0,0,0,1
2026-08-17_06-52-11_f0012_0.jpg,0,0,0,0,0,1,1
2026-08-17_07-13-35_f0012_0.jpg,0,0,0,0,0,1,1
2026-08-17_07-13-35_f0060_0.jpg,0,0,0,0,0,1,1
2026-08-17_07-13-35_f0108_0.jpg,0,0,0,0,0,1,1
2026-08-17_07-40-40_f0012_0.jpg,0,0,0,0,0,1,1
2026-08-17_07-40-40_f0060_0.jpg,1,0,0,0,0,0,1
2026-08-17_07-40-40_f0108_0.jpg,1,1,0,0,0,0,1
2026-08-17_07-52-52_f0108_0.jpg,0,0,0,0,0,1,1
2026-08-17_08-17-22_f0012_0.jpg,1,0,0,0,0,0,1
2026-08-17_13-00-13_f0012_0.jpg,0,0,0,0,0,1,1
2026-08-17_13-00-13_f0060_0.jpg,0,0,0,0,0,1,1
2026-08-17_13-00-13_f0108_0.jpg,0,0,0,0,0,0,0
2026-08-17_13-01-25_f0007_0.jpg,0,0,0,0,0,0,0
2026-08-17_13-01-25_f0036_0.jpg,0,0,0,0,1,0,1
2026-08-17_13-01-25_f0065_0.jpg,0,0,0,0,1,0,1
2026-08-17_13-12-19_f0012_0.jpg,0,0,0,0,0,1,1
2026-08-17_13-12-19_f0060_0.jpg,0,0,0,0,0,1,1
2026-08-17_13-12-19_f0108_0.jpg,0,0,0,0,0,1,1
2026-08-17_13-34-43_f0012_0.jpg,0,0,0,0,0,1,1
2026-08-17_13-34-43_f0060_0.jpg,0,0,0,0,0,1,1
2026-08-17_13-34-43_f0108_0.jpg,0,0,0,0,0,1,1
2026-08-17_13-35-43_f0012_0.jpg,0,0,0,0,1,0,1
2026-08-17_13-35-43_f0060_0.jpg,0,0,1,0,0,0,1
2026-08-17_13-35-43_f0108_0.jpg,0,0,0,0,0,1,1
2026-08-17_13-37-19_f0012_0.jpg,0,0,0,0,0,1,1
2026-08-17_13-37-19_f0060_0.jpg,0,0,0,0,0,1,1
2026-08-17_13-37-19_f0108_0.jpg,0,0,0,0,0,1,1
2026-08-17_13-41-49_f0012_0.jpg,0,0,0,0,0,1,1
2026-08-17_13-41-49_f0060_0.jpg,0,0,0,0,0,1,1
2026-08-17_13-41-49_f0108_0.jpg,0,0,0,0,0,1,1
2026-08-17_15-34-36_f0012_0.jpg,0,0,0,0,0,1,1
2026-08-17_15-34-36_f0060_0.jpg,0,0,0,0,0,1,1
2026-08-17_15-34-36_f0108_0.jpg,0,0,0,0,0,1,1
2026-08-17_15-38-12_f0012_0.jpg,1,0,0,0,0,0,1
2026-08-17_15-38-12_f0060_0.jpg,0,0,0,0,0,1,1
2026-08-17_15-38-12_f0108_0.jpg,1,0,0,0,0,0,1
2026-08-17_15-48-06_f0108_0.jpg,0,0,0,0,0,1,1
2026-08-17_15-48-06_f0108_1.jpg,0,0,0,0,0,1,1
2026-08-17_15-48-06_f0108_2.jpg,0,0,0,0,0,1,1
2026-08-17_15-59-41_f0012_0.jpg,1,0,0,0,0,0,1
2026-08-17_15-59-41_f0060_0.jpg,1,0,0,0,0,0,1
2026-08-17_15-59-41_f0108_0.jpg,1,0,0,0,0,0,1
2026-08-17_15-59-41_f0108_1.jpg,1,0,0,0,0,0,1
2026-08-17_16-09-59_f0012_0.jpg,1,0,0,0,0,0,1
2026-08-17_16-09-59_f0060_0.jpg,1,0,0,0,0,0,1
2026-08-17_16-09-59_f0108_0.jpg,1,0,0,0,0,0,1
2026-08-17_16-58-53_f0012_0.jpg,0,1,0,0,0,0,1
2026-08-17_16-58-53_f0060_0.jpg,0,1,0,1,0,0,1
2026-08-17_16-58-53_f0108_0.jpg,0,0,0,0,0,1,1
2026-08-17_19-03-21_f0012_0.jpg,0,0,0,0,0,1,1
2026-08-17_19-03-21_f0060_0.jpg,0,0,0,0,0,1,1
2026-08-17_19-03-21_f0108_0.jpg,0,0,0,0,0,1,1
2026-08-17_19-08-33_f0012_0.jpg,0,0,0,0,0,1,1
2026-08-17_19-08-33_f0060_0.jpg,0,0,0,0,0,1,1
2026-08-17_19-08-33_f0108_0.jpg,0,0,0,0,0,1,1
2026-08-17_19-10-15_f0012_0.jpg,0,0,0,0,0,1,1
2026-08-17_19-10-15_f0060_0.jpg,0,0,0,0,0,1,1
2026-08-17_19-10-15_f0108_0.jpg,0,0,0,0,0,1,1
2026-08-17_19-20-21_f0012_0.jpg,0,0,0,0,0,1,1
2026-08-17_19-20-21_f0060_0.jpg,0,0,0,0,0,1,1
2026-08-17_19-20-21_f0108_0.jpg,1,0,0,0,0,0,1
2026-08-17_19-21-21_f0012_0.jpg,1,0,0,0,0,0,1
2026-08-17_19-21-21_f0060_0.jpg,1,0,0,0,0,0,1
2026-08-17_19-21-21_f0108_0.jpg,1,0,0,0,0,0,1
2026-08-17_19-58-57_f0012_0.jpg,0,0,0,0,0,1,1
2026-08-17_19-58-57_f0060_0.jpg,0,0,0,0,0,1,1
2026-08-17_19-58-57_f0108_0.jpg,0,0,0,0,0,1,1
2026-08-17_20-23-45_f0012_0.jpg,0,0,0,0,0,1,1
2026-08-17_20-23-45_f0060_0.jpg,0,0,0,0,0,1,1
2026-08-17_20-23-45_f0108_0.jpg,0,0,0,0,0,1,1
2026-08-17_20-30-15_f0012_0.jpg,0,0,0,0,0,1,1
2026-08-17_20-30-15_f0060_0.jpg,0,0,0,0,0,1,1
2026-08-17_20-30-15_f0108_0.jpg,0,0,0,0,0,1,1
2026-08-17_20-38-27_f0012_0.jpg,0,0,0,0,0,1,1
2026-08-17_20-38-27_f0060_0.jpg,0,0,0,0,0,1,1
2026-08-17_20-38-27_f0108_0.jpg,0,0,0,0,0,1,1
2026-08-18_01-34-59_f0012_0.jpg,1,0,0,0,0,0,1
2026-08-18_01-34-59_f0060_0.jpg,1,0,0,0,0,0,1
2026-08-18_01-34-59_f0108_0.jpg,1,0,0,0,0,0,1
2026-08-18_01-37-29_f0012_0.jpg,1,0,0,0,0,0,1
2026-08-18_01-37-29_f0060_0.jpg,1,0,0,0,0,0,1
2026-08-18_01-37-29_f0108_0.jpg,1,0,0,0,0,0,1
2026-08-18_02-37-47_f0012_0.jpg,0,0,0,0,0,1,1
2026-08-18_02-37-47_f0060_0.jpg,1,0,0,0,0,0,1
2026-08-18_02-37-47_f0108_0.jpg,1,0,0,0,0,0,1
2026-08-18_02-42-53_f0012_0.jpg,0,0,0,0,0,1,1
2026-08-18_02-42-53_f0060_0.jpg,0,0,0,0,0,0,0
2026-08-18_02-42-53_f0108_0.jpg,0,0,0,0,0,0,0
2026-08-18_02-44-53_f0012_0.jpg,1,0,0,0,0,0,1
2026-08-18_02-44-53_f0060_0.jpg,1,0,0,0,0,0,1
2026-08-18_02-44-53_f0108_0.jpg,1,1,0,0,0,0,1
2026-08-18_17-43-38_f0012_0.jpg,1,0,0,0,0,0,1
2026-08-18_17-43-38_f0060_0.jpg,1,0,0,0,0,0,1
2026-08-18_17-43-38_f0108_0.jpg,1,0,0,0,0,0,1
2026-08-18_23-01-02_f0012_0.jpg,0,0,0,0,0,1,1
2026-08-18_23-01-02_f0060_0.jpg,0,0,0,0,0,1,1
2026-08-18_23-01-02_f0108_0.jpg,0,0,0,0,0,1,1
2026-08-18_23-05-32_f0012_0.jpg,0,0,0,0,0,1,1
2026-08-18_23-05-32_f0060_0.jpg,0,0,0,0,0,1,1
2026-08-18_23-05-32_f0108_0.jpg,0,0,0,0,0,1,1
2026-08-18_23-24-56_f0012_0.jpg,0,0,0,0,0,1,1
2026-08-18_23-24-56_f0060_0.jpg,0,0,0,0,0,0,0
2026-08-18_23-24-56_f0108_0.jpg,0,0,0,0,0,0,0
2026-08-19_02-12-12_f0108_0.jpg,0,0,0,0,0,1,1
2026-08-19_03-04-47_f0012_0.jpg,0,0,0,0,0,1,1
2026-08-19_03-04-47_f0060_0.jpg,0,0,0,0,0,1,1
2026-08-19_03-04-47_f0108_0.jpg,0,0,0,0,0,1,1
2026-08-19_03-05-23_f0012_0.jpg,0,0,0,0,0,1,1
2026-08-19_03-05-23_f0060_0.jpg,0,0,0,0,0,1,1
2026-08-19_03-05-23_f0108_0.jpg,0,0,0,0,0,1,1
2026-08-19_04-34-17_f0012_0.jpg,0,0,0,0,0,1,1
2026-08-19_04-34-17_f0060_0.jpg,1,0,0,0,0,0,1
2026-08-19_04-34-17_f0108_0.jpg,0,0,0,0,0,1,1
2026-08-19_06-39-45_f0012_0.jpg,0,0,0,0,0,1,1
2026-08-19_06-39-45_f0060_0.jpg,0,0,0,0,0,1,1
2026-08-19_06-39-45_f0060_1.jpg,0,0,0,0,0,1,1
2026-08-19_06-39-45_f0108_0.jpg,0,0,0,0,0,1,1
2026-08-19_06-43-33_f0012_0.jpg,0,0,0,0,0,1,1
2026-08-19_10-42-43_f0012_0.jpg,0,0,0,0,0,1,1
2026-08-19_10-42-43_f0060_0.jpg,0,0,0,0,0,1,1
2026-08-19_10-42-43_f0108_0.jpg,0,0,0,0,0,1,1
2026-08-19_10-45-07_f0012_0.jpg,0,0,0,0,0,1,1
2026-08-19_10-45-07_f0060_0.jpg,0,0,0,0,0,1,1
2026-08-19_10-45-07_f0108_0.jpg,0,0,0,0,0,1,1
2026-08-19_10-45-31_f0012_0.jpg,0,0,0,0,0,1,1
2026-08-19_10-45-31_f0060_0.jpg,0,0,0,0,0,1,1
2026-08-19_10-45-31_f0108_0.jpg,0,0,0,0,0,1,1
2026-08-19_11-01-55_f0006_0.jpg,0,0,0,0,0,1,1
2026-08-19_11-01-55_f0032_0.jpg,0,0,0,0,0,1,1
2026-08-19_11-01-55_f0057_0.jpg,0,0,0,0,0,1,1
2026-08-19_11-45-30_f0012_0.jpg,0,0,0,0,0,1,1
2026-08-19_11-45-30_f0060_0.jpg,0,0,0,0,0,1,1
2026-08-19_11-45-30_f0108_0.jpg,0,0,0,0,0,1,1
2026-08-19_11-47-18_f0012_0.jpg,0,0,0,0,0,1,1
2026-08-19_11-47-18_f0060_0.jpg,0,0,0,0,0,1,1
2026-08-19_11-47-18_f0108_0.jpg,0,0,0,0,0,1,1
2026-08-19_12-28-12_f0010_0.jpg,0,0,0,0,0,1,1
2026-08-19_12-28-12_f0052_0.jpg,0,0,0,0,0,1,1
2026-08-19_12-28-12_f0094_0.jpg,0,0,0,0,0,1,1
2026-08-19_12-33-00_f0012_0.jpg,0,0,0,0,0,1,1
2026-08-19_12-33-00_f0060_0.jpg,0,0,0,0,0,1,1
2026-08-19_12-33-00_f0108_0.jpg,0,0,0,0,0,1,1
2026-08-19_12-33-36_f0012_0.jpg,0,0,0,0,0,1,1
2026-08-19_12-33-36_f0060_0.jpg,0,0,0,0,0,1,1
2026-08-19_12-33-36_f0108_0.jpg,0,0,0,0,0,1,1
2026-08-19_12-38-42_f0012_0.jpg,0,0,0,0,0,1,1
2026-08-19_12-38-42_f0060_0.jpg,0,0,0,0,0,1,1
2026-08-19_12-38-42_f0108_0.jpg,0,0,0,0,0,1,1
2026-08-19_12-45-41_f0012_0.jpg,0,0,0,0,0,1,1
2026-08-19_12-45-41_f0060_0.jpg,0,0,0,0,0,1,1
2026-08-19_12-45-41_f0108_0.jpg,0,0,0,0,0,1,1
2026-08-19_12-46-05_f0005_0.jpg,0,0,0,0,0,1,1
2026-08-19_12-46-05_f0028_0.jpg,0,0,0,0,0,1,1
2026-08-19_12-46-05_f0051_0.jpg,0,0,0,0,0,1,1
2026-08-19_15-41-52_f0012_0.jpg,1,0,0,0,0,0,1
2026-08-19_15-41-52_f0060_0.jpg,1,0,0,0,0,0,1
2026-08-19_15-41-52_f0108_0.jpg,0,0,0,0,1,0,1
2026-08-19_15-45-52_f0012_0.jpg,1,0,0,0,0,0,1
2026-08-19_15-45-52_f0060_0.jpg,1,0,0,0,0,0,1
2026-08-19_15-45-52_f0108_0.jpg,1,0,0,0,0,0,1
2026-08-19_15-46-52_f0012_0.jpg,1,0,0,0,0,0,1
2026-08-19_15-46-52_f0060_0.jpg,1,0,0,0,0,0,1
2026-08-19_15-46-52_f0108_0.jpg,1,0,0,0,0,0,1
2026-08-19_15-52-15_f0012_0.jpg,1,0,0,0,0,0,1
2026-08-19_15-52-15_f0060_0.jpg,1,0,0,0,0,0,1
2026-08-19_15-52-15_f0108_0.jpg,1,0,0,0,0,0,1
2026-08-19_23-54-34_f0012_0.jpg,0,0,0,0,0,1,1
2026-08-19_23-54-34_f0060_0.jpg,0,0,0,0,0,1,1
2026-08-19_23-54-34_f0108_0.jpg,0,0,0,0,0,1,1
2026-08-19_23-57-55_f0012_0.jpg,0,0,0,0,1,0,1
2026-08-19_23-57-55_f0060_0.jpg,0,0,0,0,1,0,1
2026-08-19_23-57-55_f0108_0.jpg,0,0,0,0,1,0,1
2026-08-20_04-05-40_f0012_0.jpg,0,0,0,0,0,1,1
2026-08-20_04-05-40_f0060_0.jpg,0,0,0,0,0,1,1
2026-08-20_04-05-40_f0108_0.jpg,0,0,0,0,0,1,1
2026-08-20_04-28-40_f0005_0.jpg,0,0,0,0,0,1,1
2026-08-20_04-28-40_f0025_0.jpg,0,0,0,0,0,0,0
2026-08-20_04-28-40_f0045_0.jpg,0,0,0,0,0,0,0
2026-08-20_05-25-34_f0012_0.jpg,1,0,0,0,0,0,1
2026-08-20_05-25-34_f0060_0.jpg,1,0,0,0,0,0,1
2026-08-20_05-25-34_f0108_0.jpg,1,0,0,0,0,0,1
2026-08-20_05-28-52_f0012_0.jpg,1,0,0,0,0,0,1
2026-08-20_05-28-52_f0060_0.jpg,1,0,0,0,0,0,1
2026-08-20_05-28-52_f0108_0.jpg,1,0,0,0,0,0,1
2026-08-20_11-56-24_f0012_0.jpg,0,0,0,0,0,1,1
2026-08-20_11-56-24_f0060_0.jpg,0,0,0,0,0,1,1
2026-08-20_11-56-24_f0108_0.jpg,0,0,0,1,0,0,1
2026-08-20_11-56-48_f0012_0.jpg,0,0,0,0,0,1,1
2026-08-20_11-56-48_f0060_0.jpg,0,0,0,0,0,1,1
2026-08-20_11-56-48_f0108_0.jpg,0,0,0,0,0,1,1
2026-08-20_12-14-23_f0012_0.jpg,0,0,0,0,0,1,1
2026-08-20_12-14-23_f0060_0.jpg,0,0,0,0,0,0,0
2026-08-20_12-14-23_f0108_0.jpg,0,0,0,0,0,0,0
2026-08-20_12-15-23_f0008_0.jpg,0,0,0,0,0,1,1
2026-08-20_12-15-23_f0041_0.jpg,0,0,0,0,0,1,1
2026-08-20_12-15-23_f0074_0.jpg,0,0,0,0,0,1,1
2026-08-20_12-47-47_f0003_0.jpg,0,0,0,0,1,0,1
2026-08-20_12-47-47_f0019_0.jpg,0,0,0,0,1,0,1
2026-08-20_12-47-47_f0035_0.jpg,0,0,0,0,1,0,1
2026-08-20_12-48-47_f0012_0.jpg,0,0,0,0,1,0,1
2026-08-20_12-48-47_f0060_0.jpg,0,0,0,0,1,0,1
2026-08-20_12-48-47_f0108_0.jpg,0,0,0,0,1,0,1
2026-08-20_12-57-41_f0012_0.jpg,0,0,0,0,1,0,1
2026-08-20_12-57-41_f0060_0.jpg,0,0,0,0,1,0,1
2026-08-20_12-57-41_f0108_0.jpg,0,0,0,0,1,0,1
2026-08-20_13-09-11_f0012_0.jpg,0,0,0,0,0,1,1
2026-08-20_13-09-11_f0060_0.jpg,0,0,0,0,0,0,0
2026-08-20_13-09-11_f0108_0.jpg,0,0,0,0,0,0,0
2026-08-20_13-11-29_f0012_0.jpg,0,0,1,0,0,0,1
2026-08-20_13-11-29_f0060_0.jpg,0,0,0,0,0,1,1
2026-08-20_13-11-29_f0108_0.jpg,0,0,1,0,0,0,1
2026-08-20_14-07-10_f0012_0.jpg,0,0,0,0,0,1,1
2026-08-20_14-07-10_f0060_0.jpg,0,0,0,0,1,0,1
2026-08-20_14-07-10_f0108_0.jpg,0,0,0,0,1,0,1
2026-08-20_14-45-10_f0012_0.jpg,0,0,0,0,1,0,1
2026-08-20_14-45-10_f0060_0.jpg,0,0,0,0,1,0,1
2026-08-20_14-45-10_f0108_0.jpg,0,0,0,0,1,0,1
2026-08-20_14-49-10_f0012_0.jpg,0,0,0,0,1,0,1
2026-08-20_14-49-10_f0060_0.jpg,0,0,0,0,1,0,1
2026-08-20_14-49-10_f0108_0.jpg,0,0,0,0,1,0,1
2026-08-20_14-49-22_f0012_0.jpg,0,0,0,0,1,0,1
2026-08-20_14-49-22_f0060_0.jpg,0,0,0,0,0,0,0
2026-08-20_14-49-22_f0108_0.jpg,0,0,0,0,0,0,0
2026-08-20_15-01-22_f0012_0.jpg,0,0,0,0,0,1,1
2026-08-20_15-01-22_f0060_0.jpg,0,0,0,0,0,1,1
2026-08-20_15-01-22_f0108_0.jpg,0,0,0,0,0,1,1
2026-08-20_15-04-10_f0012_0.jpg,0,0,0,0,0,1,1
2026-08-20_15-04-10_f0060_0.jpg,0,0,0,0,0,1,1
2026-08-20_15-04-10_f0108_0.jpg,0,0,0,0,0,1,1
2026-08-20_15-33-04_f0012_0.jpg,0,0,0,0,0,1,1
2026-08-20_15-33-04_f0060_0.jpg,0,0,0,0,0,1,1
2026-08-20_15-33-04_f0108_0.jpg,0,0,0,0,0,1,1
2026-08-20_15-38-45_f0012_0.jpg,0,0,0,0,0,1,1
2026-08-20_15-38-45_f0060_0.jpg,0,0,0,0,1,0,1
2026-08-20_15-38-45_f0108_0.jpg,0,0,0,0,0,1,1
2026-08-20_22-59-18_f0012_0.jpg,0,0,0,0,0,1,1
2026-08-20_22-59-18_f0060_0.jpg,0,0,0,0,0,1,1
2026-08-20_22-59-18_f0108_0.jpg,0,0,0,0,0,1,1
2026-08-21_02-52-34_f0012_0.jpg,0,0,0,0,0,1,1
2026-08-21_02-52-34_f0060_0.jpg,0,1,0,0,0,0,1
2026-08-21_02-52-34_f0108_0.jpg,0,1,0,0,0,0,1
2026-08-21_02-52-46_f0012_0.jpg,0,1,0,0,0,0,1
2026-08-21_02-52-46_f0012_1.jpg,0,0,0,0,0,1,1
2026-08-21_02-52-46_f0060_0.jpg,0,0,0,0,0,1,1
2026-08-21_04-21-57_f0005_0.jpg,0,0,0,0,0,1,1
2026-08-21_04-21-57_f0026_0.jpg,0,0,0,0,0,1,1
2026-08-21_04-21-57_f0046_0.jpg,0,0,0,0,0,1,1
2026-08-21_06-23-38_f0012_0.jpg,0,0,0,0,0,1,1
2026-08-21_06-23-38_f0060_0.jpg,0,0,0,0,0,1,1
2026-08-21_06-23-38_f0108_0.jpg,0,0,0,0,0,1,1
2026-08-21_06-28-20_f0012_0.jpg,0,0,0,0,0,1,1
2026-08-21_06-28-20_f0060_0.jpg,0,0,0,0,0,0,0
2026-08-21_06-28-20_f0108_0.jpg,0,0,0,0,0,0,0
2026-08-21_15-36-50_f0012_0.jpg,0,0,0,0,0,1,1
2026-08-21_15-36-50_f0060_0.jpg,0,0,0,0,0,1,1
2026-08-21_15-36-50_f0108_0.jpg,0,0,0,0,0,1,1
2026-08-21_15-36-50_f0108_1.jpg,0,0,0,0,0,1,1
2026-08-21_15-42-24_f0012_0.jpg,1,0,0,0,0,0,1
2026-08-21_15-42-24_f0060_0.jpg,1,0,0,0,0,0,1
2026-08-21_15-42-24_f0108_0.jpg,1,0,0,0,0,0,1
2026-08-21_16-42-32_f0012_0.jpg,0,0,1,0,0,0,1
2026-08-21_16-42-32_f0060_0.jpg,0,0,1,0,0,0,1
2026-08-21_16-42-32_f0108_0.jpg,0,0,1,0,0,0,1
2026-08-21_16-50-18_f0012_0.jpg,0,0,1,0,0,0,1
2026-08-21_16-50-18_f0060_0.jpg,0,0,1,0,0,0,1
2026-08-21_16-50-18_f0108_0.jpg,0,0,1,0,0,0,1
2026-08-21_17-36-28_f0012_0.jpg,0,0,0,0,0,0,0
2026-08-21_17-36-28_f0060_0.jpg,0,0,0,0,0,0,0
2026-08-21_19-35-22_f0012_0.jpg,1,0,0,0,0,0,1
2026-08-21_19-35-22_f0060_0.jpg,0,0,0,0,0,1,1
2026-08-21_20-10-46_f0012_0.jpg,0,0,0,0,0,1,1
2026-08-21_20-10-46_f0060_0.jpg,0,0,0,0,0,1,1
2026-08-21_20-10-46_f0108_0.jpg,0,0,0,0,0,1,1
2026-08-21_20-18-16_f0012_0.jpg,0,0,0,0,0,1,1
2026-08-21_20-18-16_f0060_0.jpg,0,0,0,0,0,1,1
2026-08-21_20-18-16_f0108_0.jpg,0,0,0,0,0,1,1
2026-08-21_20-21-34_f0012_0.jpg,0,0,0,0,0,1,1
2026-08-21_20-21-34_f0060_0.jpg,0,0,0,0,0,1,1
2026-08-21_20-21-34_f0108_0.jpg,0,0,0,0,1,0,1
2026-08-21_21-34-48_f0012_0.jpg,0,0,0,0,0,1,1
2026-08-21_21-34-48_f0060_0.jpg,0,0,0,0,0,1,1
2026-08-21_21-34-48_f0108_0.jpg,0,0,0,0,0,0,0
2026-08-22_00-41-10_f0012_0.jpg,0,0,0,0,0,0,0
2026-08-22_00-41-10_f0060_0.jpg,1,0,0,0,0,0,1
2026-08-22_00-41-10_f0108_0.jpg,1,0,0,0,0,0,1
2026-08-22_00-53-28_f0012_0.jpg,0,0,0,0,1,0,1
2026-08-22_00-53-28_f0060_0.jpg,0,0,0,0,1,0,1
2026-08-22_00-53-28_f0108_0.jpg,0,0,0,0,1,0,1
2026-08-22_01-12-10_f0012_0.jpg,0,0,0,0,0,1,1
2026-08-22_01-12-10_f0060_0.jpg,0,0,0,0,0,1,1
2026-08-22_01-12-10_f0108_0.jpg,0,0,0,0,0,1,1
2026-08-22_01-44-09_f0012_0.jpg,0,0,0,0,0,1,1
2026-08-22_01-44-09_f0060_0.jpg,0,0,0,0,1,0,1
2026-08-22_01-44-09_f0108_0.jpg,0,0,0,0,1,0,1
2026-08-22_01-52-03_f0012_0.jpg,1,0,0,0,0,0,1
2026-08-22_01-52-03_f0060_0.jpg,1,0,0,0,0,0,1
2026-08-22_05-11-55_f0012_0.jpg,0,0,0,0,0,0,0
2026-08-22_05-11-55_f0060_0.jpg,0,0,0,0,0,0,0
2026-08-22_05-11-55_f0108_0.jpg,0,0,0,0,0,1,1
2026-08-22_05-42-07_f0012_0.jpg,0,0,0,0,0,1,1
2026-08-22_05-42-07_f0060_0.jpg,0,0,0,0,0,1,1
2026-08-22_05-42-07_f0108_0.jpg,0,0,0,0,0,1,1
2026-08-22_05-51-55_f0012_0.jpg,0,0,0,0,0,1,1
2026-08-22_05-51-55_f0060_0.jpg,0,0,0,0,0,1,1
2026-08-22_05-51-55_f0108_0.jpg,1,0,0,0,0,0,1
2026-08-22_15-07-07_f0012_0.jpg,1,0,0,0,0,0,1
2026-08-22_15-07-07_f0060_0.jpg,1,0,0,0,0,0,1
2026-08-22_15-07-07_f0108_0.jpg,1,0,0,0,0,0,1
2026-08-22_16-45-57_f0060_0.jpg,0,0,0,0,0,1,1
2026-08-22_16-45-57_f0108_0.jpg,0,0,0,0,0,1,1
2026-08-22_17-27-43_f0012_0.jpg,1,0,0,0,0,0,1
2026-08-22_17-27-43_f0060_0.jpg,0,0,0,0,0,0,0
2026-08-22_17-27-43_f0108_0.jpg,0,0,0,0,0,0,0
2026-08-22_17-29-19_f0012_0.jpg,1,0,1,0,0,0,1
2026-08-22_17-29-19_f0060_0.jpg,1,0,1,0,0,0,1
2026-08-22_17-29-19_f0108_0.jpg,1,0,1,0,0,0,1
2026-08-22_17-30-55_f0012_0.jpg,1,0,0,0,0,0,1
2026-08-22_17-30-55_f0060_0.jpg,1,0,0,0,0,0,1
2026-08-22_17-30-55_f0108_0.jpg,1,0,0,0,0,0,1
2026-08-22_18-53-58_f0060_0.jpg,0,0,0,0,0,1,1
2026-08-22_18-53-58_f0108_0.jpg,0,0,0,0,0,1,1
2026-08-22_19-10-42_f0012_0.jpg,0,0,0,0,1,0,1
2026-08-22_19-10-42_f0060_0.jpg,0,0,0,0,1,0,1
2026-08-22_19-10-42_f0108_0.jpg,0,0,0,0,0,1,1
2026-08-22_19-59-35_f0012_0.jpg,0,0,0,0,0,1,1
2026-08-22_19-59-35_f0060_0.jpg,0,0,0,0,0,1,1
2026-08-22_19-59-35_f0108_0.jpg,0,0,0,0,0,0,0
2026-08-22_21-04-07_f0012_0.jpg,0,0,0,0,0,0,0
2026-08-22_21-04-07_f0060_0.jpg,0,0,0,0,1,0,1
2026-08-22_21-04-07_f0060_1.jpg,0,0,0,0,1,0,1
2026-08-22_21-04-07_f0108_0.jpg,0,0,0,0,1,0,1
2026-08-22_21-04-31_f0012_0.jpg,0,0,0,0,1,0,1
2026-08-22_21-04-31_f0060_0.jpg,0,0,0,0,1,0,1
2026-08-22_21-04-31_f0060_1.jpg,0,0,0,0,1,0,1
2026-08-22_21-04-31_f0060_2.jpg,0,0,0,0,0,1,1
2026-08-22_21-04-31_f0108_0.jpg,0,0,0,0,1,0,1
2026-08-22_21-04-31_f0108_1.jpg,0,0,0,0,1,0,1
2026-08-22_21-10-55_f0012_0.jpg,1,0,0,0,0,0,1
2026-08-22_21-10-55_f0060_0.jpg,0,1,0,0,0,0,1
2026-08-22_21-10-55_f0108_0.jpg,0,0,0,0,0,1,1
2026-08-22_23-28-49_f0012_0.jpg,0,0,0,0,0,1,1
2026-08-22_23-28-49_f0060_0.jpg,0,0,0,0,0,0,0
2026-08-22_23-28-49_f0108_0.jpg,0,0,0,0,0,0,0
2026-08-23_00-59-00_f0012_0.jpg,0,0,0,0,1,0,1
2026-08-23_00-59-00_f0060_0.jpg,0,0,0,0,1,0,1
2026-08-23_00-59-00_f0108_0.jpg,0,0,0,0,1,0,1
2026-08-23_00-59-48_f0012_0.jpg,0,0,0,0,0,1,1
2026-08-23_00-59-48_f0060_0.jpg,0,0,0,0,0,1,1
2026-08-23_00-59-48_f0108_0.jpg,0,0,0,0,0,1,1
2026-08-23_01-00-36_f0012_0.jpg,0,0,0,0,1,0,1
2026-08-23_01-00-36_f0060_0.jpg,0,0,0,0,1,0,1
2026-08-23_01-00-36_f0108_0.jpg,0,0,0,0,1,0,1
2026-08-23_01-47-59_f0012_0.jpg,0,0,0,0,0,1,1
2026-08-23_01-47-59_f0060_0.jpg,0,0,0,0,0,1,1
2026-08-23_01-47-59_f0108_0.jpg,0,0,0,0,0,1,1
2026-08-23_02-52-11_f0012_0.jpg,0,0,0,0,0,1,1
2026-08-23_02-52-11_f0060_0.jpg,0,0,0,0,0,0,0
2026-08-23_02-52-11_f0108_0.jpg,0,0,0,0,0,0,0
2026-08-23_03-15-10_f0012_0.jpg,0,0,0,1,0,0,1
2026-08-23_03-15-10_f0060_0.jpg,0,0,0,0,0,1,1
2026-08-23_03-15-10_f0108_0.jpg,0,0,0,1,0,0,1
2026-08-23_05-50-33_f0002_0.jpg,0,0,0,0,0,1,1
2026-08-23_05-50-33_f0010_0.jpg,0,0,0,0,0,1,1
2026-08-23_05-50-33_f0018_0.jpg,0,0,0,0,0,1,1
2026-08-23_05-58-27_f0012_0.jpg,0,0,0,0,0,1,1
2026-08-23_05-58-27_f0060_0.jpg,0,0,0,0,0,1,1
2026-08-23_05-58-27_f0108_0.jpg,1,0,0,0,0,0,1
2026-08-23_08-00-01_f0060_0.jpg,0,0,0,1,0,0,1
2026-08-23_08-00-01_f0108_0.jpg,0,0,0,0,0,1,1
2026-08-23_08-00-01_f0108_1.jpg,0,0,0,0,0,1,1
2026-08-23_08-33-49_f0012_0.jpg,0,0,0,0,1,0,1
2026-08-23_08-33-49_f0060_0.jpg,0,0,0,0,0,0,0
2026-08-23_08-33-49_f0108_0.jpg,0,0,0,0,0,0,0
2026-08-23_12-01-35_f0012_0.jpg,0,0,0,0,0,1,1
2026-08-23_12-01-35_f0060_0.jpg,0,0,0,0,0,1,1
2026-08-23_12-01-35_f0108_0.jpg,0,0,0,0,0,1,1
2026-08-23_12-06-05_f0012_0.jpg,0,0,0,0,1,1,1
2026-08-23_12-06-05_f0060_0.jpg,0,0,0,0,0,1,1
2026-08-23_12-06-05_f0108_0.jpg,0,0,0,0,0,1,1
2026-08-23_12-09-23_f0012_0.jpg,0,0,0,0,1,0,1
2026-08-23_12-09-23_f0060_0.jpg,0,0,0,0,1,0,1
2026-08-23_12-09-23_f0108_0.jpg,0,0,0,0,1,0,1
2026-08-23_12-12-23_f0012_0.jpg,0,0,0,0,1,0,1
2026-08-23_12-12-23_f0060_0.jpg,0,0,0,0,1,0,1
2026-08-23_12-12-23_f0108_0.jpg,0,0,0,0,1,0,1
2026-08-23_18-26-39_f0012_0.jpg,1,0,0,0,0,0,1
2026-08-23_18-26-39_f0060_0.jpg,0,0,0,0,0,0,0
2026-08-23_18-26-39_f0108_0.jpg,0,0,0,0,0,0,0
2026-08-23_18-31-39_f0012_0.jpg,1,0,0,0,0,0,1
2026-08-23_18-31-39_f0060_0.jpg,1,0,0,0,0,0,1
2026-08-23_18-31-39_f0108_0.jpg,1,0,0,0,0,0,1
2026-08-23_18-32-51_f0012_0.jpg,1,0,0,0,0,0,1
2026-08-23_18-32-51_f0060_0.jpg,1,0,0,0,0,0,1
2026-08-23_18-32-51_f0108_0.jpg,0,0,0,0,1,0,1
2026-08-23_23-16-45_f0012_0.jpg,0,0,0,0,1,0,1
2026-08-23_23-16-45_f0060_0.jpg,0,0,0,0,1,0,1
2026-08-23_23-16-45_f0108_0.jpg,0,0,0,0,1,0,1
2026-08-23_23-20-45_f0004_0.jpg,1,0,0,0,0,0,1
2026-08-23_23-20-45_f0021_0.jpg,1,0,0,0,0,0,1
2026-08-23_23-20-45_f0038_0.jpg,1,0,0,0,0,0,1
2026-08-23_23-51-26_f0012_0.jpg,0,0,0,0,1,0,1
2026-08-23_23-51-26_f0060_0.jpg,0,0,0,0,0,0,0
2026-08-23_23-51-26_f0108_0.jpg,0,0,0,0,0,0,0
2026-08-23_23-55-07_f0012_0.jpg,0,0,0,0,1,0,1
2026-08-23_23-55-07_f0060_0.jpg,0,0,0,0,1,0,1
2026-08-23_23-55-07_f0108_0.jpg,0,0,0,0,1,0,1
2026-08-24_03-14-53_f0012_0.jpg,0,0,0,0,1,0,1
2026-08-24_03-14-53_f0060_0.jpg,0,0,0,0,1,0,1
2026-08-24_03-14-53_f0108_0.jpg,0,0,0,0,1,0,1
2026-08-24_04-34-40_f0012_0.jpg,0,0,0,0,1,0,1
2026-08-24_04-34-40_f0060_0.jpg,0,0,0,0,1,0,1
2026-08-24_04-34-40_f0108_0.jpg,0,0,0,0,1,0,1
2026-08-24_05-19-10_f0012_0.jpg,1,0,0,0,0,0,1
2026-08-24_05-19-10_f0060_0.jpg,0,0,0,0,0,1,1
2026-08-24_05-19-10_f0108_0.jpg,1,0,0,0,0,0,1
2026-08-24_05-25-04_f0012_0.jpg,0,0,0,0,0,1,1
2026-08-24_05-25-04_f0060_0.jpg,0,0,0,0,0,0,0
2026-08-24_05-25-04_f0108_0.jpg,0,0,0,0,0,0,0
2026-08-24_06-05-33_f0012_0.jpg,1,0,0,0,0,0,1
2026-08-24_06-05-33_f0060_0.jpg,1,0,0,0,0,0,1
2026-08-24_06-05-33_f0108_0.jpg,1,0,0,0,0,0,1
2026-08-24_06-05-45_f0002_0.jpg,1,0,0,0,0,0,1
2026-08-24_06-05-45_f0012_0.jpg,1,0,0,0,0,0,1
2026-08-24_06-05-45_f0022_0.jpg,1,0,0,0,0,0,1
2026-08-24_06-49-45_f0012_0.jpg,0,0,0,0,0,1,1
2026-08-24_06-49-45_f0060_0.jpg,0,0,0,0,0,1,1
2026-08-24_06-49-45_f0108_0.jpg,0,0,0,0,0,1,1
2026-08-24_06-56-57_f0012_0.jpg,0,0,0,0,0,1,1
2026-08-24_06-56-57_f0060_0.jpg,0,0,0,0,0,1,1
2026-08-24_06-56-57_f0108_0.jpg,0,0,0,0,0,1,1
2026-08-24_07-26-09_f0012_0.jpg,0,0,0,0,1,0,1
2026-08-24_07-26-09_f0060_0.jpg,0,0,0,0,0,0,0
2026-08-24_07-26-09_f0108_0.jpg,0,0,0,0,0,0,0
2026-08-24_07-52-08_f0012_0.jpg,0,0,0,0,0,1,1
2026-08-24_07-52-08_f0060_0.jpg,0,0,0,0,1,0,1
2026-08-24_07-52-08_f0108_0.jpg,0,0,0,0,1,0,1
2026-08-24_07-57-14_f0012_0.jpg,0,0,1,0,0,0,1
2026-08-24_07-57-14_f0060_0.jpg,0,0,0,0,0,1,1
2026-08-24_07-57-14_f0108_0.jpg,0,0,0,0,0,1,1
2026-08-24_07-57-26_f0012_0.jpg,0,0,0,0,0,1,1
2026-08-24_07-57-26_f0060_0.jpg,0,0,0,0,0,1,1
2026-08-24_07-57-26_f0108_0.jpg,0,0,0,0,0,1,1
2026-08-24_10-57-30_f0012_0.jpg,0,1,0,0,0,0,1
2026-08-24_10-57-30_f0060_0.jpg,0,0,0,0,0,1,1
2026-08-24_10-57-30_f0108_0.jpg,1,0,0,0,0,0,1
2026-08-24_10-57-54_f0012_0.jpg,0,0,0,0,0,1,1
2026-08-24_10-57-54_f0060_0.jpg,0,0,0,0,0,0,0
2026-08-24_10-57-54_f0108_0.jpg,0,0,0,0,0,0,0
2026-08-24_10-58-30_f0012_0.jpg,0,0,0,0,0,1,1
2026-08-24_10-58-30_f0060_0.jpg,1,0,0,0,0,0,1
2026-08-24_10-58-30_f0108_0.jpg,1,0,0,0,0,0,1
2026-08-24_21-26-13_f0012_0.jpg,0,0,0,0,0,1,1
2026-08-24_21-26-13_f0060_0.jpg,0,0,0,0,0,1,1
2026-08-24_21-26-13_f0108_0.jpg,0,0,0,0,0,1,1
2026-08-24_21-30-13_f0012_0.jpg,0,0,0,0,0,1,1
2026-08-24_21-30-13_f0060_0.jpg,0,0,0,0,0,1,1
2026-08-24_21-30-13_f0108_0.jpg,0,0,0,0,0,1,1
2026-08-24_21-31-01_f0012_0.jpg,0,0,0,0,0,1,1
2026-08-24_21-31-01_f0060_0.jpg,0,0,0,0,0,1,1
2026-08-24_21-31-01_f0108_0.jpg,0,0,0,0,0,1,1
2026-08-24_21-31-13_f0009_0.jpg,0,0,0,0,0,1,1
2026-08-24_21-31-13_f0048_0.jpg,0,0,0,0,0,0,0
2026-08-24_21-31-13_f0086_0.jpg,0,0,0,0,0,0,0
2026-08-24_21-34-25_f0012_0.jpg,0,0,0,0,0,1,1
2026-08-24_21-34-25_f0060_0.jpg,0,0,0,0,0,1,1
2026-08-24_21-34-25_f0108_0.jpg,0,0,0,0,0,1,1
2026-08-24_21-34-49_f0012_0.jpg,0,0,0,0,1,0,1
2026-08-24_21-34-49_f0060_0.jpg,0,0,0,0,0,1,1
2026-08-24_21-34-49_f0108_0.jpg,0,0,0,0,0,1,1
2026-08-24_21-36-01_f0012_0.jpg,0,0,0,0,0,1,1
2026-08-24_21-36-01_f0060_0.jpg,0,0,0,0,0,1,1
2026-08-24_21-36-01_f0108_0.jpg,0,0,0,0,0,1,1
2026-08-24_21-36-37_f0012_0.jpg,1,0,0,0,0,0,1
2026-08-24_21-36-37_f0060_0.jpg,1,0,0,0,0,0,1
2026-08-24_21-36-37_f0108_0.jpg,1,0,0,0,0,0,1
2026-08-24_22-40-45_f0012_0.jpg,0,0,0,0,0,1,1
2026-08-24_22-40-45_f0060_0.jpg,0,0,0,0,0,1,1
2026-08-24_22-40-45_f0108_0.jpg,0,0,0,0,0,1,1
2026-08-24_22-43-28_f0012_0.jpg,0,0,0,0,0,1,1
2026-08-24_22-43-28_f0060_0.jpg,0,0,0,0,0,1,1
2026-08-24_22-43-28_f0108_0.jpg,0,0,0,0,0,1,1
2026-08-24_22-57-19_f0012_0.jpg,0,0,1,0,0,0,1
2026-08-24_22-57-19_f0060_0.jpg,0,0,1,0,0,0,1
2026-08-24_22-57-19_f0108_0.jpg,0,0,1,0,0,0,1
2026-08-24_23-09-23_f0012_0.jpg,0,0,1,0,0,0,1
2026-08-24_23-09-23_f0060_0.jpg,0,0,1,0,0,0,1
2026-08-24_23-09-23_f0108_0.jpg,0,0,1,0,0,0,1
2026-08-24_23-11-11_f0012_0.jpg,0,0,1,0,0,0,1
2026-08-24_23-11-11_f0060_0.jpg,0,0,1,0,0,0,1
2026-08-24_23-11-11_f0108_0.jpg,0,0,1,0,0,0,1
2026-08-25_00-07-04_f0012_0.jpg,0,0,0,0,1,0,1
2026-08-25_00-07-04_f0060_0.jpg,0,0,0,0,0,0,0
2026-08-25_00-07-04_f0108_0.jpg,0,0,0,0,0,0,0
2026-08-25_00-11-28_f0012_0.jpg,0,0,0,0,1,0,1
2026-08-25_00-11-28_f0060_0.jpg,0,0,0,0,1,0,1
2026-08-25_00-11-28_f0108_0.jpg,0,0,0,0,1,0,1
2026-08-25_00-32-04_f0012_0.jpg,0,0,0,0,1,0,1
2026-08-25_00-32-04_f0060_0.jpg,0,0,0,0,1,0,1
2026-08-25_00-32-04_f0108_0.jpg,0,0,0,0,1,0,1
2026-08-25_00-38-22_f0006_0.jpg,0,0,0,0,1,0,1
2026-08-25_00-38-22_f0033_0.jpg,0,0,0,0,1,0,1
2026-08-25_00-38-22_f0059_0.jpg,0,0,0,0,1,0,1
2026-08-25_01-00-34_f0012_0.jpg,0,0,0,0,0,1,1
2026-08-25_01-00-34_f0060_0.jpg,0,0,0,0,0,1,1
2026-08-25_01-00-34_f0108_0.jpg,0,0,0,0,1,0,1
2026-08-25_01-00-46_f0012_0.jpg,0,0,0,0,0,1,1
2026-08-25_01-00-46_f0060_0.jpg,0,0,0,0,0,0,0
2026-08-25_01-00-46_f0108_0.jpg,0,0,0,0,0,0,0
2026-08-25_01-01-22_f0012_0.jpg,0,0,0,0,1,0,1
2026-08-25_01-01-22_f0060_0.jpg,0,0,0,0,0,1,1
2026-08-25_01-01-22_f0108_0.jpg,0,0,0,0,0,1,1
2026-08-25_02-11-21_f0012_0.jpg,0,0,0,0,1,0,1
2026-08-25_02-11-21_f0060_0.jpg,0,0,0,0,1,0,1
2026-08-25_02-11-21_f0108_0.jpg,0,0,0,0,1,0,1
2026-08-25_02-36-45_f0012_0.jpg,0,0,0,0,1,0,1
2026-08-25_02-36-45_f0060_0.jpg,0,0,0,0,1,0,1
2026-08-25_02-36-45_f0108_0.jpg,0,0,0,0,1,0,1
2026-08-25_02-51-14_f0003_0.jpg,0,0,0,0,1,0,1
2026-08-25_02-51-14_f0016_0.jpg,0,0,0,0,1,0,1
2026-08-25_02-51-14_f0029_0.jpg,0,0,0,0,1,0,1
2026-08-25_02-55-32_f0012_0.jpg,0,0,0,0,0,1,1
2026-08-25_02-55-32_f0060_0.jpg,0,0,0,0,0,0,0
2026-08-25_02-55-32_f0108_0.jpg,0,0,0,0,0,0,0
2026-08-25_03-03-08_f0002_0.jpg,0,0,0,0,0,1,1
2026-08-25_03-03-08_f0012_0.jpg,0,0,0,0,0,1,1
2026-08-25_03-03-08_f0021_0.jpg,0,0,0,0,0,1,1
2026-08-25_03-31-32_f0012_0.jpg,0,0,0,0,0,1,1
2026-08-25_03-31-32_f0060_0.jpg,0,0,0,0,0,1,1
2026-08-25_03-31-32_f0108_0.jpg,0,0,0,0,0,1,1
2026-08-25_03-42-26_f0012_0.jpg,0,0,0,0,1,0,1
2026-08-25_03-42-26_f0060_0.jpg,0,0,0,0,1,0,1
2026-08-25_03-42-26_f0108_0.jpg,0,0,0,0,1,0,1
2026-08-25_04-09-26_f0012_0.jpg,0,0,0,0,0,1,1
2026-08-25_04-09-26_f0060_0.jpg,0,0,0,0,0,1,1
2026-08-25_04-09-26_f0108_0.jpg,0,0,0,0,0,1,1
2026-08-25_04-10-14_f0012_0.jpg,0,0,0,0,0,1,1
2026-08-25_04-10-14_f0060_0.jpg,0,0,0,0,0,0,0
2026-08-25_04-10-14_f0108_0.jpg,0,0,0,0,0,0,0
2026-08-25_05-35-01_f0012_0.jpg,0,0,0,0,1,0,1
2026-08-25_05-35-01_f0060_0.jpg,0,0,0,0,1,0,1
2026-08-25_05-35-01_f0108_0.jpg,0,0,0,0,1,0,1
2026-08-25_05-38-01_f0012_0.jpg,0,0,0,0,0,1,1
2026-08-25_05-38-01_f0060_0.jpg,0,0,0,0,0,1,1
2026-08-25_05-38-01_f0108_0.jpg,0,0,0,0,0,1,1
2026-08-25_06-13-36_f0012_0.jpg,0,0,0,0,1,0,1
2026-08-25_06-13-36_f0060_0.jpg,0,0,0,0,1,0,1
2026-08-25_06-13-36_f0108_0.jpg,0,0,0,0,1,0,1
2026-08-25_07-00-12_f0012_0.jpg,0,0,0,0,0,1,1
2026-08-25_07-00-12_f0060_0.jpg,0,0,0,0,1,0,1
2026-08-25_07-00-12_f0108_0.jpg,0,0,0,0,0,1,1
2026-08-25_09-39-46_f0012_0.jpg,0,0,0,0,1,0,1
2026-08-25_09-39-46_f0060_0.jpg,0,0,0,0,0,0,0
2026-08-25_09-39-46_f0108_0.jpg,0,0,0,0,0,0,0
2026-08-25_09-40-34_f0012_0.jpg,0,0,0,0,1,0,1
2026-08-25_09-40-34_f0060_0.jpg,0,0,0,0,1,0,1
2026-08-25_09-40-34_f0108_0.jpg,0,0,0,0,1,0,1
2026-08-25_11-09-33_f0012_0.jpg,0,0,0,0,0,1,1
2026-08-25_11-09-33_f0060_0.jpg,0,0,0,0,0,1,1
2026-08-25_11-09-33_f0108_0.jpg,0,0,0,0,0,1,1
2026-08-25_13-13-14_f0012_0.jpg,1,0,0,0,0,0,1
2026-08-25_13-13-14_f0060_0.jpg,1,0,0,0,0,0,1
2026-08-25_13-13-14_f0108_0.jpg,1,0,0,0,0,0,1
2026-08-25_15-22-19_f0012_0.jpg,1,0,0,0,0,0,1
2026-08-25_15-22-19_f0060_0.jpg,1,0,0,0,0,0,1
2026-08-25_15-22-19_f0108_0.jpg,0,0,0,0,0,1,1
2026-08-25_22-43-13_f0108_0.jpg,0,0,0,0,0,1,1
2026-08-25_23-05-59_f0012_0.jpg,0,0,0,0,0,1,1
2026-08-25_23-05-59_f0060_0.jpg,0,0,0,0,0,1,1
2026-08-25_23-05-59_f0108_0.jpg,0,0,0,0,0,1,1
2026-08-25_23-08-35_f0012_0.jpg,0,0,0,0,0,1,1
2026-08-25_23-08-35_f0060_0.jpg,0,0,0,0,0,1,1
2026-08-25_23-08-35_f0108_0.jpg,0,0,0,0,0,1,1
2026-08-26_02-22-45_f0012_0.jpg,0,0,0,0,0,1,1
2026-08-26_02-22-45_f0060_0.jpg,0,0,0,0,0,1,1
2026-08-26_02-22-45_f0108_0.jpg,0,0,0,0,0,1,1
2026-08-26_05-18-07_f0012_0.jpg,1,0,0,0,0,0,1
2026-08-26_05-18-07_f0060_0.jpg,1,0,0,0,0,0,1
2026-08-26_05-18-07_f0108_0.jpg,0,0,0,0,0,1,1
2026-08-26_05-23-55_f0012_0.jpg,1,0,0,0,0,0,1
2026-08-26_05-23-55_f0060_0.jpg,0,0,0,0,0,1,1
2026-08-26_07-47-20_f0012_0.jpg,0,0,0,0,0,1,1
2026-08-26_07-47-20_f0060_0.jpg,0,0,0,0,0,0,0
2026-08-26_07-47-20_f0108_0.jpg,0,0,0,0,0,0,0
2026-08-26_07-48-56_f0012_0.jpg,0,0,0,0,0,1,1
2026-08-26_07-48-56_f0060_0.jpg,0,0,0,0,0,1,1
2026-08-26_07-48-56_f0108_0.jpg,0,0,0,0,0,1,1
2026-08-26_10-44-06_f0012_0.jpg,1,0,0,0,0,0,1
2026-08-26_10-44-06_f0060_0.jpg,1,0,0,0,0,0,1
2026-08-26_11-30-00_f0012_0.jpg,0,0,0,0,0,1,1
2026-08-26_11-30-00_f0060_0.jpg,0,0,0,0,0,1,1
2026-08-26_11-30-00_f0108_0.jpg,0,0,0,0,0,1,1
2026-08-26_13-59-22_f0012_0.jpg,0,0,0,0,0,1,1
2026-08-26_13-59-22_f0060_0.jpg,0,0,0,0,0,1,1
2026-08-26_13-59-22_f0108_0.jpg,0,0,0,0,0,1,1
2026-08-26_13-59-34_f0012_0.jpg,0,0,0,0,0,1,1
2026-08-26_13-59-34_f0060_0.jpg,0,0,0,0,0,1,1
2026-08-26_13-59-34_f0108_0.jpg,0,0,0,0,0,0,0
2026-08-26_14-08-40_f0012_0.jpg,0,0,0,0,0,0,0
2026-08-26_14-08-40_f0060_0.jpg,1,0,0,0,0,0,1
2026-08-26_14-08-40_f0108_0.jpg,0,0,0,0,0,1,1
2026-08-26_15-21-09_f0012_0.jpg,0,0,0,0,0,1,1
2026-08-26_15-21-09_f0060_0.jpg,0,0,0,0,0,1,1
2026-08-26_15-21-09_f0108_0.jpg,0,0,0,0,0,1,1
2026-08-26_20-52-42_f0012_0.jpg,0,0,0,0,0,1,1
2026-08-26_20-52-42_f0060_0.jpg,0,0,0,0,1,0,1
2026-08-26_20-52-42_f0108_0.jpg,1,0,0,0,0,0,1
2026-08-26_22-32-11_f0108_0.jpg,0,0,0,0,1,0,1
2026-08-27_01-23-44_f0012_0.jpg,0,0,0,0,1,0,1
2026-08-27_01-23-44_f0060_0.jpg,0,0,0,0,1,0,1
2026-08-27_01-23-44_f0108_0.jpg,0,0,0,0,1,0,1
2026-08-27_02-11-56_f0012_0.jpg,0,0,0,0,1,0,1
2026-08-27_02-11-56_f0060_0.jpg,0,0,0,0,1,0,1
2026-08-27_02-11-56_f0108_0.jpg,0,0,0,0,1,0,1
2026-08-27_03-45-07_f0012_0.jpg,0,0,0,0,1,0,1
2026-08-27_03-45-07_f0060_0.jpg,0,0,0,0,1,0,1
2026-08-27_03-45-07_f0108_0.jpg,0,0,0,0,1,0,1
2026-08-27_03-59-18_f0012_0.jpg,0,0,0,0,1,0,1
2026-08-27_03-59-18_f0060_0.jpg,0,0,0,0,1,0,1
2026-08-27_03-59-18_f0108_0.jpg,0,0,0,0,1,0,1
2026-08-27_04-02-18_f0012_0.jpg,0,0,0,0,0,1,1
2026-08-27_04-02-18_f0060_0.jpg,0,0,0,0,0,1,1
2026-08-27_04-02-18_f0108_0.jpg,0,0,0,0,0,1,1
2026-08-27_05-21-36_f0012_0.jpg,0,0,0,0,0,1,1
2026-08-27_05-21-36_f0060_0.jpg,0,0,0,0,0,1,1
2026-08-27_05-21-36_f0108_0.jpg,0,0,0,0,0,1,1
2026-08-27_05-42-23_f0012_0.jpg,0,0,0,0,1,0,1
2026-08-27_05-42-23_f0060_0.jpg,0,0,0,0,0,0,0
2026-08-27_05-42-23_f0108_0.jpg,0,0,0,0,0,0,0
2026-08-27_05-42-35_f0012_0.jpg,0,0,0,0,1,0,1
2026-08-27_05-42-35_f0060_0.jpg,0,0,0,0,1,0,1
2026-08-27_05-42-35_f0108_0.jpg,0,0,0,0,1,0,1
2026-08-27_06-12-11_f0012_0.jpg,0,0,0,0,1,0,1
2026-08-27_06-12-11_f0060_0.jpg,0,0,0,0,1,0,1
2026-08-27_06-12-11_f0108_0.jpg,0,0,0,0,1,0,1
2026-08-27_11-25-26_f0012_0.jpg,0,0,0,0,1,0,1
2026-08-27_11-25-26_f0060_0.jpg,0,0,0,0,1,0,1
2026-08-27_11-25-26_f0108_0.jpg,0,0,0,0,1,0,1
2026-08-27_16-36-05_f0012_0.jpg,1,0,0,0,0,0,1
2026-08-27_16-36-05_f0060_0.jpg,1,0,0,0,0,0,1
2026-08-27_16-36-05_f0108_0.jpg,1,0,0,0,0,0,1
2026-08-27_18-14-04_f0012_0.jpg,0,0,0,0,0,1,1
2026-08-27_18-14-04_f0060_0.jpg,0,0,0,0,0,0,0
2026-08-27_18-14-04_f0108_0.jpg,0,0,0,0,0,0,0
2026-08-27_18-46-11_f0012_0.jpg,0,0,0,0,0,1,1
2026-08-27_18-46-11_f0060_0.jpg,0,0,0,0,0,1,1
2026-08-27_18-46-11_f0108_0.jpg,0,0,0,0,0,1,1
2026-08-27_18-53-59_f0012_0.jpg,1,0,0,0,0,0,1
2026-08-27_18-53-59_f0108_0.jpg,1,0,0,0,0,0,1
2026-08-27_20-30-23_f0012_0.jpg,0,0,0,0,0,1,1
2026-08-27_20-30-23_f0060_0.jpg,0,0,0,0,1,0,1
2026-08-27_20-30-23_f0108_0.jpg,0,0,0,0,0,1,1
2026-08-27_22-18-31_f0108_0.jpg,0,0,0,0,0,1,1
2026-08-27_23-01-14_f0012_0.jpg,0,0,1,0,0,0,1
2026-08-27_23-01-14_f0060_0.jpg,0,0,1,0,0,0,1
2026-08-27_23-03-02_f0060_0.jpg,0,0,0,0,0,1,1
2026-08-27_23-03-02_f0108_0.jpg,1,0,0,0,0,0,1
2026-08-27_23-06-26_f0012_0.jpg,0,0,0,0,0,0,0
2026-08-27_23-06-26_f0060_0.jpg,0,0,0,0,0,0,0
2026-08-27_23-06-26_f0108_0.jpg,1,0,0,0,0,0,1
2026-08-28_04-05-23_f0012_0.jpg,0,0,0,0,0,1,1
2026-08-28_04-05-23_f0060_0.jpg,0,0,0,0,0,1,1
2026-08-28_04-05-23_f0108_0.jpg,0,0,0,0,0,1,1
2026-08-28_04-05-35_f0012_0.jpg,0,0,0,0,0,1,1
2026-08-28_04-05-35_f0060_0.jpg,0,0,0,0,0,1,1
2026-08-28_04-05-35_f0108_0.jpg,0,0,0,0,0,1,1
2026-08-28_05-40-52_f0012_0.jpg,0,0,0,0,0,1,1
2026-08-28_05-40-52_f0060_0.jpg,0,0,0,0,0,1,1
2026-08-28_05-40-52_f0108_0.jpg,0,0,0,0,0,1,1
2026-08-28_05-49-22_f0012_0.jpg,0,0,0,0,0,1,1
2026-08-28_05-49-22_f0060_0.jpg,0,0,0,0,0,1,1
2026-08-28_05-49-22_f0108_0.jpg,0,0,0,0,0,1,1
2026-08-28_05-53-28_f0012_0.jpg,0,0,0,0,0,1,1
2026-08-28_05-53-28_f0060_0.jpg,0,0,0,0,0,1,1
2026-08-28_05-53-28_f0108_0.jpg,0,0,0,0,0,1,1
2026-08-28_06-19-28_f0012_0.jpg,0,0,1,0,0,0,1
2026-08-28_06-19-28_f0060_0.jpg,0,0,1,0,0,0,1
2026-08-28_06-19-28_f0108_0.jpg,0,0,1,0,0,0,1
2026-08-28_06-36-03_f0012_0.jpg,0,0,0,0,0,1,1
2026-08-28_06-36-03_f0060_0.jpg,0,0,0,0,0,1,1
2026-08-28_06-36-03_f0108_0.jpg,0,0,0,0,0,1,1
2026-08-28_06-38-39_f0001_0.jpg,0,0,0,0,0,1,1
2026-08-28_06-38-39_f0005_0.jpg,0,0,0,0,0,1,1
2026-08-28_06-38-39_f0009_0.jpg,0,0,0,0,0,1,1
2026-08-28_08-54-50_f0012_0.jpg,0,0,0,0,0,1,1
2026-08-28_08-54-50_f0060_0.jpg,0,0,0,0,0,1,1
2026-08-28_08-54-50_f0108_0.jpg,0,0,0,0,0,1,1
2026-08-28_09-39-26_f0012_0.jpg,0,0,0,0,0,1,1
2026-08-28_09-39-26_f0060_0.jpg,0,0,0,0,0,1,1
2026-08-28_09-39-26_f0108_0.jpg,0,0,0,0,1,0,1
2026-08-28_10-29-43_f0012_0.jpg,0,0,1,0,0,0,1
2026-08-28_10-29-43_f0060_0.jpg,0,0,1,0,0,0,1
2026-08-28_10-29-43_f0108_0.jpg,0,0,1,0,0,0,1
2026-08-28_13-36-29_f0012_0.jpg,0,0,0,0,0,1,1
2026-08-28_13-36-29_f0060_0.jpg,0,0,0,0,0,1,1
2026-08-28_13-36-29_f0108_0.jpg,0,0,0,0,0,1,1
2026-08-28_14-04-29_f0012_0.jpg,0,0,0,0,0,1,1
2026-08-28_14-04-29_f0060_0.jpg,0,0,0,0,0,1,1
2026-08-28_14-04-29_f0108_0.jpg,0,0,0,0,0,1,1
2026-08-28_14-08-35_f0012_0.jpg,1,0,0,0,0,0,1
2026-08-28_14-08-35_f0012_1.jpg,0,0,0,0,0,1,1
2026-08-28_14-08-35_f0060_0.jpg,0,0,0,0,0,1,1
2026-08-28_14-08-35_f0060_1.jpg,0,0,0,0,0,1,1
2026-08-28_14-08-35_f0108_0.jpg,0,0,0,0,0,1,1
2026-08-28_14-45-58_f0012_0.jpg,0,0,0,0,0,1,1
2026-08-28_14-45-58_f0060_0.jpg,0,0,0,0,0,1,1
2026-08-28_14-45-58_f0108_0.jpg,0,0,0,0,0,1,1
2026-08-28_14-46-22_f0012_0.jpg,0,0,0,0,0,1,1
2026-08-28_14-46-22_f0060_0.jpg,0,0,0,0,0,1,1
2026-08-28_14-46-22_f0108_0.jpg,0,0,0,0,0,1,1
2026-08-28_14-51-10_f0012_0.jpg,0,0,0,0,0,1,1
2026-08-28_14-51-10_f0060_0.jpg,0,0,0,0,0,1,1
2026-08-28_14-51-10_f0108_0.jpg,0,0,0,0,0,1,1
2026-08-28_14-51-10_f0108_1.jpg,0,0,0,0,0,1,1
2026-08-28_15-30-58_f0012_0.jpg,0,0,0,0,0,1,1
2026-08-28_15-30-58_f0060_0.jpg,0,0,0,0,0,1,1
2026-08-28_15-30-58_f0108_0.jpg,0,0,0,0,0,1,1
2026-08-28_15-31-34_f0012_0.jpg,0,0,0,0,0,1,1
2026-08-28_15-31-34_f0060_0.jpg,0,0,0,0,0,1,1
2026-08-28_15-31-34_f0108_0.jpg,0,0,0,0,0,1,1
2026-08-28_15-40-46_f0012_0.jpg,0,0,0,0,0,1,1
2026-08-28_15-40-46_f0060_0.jpg,0,0,0,0,0,1,1
2026-08-28_15-40-46_f0108_0.jpg,0,0,0,0,0,1,1
2026-08-28_15-41-58_f0005_0.jpg,0,0,0,0,0,1,1
2026-08-28_15-41-58_f0029_0.jpg,0,0,0,0,0,1,1
2026-08-28_15-41-58_f0053_0.jpg,0,0,0,0,0,1,1
2026-08-28_16-11-40_f0012_0.jpg,0,0,0,0,0,1,1
2026-08-28_16-11-40_f0060_0.jpg,0,0,0,0,0,1,1
2026-08-28_16-11-40_f0108_0.jpg,0,0,0,0,0,1,1
2026-08-28_16-37-09_f0004_0.jpg,0,0,1,0,0,0,1
2026-08-28_16-37-09_f0021_0.jpg,0,0,1,0,0,0,1
2026-08-28_16-37-09_f0038_0.jpg,0,0,1,0,0,0,1
2026-08-28_17-14-33_f0012_0.jpg,0,0,0,0,0,0,0
2026-08-28_17-14-33_f0060_0.jpg,0,0,0,0,0,0,0
2026-08-28_17-14-33_f0108_0.jpg,0,0,1,1,0,0,1
2026-08-28_22-38-55_f0012_0.jpg,0,0,0,0,0,1,1
2026-08-28_23-27-16_f0012_0.jpg,1,0,0,0,0,0,1
2026-08-28_23-27-16_f0108_0.jpg,1,0,0,0,0,0,1
2026-08-29_03-35-47_f0000_0.jpg,0,0,0,0,1,0,1
2026-08-29_03-35-47_f0003_0.jpg,0,0,0,0,1,0,1
2026-08-29_03-35-47_f0006_0.jpg,0,0,0,0,1,0,1
2026-08-29_07-54-09_f0012_0.jpg,0,0,0,0,0,1,1
2026-08-29_07-54-09_f0060_0.jpg,0,0,0,0,0,1,1
2026-08-29_07-54-09_f0108_0.jpg,0,0,0,0,0,1,1
2026-08-29_07-54-45_f0012_0.jpg,0,0,0,0,0,1,1
2026-08-29_07-54-45_f0060_0.jpg,0,0,0,0,0,1,1
2026-08-29_07-54-45_f0108_0.jpg,0,0,0,0,0,1,1
2026-08-29_17-05-09_f0012_0.jpg,0,0,0,0,0,1,1
2026-08-29_17-05-09_f0060_0.jpg,0,0,0,0,0,1,1
2026-08-29_17-05-09_f0108_0.jpg,0,0,0,0,0,1,1
2026-08-29_17-05-57_f0012_0.jpg,0,0,0,0,0,1,1
2026-08-29_17-05-57_f0060_0.jpg,0,0,0,0,0,1,1
2026-08-29_17-05-57_f0108_0.jpg,0,0,0,0,0,1,1
2026-08-29_21-52-29_f0012_0.jpg,1,0,0,0,0,0,1
2026-08-29_21-52-29_f0060_0.jpg,1,0,0,0,0,0,1
2026-08-29_21-52-29_f0108_0.jpg,1,1,0,0,0,0,1
2026-08-29_21-58-15_f0012_0.jpg,1,0,0,0,0,0,1
2026-08-29_21-58-15_f0012_1.jpg,0,0,0,0,0,1,1
2026-08-29_21-58-15_f0060_0.jpg,1,0,0,0,0,0,1
2026-08-29_21-58-15_f0060_1.jpg,0,0,0,0,0,1,1
2026-08-29_21-58-15_f0108_0.jpg,1,0,0,0,0,0,1
2026-08-29_21-58-15_f0108_1.jpg,0,0,0,0,0,1,1
2026-08-29_21-58-15_f0108_2.jpg,0,0,0,0,0,1,1
2026-08-29_21-58-27_f0012_0.jpg,0,0,0,0,0,1,1
2026-08-29_21-58-27_f0012_1.jpg,0,0,0,0,0,1,1
2026-08-29_21-58-27_f0060_0.jpg,0,0,0,0,0,1,1
2026-08-29_21-58-27_f0108_0.jpg,0,0,0,0,0,1,1
2026-08-29_21-59-39_f0012_0.jpg,1,0,0,0,0,0,1
2026-08-29_21-59-39_f0012_1.jpg,0,0,0,0,0,1,1
2026-08-29_21-59-39_f0012_2.jpg,1,0,0,0,0,0,1
2026-08-29_21-59-39_f0060_0.jpg,1,0,0,0,0,0,1
2026-08-29_21-59-39_f0108_0.jpg,1,0,0,0,0,0,1
2026-08-29_22-16-31_f0012_0.jpg,0,0,0,1,0,0,1
2026-08-29_22-16-31_f0060_0.jpg,1,0,0,0,0,0,1
2026-08-29_22-16-31_f0060_1.jpg,0,0,0,0,0,1,1
2026-08-29_22-16-31_f0108_0.jpg,1,0,0,0,0,0,1
2026-08-30_03-14-20_f0012_0.jpg,0,0,0,0,0,1,1
2026-08-30_03-14-20_f0060_0.jpg,0,0,0,0,0,0,0
2026-08-30_03-14-20_f0108_0.jpg,0,0,0,0,0,0,0
2026-08-30_03-17-50_f0012_0.jpg,0,0,0,0,0,1,1
2026-08-30_03-17-50_f0060_0.jpg,0,0,0,0,0,1,1
2026-08-30_03-17-50_f0108_0.jpg,0,0,0,0,0,1,1
2026-08-30_04-52-31_f0012_0.jpg,0,0,0,0,1,0,1
2026-08-30_04-52-31_f0060_0.jpg,0,0,0,0,1,0,1
2026-08-30_04-52-31_f0108_0.jpg,0,0,0,0,1,0,1
2026-08-30_04-56-25_f0012_0.jpg,0,0,0,0,1,0,1
2026-08-30_04-56-25_f0060_0.jpg,0,0,0,0,1,0,1
2026-08-30_04-56-25_f0060_1.jpg,0,0,0,0,0,1,1
2026-08-30_04-56-25_f0108_0.jpg,0,0,0,0,1,0,1
2026-08-30_04-57-25_f0012_0.jpg,0,0,0,0,1,0,1
2026-08-30_04-57-25_f0060_0.jpg,0,0,0,0,1,0,1
2026-08-30_04-57-25_f0108_0.jpg,0,0,0,0,1,0,1
2026-08-30_05-19-25_f0012_0.jpg,0,0,0,0,0,0,0
2026-08-30_05-19-25_f0012_1.jpg,0,0,0,0,0,0,0
2026-08-30_05-19-25_f0060_0.jpg,0,0,0,0,1,0,1
2026-08-30_05-19-25_f0108_0.jpg,0,0,0,0,1,0,1
2026-08-30_06-23-24_f0012_0.jpg,0,0,0,0,0,1,1
2026-08-30_06-23-24_f0060_0.jpg,0,0,0,0,0,1,1
2026-08-30_06-23-24_f0108_0.jpg,0,0,0,0,0,1,1
2026-08-30_06-26-06_f0012_0.jpg,0,0,0,0,0,1,1
2026-08-30_06-26-06_f0060_0.jpg,0,0,0,0,0,1,1
2026-08-30_06-26-06_f0108_0.jpg,0,0,0,0,0,1,1
2026-08-30_06-29-18_f0005_0.jpg,0,0,0,0,0,1,1
2026-08-30_06-29-18_f0005_1.jpg,0,0,0,0,0,1,1
2026-08-30_06-29-18_f0029_0.jpg,0,0,0,0,0,1,1
2026-08-30_06-29-18_f0052_0.jpg,0,0,0,0,0,1,1
2026-08-30_06-29-18_f0052_1.jpg,0,0,0,0,0,1,1
2026-08-30_06-35-00_f0008_0.jpg,0,0,0,0,0,1,1
2026-08-30_06-35-00_f0040_0.jpg,0,0,0,0,0,1,1
2026-08-30_06-35-00_f0072_0.jpg,0,0,0,0,0,1,1
2026-08-30_06-52-00_f0012_0.jpg,0,0,0,0,0,1,1
2026-08-30_06-52-00_f0060_0.jpg,0,0,0,0,0,1,1
2026-08-30_06-52-00_f0060_1.jpg,0,0,0,0,0,1,1
2026-08-30_06-52-00_f0108_0.jpg,0,0,0,0,0,1,1
2026-08-30_06-52-00_f0108_1.jpg,0,0,0,0,0,1,1
2026-08-30_07-57-23_f0012_0.jpg,0,0,0,0,0,1,1
2026-08-30_07-57-23_f0060_0.jpg,0,0,0,0,0,1,1
2026-08-30_07-57-23_f0108_0.jpg,0,0,0,0,0,1,1
2026-08-30_10-52-39_f0012_0.jpg,0,0,0,0,0,1,1
2026-08-30_10-52-39_f0060_0.jpg,0,0,0,0,0,1,1
2026-08-30_10-52-39_f0108_0.jpg,0,0,0,0,0,1,1
2026-08-30_11-43-33_f0012_0.jpg,1,0,0,0,0,0,1
2026-08-30_11-43-33_f0060_0.jpg,0,0,0,0,0,0,0
2026-08-30_11-43-33_f0108_0.jpg,0,0,0,0,0,0,0
2026-08-30_13-02-26_f0012_0.jpg,0,0,0,0,1,0,1
2026-08-30_13-02-26_f0060_0.jpg,0,0,0,0,1,0,1
2026-08-30_13-02-26_f0108_0.jpg,0,0,0,0,1,0,1
2026-08-30_21-15-48_f0012_0.jpg,0,0,0,0,0,1,1
2026-08-30_21-15-48_f0060_0.jpg,0,0,0,0,0,1,1
2026-08-30_21-15-48_f0108_0.jpg,0,0,0,0,0,1,1
2026-08-30_21-21-41_f0012_0.jpg,0,0,0,0,0,1,1
2026-08-30_21-21-41_f0060_0.jpg,0,0,0,0,0,1,1
2026-08-30_21-21-41_f0108_0.jpg,0,0,0,0,0,1,1
2026-08-30_21-25-53_f0012_0.jpg,0,0,0,0,1,0,1
2026-08-30_21-25-53_f0060_0.jpg,0,0,0,0,1,0,1
2026-08-30_21-25-53_f0108_0.jpg,0,0,0,0,1,0,1
2026-08-30_21-25-53_f0108_1.jpg,0,0,0,0,0,1,1
2026-08-31_03-17-37_f0012_0.jpg,0,0,0,0,0,0,0
2026-08-31_03-17-37_f0060_0.jpg,0,0,0,0,0,0,0
2026-08-31_03-17-37_f0108_0.jpg,0,0,0,0,0,1,1
2026-08-31_03-42-19_f0012_0.jpg,1,0,0,0,0,0,1
2026-08-31_03-42-19_f0060_0.jpg,1,0,0,0,0,0,1
2026-08-31_04-59-18_f0012_0.jpg,0,0,0,0,1,0,1
2026-08-31_04-59-18_f0060_0.jpg,0,0,0,0,1,0,1
2026-08-31_04-59-18_f0108_0.jpg,0,0,0,0,1,0,1
2026-08-31_05-32-35_f0012_0.jpg,0,0,0,0,1,0,1
2026-08-31_05-32-35_f0060_0.jpg,0,0,0,0,0,1,1
2026-08-31_05-32-35_f0108_0.jpg,0,0,0,0,0,1,1
2026-08-31_06-25-17_f0012_0.jpg,0,0,0,0,0,1,1
2026-08-31_06-25-17_f0060_0.jpg,1,0,0,0,0,0,1
2026-08-31_06-25-17_f0108_0.jpg,0,0,0,0,0,1,1
2026-08-31_14-04-42_f0012_0.jpg,0,0,0,0,0,1,1
2026-08-31_14-04-42_f0060_0.jpg,0,0,0,0,0,0,0
2026-08-31_14-04-42_f0108_0.jpg,0,0,0,0,0,0,0
2026-09-01_00-22-58_f0012_0.jpg,0,0,0,0,0,1,1
2026-09-01_00-22-58_f0060_0.jpg,0,0,0,0,0,1,1
2026-09-01_00-22-58_f0108_0.jpg,1,0,0,0,0,0,1
2026-09-01_00-23-10_f0012_0.jpg,1,0,0,0,0,0,1
2026-09-01_00-23-10_f0108_0.jpg,0,0,0,0,0,1,1
2026-09-01_02-19-08_f0012_0.jpg,0,0,0,0,0,1,1
2026-09-01_02-19-08_f0060_0.jpg,0,0,0,0,0,1,1
2026-09-01_02-19-08_f0108_0.jpg,1,0,0,0,0,0,1
2026-09-01_08-05-53_f0007_0.jpg,0,0,0,0,0,1,1
2026-09-01_08-05-53_f0036_0.jpg,0,0,1,0,0,0,1
2026-09-01_08-05-53_f0065_0.jpg,0,0,1,0,0,0,1
2026-09-01_08-55-40_f0012_0.jpg,0,0,0,0,1,0,1
2026-09-01_08-55-40_f0060_0.jpg,0,0,0,0,0,1,1
2026-09-01_08-55-40_f0108_0.jpg,0,0,0,0,0,0,0
2026-09-01_08-59-04_f0012_0.jpg,0,0,0,0,0,0,0
2026-09-01_08-59-04_f0060_0.jpg,0,0,1,0,0,0,1
2026-09-01_08-59-04_f0108_0.jpg,0,0,1,0,0,0,1
2026-09-01_08-59-40_f0010_0.jpg,0,0,1,0,0,0,1
2026-09-01_08-59-40_f0054_0.jpg,0,0,1,0,0,0,1
2026-09-01_08-59-40_f0098_0.jpg,0,0,1,0,0,0,1
2026-09-01_09-32-28_f0012_0.jpg,0,0,0,0,0,1,1
2026-09-01_09-32-28_f0060_0.jpg,0,0,1,0,0,0,1
2026-09-01_09-32-28_f0108_0.jpg,0,0,0,0,0,1,1
2026-09-01_09-41-04_f0012_0.jpg,0,0,0,0,0,1,1
2026-09-01_09-41-04_f0060_0.jpg,0,0,0,0,0,1,1
2026-09-01_09-41-04_f0108_0.jpg,0,0,1,0,0,0,1
2026-09-01_09-43-04_f0012_0.jpg,0,0,1,0,0,0,1
2026-09-01_09-43-04_f0060_0.jpg,0,0,0,0,0,1,1
2026-09-01_09-43-04_f0108_0.jpg,0,0,0,0,0,0,0
2026-09-01_10-17-57_f0012_0.jpg,0,0,0,0,0,0,0
2026-09-01_10-17-57_f0060_0.jpg,0,0,0,0,0,1,1
2026-09-01_10-17-57_f0108_0.jpg,0,0,0,0,0,1,1
2026-09-01_10-20-09_f0007_0.jpg,0,0,0,0,0,1,1
2026-09-01_10-20-09_f0038_0.jpg,0,0,0,0,0,1,1
2026-09-01_10-20-09_f0068_0.jpg,0,0,0,0,0,1,1
2026-09-01_10-21-51_f0012_0.jpg,0,0,0,0,0,1,1
2026-09-01_10-21-51_f0060_0.jpg,0,0,0,0,0,1,1
2026-09-01_10-21-51_f0108_0.jpg,0,0,0,0,0,1,1
2026-09-01_10-28-57_f0012_0.jpg,0,0,1,0,0,0,1
2026-09-01_10-28-57_f0060_0.jpg,0,0,1,0,0,0,1
2026-09-01_10-28-57_f0108_0.jpg,0,0,1,0,0,0,1
2026-09-01_11-25-33_f0006_0.jpg,0,0,0,0,0,1,1
2026-09-01_11-25-33_f0032_0.jpg,0,0,0,0,0,1,1
2026-09-01_11-25-33_f0058_0.jpg,0,0,0,0,0,0,0
2026-09-01_11-56-56_f0012_0.jpg,0,0,0,0,0,0,0
2026-09-01_11-56-56_f0060_0.jpg,0,0,0,0,0,1,1
2026-09-01_11-56-56_f0108_0.jpg,0,0,0,0,0,1,1
2026-09-01_12-11-26_f0012_0.jpg,0,0,0,0,1,0,1
2026-09-01_12-11-26_f0060_0.jpg,0,0,0,0,1,0,1
2026-09-01_12-11-26_f0108_0.jpg,0,0,0,0,0,1,1
2026-09-01_12-12-38_f0012_0.jpg,0,0,0,0,0,1,1
2026-09-01_12-12-38_f0060_0.jpg,0,0,0,0,0,1,1
2026-09-01_12-12-38_f0108_0.jpg,0,0,1,0,0,0,1
2026-09-01_12-14-20_f0012_0.jpg,0,0,1,0,0,0,1
2026-09-01_12-14-20_f0060_0.jpg,0,0,1,0,0,0,1
2026-09-01_12-14-20_f0108_0.jpg,0,0,1,0,0,0,1
2026-09-01_12-53-32_f0012_0.jpg,0,0,1,0,0,0,1
2026-09-01_12-53-32_f0060_0.jpg,0,0,0,0,0,1,1
2026-09-01_12-53-32_f0108_0.jpg,0,0,0,0,0,0,0
2026-09-01_14-07-31_f0012_0.jpg,0,0,0,0,0,0,0
2026-09-01_14-07-31_f0060_0.jpg,0,0,0,0,0,1,1
2026-09-01_14-07-31_f0108_0.jpg,0,0,0,0,0,1,1
2026-09-01_14-32-55_f0012_0.jpg,0,0,0,0,1,0,1
2026-09-01_14-32-55_f0060_0.jpg,0,0,0,0,1,0,1
2026-09-01_14-32-55_f0108_0.jpg,0,0,0,0,1,0,1
2026-09-01_14-33-19_f0012_0.jpg,0,0,0,0,1,0,1
2026-09-01_14-33-19_f0060_0.jpg,0,0,0,0,1,0,1
2026-09-01_14-33-19_f0108_0.jpg,0,0,0,0,1,0,1
2026-09-01_14-33-31_f0012_0.jpg,0,0,0,0,1,0,1
2026-09-01_14-33-31_f0060_0.jpg,0,0,0,0,1,0,1
2026-09-01_14-33-31_f0108_0.jpg,0,0,0,0,1,0,1
2026-09-01_14-39-19_f0012_0.jpg,0,0,0,0,1,0,1
2026-09-01_14-39-19_f0060_0.jpg,0,0,0,0,0,1,1
2026-09-01_14-39-19_f0108_0.jpg,0,0,0,0,0,0,0
2026-09-01_16-42-06_f0012_0.jpg,0,0,0,0,0,0,0
2026-09-01_16-42-06_f0060_0.jpg,1,0,0,0,0,0,1
2026-09-01_16-42-06_f0108_0.jpg,1,0,0,0,0,0,1
2026-09-01_20-21-04_f0012_0.jpg,0,0,0,0,0,1,1
2026-09-01_20-21-04_f0060_0.jpg,0,0,0,0,0,1,1
2026-09-01_20-21-04_f0108_0.jpg,1,0,0,0,0,0,1
2026-09-01_20-39-29_f0060_0.jpg,0,0,0,0,0,1,1
2026-09-01_20-39-29_f0108_0.jpg,0,0,0,0,0,1,1
2026-09-01_20-42-30_f0012_0.jpg,0,0,0,0,0,1,1
2026-09-01_20-42-30_f0060_0.jpg,0,0,0,0,0,1,1
2026-09-01_20-42-30_f0108_0.jpg,0,0,0,0,0,1,1
2026-09-02_01-20-23_f0012_0.jpg,0,0,0,0,0,1,1
2026-09-02_01-20-23_f0060_0.jpg,1,0,0,0,0,0,1
2026-09-02_01-20-23_f0108_0.jpg,1,0,0,0,0,0,1
2026-09-02_03-28-34_f0012_0.jpg,0,0,0,0,0,0,0
2026-09-02_04-19-27_f0012_0.jpg,0,0,0,0,0,0,0
2026-09-02_04-19-27_f0060_0.jpg,0,0,1,0,0,0,1
2026-09-02_04-19-27_f0108_0.jpg,0,0,1,0,0,0,1
2026-09-02_04-25-39_f0012_0.jpg,1,0,0,0,0,0,1
2026-09-02_04-25-39_f0060_0.jpg,1,0,1,0,0,0,1
2026-09-02_04-25-39_f0108_0.jpg,1,0,0,0,0,0,1
2026-09-02_04-27-03_f0012_0.jpg,1,0,1,0,0,0,1
2026-09-02_04-27-03_f0060_0.jpg,1,0,1,0,0,0,1
2026-09-02_04-27-03_f0108_0.jpg,1,0,1,0,0,0,1
2026-09-02_06-25-50_f0012_0.jpg,0,0,0,0,1,0,1
2026-09-02_06-25-50_f0060_0.jpg,0,0,0,0,1,0,1
2026-09-02_06-25-50_f0108_0.jpg,0,0,0,0,1,0,1
2026-09-02_06-26-14_f0012_0.jpg,0,0,0,0,1,0,1
2026-09-02_06-26-14_f0060_0.jpg,0,0,0,0,1,0,1
2026-09-02_06-26-14_f0108_0.jpg,0,0,0,0,0,0,0
2026-09-02_06-59-26_f0012_0.jpg,0,0,0,0,0,0,0
2026-09-02_06-59-26_f0060_0.jpg,0,0,0,0,0,1,1
2026-09-02_06-59-26_f0108_0.jpg,0,0,1,0,0,0,1
2026-09-02_07-11-43_f0012_0.jpg,0,0,0,0,0,1,1
2026-09-02_07-11-43_f0060_0.jpg,0,0,0,0,0,1,1
2026-09-02_07-11-43_f0108_0.jpg,0,0,0,0,0,1,1
2026-09-02_08-48-54_f0012_0.jpg,0,0,0,0,0,1,1
2026-09-02_08-48-54_f0012_1.jpg,0,0,0,0,0,1,1
2026-09-02_08-48-54_f0060_0.jpg,0,0,0,0,0,1,1
2026-09-02_08-48-54_f0108_0.jpg,0,0,0,0,0,1,1
2026-09-02_08-48-54_f0108_1.jpg,0,0,0,0,0,1,1
2026-09-02_08-49-42_f0012_0.jpg,0,0,0,0,0,1,1
2026-09-02_08-49-42_f0012_1.jpg,0,0,0,0,0,1,1
2026-09-02_08-49-42_f0060_0.jpg,0,0,0,0,0,1,1
2026-09-02_08-49-42_f0060_1.jpg,0,0,0,0,0,1,1
2026-09-02_08-49-42_f0108_0.jpg,0,0,0,0,0,1,1
2026-09-02_08-49-42_f0108_1.jpg,0,0,0,0,0,1,1
2026-09-02_09-55-42_f0012_0.jpg,0,0,0,0,0,1,1
2026-09-02_09-55-42_f0060_0.jpg,0,0,0,0,0,1,1
2026-09-02_09-55-42_f0108_0.jpg,0,0,0,0,0,1,1
2026-09-03_06-12-27_f0012_0.jpg,0,0,0,0,1,0,1
2026-09-03_06-12-27_f0060_0.jpg,0,0,0,0,1,0,1
2026-09-03_06-12-27_f0108_0.jpg,0,0,0,0,1,0,1
2026-09-03_06-33-33_f0012_0.jpg,0,0,0,0,0,1,1
2026-09-03_06-33-33_f0060_0.jpg,0,0,0,0,0,1,1
2026-09-03_06-33-33_f0108_0.jpg,0,0,0,0,0,1,1
2026-09-03_06-33-45_f0012_0.jpg,0,0,0,0,0,1,1
2026-09-03_06-33-45_f0060_0.jpg,0,0,0,0,0,1,1
2026-09-03_06-33-45_f0108_0.jpg,0,0,0,0,0,1,1
2026-09-03_06-46-45_f0012_0.jpg,0,0,0,0,0,1,1
2026-09-03_06-46-45_f0060_0.jpg,0,0,0,0,0,1,1
2026-09-03_06-46-45_f0108_0.jpg,0,0,0,0,0,1,1
2026-09-03_10-59-55_f0012_0.jpg,0,0,0,0,0,1,1
2026-09-03_10-59-55_f0060_0.jpg,0,0,0,0,0,1,1
2026-09-03_10-59-55_f0108_0.jpg,0,0,0,0,0,1,1
2026-09-03_12-31-30_f0012_0.jpg,0,0,0,0,1,0,1
2026-09-03_12-31-30_f0060_0.jpg,0,0,0,0,1,0,1
2026-09-03_12-31-30_f0108_0.jpg,0,0,0,0,1,0,1
2026-09-03_12-33-18_f0012_0.jpg,0,0,0,0,1,0,1
2026-09-03_12-33-18_f0060_0.jpg,0,0,0,0,1,0,1
2026-09-03_12-33-18_f0108_0.jpg,0,0,0,0,1,0,1
2026-09-03_12-36-18_f0012_0.jpg,0,0,0,0,1,0,1
2026-09-03_12-36-18_f0060_0.jpg,0,0,0,0,1,0,1
2026-09-03_12-36-18_f0108_0.jpg,0,0,0,0,1,0,1
2026-09-03_17-28-27_f0012_0.jpg,0,0,0,0,0,0,0
2026-09-03_17-28-27_f0060_0.jpg,0,0,0,0,0,0,0
2026-09-03_17-28-27_f0108_0.jpg,1,0,0,0,0,0,1
2026-09-03_17-28-51_f0012_0.jpg,1,1,0,0,0,0,1
2026-09-03_17-28-51_f0012_1.jpg,0,0,0,0,0,1,1
2026-09-03_17-28-51_f0060_0.jpg,1,1,0,0,0,0,1
2026-09-03_17-28-51_f0108_0.jpg,1,1,0,0,0,0,1
2026-09-03_17-29-39_f0012_0.jpg,1,0,0,0,0,0,1
2026-09-03_17-29-39_f0060_0.jpg,1,0,0,0,0,0,1
2026-09-03_17-29-39_f0108_0.jpg,1,0,0,0,0,0,1
2026-09-03_17-30-15_f0012_0.jpg,0,1,0,0,0,0,1
2026-09-03_17-30-15_f0060_0.jpg,1,0,0,0,0,0,1
2026-09-03_17-30-15_f0108_0.jpg,1,1,0,0,0,0,1
